{
  "dataset": "blog_data",
  "seed": 30,
  "model": "Ridge",
  "split": [
    0.5,
    0.25,
    0.25
  ],
  "alphas": [
    0.01,
    0.02,
    0.05,
    0.1
  ],
  "result": {
    "seed": 30,
    "model": "Ridge",
    "model_rmse": 0.7161695083382467,
    "meta": {
      "n_train": 26198,
      "n_cal": 13099,
      "n_test": 13100,
      "d": 4,
      "p": 277,
      "elapsed": 38640.51327061653
    },
    "Mahal": {
      "params": {},
      "0.01": {
        "coverage": 0.9885496183206107,
        "volume": 1056.3092373860745,
        "wsc": 0.9595419847328245,
        "threshold": 38.67458750333934
      },
      "0.02": {
        "coverage": 0.9774809160305343,
        "volume": 237.24993433706797,
        "wsc": 0.9236641221374046,
        "threshold": 18.328764952978794
      },
      "0.05": {
        "coverage": 0.9478625954198473,
        "volume": 40.558432280341215,
        "wsc": 0.8389312977099237,
        "threshold": 7.578281463567726
      },
      "0.1": {
        "coverage": 0.900381679389313,
        "volume": 14.457527953122863,
        "wsc": 0.7519083969465649,
        "threshold": 4.524568543154543
      }
    },
    "Bonferroni": {
      "params": {},
      "0.01": {
        "coverage": 0.9886259541984733,
        "volume": 2014.8443517404232,
        "wsc": 0.9599236641221374,
        "threshold": 6.061786235905301
      },
      "0.02": {
        "coverage": 0.9781679389312977,
        "volume": 612.8999236140243,
        "wsc": 0.9251908396946565,
        "threshold": 4.082767463201141
      },
      "0.05": {
        "coverage": 0.9476335877862595,
        "volume": 91.2623104182005,
        "wsc": 0.8393129770992367,
        "threshold": 2.4667255383935665
      },
      "0.1": {
        "coverage": 0.9008396946564885,
        "volume": 34.67413009810049,
        "wsc": 0.7641221374045801,
        "threshold": 1.9132855618499187
      }
    },
    "Density": {
      "params": {
        "lengthscale": 2.4555269181710377
      },
      "0.01": {
        "coverage": 0.9883969465648855,
        "volume": 1180.1686920189484,
        "wsc": 0.9564885496183206,
        "threshold": 1.323503162338561
      },
      "0.02": {
        "coverage": 0.9788549618320611,
        "volume": 363.80097298927035,
        "wsc": 0.9217557251908397,
        "threshold": 0.9030919495639602
      },
      "0.05": {
        "coverage": 0.9472519083969466,
        "volume": 67.96129499227696,
        "wsc": 0.8530534351145038,
        "threshold": 0.4613202425399798
      },
      "0.1": {
        "coverage": 0.9012213740458015,
        "volume": 35.3676127000625,
        "wsc": 0.7858778625954198,
        "threshold": 0.34846644644866037
      }
    },
    "Kernel": {
      "params": {
        "lengthscale": 2.4555269181710377,
        "gamma": 0.7693746038644775
      },
      "0.01": {
        "coverage": 0.9877862595419847,
        "volume": 150.48572462575612,
        "wsc": 0.9522900763358778,
        "threshold": 0.045136437740078736
      },
      "0.02": {
        "coverage": 0.9775572519083969,
        "volume": 57.142966401669604,
        "wsc": 0.9202290076335878,
        "threshold": 0.02018232992718425
      },
      "0.05": {
        "coverage": 0.9484732824427481,
        "volume": 15.950099845126225,
        "wsc": 0.8431297709923664,
        "threshold": 0.0059221664451135905
      },
      "0.1": {
        "coverage": 0.8966412213740458,
        "volume": 6.102646897265686,
        "wsc": 0.7278625954198473,
        "threshold": 0.002273173388462513
      }
    }
  },
  "elapsed_s": 38640.51653504372
}