{
  "dataset": "blog_data",
  "seed": 42,
  "model": "Ridge",
  "split": [
    0.5,
    0.25,
    0.25
  ],
  "alphas": [
    0.01,
    0.02,
    0.05,
    0.1
  ],
  "result": {
    "seed": 42,
    "model": "Ridge",
    "model_rmse": 0.7236009696161873,
    "meta": {
      "n_train": 26198,
      "n_cal": 13099,
      "n_test": 13100,
      "d": 4,
      "p": 277,
      "elapsed": 38631.741163253784
    },
    "Mahal": {
      "params": {},
      "0.01": {
        "coverage": 0.9877099236641221,
        "volume": 988.402118281015,
        "wsc": 0.9595419847328245,
        "threshold": 36.902423116069095
      },
      "0.02": {
        "coverage": 0.9774045801526717,
        "volume": 251.8092363173554,
        "wsc": 0.9251908396946565,
        "threshold": 18.6261835474246
      },
      "0.05": {
        "coverage": 0.9477099236641221,
        "volume": 36.40525847353227,
        "wsc": 0.8408396946564886,
        "threshold": 7.082231355437571
      },
      "0.1": {
        "coverage": 0.9013740458015267,
        "volume": 13.705941468386767,
        "wsc": 0.7553435114503817,
        "threshold": 4.345527341070716
      }
    },
    "Bonferroni": {
      "params": {},
      "0.01": {
        "coverage": 0.9879389312977099,
        "volume": 1701.0686334202821,
        "wsc": 0.9606870229007634,
        "threshold": 5.949049800920868
      },
      "0.02": {
        "coverage": 0.9770229007633587,
        "volume": 634.3120803742119,
        "wsc": 0.9244274809160306,
        "threshold": 4.105797161812591
      },
      "0.05": {
        "coverage": 0.9469465648854962,
        "volume": 75.11352844738747,
        "wsc": 0.8431297709923664,
        "threshold": 2.3736922144469372
      },
      "0.1": {
        "coverage": 0.9028244274809161,
        "volume": 30.87599366467129,
        "wsc": 0.7713740458015267,
        "threshold": 1.8969246880641946
      }
    },
    "Density": {
      "params": {
        "lengthscale": 2.486597334107385
      },
      "0.01": {
        "coverage": 0.9879389312977099,
        "volume": 1115.8692447232079,
        "wsc": 0.9572519083969465,
        "threshold": 1.3030418445743548
      },
      "0.02": {
        "coverage": 0.9781679389312977,
        "volume": 360.76161018721194,
        "wsc": 0.9209923664122137,
        "threshold": 0.9035847415344984
      },
      "0.05": {
        "coverage": 0.9500763358778626,
        "volume": 68.25219652190496,
        "wsc": 0.8568702290076335,
        "threshold": 0.46800130777547083
      },
      "0.1": {
        "coverage": 0.9012977099236641,
        "volume": 33.584414161572276,
        "wsc": 0.7820610687022901,
        "threshold": 0.3448483055138142
      }
    },
    "Kernel": {
      "params": {
        "lengthscale": 2.486597334107385,
        "gamma": 0.868063263491741
      },
      "0.01": {
        "coverage": 0.9865648854961832,
        "volume": 146.07414546619341,
        "wsc": 0.9545801526717558,
        "threshold": 0.04688111993618255
      },
      "0.02": {
        "coverage": 0.9777099236641221,
        "volume": 63.19647826102311,
        "wsc": 0.9240458015267176,
        "threshold": 0.02144615455765431
      },
      "0.05": {
        "coverage": 0.9487786259541985,
        "volume": 14.264347950345217,
        "wsc": 0.8469465648854961,
        "threshold": 0.006274383709981454
      },
      "0.1": {
        "coverage": 0.8974809160305344,
        "volume": 4.8751568944217825,
        "wsc": 0.7312977099236642,
        "threshold": 0.0024902632282503027
      }
    }
  },
  "elapsed_s": 38631.74452137947
}