{
  "dataset": "blog_data",
  "seed": 15,
  "model": "Ridge",
  "split": [
    0.5,
    0.25,
    0.25
  ],
  "alphas": [
    0.01,
    0.02,
    0.05,
    0.1
  ],
  "result": {
    "seed": 15,
    "model": "Ridge",
    "model_rmse": 0.6758181478896913,
    "meta": {
      "n_train": 26198,
      "n_cal": 13099,
      "n_test": 13100,
      "d": 4,
      "p": 277,
      "elapsed": 31009.976982831955
    },
    "Mahal": {
      "params": {},
      "0.01": {
        "coverage": 0.9912977099236642,
        "volume": 1928.9480634053207,
        "wsc": 0.966412213740458,
        "threshold": 42.47465420842375
      },
      "0.02": {
        "coverage": 0.9809923664122138,
        "volume": 364.89822785277727,
        "wsc": 0.9274809160305344,
        "threshold": 18.47376699859056
      },
      "0.05": {
        "coverage": 0.9529007633587786,
        "volume": 56.403139493475756,
        "wsc": 0.8450381679389313,
        "threshold": 7.263086622582995
      },
      "0.1": {
        "coverage": 0.9018320610687023,
        "volume": 19.729472133508764,
        "wsc": 0.7561068702290077,
        "threshold": 4.295634458688117
      }
    },
    "Bonferroni": {
      "params": {},
      "0.01": {
        "coverage": 0.991679389312977,
        "volume": 3466.2078049892625,
        "wsc": 0.9679389312977099,
        "threshold": 6.268509936443789
      },
      "0.02": {
        "coverage": 0.9812977099236642,
        "volume": 940.5468838219091,
        "wsc": 0.9293893129770993,
        "threshold": 4.030477884614414
      },
      "0.05": {
        "coverage": 0.9522900763358778,
        "volume": 112.83612641773556,
        "wsc": 0.8473282442748091,
        "threshold": 2.3941613805977795
      },
      "0.1": {
        "coverage": 0.9009923664122137,
        "volume": 39.824515206259605,
        "wsc": 0.7687022900763358,
        "threshold": 1.8823904190126781
      }
    },
    "Density": {
      "params": {
        "lengthscale": 2.4356692899866728
      },
      "0.01": {
        "coverage": 0.9912977099236642,
        "volume": 1529.5563803293044,
        "wsc": 0.9641221374045802,
        "threshold": 1.4202485639581235
      },
      "0.02": {
        "coverage": 0.9793129770992366,
        "volume": 337.0333972085304,
        "wsc": 0.9183206106870229,
        "threshold": 0.886406347644006
      },
      "0.05": {
        "coverage": 0.9510687022900763,
        "volume": 63.91588860263889,
        "wsc": 0.8549618320610687,
        "threshold": 0.48376904212571287
      },
      "0.1": {
        "coverage": 0.8961832061068702,
        "volume": 27.532998167290593,
        "wsc": 0.7687022900763358,
        "threshold": 0.3505075223317271
      }
    },
    "Kernel": {
      "params": {
        "lengthscale": 2.4356692899866728,
        "gamma": 0.9994544338131379
      },
      "0.01": {
        "coverage": 0.9899236641221374,
        "volume": 180.43947013206514,
        "wsc": 0.9595419847328245,
        "threshold": 0.06204348824622373
      },
      "0.02": {
        "coverage": 0.9778625954198473,
        "volume": 60.474263831727555,
        "wsc": 0.9141221374045801,
        "threshold": 0.025532070259510473
      },
      "0.05": {
        "coverage": 0.9498473282442748,
        "volume": 10.816534994292734,
        "wsc": 0.8412213740458016,
        "threshold": 0.007244233573513036
      },
      "0.1": {
        "coverage": 0.8980916030534352,
        "volume": 3.441624770911324,
        "wsc": 0.732824427480916,
        "threshold": 0.0029248528539066333
      }
    }
  },
  "elapsed_s": 31009.98032951355
}