{
  "dataset": "blog_data",
  "seed": 7,
  "model": "Ridge",
  "split": [
    0.5,
    0.25,
    0.25
  ],
  "alphas": [
    0.01,
    0.02,
    0.05,
    0.1
  ],
  "result": {
    "seed": 7,
    "model": "Ridge",
    "model_rmse": 0.6992769454921075,
    "meta": {
      "n_train": 26198,
      "n_cal": 13099,
      "n_test": 13100,
      "d": 4,
      "p": 277,
      "elapsed": 31237.425790786743
    },
    "Mahal": {
      "params": {},
      "0.01": {
        "coverage": 0.992824427480916,
        "volume": 1335.050750125697,
        "wsc": 0.9736641221374046,
        "threshold": 40.44412435127244
      },
      "0.02": {
        "coverage": 0.9835114503816794,
        "volume": 285.7107428763789,
        "wsc": 0.9412213740458015,
        "threshold": 18.709829706781488
      },
      "0.05": {
        "coverage": 0.9490839694656489,
        "volume": 34.51498230327215,
        "wsc": 0.8377862595419847,
        "threshold": 6.502949433595373
      },
      "0.1": {
        "coverage": 0.8985496183206106,
        "volume": 13.620589495020198,
        "wsc": 0.7469465648854962,
        "threshold": 4.085117019159282
      }
    },
    "Bonferroni": {
      "params": {},
      "0.01": {
        "coverage": 0.9925190839694656,
        "volume": 2787.66824245551,
        "wsc": 0.9721374045801526,
        "threshold": 6.07427563976874
      },
      "0.02": {
        "coverage": 0.9827480916030534,
        "volume": 733.9357497457925,
        "wsc": 0.9377862595419847,
        "threshold": 4.102210589748731
      },
      "0.05": {
        "coverage": 0.9504580152671755,
        "volume": 66.72143179507205,
        "wsc": 0.8458015267175573,
        "threshold": 2.278231487087638
      },
      "0.1": {
        "coverage": 0.8977099236641222,
        "volume": 24.97176394669363,
        "wsc": 0.7652671755725191,
        "threshold": 1.8296611801625233
      }
    },
    "Density": {
      "params": {
        "lengthscale": 2.464070340640143
      },
      "0.01": {
        "coverage": 0.9922900763358778,
        "volume": 1880.6859722353643,
        "wsc": 0.9690839694656489,
        "threshold": 1.4390633858024238
      },
      "0.02": {
        "coverage": 0.9837404580152672,
        "volume": 550.9395420739282,
        "wsc": 0.9370229007633588,
        "threshold": 1.0360083882812665
      },
      "0.05": {
        "coverage": 0.9496946564885497,
        "volume": 60.67358271423218,
        "wsc": 0.849618320610687,
        "threshold": 0.4638099511155758
      },
      "0.1": {
        "coverage": 0.8940458015267175,
        "volume": 29.849061592532234,
        "wsc": 0.7622137404580153,
        "threshold": 0.3417563062491191
      }
    },
    "Kernel": {
      "params": {
        "lengthscale": 2.464070340640143,
        "gamma": 0.843265636507113
      },
      "0.01": {
        "coverage": 0.9922137404580152,
        "volume": 171.87596903935227,
        "wsc": 0.9690839694656489,
        "threshold": 0.05304722415561613
      },
      "0.02": {
        "coverage": 0.98206106870229,
        "volume": 70.0379941942423,
        "wsc": 0.933969465648855,
        "threshold": 0.024368479606776478
      },
      "0.05": {
        "coverage": 0.9496183206106871,
        "volume": 13.461341502514536,
        "wsc": 0.8351145038167939,
        "threshold": 0.006582795980693535
      },
      "0.1": {
        "coverage": 0.8972519083969466,
        "volume": 3.90183811667088,
        "wsc": 0.7248091603053435,
        "threshold": 0.00254008535591812
      }
    }
  },
  "elapsed_s": 31237.429172992706
}