{
  "dataset": "blog_data",
  "seed": 5,
  "model": "MLP",
  "split": [
    0.5,
    0.25,
    0.25
  ],
  "alphas": [
    0.01,
    0.02,
    0.05,
    0.1
  ],
  "result": {
    "seed": 5,
    "model": "MLP",
    "model_rmse": 0.5098063749839034,
    "meta": {
      "n_train": 26198,
      "n_cal": 13099,
      "n_test": 13100,
      "d": 4,
      "p": 277,
      "elapsed": 31276.66759109497
    },
    "Mahal": {
      "params": {},
      "0.01": {
        "coverage": 0.9903053435114504,
        "volume": 381.5215491746405,
        "wsc": 0.9671755725190839,
        "threshold": 38.931247697313
      },
      "0.02": {
        "coverage": 0.98,
        "volume": 118.29850443374335,
        "wsc": 0.9412213740458015,
        "threshold": 21.678459287965907
      },
      "0.05": {
        "coverage": 0.952824427480916,
        "volume": 25.829593270283524,
        "wsc": 0.8744274809160305,
        "threshold": 10.12972300544717
      },
      "0.1": {
        "coverage": 0.9025190839694657,
        "volume": 7.4730155989648965,
        "wsc": 0.7595419847328244,
        "threshold": 5.448622638080302
      }
    },
    "Bonferroni": {
      "params": {},
      "0.01": {
        "coverage": 0.9906106870229008,
        "volume": 1011.6740871924771,
        "wsc": 0.9687022900763359,
        "threshold": 5.930348183338971
      },
      "0.02": {
        "coverage": 0.9804580152671756,
        "volume": 277.694655332314,
        "wsc": 0.9423664122137405,
        "threshold": 4.307466679533457
      },
      "0.05": {
        "coverage": 0.9525954198473282,
        "volume": 50.20142340553002,
        "wsc": 0.8778625954198473,
        "threshold": 2.8176289416789464
      },
      "0.1": {
        "coverage": 0.9031297709923665,
        "volume": 13.992925489472446,
        "wsc": 0.7694656488549618,
        "threshold": 2.030114670601491
      }
    },
    "Density": {
      "params": {
        "lengthscale": 1.320473011283286
      },
      "0.01": {
        "coverage": 0.9909923664122138,
        "volume": 989.74702869351,
        "wsc": 0.9633587786259542,
        "threshold": 1.7581987530374967
      },
      "0.02": {
        "coverage": 0.9818320610687022,
        "volume": 197.4877834545132,
        "wsc": 0.9324427480916031,
        "threshold": 1.4831261739015018
      },
      "0.05": {
        "coverage": 0.9519847328244275,
        "volume": 22.648343318012106,
        "wsc": 0.8641221374045801,
        "threshold": 0.8234830645934972
      },
      "0.1": {
        "coverage": 0.9005343511450382,
        "volume": 5.33750766093279,
        "wsc": 0.7431297709923664,
        "threshold": 0.46895631823609907
      }
    },
    "Kernel": {
      "params": {
        "lengthscale": 1.320473011283286,
        "gamma": 0.924237412494114
      },
      "0.01": {
        "coverage": 0.9877099236641221,
        "volume": 102.27818734057696,
        "wsc": 0.9549618320610687,
        "threshold": 0.13602861892873783
      },
      "0.02": {
        "coverage": 0.9770229007633587,
        "volume": 48.75885376744007,
        "wsc": 0.9232824427480916,
        "threshold": 0.06903231894624906
      },
      "0.05": {
        "coverage": 0.950381679389313,
        "volume": 10.38650139424759,
        "wsc": 0.8541984732824427,
        "threshold": 0.019339507610071017
      },
      "0.1": {
        "coverage": 0.9009923664122137,
        "volume": 2.8851392761798857,
        "wsc": 0.7389312977099237,
        "threshold": 0.00643207814109033
      }
    }
  },
  "elapsed_s": 31276.671666383743
}