{
  "dataset": "blog_data",
  "seed": 20,
  "model": "MLP",
  "split": [
    0.5,
    0.25,
    0.25
  ],
  "alphas": [
    0.01,
    0.02,
    0.05,
    0.1
  ],
  "result": {
    "seed": 20,
    "model": "MLP",
    "model_rmse": 0.5499288507878283,
    "meta": {
      "n_train": 26198,
      "n_cal": 13099,
      "n_test": 13100,
      "d": 4,
      "p": 277,
      "elapsed": 37714.14069724083
    },
    "Mahal": {
      "params": {},
      "0.01": {
        "coverage": 0.9880916030534351,
        "volume": 293.86443291375923,
        "wsc": 0.9614503816793893,
        "threshold": 36.12835165564648
      },
      "0.02": {
        "coverage": 0.9778625954198473,
        "volume": 79.39552960840031,
        "wsc": 0.934732824427481,
        "threshold": 18.779008550523624
      },
      "0.05": {
        "coverage": 0.9455725190839694,
        "volume": 14.12232668386455,
        "wsc": 0.8553435114503817,
        "threshold": 7.920047047873245
      },
      "0.1": {
        "coverage": 0.8925954198473283,
        "volume": 3.8488292583004156,
        "wsc": 0.7374045801526717,
        "threshold": 4.134651952973911
      }
    },
    "Bonferroni": {
      "params": {},
      "0.01": {
        "coverage": 0.9883206106870229,
        "volume": 699.0124733226039,
        "wsc": 0.9629770992366412,
        "threshold": 5.5535499148978005
      },
      "0.02": {
        "coverage": 0.9775572519083969,
        "volume": 179.86637652621218,
        "wsc": 0.933969465648855,
        "threshold": 3.95474806290571
      },
      "0.05": {
        "coverage": 0.9448091603053436,
        "volume": 25.867070871662623,
        "wsc": 0.8587786259541985,
        "threshold": 2.4641031459241365
      },
      "0.1": {
        "coverage": 0.8938931297709923,
        "volume": 7.21871745255701,
        "wsc": 0.7480916030534351,
        "threshold": 1.7382907654327238
      }
    },
    "Density": {
      "params": {
        "lengthscale": 1.2088124421646476
      },
      "0.01": {
        "coverage": 0.9881679389312977,
        "volume": 676.1532013895066,
        "wsc": 0.9572519083969465,
        "threshold": 1.7564196877018874
      },
      "0.02": {
        "coverage": 0.9787022900763359,
        "volume": 138.35875117400937,
        "wsc": 0.9305343511450381,
        "threshold": 1.5028850951274209
      },
      "0.05": {
        "coverage": 0.9444274809160306,
        "volume": 11.4296359665486,
        "wsc": 0.8488549618320611,
        "threshold": 0.7992732574878179
      },
      "0.1": {
        "coverage": 0.8935114503816793,
        "volume": 2.406239150852337,
        "wsc": 0.7370229007633587,
        "threshold": 0.46376962231694163
      }
    },
    "Kernel": {
      "params": {
        "lengthscale": 1.2088124421646476,
        "gamma": 1.000056633215076
      },
      "0.01": {
        "coverage": 0.9870992366412213,
        "volume": 84.81993006754487,
        "wsc": 0.9545801526717558,
        "threshold": 0.18090611025922365
      },
      "0.02": {
        "coverage": 0.9754198473282443,
        "volume": 29.476429597941127,
        "wsc": 0.9217557251908397,
        "threshold": 0.07424794024198506
      },
      "0.05": {
        "coverage": 0.9454961832061068,
        "volume": 4.812478301704674,
        "wsc": 0.8446564885496183,
        "threshold": 0.01942181953654854
      },
      "0.1": {
        "coverage": 0.8939694656488549,
        "volume": 2.406239150852337,
        "wsc": 0.7244274809160305,
        "threshold": 0.006374684786173799
      }
    }
  },
  "elapsed_s": 37714.14440917969
}