{
  "dataset": "blog_data",
  "seed": 2,
  "model": "MLP",
  "split": [
    0.5,
    0.25,
    0.25
  ],
  "alphas": [
    0.01,
    0.02,
    0.05,
    0.1
  ],
  "result": {
    "seed": 2,
    "model": "MLP",
    "model_rmse": 0.6598124394311542,
    "meta": {
      "n_train": 26198,
      "n_cal": 13099,
      "n_test": 13100,
      "d": 4,
      "p": 277,
      "elapsed": 31691.503189086914
    },
    "Mahal": {
      "params": {},
      "0.01": {
        "coverage": 0.9879389312977099,
        "volume": 580.6936501337012,
        "wsc": 0.9603053435114504,
        "threshold": 39.59770678272739
      },
      "0.02": {
        "coverage": 0.9767175572519083,
        "volume": 157.86535165136388,
        "wsc": 0.9324427480916031,
        "threshold": 20.646189422881537
      },
      "0.05": {
        "coverage": 0.9419847328244275,
        "volume": 28.30018523357409,
        "wsc": 0.8419847328244274,
        "threshold": 8.741604143859858
      },
      "0.1": {
        "coverage": 0.8862595419847328,
        "volume": 8.928058719893693,
        "wsc": 0.7122137404580152,
        "threshold": 4.909926781880687
      }
    },
    "Bonferroni": {
      "params": {},
      "0.01": {
        "coverage": 0.9876335877862595,
        "volume": 1484.1147392071782,
        "wsc": 0.9595419847328245,
        "threshold": 5.90981421830215
      },
      "0.02": {
        "coverage": 0.9770992366412213,
        "volume": 375.11180761848397,
        "wsc": 0.933206106870229,
        "threshold": 4.155854287399425
      },
      "0.05": {
        "coverage": 0.9411450381679389,
        "volume": 63.455744757730685,
        "wsc": 0.8465648854961833,
        "threshold": 2.653809027342073
      },
      "0.1": {
        "coverage": 0.889618320610687,
        "volume": 19.277694609943502,
        "wsc": 0.732442748091603,
        "threshold": 1.9884488534828657
      }
    },
    "Density": {
      "params": {
        "lengthscale": 1.2736024413947615
      },
      "0.01": {
        "coverage": 0.9884732824427481,
        "volume": 804.5760042066697,
        "wsc": 0.9583969465648855,
        "threshold": 1.7580091011892125
      },
      "0.02": {
        "coverage": 0.9762595419847329,
        "volume": 145.92143836693344,
        "wsc": 0.9225190839694657,
        "threshold": 1.4282037367180562
      },
      "0.05": {
        "coverage": 0.9442748091603054,
        "volume": 18.474457334529188,
        "wsc": 0.8454198473282443,
        "threshold": 0.8007666621356876
      },
      "0.1": {
        "coverage": 0.88793893129771,
        "volume": 5.622660927900188,
        "wsc": 0.7068702290076336,
        "threshold": 0.4587727408876679
      }
    },
    "Kernel": {
      "params": {
        "lengthscale": 1.2736024413947615,
        "gamma": 0.9725424093455833
      },
      "0.01": {
        "coverage": 0.9877099236641221,
        "volume": 131.46316740947583,
        "wsc": 0.9583969465648855,
        "threshold": 0.18081350026854176
      },
      "0.02": {
        "coverage": 0.9770992366412213,
        "volume": 54.08464321123037,
        "wsc": 0.9248091603053435,
        "threshold": 0.08361738957434374
      },
      "0.05": {
        "coverage": 0.9462595419847328,
        "volume": 9.371101546500313,
        "wsc": 0.8450381679389313,
        "threshold": 0.020036562098326573
      },
      "0.1": {
        "coverage": 0.8856488549618321,
        "volume": 2.409711826242938,
        "wsc": 0.6923664122137405,
        "threshold": 0.006095940510435187
      }
    }
  },
  "elapsed_s": 31691.508546590805
}