{
  "dataset": "blog_data",
  "seed": 29,
  "model": "Ridge",
  "split": [
    0.5,
    0.25,
    0.25
  ],
  "alphas": [
    0.01,
    0.02,
    0.05,
    0.1
  ],
  "result": {
    "seed": 29,
    "model": "Ridge",
    "model_rmse": 0.6989274836830847,
    "meta": {
      "n_train": 26198,
      "n_cal": 13099,
      "n_test": 13100,
      "d": 4,
      "p": 277,
      "elapsed": 38705.93040442467
    },
    "Mahal": {
      "params": {},
      "0.01": {
        "coverage": 0.9877862595419847,
        "volume": 607.5393676862759,
        "wsc": 0.9576335877862595,
        "threshold": 37.01595563293798
      },
      "0.02": {
        "coverage": 0.9756488549618321,
        "volume": 133.1616420123567,
        "wsc": 0.9206106870229007,
        "threshold": 17.3297111670494
      },
      "0.05": {
        "coverage": 0.946412213740458,
        "volume": 25.09088516244525,
        "wsc": 0.8374045801526717,
        "threshold": 7.522457536877494
      },
      "0.1": {
        "coverage": 0.8987786259541984,
        "volume": 9.27672156143643,
        "wsc": 0.751145038167939,
        "threshold": 4.574030058815284
      }
    },
    "Bonferroni": {
      "params": {},
      "0.01": {
        "coverage": 0.9878625954198473,
        "volume": 1218.3391987960588,
        "wsc": 0.9583969465648855,
        "threshold": 5.921182886882443
      },
      "0.02": {
        "coverage": 0.9761068702290077,
        "volume": 329.7777885259047,
        "wsc": 0.9221374045801527,
        "threshold": 3.9277371569060087
      },
      "0.05": {
        "coverage": 0.9468702290076336,
        "volume": 49.68182579215883,
        "wsc": 0.8400763358778626,
        "threshold": 2.438466524109444
      },
      "0.1": {
        "coverage": 0.896793893129771,
        "volume": 18.07323111494282,
        "wsc": 0.7614503816793893,
        "threshold": 1.9129140913681617
      }
    },
    "Density": {
      "params": {
        "lengthscale": 2.4671250224094288
      },
      "0.01": {
        "coverage": 0.9877862595419847,
        "volume": 1103.0930107773977,
        "wsc": 0.9534351145038168,
        "threshold": 1.294515081384056
      },
      "0.02": {
        "coverage": 0.9767175572519083,
        "volume": 341.4354137905215,
        "wsc": 0.9125954198473283,
        "threshold": 0.8828875219644322
      },
      "0.05": {
        "coverage": 0.9413740458015267,
        "volume": 58.13164813161262,
        "wsc": 0.8389312977099237,
        "threshold": 0.44635817124927757
      },
      "0.1": {
        "coverage": 0.8935114503816793,
        "volume": 30.591486432652136,
        "wsc": 0.7732824427480917,
        "threshold": 0.33742452056954214
      }
    },
    "Kernel": {
      "params": {
        "lengthscale": 2.4671250224094288,
        "gamma": 0.7080079781128839
      },
      "0.01": {
        "coverage": 0.9872519083969465,
        "volume": 155.53932232253823,
        "wsc": 0.9538167938931298,
        "threshold": 0.04547409408453324
      },
      "0.02": {
        "coverage": 0.9764885496183207,
        "volume": 58.992278184705135,
        "wsc": 0.917175572519084,
        "threshold": 0.01830048571620354
      },
      "0.05": {
        "coverage": 0.9454198473282442,
        "volume": 13.457124466537511,
        "wsc": 0.8366412213740458,
        "threshold": 0.005453122724117104
      },
      "0.1": {
        "coverage": 0.8944274809160305,
        "volume": 3.5207593081057444,
        "wsc": 0.7274809160305343,
        "threshold": 0.0020381174829917385
      }
    }
  },
  "elapsed_s": 38705.933727025986
}