{
  "dataset": "house",
  "seed": 21,
  "model": "MLP",
  "split": [
    0.5,
    0.25,
    0.25
  ],
  "alphas": [
    0.01,
    0.02,
    0.05,
    0.1
  ],
  "result": {
    "seed": 21,
    "model": "MLP",
    "model_rmse": 0.5903557748583734,
    "meta": {
      "n_train": 10806,
      "n_cal": 5403,
      "n_test": 5404,
      "d": 2,
      "p": 17,
      "elapsed": 2886.8969507217407
    },
    "Mahal": {
      "params": {},
      "0.01": {
        "coverage": 0.9901924500370096,
        "volume": 17.35149154089734,
        "wsc": 0.9592969472710453,
        "threshold": 17.98988601307058
      },
      "0.02": {
        "coverage": 0.9772390821613619,
        "volume": 10.820783454105003,
        "wsc": 0.9213691026827012,
        "threshold": 11.218900718283843
      },
      "0.05": {
        "coverage": 0.9435603256846781,
        "volume": 6.778712987362367,
        "wsc": 0.84736355226642,
        "threshold": 7.028114768724001
      },
      "0.1": {
        "coverage": 0.8939674315321984,
        "volume": 4.316068917479439,
        "wsc": 0.757631822386679,
        "threshold": 4.474865325957827
      }
    },
    "Bonferroni": {
      "params": {},
      "0.01": {
        "coverage": 0.9900074019245003,
        "volume": 19.872184840447517,
        "wsc": 0.9592969472710453,
        "threshold": 3.9138439901251756
      },
      "0.02": {
        "coverage": 0.9801998519615099,
        "volume": 13.589983227103808,
        "wsc": 0.9343200740055504,
        "threshold": 3.23688341297425
      },
      "0.05": {
        "coverage": 0.9474463360473723,
        "volume": 8.196673519272254,
        "wsc": 0.8603145235892692,
        "threshold": 2.505961114159029
      },
      "0.1": {
        "coverage": 0.8930421909696521,
        "volume": 4.945509445998069,
        "wsc": 0.7687326549491211,
        "threshold": 1.9372292058732887
      }
    },
    "Density": {
      "params": {
        "lengthscale": 0.8143893646132955
      },
      "0.01": {
        "coverage": 0.9900074019245003,
        "volume": 16.543033081123678,
        "wsc": 0.9639222941720629,
        "threshold": 1.4723354369833979
      },
      "0.02": {
        "coverage": 0.9800148038490007,
        "volume": 12.255387502931542,
        "wsc": 0.9352451433857539,
        "threshold": 1.3873678500212239
      },
      "0.05": {
        "coverage": 0.9461509992598075,
        "volume": 7.783254925482166,
        "wsc": 0.876040703052729,
        "threshold": 1.1902300162571122
      },
      "0.1": {
        "coverage": 0.8898963730569949,
        "volume": 4.922867859725589,
        "wsc": 0.7733580018501388,
        "threshold": 0.9525684064563563
      }
    },
    "Kernel": {
      "params": {
        "lengthscale": 0.8143893646132955,
        "gamma": 6.608066510636951
      },
      "0.01": {
        "coverage": 0.9892672094744633,
        "volume": 13.862940128277586,
        "wsc": 0.9555966697502313,
        "threshold": 0.3160342756491118
      },
      "0.02": {
        "coverage": 0.977979274611399,
        "volume": 10.049929284538168,
        "wsc": 0.9232192414431082,
        "threshold": 0.18745583474041186
      },
      "0.05": {
        "coverage": 0.9454108068097705,
        "volume": 6.327065497253994,
        "wsc": 0.8418131359851989,
        "threshold": 0.08491940340782438
      },
      "0.1": {
        "coverage": 0.8941524796447077,
        "volume": 4.087225610817225,
        "wsc": 0.7483811285846439,
        "threshold": 0.04354948373694154
      }
    }
  },
  "elapsed_s": 2886.8976378440857
}