{
  "dataset": "house",
  "seed": 39,
  "model": "Ridge",
  "split": [
    0.5,
    0.25,
    0.25
  ],
  "alphas": [
    0.01,
    0.02,
    0.05,
    0.1
  ],
  "result": {
    "seed": 39,
    "model": "Ridge",
    "model_rmse": 0.7777664253049179,
    "meta": {
      "n_train": 10806,
      "n_cal": 5403,
      "n_test": 5404,
      "d": 2,
      "p": 17,
      "elapsed": 2927.2090244293213
    },
    "Mahal": {
      "params": {},
      "0.01": {
        "coverage": 0.9894522575869726,
        "volume": 22.687102357577547,
        "wsc": 0.9472710453283997,
        "threshold": 13.621227790560928
      },
      "0.02": {
        "coverage": 0.9785344189489267,
        "volume": 12.841402707519665,
        "wsc": 0.9093432007400555,
        "threshold": 7.7099167920414935
      },
      "0.05": {
        "coverage": 0.9537379718726869,
        "volume": 8.682691446136015,
        "wsc": 0.8640148011100832,
        "threshold": 5.213046433118924
      },
      "0.1": {
        "coverage": 0.9043301258327165,
        "volume": 6.16995142647652,
        "wsc": 0.7779833487511564,
        "threshold": 3.7044093384919505
      }
    },
    "Bonferroni": {
      "params": {},
      "0.01": {
        "coverage": 0.9892672094744633,
        "volume": 28.02914110366301,
        "wsc": 0.9472710453283997,
        "threshold": 3.512999190484914
      },
      "0.02": {
        "coverage": 0.9801998519615099,
        "volume": 16.068521913143854,
        "wsc": 0.9148936170212766,
        "threshold": 2.659501091090723
      },
      "0.05": {
        "coverage": 0.9552183567727609,
        "volume": 9.641252931900693,
        "wsc": 0.8751156336725254,
        "threshold": 2.0667026126799475
      },
      "0.1": {
        "coverage": 0.9076609918578831,
        "volume": 7.130732033616065,
        "wsc": 0.8140610545790934,
        "threshold": 1.7729370204327715
      }
    },
    "Density": {
      "params": {
        "lengthscale": 1.1468370153965664
      },
      "0.01": {
        "coverage": 0.9883419689119171,
        "volume": 18.798503714006813,
        "wsc": 0.9444958371877891,
        "threshold": 1.2817082773140511
      },
      "0.02": {
        "coverage": 0.980940044411547,
        "volume": 14.131115473821751,
        "wsc": 0.9259944495837188,
        "threshold": 1.1423300508706045
      },
      "0.05": {
        "coverage": 0.9559585492227979,
        "volume": 9.530124640467715,
        "wsc": 0.8806660499537465,
        "threshold": 0.9378312617956446
      },
      "0.1": {
        "coverage": 0.9098815692079941,
        "volume": 7.185247799224696,
        "wsc": 0.8075855689176689,
        "threshold": 0.7981710106661648
      }
    },
    "Kernel": {
      "params": {
        "lengthscale": 1.1468370153965664,
        "gamma": 8.277061793143247
      },
      "0.01": {
        "coverage": 0.9883419689119171,
        "volume": 14.968421719964564,
        "wsc": 0.9454209065679926,
        "threshold": 0.2167248799354115
      },
      "0.02": {
        "coverage": 0.980940044411547,
        "volume": 11.085221800457496,
        "wsc": 0.9241443108233117,
        "threshold": 0.1256996188182226
      },
      "0.05": {
        "coverage": 0.9533678756476683,
        "volume": 7.667502648839505,
        "wsc": 0.8584643848288621,
        "threshold": 0.06346344557821727
      },
      "0.1": {
        "coverage": 0.9006291635825314,
        "volume": 5.350233150436753,
        "wsc": 0.7520814061054579,
        "threshold": 0.03366918293896999
      }
    }
  },
  "elapsed_s": 2927.2096848487854
}