{
  "dataset": "house",
  "seed": 33,
  "model": "MLP",
  "split": [
    0.5,
    0.25,
    0.25
  ],
  "alphas": [
    0.01,
    0.02,
    0.05,
    0.1
  ],
  "result": {
    "seed": 33,
    "model": "MLP",
    "model_rmse": 0.5878301070144233,
    "meta": {
      "n_train": 10806,
      "n_cal": 5403,
      "n_test": 5404,
      "d": 2,
      "p": 17,
      "elapsed": 1106.0820207595825
    },
    "Mahal": {
      "params": {},
      "0.01": {
        "coverage": 0.9931532198371577,
        "volume": 16.726557916347573,
        "wsc": 0.9685476410730804,
        "threshold": 18.164075771692154
      },
      "0.02": {
        "coverage": 0.9855662472242783,
        "volume": 10.490977139745791,
        "wsc": 0.9417206290471786,
        "threshold": 11.392595215252953
      },
      "0.05": {
        "coverage": 0.9542931162102146,
        "volume": 6.367292787355238,
        "wsc": 0.8741905642923219,
        "threshold": 6.91451219243584
      },
      "0.1": {
        "coverage": 0.9117320503330866,
        "volume": 4.3385077062775,
        "wsc": 0.8001850138760407,
        "threshold": 4.71136877694815
      }
    },
    "Bonferroni": {
      "params": {},
      "0.01": {
        "coverage": 0.9925980754996299,
        "volume": 19.83502560450391,
        "wsc": 0.96577243293247,
        "threshold": 4.0252084965659725
      },
      "0.02": {
        "coverage": 0.985381199111769,
        "volume": 12.701410383148547,
        "wsc": 0.9454209065679926,
        "threshold": 3.224753875783841
      },
      "0.05": {
        "coverage": 0.9561435973353072,
        "volume": 7.448866993347216,
        "wsc": 0.8843663274745606,
        "threshold": 2.470290934968974
      },
      "0.1": {
        "coverage": 0.9119170984455959,
        "volume": 5.002795090301164,
        "wsc": 0.8112858464384829,
        "threshold": 2.0223176809118075
      }
    },
    "Density": {
      "params": {
        "lengthscale": 0.8477138338329957
      },
      "0.01": {
        "coverage": 0.9922279792746114,
        "volume": 15.742493908828227,
        "wsc": 0.96577243293247,
        "threshold": 1.438060586834304
      },
      "0.02": {
        "coverage": 0.9822353811991118,
        "volume": 11.671100783956632,
        "wsc": 0.9463459759481961,
        "threshold": 1.335903210292245
      },
      "0.05": {
        "coverage": 0.9576239822353811,
        "volume": 7.725756173879794,
        "wsc": 0.9037927844588344,
        "threshold": 1.1475374513060967
      },
      "0.1": {
        "coverage": 0.9100666173205033,
        "volume": 5.2963863514690726,
        "wsc": 0.8325624421831638,
        "threshold": 0.9538462427533152
      }
    },
    "Kernel": {
      "params": {
        "lengthscale": 0.8477138338329957,
        "gamma": 6.820002735134373
      },
      "0.01": {
        "coverage": 0.9907475943745374,
        "volume": 12.83554896825104,
        "wsc": 0.9592969472710453,
        "threshold": 0.2710323431073373
      },
      "0.02": {
        "coverage": 0.9842709104367136,
        "volume": 9.751144420923474,
        "wsc": 0.9426456984273821,
        "threshold": 0.17512417604822894
      },
      "0.05": {
        "coverage": 0.9529977794226498,
        "volume": 5.873652013427662,
        "wsc": 0.8677150786308974,
        "threshold": 0.07447409112928337
      },
      "0.1": {
        "coverage": 0.9121021465581051,
        "volume": 4.059910444434805,
        "wsc": 0.793709528214616,
        "threshold": 0.04217049018805799
      }
    }
  },
  "elapsed_s": 1106.0828869342804
}