{
  "dataset": "house",
  "seed": 13,
  "model": "MLP",
  "split": [
    0.5,
    0.25,
    0.25
  ],
  "alphas": [
    0.01,
    0.02,
    0.05,
    0.1
  ],
  "result": {
    "seed": 13,
    "model": "MLP",
    "model_rmse": 0.5903861668129959,
    "meta": {
      "n_train": 10806,
      "n_cal": 5403,
      "n_test": 5404,
      "d": 2,
      "p": 17,
      "elapsed": 664.4061686992645
    },
    "Mahal": {
      "params": {},
      "0.01": {
        "coverage": 0.9844559585492227,
        "volume": 13.212797330933235,
        "wsc": 0.9352451433857539,
        "threshold": 15.402919109031986
      },
      "0.02": {
        "coverage": 0.9727979274611399,
        "volume": 9.543013271321026,
        "wsc": 0.9019426456984274,
        "threshold": 11.124840394732246
      },
      "0.05": {
        "coverage": 0.9472612879348631,
        "volume": 6.34114801524663,
        "wsc": 0.845513413506013,
        "threshold": 7.392241589037063
      },
      "0.1": {
        "coverage": 0.9048852701702442,
        "volume": 4.000546671440334,
        "wsc": 0.7659574468085106,
        "threshold": 4.663667747921954
      }
    },
    "Bonferroni": {
      "params": {},
      "0.01": {
        "coverage": 0.9855662472242783,
        "volume": 16.270904550596562,
        "wsc": 0.9380203515263644,
        "threshold": 3.7709500370101736
      },
      "0.02": {
        "coverage": 0.9757586972612879,
        "volume": 11.512477933579735,
        "wsc": 0.9111933395004626,
        "threshold": 3.166020045935108
      },
      "0.05": {
        "coverage": 0.9448556624722427,
        "volume": 7.177047772270077,
        "wsc": 0.845513413506013,
        "threshold": 2.495425028682041
      },
      "0.1": {
        "coverage": 0.9030347890451518,
        "volume": 4.554866660449973,
        "wsc": 0.7761332099907493,
        "threshold": 1.9875628870021138
      }
    },
    "Density": {
      "params": {
        "lengthscale": 0.8192583639300667
      },
      "0.01": {
        "coverage": 0.9896373056994818,
        "volume": 15.207459707863595,
        "wsc": 0.9611470860314524,
        "threshold": 1.446726257980776
      },
      "0.02": {
        "coverage": 0.9764988897113249,
        "volume": 11.756296265957863,
        "wsc": 0.9315448658649399,
        "threshold": 1.3640316774114212
      },
      "0.05": {
        "coverage": 0.9461509992598075,
        "volume": 7.2034141733295725,
        "wsc": 0.8658649398704903,
        "threshold": 1.1439633694618059
      },
      "0.1": {
        "coverage": 0.8984085862324205,
        "volume": 4.786777585898005,
        "wsc": 0.793709528214616,
        "threshold": 0.9339799128277382
      }
    },
    "Kernel": {
      "params": {
        "lengthscale": 0.8192583639300667,
        "gamma": 7.127489449787656
      },
      "0.01": {
        "coverage": 0.9859363434492968,
        "volume": 12.20821070992383,
        "wsc": 0.940795559666975,
        "threshold": 0.2803501042248711
      },
      "0.02": {
        "coverage": 0.9740932642487047,
        "volume": 8.896250525224678,
        "wsc": 0.9093432007400555,
        "threshold": 0.1650404976135177
      },
      "0.05": {
        "coverage": 0.9502220577350111,
        "volume": 6.134866156197993,
        "wsc": 0.8556891766882516,
        "threshold": 0.08945659429342237
      },
      "0.1": {
        "coverage": 0.902479644707624,
        "volume": 3.797895791322534,
        "wsc": 0.757631822386679,
        "threshold": 0.04213066144644142
      }
    }
  },
  "elapsed_s": 664.407080411911
}