{
  "dataset": "house",
  "seed": 44,
  "model": "MLP",
  "split": [
    0.5,
    0.25,
    0.25
  ],
  "alphas": [
    0.01,
    0.02,
    0.05,
    0.1
  ],
  "result": {
    "seed": 44,
    "model": "MLP",
    "model_rmse": 0.5854985636295184,
    "meta": {
      "n_train": 10806,
      "n_cal": 5403,
      "n_test": 5404,
      "d": 2,
      "p": 17,
      "elapsed": 2908.628226995468
    },
    "Mahal": {
      "params": {},
      "0.01": {
        "coverage": 0.9863064396743153,
        "volume": 15.085195674268281,
        "wsc": 0.9435707678075855,
        "threshold": 16.75149804545947
      },
      "0.02": {
        "coverage": 0.9742783123612139,
        "volume": 10.536993159272228,
        "wsc": 0.9111933395004626,
        "threshold": 11.700903596076833
      },
      "0.05": {
        "coverage": 0.9454108068097705,
        "volume": 6.298425673642076,
        "wsc": 0.8371877890841813,
        "threshold": 6.994146290157732
      },
      "0.1": {
        "coverage": 0.9019245003700962,
        "volume": 4.191755246267526,
        "wsc": 0.7520814061054579,
        "threshold": 4.654774212486369
      }
    },
    "Bonferroni": {
      "params": {},
      "0.01": {
        "coverage": 0.9868615840118431,
        "volume": 18.418338458219598,
        "wsc": 0.9491211840888066,
        "threshold": 3.9143036120893187
      },
      "0.02": {
        "coverage": 0.9740932642487047,
        "volume": 12.288207682261225,
        "wsc": 0.9111933395004626,
        "threshold": 3.1914048265706465
      },
      "0.05": {
        "coverage": 0.9463360473723168,
        "volume": 7.392486900597872,
        "wsc": 0.8464384828862165,
        "threshold": 2.4689523891946377
      },
      "0.1": {
        "coverage": 0.903219837157661,
        "volume": 4.78540710925093,
        "wsc": 0.7650323774283071,
        "threshold": 1.9807249297273306
      }
    },
    "Density": {
      "params": {
        "lengthscale": 0.79628578128139
      },
      "0.01": {
        "coverage": 0.9876017764618801,
        "volume": 15.866783215320243,
        "wsc": 0.9546716003700277,
        "threshold": 1.4667073096889076
      },
      "0.02": {
        "coverage": 0.9748334566987417,
        "volume": 11.352012315721124,
        "wsc": 0.9195189639222942,
        "threshold": 1.3678209956099148
      },
      "0.05": {
        "coverage": 0.9465210954848261,
        "volume": 7.3476260071501525,
        "wsc": 0.8621646623496763,
        "threshold": 1.176987290845186
      },
      "0.1": {
        "coverage": 0.9028497409326425,
        "volume": 4.859684982008629,
        "wsc": 0.788159111933395,
        "threshold": 0.9649076643995275
      }
    },
    "Kernel": {
      "params": {
        "lengthscale": 0.79628578128139,
        "gamma": 6.3897947936126505
      },
      "0.01": {
        "coverage": 0.9864914877868246,
        "volume": 13.195353781732722,
        "wsc": 0.9481961147086031,
        "threshold": 0.29948872733901777
      },
      "0.02": {
        "coverage": 0.9748334566987417,
        "volume": 9.901755235739131,
        "wsc": 0.9111933395004626,
        "threshold": 0.18766319163270845
      },
      "0.05": {
        "coverage": 0.9463360473723168,
        "volume": 6.086740731476152,
        "wsc": 0.8353376503237743,
        "threshold": 0.0839667205552692
      },
      "0.1": {
        "coverage": 0.8985936343449297,
        "volume": 3.9073102768480394,
        "wsc": 0.7382053654024052,
        "threshold": 0.04164143113403645
      }
    }
  },
  "elapsed_s": 2908.6288328170776
}