{
  "dataset": "house",
  "seed": 26,
  "model": "MLP",
  "split": [
    0.5,
    0.25,
    0.25
  ],
  "alphas": [
    0.01,
    0.02,
    0.05,
    0.1
  ],
  "result": {
    "seed": 26,
    "model": "MLP",
    "model_rmse": 0.5905693537597856,
    "meta": {
      "n_train": 10806,
      "n_cal": 5403,
      "n_test": 5404,
      "d": 2,
      "p": 17,
      "elapsed": 639.3043694496155
    },
    "Mahal": {
      "params": {},
      "0.01": {
        "coverage": 0.9916728349370837,
        "volume": 16.404411653596334,
        "wsc": 0.9639222941720629,
        "threshold": 17.220114282470163
      },
      "0.02": {
        "coverage": 0.9820503330866025,
        "volume": 11.13569253502758,
        "wsc": 0.9333950046253469,
        "threshold": 11.689410270656413
      },
      "0.05": {
        "coverage": 0.9533678756476683,
        "volume": 6.842357314809478,
        "wsc": 0.876040703052729,
        "threshold": 7.18259072075187
      },
      "0.1": {
        "coverage": 0.8980384900074019,
        "volume": 4.268349787505943,
        "wsc": 0.7752081406105458,
        "threshold": 4.480591726817331
      }
    },
    "Bonferroni": {
      "params": {},
      "0.01": {
        "coverage": 0.9903774981495189,
        "volume": 18.64838584741775,
        "wsc": 0.9602220166512488,
        "threshold": 3.834523660789489
      },
      "0.02": {
        "coverage": 0.9818652849740933,
        "volume": 13.350612703277887,
        "wsc": 0.9352451433857539,
        "threshold": 3.24265676672122
      },
      "0.05": {
        "coverage": 0.9537379718726869,
        "volume": 8.01838119501792,
        "wsc": 0.8806660499537465,
        "threshold": 2.5143550069269947
      },
      "0.1": {
        "coverage": 0.8939674315321984,
        "volume": 4.740829817082352,
        "wsc": 0.782608695652174,
        "threshold": 1.9359700446293506
      }
    },
    "Density": {
      "params": {
        "lengthscale": 0.8114005520105523
      },
      "0.01": {
        "coverage": 0.9905625462620281,
        "volume": 16.065611253020112,
        "wsc": 0.967622571692877,
        "threshold": 1.462021982932534
      },
      "0.02": {
        "coverage": 0.9820503330866025,
        "volume": 12.364943217981862,
        "wsc": 0.9463459759481961,
        "threshold": 1.3856472017239576
      },
      "0.05": {
        "coverage": 0.9552183567727609,
        "volume": 7.879746381232382,
        "wsc": 0.8973172987974098,
        "threshold": 1.195295110046043
      },
      "0.1": {
        "coverage": 0.8972982975573649,
        "volume": 5.020102837916226,
        "wsc": 0.8103607770582794,
        "threshold": 0.9652762418026027
      }
    },
    "Kernel": {
      "params": {
        "lengthscale": 0.8114005520105523,
        "gamma": 6.636279300255344
      },
      "0.01": {
        "coverage": 0.9922279792746114,
        "volume": 14.219284022026581,
        "wsc": 0.9666975023126735,
        "threshold": 0.32562481092079903
      },
      "0.02": {
        "coverage": 0.9829755736491488,
        "volume": 10.54225602748933,
        "wsc": 0.937095282146161,
        "threshold": 0.19733739096874067
      },
      "0.05": {
        "coverage": 0.9542931162102146,
        "volume": 6.442912733154515,
        "wsc": 0.8649398704902868,
        "threshold": 0.08948101927980344
      },
      "0.1": {
        "coverage": 0.8960029607698001,
        "volume": 3.929455545649647,
        "wsc": 0.759481961147086,
        "threshold": 0.042571980175638
      }
    }
  },
  "elapsed_s": 639.3051989078522
}