{
  "dataset": "house",
  "seed": 36,
  "model": "MLP",
  "split": [
    0.5,
    0.25,
    0.25
  ],
  "alphas": [
    0.01,
    0.02,
    0.05,
    0.1
  ],
  "result": {
    "seed": 36,
    "model": "MLP",
    "model_rmse": 0.6023827368239003,
    "meta": {
      "n_train": 10806,
      "n_cal": 5403,
      "n_test": 5404,
      "d": 2,
      "p": 17,
      "elapsed": 2910.538994550705
    },
    "Mahal": {
      "params": {},
      "0.01": {
        "coverage": 0.9920429311621022,
        "volume": 17.38763383209008,
        "wsc": 0.9648473635522664,
        "threshold": 18.37009433338193
      },
      "0.02": {
        "coverage": 0.9801998519615099,
        "volume": 11.1909848445243,
        "wsc": 0.9296947271045328,
        "threshold": 11.823313583815397
      },
      "0.05": {
        "coverage": 0.942820133234641,
        "volume": 6.174937709485014,
        "wsc": 0.8519888991674376,
        "threshold": 6.523842710366169
      },
      "0.1": {
        "coverage": 0.8889711324944486,
        "volume": 4.056130357043552,
        "wsc": 0.7733580018501388,
        "threshold": 4.285315529814531
      }
    },
    "Bonferroni": {
      "params": {},
      "0.01": {
        "coverage": 0.9920429311621022,
        "volume": 20.656931292278514,
        "wsc": 0.9639222941720629,
        "threshold": 4.031064700003455
      },
      "0.02": {
        "coverage": 0.9789045151739453,
        "volume": 12.94110901804127,
        "wsc": 0.9296947271045328,
        "threshold": 3.1791870203524253
      },
      "0.05": {
        "coverage": 0.9455958549222798,
        "volume": 7.272673372551769,
        "wsc": 0.8714153561517114,
        "threshold": 2.387414619292976
      },
      "0.1": {
        "coverage": 0.8921169504071058,
        "volume": 4.801876352149954,
        "wsc": 0.7890841813135985,
        "threshold": 1.9381369433845583
      }
    },
    "Density": {
      "params": {
        "lengthscale": 0.8335710302965161
      },
      "0.01": {
        "coverage": 0.9905625462620281,
        "volume": 16.656206229638546,
        "wsc": 0.967622571692877,
        "threshold": 1.4578136173883345
      },
      "0.02": {
        "coverage": 0.9820503330866025,
        "volume": 12.49138061301199,
        "wsc": 0.9500462534690102,
        "threshold": 1.369647645077086
      },
      "0.05": {
        "coverage": 0.9481865284974094,
        "volume": 7.670926839656008,
        "wsc": 0.8908418131359852,
        "threshold": 1.149408508820731
      },
      "0.1": {
        "coverage": 0.8948926720947447,
        "volume": 5.009324222283942,
        "wsc": 0.8112858464384829,
        "threshold": 0.9330371053978093
      }
    },
    "Kernel": {
      "params": {
        "lengthscale": 0.8335710302965161,
        "gamma": 5.628491556029067
      },
      "0.01": {
        "coverage": 0.9918578830495929,
        "volume": 13.083922943562614,
        "wsc": 0.9666975023126735,
        "threshold": 0.2654824583951865
      },
      "0.02": {
        "coverage": 0.9813101406365655,
        "volume": 9.931179753056165,
        "wsc": 0.9361702127659575,
        "threshold": 0.1692788161015428
      },
      "0.05": {
        "coverage": 0.945040710584752,
        "volume": 5.846469265380609,
        "wsc": 0.8529139685476411,
        "threshold": 0.06867534813288687
      },
      "0.1": {
        "coverage": 0.8880458919319023,
        "volume": 3.7607667053954303,
        "wsc": 0.7539315448658649,
        "threshold": 0.03354257648718323
      }
    }
  },
  "elapsed_s": 2910.5398378372192
}