{
  "dataset": "house",
  "seed": 24,
  "model": "Ridge",
  "split": [
    0.5,
    0.25,
    0.25
  ],
  "alphas": [
    0.01,
    0.02,
    0.05,
    0.1
  ],
  "result": {
    "seed": 24,
    "model": "Ridge",
    "model_rmse": 0.7565205419291018,
    "meta": {
      "n_train": 10806,
      "n_cal": 5403,
      "n_test": 5404,
      "d": 2,
      "p": 17,
      "elapsed": 2883.560564517975
    },
    "Mahal": {
      "params": {},
      "0.01": {
        "coverage": 0.9927831236121392,
        "volume": 24.7110137489755,
        "wsc": 0.9639222941720629,
        "threshold": 15.1516511983551
      },
      "0.02": {
        "coverage": 0.9827905255366395,
        "volume": 14.178241561565446,
        "wsc": 0.9259944495837188,
        "threshold": 8.69344224114511
      },
      "0.05": {
        "coverage": 0.9509622501850481,
        "volume": 8.540094994908957,
        "wsc": 0.8566142460684552,
        "threshold": 5.2363914276500845
      },
      "0.1": {
        "coverage": 0.8924870466321243,
        "volume": 6.053754080396571,
        "wsc": 0.759481961147086,
        "threshold": 3.7118821266727937
      }
    },
    "Bonferroni": {
      "params": {},
      "0.01": {
        "coverage": 0.993338267949667,
        "volume": 32.405267272790695,
        "wsc": 0.9666975023126735,
        "threshold": 3.8208456225061003
      },
      "0.02": {
        "coverage": 0.982420429311621,
        "volume": 15.703348851040534,
        "wsc": 0.9278445883441259,
        "threshold": 2.6648873274520724
      },
      "0.05": {
        "coverage": 0.9517024426350851,
        "volume": 9.630759360452116,
        "wsc": 0.8667900092506938,
        "threshold": 2.0911097588565406
      },
      "0.1": {
        "coverage": 0.8997039230199851,
        "volume": 6.956292929698009,
        "wsc": 0.7955596669750231,
        "threshold": 1.7727407922625251
      }
    },
    "Density": {
      "params": {
        "lengthscale": 1.1461416922331247
      },
      "0.01": {
        "coverage": 0.9924130273871207,
        "volume": 22.04242776694103,
        "wsc": 0.9629972247918593,
        "threshold": 1.3559802069294706
      },
      "0.02": {
        "coverage": 0.982420429311621,
        "volume": 14.06842091126673,
        "wsc": 0.9278445883441259,
        "threshold": 1.1470336114017667
      },
      "0.05": {
        "coverage": 0.9531828275351591,
        "volume": 9.623101618345444,
        "wsc": 0.8769657724329325,
        "threshold": 0.9459371966281466
      },
      "0.1": {
        "coverage": 0.8967431532198371,
        "volume": 6.9367656873260035,
        "wsc": 0.786308973172988,
        "threshold": 0.7854533134178907
      }
    },
    "Kernel": {
      "params": {
        "lengthscale": 1.1461416922331247,
        "gamma": 8.201005072695333
      },
      "0.01": {
        "coverage": 0.9909326424870466,
        "volume": 16.01080719662329,
        "wsc": 0.9574468085106383,
        "threshold": 0.23224480460277683
      },
      "0.02": {
        "coverage": 0.9796447076239823,
        "volume": 11.337287188923275,
        "wsc": 0.9167437557816837,
        "threshold": 0.13010337500348204
      },
      "0.05": {
        "coverage": 0.9505921539600296,
        "volume": 7.782946190112914,
        "wsc": 0.8482886216466234,
        "threshold": 0.06505476510319451
      },
      "0.1": {
        "coverage": 0.8950777202072538,
        "volume": 5.383775588093554,
        "wsc": 0.7474560592044404,
        "threshold": 0.03371682037142594
      }
    }
  },
  "elapsed_s": 2883.5612683296204
}