{
  "dataset": "house",
  "seed": 40,
  "model": "MLP",
  "split": [
    0.5,
    0.25,
    0.25
  ],
  "alphas": [
    0.01,
    0.02,
    0.05,
    0.1
  ],
  "result": {
    "seed": 40,
    "model": "MLP",
    "model_rmse": 0.591891945140757,
    "meta": {
      "n_train": 10806,
      "n_cal": 5403,
      "n_test": 5404,
      "d": 2,
      "p": 17,
      "elapsed": 653.384174823761
    },
    "Mahal": {
      "params": {},
      "0.01": {
        "coverage": 0.9896373056994818,
        "volume": 18.098726925662767,
        "wsc": 0.9537465309898242,
        "threshold": 18.697865034322742
      },
      "0.02": {
        "coverage": 0.9792746113989638,
        "volume": 12.19291919535194,
        "wsc": 0.9296947271045328,
        "threshold": 12.596552145655682
      },
      "0.05": {
        "coverage": 0.9509622501850481,
        "volume": 7.095368571869441,
        "wsc": 0.8649398704902868,
        "threshold": 7.330252811178419
      },
      "0.1": {
        "coverage": 0.9022945965951147,
        "volume": 4.3991040963555115,
        "wsc": 0.786308973172988,
        "threshold": 4.544731516389766
      }
    },
    "Bonferroni": {
      "params": {},
      "0.01": {
        "coverage": 0.9881569207994079,
        "volume": 21.238721058052576,
        "wsc": 0.9518963922294172,
        "threshold": 4.043224754223105
      },
      "0.02": {
        "coverage": 0.9785344189489267,
        "volume": 14.65305309720772,
        "wsc": 0.9315448658649399,
        "threshold": 3.3512132616387205
      },
      "0.05": {
        "coverage": 0.9529977794226498,
        "volume": 8.417009019635389,
        "wsc": 0.8751156336725254,
        "threshold": 2.5425656481929573
      },
      "0.1": {
        "coverage": 0.9013693560325685,
        "volume": 5.0388612325899444,
        "wsc": 0.788159111933395,
        "threshold": 1.9629447020147126
      }
    },
    "Density": {
      "params": {
        "lengthscale": 0.8022425740655386
      },
      "0.01": {
        "coverage": 0.9903774981495189,
        "volume": 18.7555546211396,
        "wsc": 0.9639222941720629,
        "threshold": 1.495806922766326
      },
      "0.02": {
        "coverage": 0.9800148038490007,
        "volume": 13.49771353612763,
        "wsc": 0.940795559666975,
        "threshold": 1.419159326476885
      },
      "0.05": {
        "coverage": 0.9544781643227239,
        "volume": 8.251030660156278,
        "wsc": 0.8917668825161887,
        "threshold": 1.2286946880503813
      },
      "0.1": {
        "coverage": 0.901739452257587,
        "volume": 5.0913978001561615,
        "wsc": 0.8020351526364478,
        "threshold": 0.9873390026231839
      }
    },
    "Kernel": {
      "params": {
        "lengthscale": 0.8022425740655386,
        "gamma": 6.180281233388493
      },
      "0.01": {
        "coverage": 0.9888971132494448,
        "volume": 15.62149265685755,
        "wsc": 0.9555966697502313,
        "threshold": 0.3339829785316747
      },
      "0.02": {
        "coverage": 0.981680236861584,
        "volume": 11.323722474714955,
        "wsc": 0.9361702127659575,
        "threshold": 0.20204319624356504
      },
      "0.05": {
        "coverage": 0.9513323464100666,
        "volume": 6.697714976627675,
        "wsc": 0.8621646623496763,
        "threshold": 0.09030873317534016
      },
      "0.1": {
        "coverage": 0.9035899333826795,
        "volume": 4.148994061601094,
        "wsc": 0.7752081406105458,
        "threshold": 0.044227332159931604
      }
    }
  },
  "elapsed_s": 653.3850557804108
}