{
  "dataset": "house",
  "seed": 14,
  "model": "MLP",
  "split": [
    0.5,
    0.25,
    0.25
  ],
  "alphas": [
    0.01,
    0.02,
    0.05,
    0.1
  ],
  "result": {
    "seed": 14,
    "model": "MLP",
    "model_rmse": 0.6085095527333206,
    "meta": {
      "n_train": 10806,
      "n_cal": 5403,
      "n_test": 5404,
      "d": 2,
      "p": 17,
      "elapsed": 2874.6557111740112
    },
    "Mahal": {
      "params": {},
      "0.01": {
        "coverage": 0.9903774981495189,
        "volume": 16.08165709517755,
        "wsc": 0.9602220166512488,
        "threshold": 16.634725465154602
      },
      "0.02": {
        "coverage": 0.9801998519615099,
        "volume": 11.044271872526219,
        "wsc": 0.9315448658649399,
        "threshold": 11.424098242779639
      },
      "0.05": {
        "coverage": 0.9480014803849001,
        "volume": 6.747118580439858,
        "wsc": 0.8686401480111008,
        "threshold": 6.979160456052586
      },
      "0.1": {
        "coverage": 0.8971132494448557,
        "volume": 4.358178072544631,
        "wsc": 0.7816836262719704,
        "threshold": 4.508061285971361
      }
    },
    "Bonferroni": {
      "params": {},
      "0.01": {
        "coverage": 0.9896373056994818,
        "volume": 18.861992753960514,
        "wsc": 0.9574468085106383,
        "threshold": 3.828709880782895
      },
      "0.02": {
        "coverage": 0.9801998519615099,
        "volume": 13.22779417831436,
        "wsc": 0.9333950046253469,
        "threshold": 3.208865981619866
      },
      "0.05": {
        "coverage": 0.9461509992598075,
        "volume": 7.856379706916408,
        "wsc": 0.8704902867715079,
        "threshold": 2.4691814598310224
      },
      "0.1": {
        "coverage": 0.8937823834196891,
        "volume": 5.07045061080041,
        "wsc": 0.7872340425531915,
        "threshold": 1.9665449675254083
      }
    },
    "Density": {
      "params": {
        "lengthscale": 0.8339290262800585
      },
      "0.01": {
        "coverage": 0.9890821613619541,
        "volume": 14.967061047634743,
        "wsc": 0.9648473635522664,
        "threshold": 1.4343879429284745
      },
      "0.02": {
        "coverage": 0.978719467061436,
        "volume": 11.496879130695396,
        "wsc": 0.9454209065679926,
        "threshold": 1.3433961739882403
      },
      "0.05": {
        "coverage": 0.9435603256846781,
        "volume": 7.533044895332924,
        "wsc": 0.8751156336725254,
        "threshold": 1.1496877800386642
      },
      "0.1": {
        "coverage": 0.8950777202072538,
        "volume": 5.15605678323995,
        "wsc": 0.7927844588344126,
        "threshold": 0.9485762354931495
      }
    },
    "Kernel": {
      "params": {
        "lengthscale": 0.8339290262800585,
        "gamma": 7.005416345302847
      },
      "0.01": {
        "coverage": 0.9905625462620281,
        "volume": 13.411534255745565,
        "wsc": 0.9648473635522664,
        "threshold": 0.30327170815408233
      },
      "0.02": {
        "coverage": 0.9814951887490747,
        "volume": 9.921964181285068,
        "wsc": 0.9398704902867715,
        "threshold": 0.18547674744354536
      },
      "0.05": {
        "coverage": 0.9472612879348631,
        "volume": 6.217334698013046,
        "wsc": 0.851063829787234,
        "threshold": 0.08490844321343242
      },
      "0.1": {
        "coverage": 0.8956328645447816,
        "volume": 3.9724843364103695,
        "wsc": 0.7631822386679001,
        "threshold": 0.04181974557321439
      }
    }
  },
  "elapsed_s": 2874.6564650535583
}