{
  "dataset": "house",
  "seed": 1,
  "model": "Ridge",
  "split": [
    0.5,
    0.25,
    0.25
  ],
  "alphas": [
    0.01,
    0.02,
    0.05,
    0.1
  ],
  "result": {
    "seed": 1,
    "model": "Ridge",
    "model_rmse": 0.7760915621302534,
    "meta": {
      "n_train": 10806,
      "n_cal": 5403,
      "n_test": 5404,
      "d": 2,
      "p": 17,
      "elapsed": 2851.817624807358
    },
    "Mahal": {
      "params": {},
      "0.01": {
        "coverage": 0.9890821613619541,
        "volume": 20.844520922316633,
        "wsc": 0.9481961147086031,
        "threshold": 14.26513306755423
      },
      "0.02": {
        "coverage": 0.9781643227239082,
        "volume": 12.864104004234195,
        "wsc": 0.906567992599445,
        "threshold": 8.80366385484014
      },
      "0.05": {
        "coverage": 0.9452257586972613,
        "volume": 8.170505522212201,
        "wsc": 0.8399629972247918,
        "threshold": 5.59155803762124
      },
      "0.1": {
        "coverage": 0.8941524796447077,
        "volume": 5.833091287518135,
        "wsc": 0.7419056429232193,
        "threshold": 3.9919278414574166
      }
    },
    "Bonferroni": {
      "params": {},
      "0.01": {
        "coverage": 0.9888971132494448,
        "volume": 26.08012080427826,
        "wsc": 0.9481961147086031,
        "threshold": 3.587684421813511
      },
      "0.02": {
        "coverage": 0.978719467061436,
        "volume": 15.240969310382035,
        "wsc": 0.9093432007400555,
        "threshold": 2.746682124232377
      },
      "0.05": {
        "coverage": 0.9444855662472242,
        "volume": 9.133240348698823,
        "wsc": 0.8436632747456059,
        "threshold": 2.122189792786734
      },
      "0.1": {
        "coverage": 0.8897113249444856,
        "volume": 6.592488107513775,
        "wsc": 0.759481961147086,
        "threshold": 1.7974970308673628
      }
    },
    "Density": {
      "params": {
        "lengthscale": 1.1434379573458395
      },
      "0.01": {
        "coverage": 0.9892672094744633,
        "volume": 17.284361030702744,
        "wsc": 0.9509713228492137,
        "threshold": 1.2492128430524674
      },
      "0.02": {
        "coverage": 0.978719467061436,
        "volume": 13.255071363652927,
        "wsc": 0.9296947271045328,
        "threshold": 1.1148001604541018
      },
      "0.05": {
        "coverage": 0.944300518134715,
        "volume": 9.182070676954703,
        "wsc": 0.8566142460684552,
        "threshold": 0.9207200617026347
      },
      "0.1": {
        "coverage": 0.8898963730569949,
        "volume": 7.012665206296237,
        "wsc": 0.7650323774283071,
        "threshold": 0.7845077100500243
      }
    },
    "Kernel": {
      "params": {
        "lengthscale": 1.1434379573458395,
        "gamma": 8.856143895939857
      },
      "0.01": {
        "coverage": 0.9887120651369357,
        "volume": 14.52465989830584,
        "wsc": 0.9472710453283997,
        "threshold": 0.21246996047828434
      },
      "0.02": {
        "coverage": 0.9772390821613619,
        "volume": 10.922635603494987,
        "wsc": 0.913968547641073,
        "threshold": 0.1279792598354937
      },
      "0.05": {
        "coverage": 0.942079940784604,
        "volume": 7.352508539238379,
        "wsc": 0.8307123034227567,
        "threshold": 0.06190889503965256
      },
      "0.1": {
        "coverage": 0.8876757957068838,
        "volume": 5.230752017926378,
        "wsc": 0.7169287696577243,
        "threshold": 0.03445724834133959
      }
    }
  },
  "elapsed_s": 2851.818498849869
}