{
  "dataset": "house",
  "seed": 1,
  "model": "MLP",
  "split": [
    0.5,
    0.25,
    0.25
  ],
  "alphas": [
    0.01,
    0.02,
    0.05,
    0.1
  ],
  "result": {
    "seed": 1,
    "model": "MLP",
    "model_rmse": 0.597207897048516,
    "meta": {
      "n_train": 10806,
      "n_cal": 5403,
      "n_test": 5404,
      "d": 2,
      "p": 17,
      "elapsed": 667.5645456314087
    },
    "Mahal": {
      "params": {},
      "0.01": {
        "coverage": 0.9881569207994079,
        "volume": 16.03971262039726,
        "wsc": 0.9481961147086031,
        "threshold": 17.59185709267909
      },
      "0.02": {
        "coverage": 0.9776091783863805,
        "volume": 10.56575349936442,
        "wsc": 0.9195189639222942,
        "threshold": 11.588189267239466
      },
      "0.05": {
        "coverage": 0.9476313841598816,
        "volume": 6.402535956084093,
        "wsc": 0.851063829787234,
        "threshold": 7.022101968768395
      },
      "0.1": {
        "coverage": 0.8960029607698001,
        "volume": 4.1844698208996025,
        "wsc": 0.759481961147086,
        "threshold": 4.589396134459615
      }
    },
    "Bonferroni": {
      "params": {},
      "0.01": {
        "coverage": 0.9868615840118431,
        "volume": 18.412397382019645,
        "wsc": 0.9435707678075855,
        "threshold": 3.881890926422813
      },
      "0.02": {
        "coverage": 0.9777942264988897,
        "volume": 13.078082943542366,
        "wsc": 0.9213691026827012,
        "threshold": 3.26846142263238
      },
      "0.05": {
        "coverage": 0.9467061435973353,
        "volume": 7.430863365616922,
        "wsc": 0.8556891766882516,
        "threshold": 2.460179940320612
      },
      "0.1": {
        "coverage": 0.8989637305699482,
        "volume": 4.977191381033287,
        "wsc": 0.7789084181313598,
        "threshold": 2.005067482290807
      }
    },
    "Density": {
      "params": {
        "lengthscale": 0.8254026973932536
      },
      "0.01": {
        "coverage": 0.9887120651369357,
        "volume": 15.201387935711331,
        "wsc": 0.9583718778908418,
        "threshold": 1.4405579450337953
      },
      "0.02": {
        "coverage": 0.9776091783863805,
        "volume": 11.52454131510305,
        "wsc": 0.9333950046253469,
        "threshold": 1.3472222684000108
      },
      "0.05": {
        "coverage": 0.9478164322723909,
        "volume": 7.682088734102758,
        "wsc": 0.879740980573543,
        "threshold": 1.1645421950950097
      },
      "0.1": {
        "coverage": 0.8974833456698742,
        "volume": 5.05858614728038,
        "wsc": 0.7992599444958371,
        "threshold": 0.9501506218257035
      }
    },
    "Kernel": {
      "params": {
        "lengthscale": 0.8254026973932536,
        "gamma": 6.427639052960583
      },
      "0.01": {
        "coverage": 0.9876017764618801,
        "volume": 12.930502121696428,
        "wsc": 0.9481961147086031,
        "threshold": 0.27704264674608625
      },
      "0.02": {
        "coverage": 0.9770540340488527,
        "volume": 9.721464174916589,
        "wsc": 0.9195189639222942,
        "threshold": 0.16958687257811167
      },
      "0.05": {
        "coverage": 0.9509622501850481,
        "volume": 6.16600559670449,
        "wsc": 0.8575393154486587,
        "threshold": 0.07912152505693136
      },
      "0.1": {
        "coverage": 0.8967431532198371,
        "volume": 3.9984826865397003,
        "wsc": 0.7419056429232193,
        "threshold": 0.04073111601922387
      }
    }
  },
  "elapsed_s": 667.5654671192169
}