{
  "dataset": "house",
  "seed": 34,
  "model": "Ridge",
  "split": [
    0.5,
    0.25,
    0.25
  ],
  "alphas": [
    0.01,
    0.02,
    0.05,
    0.1
  ],
  "result": {
    "seed": 34,
    "model": "Ridge",
    "model_rmse": 0.7627898743974557,
    "meta": {
      "n_train": 10806,
      "n_cal": 5403,
      "n_test": 5404,
      "d": 2,
      "p": 17,
      "elapsed": 2899.68048453331
    },
    "Mahal": {
      "params": {},
      "0.01": {
        "coverage": 0.9948186528497409,
        "volume": 25.655044779622607,
        "wsc": 0.9740980573543015,
        "threshold": 16.340636238384594
      },
      "0.02": {
        "coverage": 0.9813101406365655,
        "volume": 13.962737551267942,
        "wsc": 0.9232192414431082,
        "threshold": 8.89337817092902
      },
      "0.05": {
        "coverage": 0.942079940784604,
        "volume": 8.247794692633011,
        "wsc": 0.8399629972247918,
        "threshold": 5.253322065851316
      },
      "0.1": {
        "coverage": 0.8989637305699482,
        "volume": 6.088271448004139,
        "wsc": 0.7585568917668826,
        "threshold": 3.8778427364663566
      }
    },
    "Bonferroni": {
      "params": {},
      "0.01": {
        "coverage": 0.9946336047372317,
        "volume": 32.12421893577887,
        "wsc": 0.973172987974098,
        "threshold": 3.8789668615790602
      },
      "0.02": {
        "coverage": 0.9811250925240562,
        "volume": 16.198743669412124,
        "wsc": 0.9232192414431082,
        "threshold": 2.7590770585395616
      },
      "0.05": {
        "coverage": 0.9441154700222057,
        "volume": 9.32185914182573,
        "wsc": 0.84736355226642,
        "threshold": 2.098280044611542
      },
      "0.1": {
        "coverage": 0.8952627683197631,
        "volume": 6.949459875820668,
        "wsc": 0.7779833487511564,
        "threshold": 1.802502026208724
      }
    },
    "Density": {
      "params": {
        "lengthscale": 1.1468272185264627
      },
      "0.01": {
        "coverage": 0.9942635085122131,
        "volume": 21.704472510715274,
        "wsc": 0.973172987974098,
        "threshold": 1.3498425079012417
      },
      "0.02": {
        "coverage": 0.9826054774241303,
        "volume": 13.891143821473376,
        "wsc": 0.9315448658649399,
        "threshold": 1.1388071437213063
      },
      "0.05": {
        "coverage": 0.945040710584752,
        "volume": 9.403321267394812,
        "wsc": 0.8649398704902868,
        "threshold": 0.9353206337648304
      },
      "0.1": {
        "coverage": 0.8967431532198371,
        "volume": 7.219025454976542,
        "wsc": 0.7742830712303422,
        "threshold": 0.8023434149222191
      }
    },
    "Kernel": {
      "params": {
        "lengthscale": 1.1468272185264627,
        "gamma": 8.414068763267334
      },
      "0.01": {
        "coverage": 0.9931532198371577,
        "volume": 16.583096789142616,
        "wsc": 0.969472710453284,
        "threshold": 0.24634817152089283
      },
      "0.02": {
        "coverage": 0.980940044411547,
        "volume": 11.413954639395358,
        "wsc": 0.9222941720629048,
        "threshold": 0.1336311344855337
      },
      "0.05": {
        "coverage": 0.9454108068097705,
        "volume": 7.700392560612031,
        "wsc": 0.8482886216466234,
        "threshold": 0.06530204029717113
      },
      "0.1": {
        "coverage": 0.8958179126572909,
        "volume": 5.347247978832388,
        "wsc": 0.7372802960222017,
        "threshold": 0.034286188820793595
      }
    }
  },
  "elapsed_s": 2899.6813514232635
}