{
  "dataset": "house",
  "seed": 17,
  "model": "MLP",
  "split": [
    0.5,
    0.25,
    0.25
  ],
  "alphas": [
    0.01,
    0.02,
    0.05,
    0.1
  ],
  "result": {
    "seed": 17,
    "model": "MLP",
    "model_rmse": 0.58882518304627,
    "meta": {
      "n_train": 10806,
      "n_cal": 5403,
      "n_test": 5404,
      "d": 2,
      "p": 17,
      "elapsed": 2893.4963386058807
    },
    "Mahal": {
      "params": {},
      "0.01": {
        "coverage": 0.9857512953367875,
        "volume": 14.753548088933167,
        "wsc": 0.9398704902867715,
        "threshold": 16.61648641866208
      },
      "0.02": {
        "coverage": 0.9748334566987417,
        "volume": 10.274407034971528,
        "wsc": 0.9074930619796485,
        "threshold": 11.571761851948914
      },
      "0.05": {
        "coverage": 0.9496669133974833,
        "volume": 6.297826190474283,
        "wsc": 0.8519888991674376,
        "threshold": 7.093056038473074
      },
      "0.1": {
        "coverage": 0.8965581051073279,
        "volume": 4.00220413950893,
        "wsc": 0.755781683626272,
        "threshold": 4.50756457551711
      }
    },
    "Bonferroni": {
      "params": {},
      "0.01": {
        "coverage": 0.9851961509992598,
        "volume": 17.289015295276634,
        "wsc": 0.938945420906568,
        "threshold": 3.824678286313818
      },
      "0.02": {
        "coverage": 0.9764988897113249,
        "volume": 12.575566113797564,
        "wsc": 0.913968547641073,
        "threshold": 3.2627591915542085
      },
      "0.05": {
        "coverage": 0.9455958549222798,
        "volume": 7.131885598019994,
        "wsc": 0.8519888991674376,
        "threshold": 2.4583928971396474
      },
      "0.1": {
        "coverage": 0.8950777202072538,
        "volume": 4.492075064353693,
        "wsc": 0.7659574468085106,
        "threshold": 1.9498776472954928
      }
    },
    "Density": {
      "params": {
        "lengthscale": 0.8220259441753548
      },
      "0.01": {
        "coverage": 0.9872316802368616,
        "volume": 15.56108417283774,
        "wsc": 0.9518963922294172,
        "threshold": 1.4512330559329059
      },
      "0.02": {
        "coverage": 0.9772390821613619,
        "volume": 11.570588272491404,
        "wsc": 0.9232192414431082,
        "threshold": 1.3567872645483705
      },
      "0.05": {
        "coverage": 0.9478164322723909,
        "volume": 7.481535402191992,
        "wsc": 0.8751156336725254,
        "threshold": 1.161440249649051
      },
      "0.1": {
        "coverage": 0.8984085862324205,
        "volume": 4.833233806498965,
        "wsc": 0.7890841813135985,
        "threshold": 0.9414907871559781
      }
    },
    "Kernel": {
      "params": {
        "lengthscale": 0.8220259441753548,
        "gamma": 6.304771194337312
      },
      "0.01": {
        "coverage": 0.9839008142116951,
        "volume": 12.219851265320761,
        "wsc": 0.9324699352451434,
        "threshold": 0.2625425088776241
      },
      "0.02": {
        "coverage": 0.9729829755736491,
        "volume": 9.09089490847195,
        "wsc": 0.9000925069380203,
        "threshold": 0.15729959104830826
      },
      "0.05": {
        "coverage": 0.9483715766099186,
        "volume": 5.923122268072392,
        "wsc": 0.849213691026827,
        "threshold": 0.07686959304757238
      },
      "0.1": {
        "coverage": 0.8950777202072538,
        "volume": 3.8252234430404033,
        "wsc": 0.7483811285846439,
        "threshold": 0.03923311276234854
      }
    }
  },
  "elapsed_s": 2893.4976749420166
}