{
  "dataset": "house",
  "seed": 6,
  "model": "Ridge",
  "split": [
    0.5,
    0.25,
    0.25
  ],
  "alphas": [
    0.01,
    0.02,
    0.05,
    0.1
  ],
  "result": {
    "seed": 6,
    "model": "Ridge",
    "model_rmse": 0.7715669666603442,
    "meta": {
      "n_train": 10806,
      "n_cal": 5403,
      "n_test": 5404,
      "d": 2,
      "p": 17,
      "elapsed": 707.8989222049713
    },
    "Mahal": {
      "params": {},
      "0.01": {
        "coverage": 0.9907475943745374,
        "volume": 23.228486137652066,
        "wsc": 0.9574468085106383,
        "threshold": 15.191215767628696
      },
      "0.02": {
        "coverage": 0.9796447076239823,
        "volume": 13.340572874265243,
        "wsc": 0.913968547641073,
        "threshold": 8.724611659829101
      },
      "0.05": {
        "coverage": 0.9474463360473723,
        "volume": 8.180741603558264,
        "wsc": 0.8482886216466234,
        "threshold": 5.350129582376311
      },
      "0.1": {
        "coverage": 0.9028497409326425,
        "volume": 5.989270504265765,
        "wsc": 0.7678075855689177,
        "threshold": 3.9169276887793023
      }
    },
    "Bonferroni": {
      "params": {},
      "0.01": {
        "coverage": 0.9909326424870466,
        "volume": 27.653444932421994,
        "wsc": 0.9583718778908418,
        "threshold": 3.631218008220216
      },
      "0.02": {
        "coverage": 0.9790895632864545,
        "volume": 15.407870385910117,
        "wsc": 0.9148936170212766,
        "threshold": 2.713949453570801
      },
      "0.05": {
        "coverage": 0.9496669133974833,
        "volume": 9.395941791986468,
        "wsc": 0.8519888991674376,
        "threshold": 2.1229515846233222
      },
      "0.1": {
        "coverage": 0.9034048852701703,
        "volume": 6.813499259229764,
        "wsc": 0.7927844588344126,
        "threshold": 1.8054670905050898
      }
    },
    "Density": {
      "params": {
        "lengthscale": 1.150844173328547
      },
      "0.01": {
        "coverage": 0.9914877868245744,
        "volume": 19.00646794450353,
        "wsc": 0.9602220166512488,
        "threshold": 1.287530081220202
      },
      "0.02": {
        "coverage": 0.9811250925240562,
        "volume": 13.745584612436963,
        "wsc": 0.9296947271045328,
        "threshold": 1.12854077391911
      },
      "0.05": {
        "coverage": 0.9518874907475944,
        "volume": 9.458355525658801,
        "wsc": 0.8732654949121184,
        "threshold": 0.9323812334503858
      },
      "0.1": {
        "coverage": 0.8963730569948186,
        "volume": 7.056318404040701,
        "wsc": 0.7835337650323775,
        "threshold": 0.7882925786737157
      }
    },
    "Kernel": {
      "params": {
        "lengthscale": 1.150844173328547,
        "gamma": 8.880424053057906
      },
      "0.01": {
        "coverage": 0.9920429311621022,
        "volume": 15.558554971490468,
        "wsc": 0.9620721554116559,
        "threshold": 0.23482214731107243
      },
      "0.02": {
        "coverage": 0.9801998519615099,
        "volume": 11.150956541201376,
        "wsc": 0.9269195189639223,
        "threshold": 0.1317609664888934
      },
      "0.05": {
        "coverage": 0.9494818652849741,
        "volume": 7.637657751960153,
        "wsc": 0.8519888991674376,
        "threshold": 0.06547914340570879
      },
      "0.1": {
        "coverage": 0.903219837157661,
        "volume": 5.403543294746187,
        "wsc": 0.7502312673450509,
        "threshold": 0.035728263813239125
      }
    }
  },
  "elapsed_s": 707.9000647068024
}