{
  "dataset": "house",
  "seed": 26,
  "model": "Ridge",
  "split": [
    0.5,
    0.25,
    0.25
  ],
  "alphas": [
    0.01,
    0.02,
    0.05,
    0.1
  ],
  "result": {
    "seed": 26,
    "model": "Ridge",
    "model_rmse": 0.7571523674586184,
    "meta": {
      "n_train": 10806,
      "n_cal": 5403,
      "n_test": 5404,
      "d": 2,
      "p": 17,
      "elapsed": 2886.1501965522766
    },
    "Mahal": {
      "params": {},
      "0.01": {
        "coverage": 0.9888971132494448,
        "volume": 20.230635113711084,
        "wsc": 0.9463459759481961,
        "threshold": 13.10110346624824
      },
      "0.02": {
        "coverage": 0.9783493708364175,
        "volume": 12.228951536118592,
        "wsc": 0.910268270120259,
        "threshold": 7.919314369416049
      },
      "0.05": {
        "coverage": 0.9478164322723909,
        "volume": 8.055506288726013,
        "wsc": 0.8501387604070305,
        "threshold": 5.216644003928827
      },
      "0.1": {
        "coverage": 0.8971132494448557,
        "volume": 5.934413759766139,
        "wsc": 0.7604070305272895,
        "threshold": 3.843051305172869
      }
    },
    "Bonferroni": {
      "params": {},
      "0.01": {
        "coverage": 0.9888971132494448,
        "volume": 25.992089004284722,
        "wsc": 0.9463459759481961,
        "threshold": 3.519170261808202
      },
      "0.02": {
        "coverage": 0.977979274611399,
        "volume": 14.454189626934854,
        "wsc": 0.9121184088806661,
        "threshold": 2.623981747710047
      },
      "0.05": {
        "coverage": 0.9485566247224279,
        "volume": 9.20184410469284,
        "wsc": 0.8603145235892692,
        "threshold": 2.0963426479608103
      },
      "0.1": {
        "coverage": 0.899518874907476,
        "volume": 6.817029590277162,
        "wsc": 0.7890841813135985,
        "threshold": 1.797444176728531
      }
    },
    "Density": {
      "params": {
        "lengthscale": 1.1271249570344613
      },
      "0.01": {
        "coverage": 0.9874167283493709,
        "volume": 17.00722352541788,
        "wsc": 0.940795559666975,
        "threshold": 1.2559503044105558
      },
      "0.02": {
        "coverage": 0.9789045151739453,
        "volume": 13.054311796043951,
        "wsc": 0.9222941720629048,
        "threshold": 1.1244502619382593
      },
      "0.05": {
        "coverage": 0.9476313841598816,
        "volume": 9.124316910296583,
        "wsc": 0.8695652173913043,
        "threshold": 0.9331514769484188
      },
      "0.1": {
        "coverage": 0.8972982975573649,
        "volume": 6.924787514563784,
        "wsc": 0.7631822386679001,
        "threshold": 0.7954360513865334
      }
    },
    "Kernel": {
      "params": {
        "lengthscale": 1.1271249570344613,
        "gamma": 7.960389971275497
      },
      "0.01": {
        "coverage": 0.9866765358993338,
        "volume": 14.126527522316714,
        "wsc": 0.9398704902867715,
        "threshold": 0.2019441713286606
      },
      "0.02": {
        "coverage": 0.979459659511473,
        "volume": 10.828452409761477,
        "wsc": 0.913968547641073,
        "threshold": 0.12460570137884351
      },
      "0.05": {
        "coverage": 0.9483715766099186,
        "volume": 7.5703598754483385,
        "wsc": 0.8464384828862165,
        "threshold": 0.06312597410676465
      },
      "0.1": {
        "coverage": 0.901739452257587,
        "volume": 5.230891455868207,
        "wsc": 0.7474560592044404,
        "threshold": 0.03253205445436506
      }
    }
  },
  "elapsed_s": 2886.1509459018707
}