{
  "dataset": "house",
  "seed": 18,
  "model": "Ridge",
  "split": [
    0.5,
    0.25,
    0.25
  ],
  "alphas": [
    0.01,
    0.02,
    0.05,
    0.1
  ],
  "result": {
    "seed": 18,
    "model": "Ridge",
    "model_rmse": 0.7628563308405664,
    "meta": {
      "n_train": 10806,
      "n_cal": 5403,
      "n_test": 5404,
      "d": 2,
      "p": 17,
      "elapsed": 2891.434777021408
    },
    "Mahal": {
      "params": {},
      "0.01": {
        "coverage": 0.9922279792746114,
        "volume": 23.26582968498667,
        "wsc": 0.9611470860314524,
        "threshold": 14.870572113061465
      },
      "0.02": {
        "coverage": 0.9813101406365655,
        "volume": 13.247169437764914,
        "wsc": 0.9195189639222942,
        "threshold": 8.467051942073898
      },
      "0.05": {
        "coverage": 0.9524426350851222,
        "volume": 8.578830995171225,
        "wsc": 0.8538390379278445,
        "threshold": 5.48323987095041
      },
      "0.1": {
        "coverage": 0.9011843079200592,
        "volume": 6.044178642468538,
        "wsc": 0.7511563367252544,
        "threshold": 3.8631931714454923
      }
    },
    "Bonferroni": {
      "params": {},
      "0.01": {
        "coverage": 0.9916728349370837,
        "volume": 27.97706069921909,
        "wsc": 0.9583718778908418,
        "threshold": 3.642820887989263
      },
      "0.02": {
        "coverage": 0.9829755736491488,
        "volume": 16.166926762411993,
        "wsc": 0.9269195189639223,
        "threshold": 2.7704262763778016
      },
      "0.05": {
        "coverage": 0.9524426350851222,
        "volume": 9.60804179789644,
        "wsc": 0.8630897317298798,
        "threshold": 2.1362771676896513
      },
      "0.1": {
        "coverage": 0.8984085862324205,
        "volume": 6.821608452045429,
        "wsc": 0.7705827937095282,
        "threshold": 1.7969848078113446
      }
    },
    "Density": {
      "params": {
        "lengthscale": 1.1433169659829239
      },
      "0.01": {
        "coverage": 0.9913027387120651,
        "volume": 19.105196799830182,
        "wsc": 0.9592969472710453,
        "threshold": 1.2951378925540695
      },
      "0.02": {
        "coverage": 0.9798297557364914,
        "volume": 13.519907106090846,
        "wsc": 0.9259944495837188,
        "threshold": 1.1241265106117888
      },
      "0.05": {
        "coverage": 0.9485566247224279,
        "volume": 9.353600311724774,
        "wsc": 0.8658649398704903,
        "threshold": 0.9317702633102513
      },
      "0.1": {
        "coverage": 0.8989637305699482,
        "volume": 7.033259597866344,
        "wsc": 0.7613320999074931,
        "threshold": 0.7903761280820025
      }
    },
    "Kernel": {
      "params": {
        "lengthscale": 1.1433169659829239,
        "gamma": 8.49227530963687
      },
      "0.01": {
        "coverage": 0.9907475943745374,
        "volume": 15.460656091031328,
        "wsc": 0.9583718778908418,
        "threshold": 0.22392525316477385
      },
      "0.02": {
        "coverage": 0.9798297557364914,
        "volume": 11.236375287157792,
        "wsc": 0.9250693802035153,
        "threshold": 0.12677674627426236
      },
      "0.05": {
        "coverage": 0.9509622501850481,
        "volume": 7.80026494587388,
        "wsc": 0.8621646623496763,
        "threshold": 0.06607193566254728
      },
      "0.1": {
        "coverage": 0.9015544041450777,
        "volume": 5.383300882836335,
        "wsc": 0.757631822386679,
        "threshold": 0.03481854542052421
      }
    }
  },
  "elapsed_s": 2891.435460329056
}