{
  "dataset": "house",
  "seed": 37,
  "model": "Ridge",
  "split": [
    0.5,
    0.25,
    0.25
  ],
  "alphas": [
    0.01,
    0.02,
    0.05,
    0.1
  ],
  "result": {
    "seed": 37,
    "model": "Ridge",
    "model_rmse": 0.7631057826816855,
    "meta": {
      "n_train": 10806,
      "n_cal": 5403,
      "n_test": 5404,
      "d": 2,
      "p": 17,
      "elapsed": 2906.7029864788055
    },
    "Mahal": {
      "params": {},
      "0.01": {
        "coverage": 0.9913027387120651,
        "volume": 22.003854399514264,
        "wsc": 0.9583718778908418,
        "threshold": 13.649479287165974
      },
      "0.02": {
        "coverage": 0.978719467061436,
        "volume": 13.024426585573604,
        "wsc": 0.9111933395004626,
        "threshold": 8.079340904515584
      },
      "0.05": {
        "coverage": 0.9481865284974094,
        "volume": 8.682504636879012,
        "wsc": 0.8482886216466234,
        "threshold": 5.385950345336714
      },
      "0.1": {
        "coverage": 0.8985936343449297,
        "volume": 6.1608532549961685,
        "wsc": 0.7585568917668826,
        "threshold": 3.8217140219395214
      }
    },
    "Bonferroni": {
      "params": {},
      "0.01": {
        "coverage": 0.9920429311621022,
        "volume": 28.087202484490508,
        "wsc": 0.9620721554116559,
        "threshold": 3.581950203963383
      },
      "0.02": {
        "coverage": 0.9785344189489267,
        "volume": 15.277699753659713,
        "wsc": 0.9130434782608695,
        "threshold": 2.641631768187544
      },
      "0.05": {
        "coverage": 0.9520725388601037,
        "volume": 9.787060921993627,
        "wsc": 0.8575393154486587,
        "threshold": 2.116367725064178
      },
      "0.1": {
        "coverage": 0.9021095484826055,
        "volume": 7.180954974603138,
        "wsc": 0.7789084181313598,
        "threshold": 1.8082362867789479
      }
    },
    "Density": {
      "params": {
        "lengthscale": 1.1449220700131302
      },
      "0.01": {
        "coverage": 0.9916728349370837,
        "volume": 19.76533070425775,
        "wsc": 0.9629972247918593,
        "threshold": 1.31197944501921
      },
      "0.02": {
        "coverage": 0.978719467061436,
        "volume": 13.350329351206021,
        "wsc": 0.9232192414431082,
        "threshold": 1.120837705845408
      },
      "0.05": {
        "coverage": 0.9459659511472983,
        "volume": 9.38004323112543,
        "wsc": 0.8482886216466234,
        "threshold": 0.9320468927679529
      },
      "0.1": {
        "coverage": 0.9013693560325685,
        "volume": 7.116845961023166,
        "wsc": 0.7733580018501388,
        "threshold": 0.7968033531522141
      }
    },
    "Kernel": {
      "params": {
        "lengthscale": 1.1449220700131302,
        "gamma": 8.835899065428407
      },
      "0.01": {
        "coverage": 0.9901924500370096,
        "volume": 15.300436089871214,
        "wsc": 0.9546716003700277,
        "threshold": 0.22641763383414848
      },
      "0.02": {
        "coverage": 0.9796447076239823,
        "volume": 11.166150167609302,
        "wsc": 0.9176688251618872,
        "threshold": 0.12925832587162878
      },
      "0.05": {
        "coverage": 0.9489267209474463,
        "volume": 7.841799632029245,
        "wsc": 0.845513413506013,
        "threshold": 0.06825191208894957
      },
      "0.1": {
        "coverage": 0.9006291635825314,
        "volume": 5.403793481874613,
        "wsc": 0.7437557816836263,
        "threshold": 0.036381642542927355
      }
    }
  },
  "elapsed_s": 2906.7037625312805
}