{
  "dataset": "house",
  "seed": 19,
  "model": "Ridge",
  "split": [
    0.5,
    0.25,
    0.25
  ],
  "alphas": [
    0.01,
    0.02,
    0.05,
    0.1
  ],
  "result": {
    "seed": 19,
    "model": "Ridge",
    "model_rmse": 0.7645292069042811,
    "meta": {
      "n_train": 10806,
      "n_cal": 5403,
      "n_test": 5404,
      "d": 2,
      "p": 17,
      "elapsed": 2873.3920245170593
    },
    "Mahal": {
      "params": {},
      "0.01": {
        "coverage": 0.9876017764618801,
        "volume": 19.93353233901935,
        "wsc": 0.9417206290471786,
        "threshold": 13.775985918999382
      },
      "0.02": {
        "coverage": 0.9803849000740192,
        "volume": 12.873641453253926,
        "wsc": 0.9130434782608695,
        "threshold": 8.896923052575115
      },
      "0.05": {
        "coverage": 0.9544781643227239,
        "volume": 8.325870586535975,
        "wsc": 0.8566142460684552,
        "threshold": 5.753976466028268
      },
      "0.1": {
        "coverage": 0.8976683937823834,
        "volume": 5.737401460928965,
        "wsc": 0.7678075855689177,
        "threshold": 3.9650956184363007
      }
    },
    "Bonferroni": {
      "params": {},
      "0.01": {
        "coverage": 0.9872316802368616,
        "volume": 24.847295861124284,
        "wsc": 0.940795559666975,
        "threshold": 3.5377106816954353
      },
      "0.02": {
        "coverage": 0.979459659511473,
        "volume": 14.792350118668747,
        "wsc": 0.9121184088806661,
        "threshold": 2.7328932993856356
      },
      "0.05": {
        "coverage": 0.9500370096225018,
        "volume": 9.003840397959419,
        "wsc": 0.8519888991674376,
        "threshold": 2.134591307734433
      },
      "0.1": {
        "coverage": 0.9000740192450037,
        "volume": 6.5329712276186225,
        "wsc": 0.7890841813135985,
        "threshold": 1.8161606686368275
      }
    },
    "Density": {
      "params": {
        "lengthscale": 1.1272132849466938
      },
      "0.01": {
        "coverage": 0.9877868245743894,
        "volume": 17.05088343502351,
        "wsc": 0.9454209065679926,
        "threshold": 1.2558800402235628
      },
      "0.02": {
        "coverage": 0.978719467061436,
        "volume": 13.0893765602532,
        "wsc": 0.9204440333024977,
        "threshold": 1.1240222863186278
      },
      "0.05": {
        "coverage": 0.9485566247224279,
        "volume": 8.964974077445152,
        "wsc": 0.8649398704902868,
        "threshold": 0.9257681044188595
      },
      "0.1": {
        "coverage": 0.899518874907476,
        "volume": 6.873051532118454,
        "wsc": 0.7927844588344126,
        "threshold": 0.7939585764850372
      }
    },
    "Kernel": {
      "params": {
        "lengthscale": 1.1272132849466938,
        "gamma": 9.341371814148982
      },
      "0.01": {
        "coverage": 0.9885270170244264,
        "volume": 14.584300991210025,
        "wsc": 0.9481961147086031,
        "threshold": 0.22788414462730122
      },
      "0.02": {
        "coverage": 0.979459659511473,
        "volume": 10.675092180072879,
        "wsc": 0.9195189639222942,
        "threshold": 0.13059850571800838
      },
      "0.05": {
        "coverage": 0.9557735011102887,
        "volume": 7.69353098944536,
        "wsc": 0.8686401480111008,
        "threshold": 0.071011456714304
      },
      "0.1": {
        "coverage": 0.9021095484826055,
        "volume": 5.208944294217176,
        "wsc": 0.7456059204440333,
        "threshold": 0.036277049046711383
      }
    }
  },
  "elapsed_s": 2873.3927943706512
}