{
  "dataset": "house",
  "seed": 36,
  "model": "Ridge",
  "split": [
    0.5,
    0.25,
    0.25
  ],
  "alphas": [
    0.01,
    0.02,
    0.05,
    0.1
  ],
  "result": {
    "seed": 36,
    "model": "Ridge",
    "model_rmse": 0.7669035378111982,
    "meta": {
      "n_train": 10806,
      "n_cal": 5403,
      "n_test": 5404,
      "d": 2,
      "p": 17,
      "elapsed": 2932.377135515213
    },
    "Mahal": {
      "params": {},
      "0.01": {
        "coverage": 0.9885270170244264,
        "volume": 21.352454307349994,
        "wsc": 0.9454209065679926,
        "threshold": 13.54929337075069
      },
      "0.02": {
        "coverage": 0.980940044411547,
        "volume": 14.030786307963215,
        "wsc": 0.9130434782608695,
        "threshold": 8.903296884399202
      },
      "0.05": {
        "coverage": 0.9418948926720947,
        "volume": 8.629531223954256,
        "wsc": 0.8427382053654024,
        "threshold": 5.475906821875815
      },
      "0.1": {
        "coverage": 0.8880458919319023,
        "volume": 6.047620650176213,
        "wsc": 0.7437557816836263,
        "threshold": 3.837544162595004
      }
    },
    "Bonferroni": {
      "params": {},
      "0.01": {
        "coverage": 0.9894522575869726,
        "volume": 26.695170479764148,
        "wsc": 0.9491211840888066,
        "threshold": 3.5298871799208995
      },
      "0.02": {
        "coverage": 0.9796447076239823,
        "volume": 16.02321102252205,
        "wsc": 0.9148936170212766,
        "threshold": 2.7325394254362503
      },
      "0.05": {
        "coverage": 0.9431902294596595,
        "volume": 9.427522938636551,
        "wsc": 0.84736355226642,
        "threshold": 2.1029906958877223
      },
      "0.1": {
        "coverage": 0.8884159881569208,
        "volume": 6.759314905230899,
        "wsc": 0.7659574468085106,
        "threshold": 1.784741856144346
      }
    },
    "Density": {
      "params": {
        "lengthscale": 1.1449126074075435
      },
      "0.01": {
        "coverage": 0.9903774981495189,
        "volume": 18.85286418632183,
        "wsc": 0.9537465309898242,
        "threshold": 1.2867451882649559
      },
      "0.02": {
        "coverage": 0.9770540340488527,
        "volume": 13.785232444707237,
        "wsc": 0.9222941720629048,
        "threshold": 1.1332505155343462
      },
      "0.05": {
        "coverage": 0.9468911917098446,
        "volume": 9.583295672557373,
        "wsc": 0.8695652173913043,
        "threshold": 0.9456872441553436
      },
      "0.1": {
        "coverage": 0.8904515173945226,
        "volume": 7.023735848525066,
        "wsc": 0.7659574468085106,
        "threshold": 0.7926179063738793
      }
    },
    "Kernel": {
      "params": {
        "lengthscale": 1.1449126074075435,
        "gamma": 9.570911297739642
      },
      "0.01": {
        "coverage": 0.9900074019245003,
        "volume": 15.577273392082056,
        "wsc": 0.9509713228492137,
        "threshold": 0.2428431893872164
      },
      "0.02": {
        "coverage": 0.9792746113989638,
        "volume": 11.511910473481818,
        "wsc": 0.9195189639222942,
        "threshold": 0.14575379706629882
      },
      "0.05": {
        "coverage": 0.9417098445595855,
        "volume": 7.631991285739699,
        "wsc": 0.8399629972247918,
        "threshold": 0.07050858680595537
      },
      "0.1": {
        "coverage": 0.8898963730569949,
        "volume": 5.2635475890388195,
        "wsc": 0.7335800185013877,
        "threshold": 0.03785636454765265
      }
    }
  },
  "elapsed_s": 2932.377870798111
}