{
  "dataset": "house",
  "seed": 7,
  "model": "Ridge",
  "split": [
    0.5,
    0.25,
    0.25
  ],
  "alphas": [
    0.01,
    0.02,
    0.05,
    0.1
  ],
  "result": {
    "seed": 7,
    "model": "Ridge",
    "model_rmse": 0.7550688128001494,
    "meta": {
      "n_train": 10806,
      "n_cal": 5403,
      "n_test": 5404,
      "d": 2,
      "p": 17,
      "elapsed": 646.6101396083832
    },
    "Mahal": {
      "params": {},
      "0.01": {
        "coverage": 0.9896373056994818,
        "volume": 19.97597318417019,
        "wsc": 0.9509713228492137,
        "threshold": 12.760666066247941
      },
      "0.02": {
        "coverage": 0.9839008142116951,
        "volume": 13.824636700701399,
        "wsc": 0.9269195189639223,
        "threshold": 8.831187887488872
      },
      "0.05": {
        "coverage": 0.9542931162102146,
        "volume": 8.626189833358369,
        "wsc": 0.8566142460684552,
        "threshold": 5.5104162822354
      },
      "0.1": {
        "coverage": 0.9067357512953368,
        "volume": 6.0764936926009705,
        "wsc": 0.7752081406105458,
        "threshold": 3.881668550015322
      }
    },
    "Bonferroni": {
      "params": {},
      "0.01": {
        "coverage": 0.9905625462620281,
        "volume": 25.009032450772526,
        "wsc": 0.9555966697502313,
        "threshold": 3.430586775771445
      },
      "0.02": {
        "coverage": 0.9833456698741673,
        "volume": 16.10746742920688,
        "wsc": 0.9296947271045328,
        "threshold": 2.752267361075536
      },
      "0.05": {
        "coverage": 0.9559585492227979,
        "volume": 9.559198430768276,
        "wsc": 0.8677150786308974,
        "threshold": 2.1252246380519466
      },
      "0.1": {
        "coverage": 0.9106217616580311,
        "volume": 6.951041017223604,
        "wsc": 0.8066604995374653,
        "threshold": 1.8084131305150706
      }
    },
    "Density": {
      "params": {
        "lengthscale": 1.1477981179625396
      },
      "0.01": {
        "coverage": 0.9913027387120651,
        "volume": 18.243827864061778,
        "wsc": 0.9602220166512488,
        "threshold": 1.2727114403378792
      },
      "0.02": {
        "coverage": 0.9829755736491488,
        "volume": 13.78375353175331,
        "wsc": 0.9361702127659575,
        "threshold": 1.1348213335037252
      },
      "0.05": {
        "coverage": 0.9539230199851961,
        "volume": 9.591056104570479,
        "wsc": 0.876040703052729,
        "threshold": 0.9425073205431607
      },
      "0.1": {
        "coverage": 0.9043301258327165,
        "volume": 7.100468677676796,
        "wsc": 0.7918593894542091,
        "threshold": 0.7952891042884415
      }
    },
    "Kernel": {
      "params": {
        "lengthscale": 1.1477981179625396,
        "gamma": 8.85908884238403
      },
      "0.01": {
        "coverage": 0.9913027387120651,
        "volume": 15.058060483841443,
        "wsc": 0.9583718778908418,
        "threshold": 0.22078825232232233
      },
      "0.02": {
        "coverage": 0.9822353811991118,
        "volume": 11.36029477465713,
        "wsc": 0.9259944495837188,
        "threshold": 0.1334908856228655
      },
      "0.05": {
        "coverage": 0.9539230199851961,
        "volume": 7.938249647070452,
        "wsc": 0.8575393154486587,
        "threshold": 0.06913397718927117
      },
      "0.1": {
        "coverage": 0.9030347890451518,
        "volume": 5.395324613216008,
        "wsc": 0.7539315448658649,
        "threshold": 0.03572439341149383
      }
    }
  },
  "elapsed_s": 646.6109335422516
}