{
  "dataset": "house",
  "seed": 43,
  "model": "MLP",
  "split": [
    0.5,
    0.25,
    0.25
  ],
  "alphas": [
    0.01,
    0.02,
    0.05,
    0.1
  ],
  "result": {
    "seed": 43,
    "model": "MLP",
    "model_rmse": 0.6078758203886437,
    "meta": {
      "n_train": 10806,
      "n_cal": 5403,
      "n_test": 5404,
      "d": 2,
      "p": 17,
      "elapsed": 2913.932549238205
    },
    "Mahal": {
      "params": {},
      "0.01": {
        "coverage": 0.9877868245743894,
        "volume": 15.097433747845526,
        "wsc": 0.9435707678075855,
        "threshold": 16.439295204810428
      },
      "0.02": {
        "coverage": 0.979459659511473,
        "volume": 11.333509613212604,
        "wsc": 0.9204440333024977,
        "threshold": 12.340833107795353
      },
      "0.05": {
        "coverage": 0.9502220577350111,
        "volume": 6.466427027870407,
        "wsc": 0.8695652173913043,
        "threshold": 7.041163724046583
      },
      "0.1": {
        "coverage": 0.9048852701702442,
        "volume": 4.24376839128019,
        "wsc": 0.7835337650323775,
        "threshold": 4.620954960312659
      }
    },
    "Bonferroni": {
      "params": {},
      "0.01": {
        "coverage": 0.9876017764618801,
        "volume": 17.518575990994538,
        "wsc": 0.9435707678075855,
        "threshold": 3.767617691073176
      },
      "0.02": {
        "coverage": 0.978719467061436,
        "volume": 13.254174834261995,
        "wsc": 0.9241443108233117,
        "threshold": 3.2762509083897142
      },
      "0.05": {
        "coverage": 0.9515173945225759,
        "volume": 7.660389954328207,
        "wsc": 0.8741905642923219,
        "threshold": 2.4889629782557217
      },
      "0.1": {
        "coverage": 0.9050703182827535,
        "volume": 4.839089884976437,
        "wsc": 0.7946345975948196,
        "threshold": 1.9789612946658415
      }
    },
    "Density": {
      "params": {
        "lengthscale": 0.8470098615217874
      },
      "0.01": {
        "coverage": 0.9876017764618801,
        "volume": 15.82973445321604,
        "wsc": 0.9583718778908418,
        "threshold": 1.440798068951593
      },
      "0.02": {
        "coverage": 0.9757586972612879,
        "volume": 11.640497700611915,
        "wsc": 0.9343200740055504,
        "threshold": 1.3351590829934565
      },
      "0.05": {
        "coverage": 0.9541080680977054,
        "volume": 8.02539495740203,
        "wsc": 0.8963922294172063,
        "threshold": 1.1640150898549237
      },
      "0.1": {
        "coverage": 0.9002590673575129,
        "volume": 5.092041680419695,
        "wsc": 0.8112858464384829,
        "threshold": 0.9340758280226039
      }
    },
    "Kernel": {
      "params": {
        "lengthscale": 0.8470098615217874,
        "gamma": 6.949570828381
      },
      "0.01": {
        "coverage": 0.9876017764618801,
        "volume": 13.446384915667892,
        "wsc": 0.9454209065679926,
        "threshold": 0.2924558814450283
      },
      "0.02": {
        "coverage": 0.9777942264988897,
        "volume": 9.826012343386271,
        "wsc": 0.9213691026827012,
        "threshold": 0.17431397988541758
      },
      "0.05": {
        "coverage": 0.9518874907475944,
        "volume": 6.122154584231382,
        "wsc": 0.8695652173913043,
        "threshold": 0.08006481805081989
      },
      "0.1": {
        "coverage": 0.9037749814951888,
        "volume": 4.031696599301742,
        "wsc": 0.7779833487511564,
        "threshold": 0.04166013919604274
      }
    }
  },
  "elapsed_s": 2913.934045791626
}