{
  "dataset": "house",
  "seed": 9,
  "model": "Ridge",
  "split": [
    0.5,
    0.25,
    0.25
  ],
  "alphas": [
    0.01,
    0.02,
    0.05,
    0.1
  ],
  "result": {
    "seed": 9,
    "model": "Ridge",
    "model_rmse": 0.7847735712864259,
    "meta": {
      "n_train": 10806,
      "n_cal": 5403,
      "n_test": 5404,
      "d": 2,
      "p": 17,
      "elapsed": 2852.469573497772
    },
    "Mahal": {
      "params": {},
      "0.01": {
        "coverage": 0.9913027387120651,
        "volume": 25.52081210265974,
        "wsc": 0.9565217391304348,
        "threshold": 15.635573421975856
      },
      "0.02": {
        "coverage": 0.9761287934863064,
        "volume": 12.724131016614423,
        "wsc": 0.8973172987974098,
        "threshold": 7.795562458624933
      },
      "0.05": {
        "coverage": 0.9461509992598075,
        "volume": 8.408987427607475,
        "wsc": 0.8390379278445883,
        "threshold": 5.151847825215799
      },
      "0.1": {
        "coverage": 0.8950777202072538,
        "volume": 6.179236728399574,
        "wsc": 0.7474560592044404,
        "threshold": 3.785769401460086
      }
    },
    "Bonferroni": {
      "params": {},
      "0.01": {
        "coverage": 0.9909326424870466,
        "volume": 30.124024429807704,
        "wsc": 0.9555966697502313,
        "threshold": 3.6984530826898205
      },
      "0.02": {
        "coverage": 0.9774241302738712,
        "volume": 15.459074970333416,
        "wsc": 0.902867715078631,
        "threshold": 2.648593334829657
      },
      "0.05": {
        "coverage": 0.9446706143597335,
        "volume": 9.375328488164126,
        "wsc": 0.8408880666049954,
        "threshold": 2.068123570266498
      },
      "0.1": {
        "coverage": 0.8943375277572169,
        "volume": 6.914756596412497,
        "wsc": 0.7724329324699353,
        "threshold": 1.775694197650595
      }
    },
    "Density": {
      "params": {
        "lengthscale": 1.1631357185427091
      },
      "0.01": {
        "coverage": 0.9903774981495189,
        "volume": 20.662017123691005,
        "wsc": 0.9546716003700277,
        "threshold": 1.3171086667439345
      },
      "0.02": {
        "coverage": 0.978719467061436,
        "volume": 13.826562424554268,
        "wsc": 0.9158186864014801,
        "threshold": 1.1182997390995455
      },
      "0.05": {
        "coverage": 0.9470762398223538,
        "volume": 9.331804656170915,
        "wsc": 0.8575393154486587,
        "threshold": 0.9173276150566705
      },
      "0.1": {
        "coverage": 0.8956328645447816,
        "volume": 7.104343457806642,
        "wsc": 0.7705827937095282,
        "threshold": 0.7845706834870505
      }
    },
    "Kernel": {
      "params": {
        "lengthscale": 1.1631357185427091,
        "gamma": 8.531042578974589
      },
      "0.01": {
        "coverage": 0.9909326424870466,
        "volume": 16.948475254982355,
        "wsc": 0.9574468085106383,
        "threshold": 0.252273998083994
      },
      "0.02": {
        "coverage": 0.977979274611399,
        "volume": 11.270090564004045,
        "wsc": 0.9084181313598519,
        "threshold": 0.1274191372888464
      },
      "0.05": {
        "coverage": 0.9480014803849001,
        "volume": 7.785602082310502,
        "wsc": 0.8418131359851989,
        "threshold": 0.06601669282316315
      },
      "0.1": {
        "coverage": 0.8898963730569949,
        "volume": 5.212532150237447,
        "wsc": 0.7169287696577243,
        "threshold": 0.03304656979581604
      }
    }
  },
  "elapsed_s": 2852.470178127289
}