{
  "dataset": "house",
  "seed": 29,
  "model": "MLP",
  "split": [
    0.5,
    0.25,
    0.25
  ],
  "alphas": [
    0.01,
    0.02,
    0.05,
    0.1
  ],
  "result": {
    "seed": 29,
    "model": "MLP",
    "model_rmse": 0.6030972827268101,
    "meta": {
      "n_train": 10806,
      "n_cal": 5403,
      "n_test": 5404,
      "d": 2,
      "p": 17,
      "elapsed": 2910.3875296115875
    },
    "Mahal": {
      "params": {},
      "0.01": {
        "coverage": 0.9876017764618801,
        "volume": 16.091519550850947,
        "wsc": 0.9444958371877891,
        "threshold": 17.240871630035503
      },
      "0.02": {
        "coverage": 0.9763138415988157,
        "volume": 10.60805265094784,
        "wsc": 0.910268270120259,
        "threshold": 11.365742894677583
      },
      "0.05": {
        "coverage": 0.9470762398223538,
        "volume": 6.686850671555962,
        "wsc": 0.8529139685476411,
        "threshold": 7.164465336737976
      },
      "0.1": {
        "coverage": 0.8974833456698742,
        "volume": 4.278142414912122,
        "wsc": 0.7631822386679001,
        "threshold": 4.583712803344883
      }
    },
    "Bonferroni": {
      "params": {},
      "0.01": {
        "coverage": 0.9866765358993338,
        "volume": 18.30005943609115,
        "wsc": 0.9444958371877891,
        "threshold": 3.8252340124238464
      },
      "0.02": {
        "coverage": 0.9740932642487047,
        "volume": 12.276744671550244,
        "wsc": 0.910268270120259,
        "threshold": 3.1338915408158576
      },
      "0.05": {
        "coverage": 0.9470762398223538,
        "volume": 7.7624150447890425,
        "wsc": 0.8566142460684552,
        "threshold": 2.4869082770400213
      },
      "0.1": {
        "coverage": 0.8967431532198371,
        "volume": 4.9513447557322205,
        "wsc": 0.7761332099907493,
        "threshold": 1.9896985193749583
      }
    },
    "Density": {
      "params": {
        "lengthscale": 0.8292093441579356
      },
      "0.01": {
        "coverage": 0.9870466321243523,
        "volume": 15.44337340197864,
        "wsc": 0.9537465309898242,
        "threshold": 1.4433894101853992
      },
      "0.02": {
        "coverage": 0.975018504811251,
        "volume": 11.417783900814102,
        "wsc": 0.9241443108233117,
        "threshold": 1.3416365084944146
      },
      "0.05": {
        "coverage": 0.9481865284974094,
        "volume": 7.61905127461402,
        "wsc": 0.8741905642923219,
        "threshold": 1.1622128850525222
      },
      "0.1": {
        "coverage": 0.8937823834196891,
        "volume": 4.978225462640037,
        "wsc": 0.7955596669750231,
        "threshold": 0.9440853983231409
      }
    },
    "Kernel": {
      "params": {
        "lengthscale": 0.8292093441579356,
        "gamma": 6.715001884746451
      },
      "0.01": {
        "coverage": 0.9857512953367875,
        "volume": 12.791143653740734,
        "wsc": 0.9435707678075855,
        "threshold": 0.27527409051936835
      },
      "0.02": {
        "coverage": 0.9748334566987417,
        "volume": 9.653024763972144,
        "wsc": 0.9074930619796485,
        "threshold": 0.17188146923568676
      },
      "0.05": {
        "coverage": 0.9411547002220577,
        "volume": 5.970367917601267,
        "wsc": 0.8344125809435707,
        "threshold": 0.07754428102541776
      },
      "0.1": {
        "coverage": 0.8967431532198371,
        "volume": 4.077314497790183,
        "wsc": 0.7520814061054579,
        "threshold": 0.042405110172137765
      }
    }
  },
  "elapsed_s": 2910.3883278369904
}