{
  "dataset": "house",
  "seed": 30,
  "model": "Ridge",
  "split": [
    0.5,
    0.25,
    0.25
  ],
  "alphas": [
    0.01,
    0.02,
    0.05,
    0.1
  ],
  "result": {
    "seed": 30,
    "model": "Ridge",
    "model_rmse": 0.77616740339349,
    "meta": {
      "n_train": 10806,
      "n_cal": 5403,
      "n_test": 5404,
      "d": 2,
      "p": 17,
      "elapsed": 801.3775424957275
    },
    "Mahal": {
      "params": {},
      "0.01": {
        "coverage": 0.9913027387120651,
        "volume": 25.892333895543988,
        "wsc": 0.9574468085106383,
        "threshold": 14.853463877535654
      },
      "0.02": {
        "coverage": 0.9805699481865285,
        "volume": 14.253002128354705,
        "wsc": 0.9167437557816837,
        "threshold": 8.176414421119047
      },
      "0.05": {
        "coverage": 0.9478164322723909,
        "volume": 8.785005556212404,
        "wsc": 0.84736355226642,
        "threshold": 5.039629228464709
      },
      "0.1": {
        "coverage": 0.8989637305699482,
        "volume": 6.393715406367239,
        "wsc": 0.7567067530064755,
        "threshold": 3.6678354765100147
      }
    },
    "Bonferroni": {
      "params": {},
      "0.01": {
        "coverage": 0.9913027387120651,
        "volume": 31.397625097624633,
        "wsc": 0.9583718778908418,
        "threshold": 3.6413538504226026
      },
      "0.02": {
        "coverage": 0.981680236861584,
        "volume": 17.20443177148413,
        "wsc": 0.9213691026827012,
        "threshold": 2.692203792678118
      },
      "0.05": {
        "coverage": 0.9529977794226498,
        "volume": 10.148252900984104,
        "wsc": 0.8658649398704903,
        "threshold": 2.071950666196895
      },
      "0.1": {
        "coverage": 0.9021095484826055,
        "volume": 7.322168589202397,
        "wsc": 0.790009250693802,
        "threshold": 1.759409324739435
      }
    },
    "Density": {
      "params": {
        "lengthscale": 1.159863033846375
      },
      "0.01": {
        "coverage": 0.9924130273871207,
        "volume": 23.80269285800419,
        "wsc": 0.9620721554116559,
        "threshold": 1.3743389691087762
      },
      "0.02": {
        "coverage": 0.982420429311621,
        "volume": 15.272506446172187,
        "wsc": 0.9259944495837188,
        "threshold": 1.174556977257959
      },
      "0.05": {
        "coverage": 0.9515173945225759,
        "volume": 9.659626626559717,
        "wsc": 0.8677150786308974,
        "threshold": 0.9345759724145858
      },
      "0.1": {
        "coverage": 0.9030347890451518,
        "volume": 7.30049200771222,
        "wsc": 0.7816836262719704,
        "threshold": 0.7947753259922806
      }
    },
    "Kernel": {
      "params": {
        "lengthscale": 1.159863033846375,
        "gamma": 6.979943732722096
      },
      "0.01": {
        "coverage": 0.9905625462620281,
        "volume": 17.796021807986854,
        "wsc": 0.9592969472710453,
        "threshold": 0.24057650850531664
      },
      "0.02": {
        "coverage": 0.9807549962990377,
        "volume": 12.120370221142416,
        "wsc": 0.9241443108233117,
        "threshold": 0.1261902527332873
      },
      "0.05": {
        "coverage": 0.9483715766099186,
        "volume": 7.902920334960031,
        "wsc": 0.8464384828862165,
        "threshold": 0.05765533135251322
      },
      "0.1": {
        "coverage": 0.9013693560325685,
        "volume": 5.485981498805397,
        "wsc": 0.7354301572617946,
        "threshold": 0.030368140962746655
      }
    }
  },
  "elapsed_s": 801.3783659934998
}