{
  "dataset": "house",
  "seed": 18,
  "model": "MLP",
  "split": [
    0.5,
    0.25,
    0.25
  ],
  "alphas": [
    0.01,
    0.02,
    0.05,
    0.1
  ],
  "result": {
    "seed": 18,
    "model": "MLP",
    "model_rmse": 0.5873725918177891,
    "meta": {
      "n_train": 10806,
      "n_cal": 5403,
      "n_test": 5404,
      "d": 2,
      "p": 17,
      "elapsed": 2888.0238285064697
    },
    "Mahal": {
      "params": {},
      "0.01": {
        "coverage": 0.9935233160621761,
        "volume": 16.588682020170687,
        "wsc": 0.9722479185938946,
        "threshold": 17.20189562322408
      },
      "0.02": {
        "coverage": 0.9868615840118431,
        "volume": 12.26550833133399,
        "wsc": 0.9509713228492137,
        "threshold": 12.718912438302418
      },
      "0.05": {
        "coverage": 0.9572538860103627,
        "volume": 6.795650179300262,
        "wsc": 0.8899167437557817,
        "threshold": 7.046856702306256
      },
      "0.1": {
        "coverage": 0.9076609918578831,
        "volume": 4.362666080289583,
        "wsc": 0.8094357076780758,
        "threshold": 4.523935443507244
      }
    },
    "Bonferroni": {
      "params": {},
      "0.01": {
        "coverage": 0.9937083641746854,
        "volume": 20.0077129007317,
        "wsc": 0.971322849213691,
        "threshold": 3.947716983177304
      },
      "0.02": {
        "coverage": 0.9863064396743153,
        "volume": 15.151325298994982,
        "wsc": 0.9518963922294172,
        "threshold": 3.428233926569085
      },
      "0.05": {
        "coverage": 0.9607698001480385,
        "volume": 8.305650704844053,
        "wsc": 0.8973172987974098,
        "threshold": 2.5357887913744426
      },
      "0.1": {
        "coverage": 0.9008142116950407,
        "volume": 4.941029657147072,
        "wsc": 0.8075855689176689,
        "threshold": 1.9535723953345534
      }
    },
    "Density": {
      "params": {
        "lengthscale": 0.8372267626919913
      },
      "0.01": {
        "coverage": 0.9929681717246485,
        "volume": 17.472425043839444,
        "wsc": 0.973172987974098,
        "threshold": 1.4717634605824703
      },
      "0.02": {
        "coverage": 0.9851961509992598,
        "volume": 12.651006929783996,
        "wsc": 0.9592969472710453,
        "threshold": 1.374978496973341
      },
      "0.05": {
        "coverage": 0.9565136935603257,
        "volume": 7.9364841814815295,
        "wsc": 0.9047178538390379,
        "threshold": 1.1710201318611488
      },
      "0.1": {
        "coverage": 0.899518874907476,
        "volume": 4.9457982236490645,
        "wsc": 0.8196114708603145,
        "threshold": 0.9268571129187931
      }
    },
    "Kernel": {
      "params": {
        "lengthscale": 0.8372267626919913,
        "gamma": 7.002248377095532
      },
      "0.01": {
        "coverage": 0.9918578830495929,
        "volume": 13.237143228987142,
        "wsc": 0.96577243293247,
        "threshold": 0.27622029974520573
      },
      "0.02": {
        "coverage": 0.985381199111769,
        "volume": 10.154662365991337,
        "wsc": 0.9518963922294172,
        "threshold": 0.1809860500708624
      },
      "0.05": {
        "coverage": 0.9561435973353072,
        "volume": 6.299673729672876,
        "wsc": 0.883441258094357,
        "threshold": 0.08572173373261062
      },
      "0.1": {
        "coverage": 0.9063656550703183,
        "volume": 4.0886483949160555,
        "wsc": 0.7974098057354302,
        "threshold": 0.04415244659574792
      }
    }
  },
  "elapsed_s": 2888.0246081352234
}