{
  "dataset": "house",
  "seed": 37,
  "model": "MLP",
  "split": [
    0.5,
    0.25,
    0.25
  ],
  "alphas": [
    0.01,
    0.02,
    0.05,
    0.1
  ],
  "result": {
    "seed": 37,
    "model": "MLP",
    "model_rmse": 0.6104119796061251,
    "meta": {
      "n_train": 10806,
      "n_cal": 5403,
      "n_test": 5404,
      "d": 2,
      "p": 17,
      "elapsed": 2928.0782639980316
    },
    "Mahal": {
      "params": {},
      "0.01": {
        "coverage": 0.9894522575869726,
        "volume": 15.635900129456006,
        "wsc": 0.9555966697502313,
        "threshold": 16.140664335134296
      },
      "0.02": {
        "coverage": 0.9772390821613619,
        "volume": 10.30320082683735,
        "wsc": 0.9195189639222942,
        "threshold": 10.63581276079982
      },
      "0.05": {
        "coverage": 0.9461509992598075,
        "volume": 6.324757307614634,
        "wsc": 0.8445883441258094,
        "threshold": 6.5289355814622505
      },
      "0.1": {
        "coverage": 0.898778682457439,
        "volume": 4.335594191890816,
        "wsc": 0.7752081406105458,
        "threshold": 4.475557528845777
      }
    },
    "Bonferroni": {
      "params": {},
      "0.01": {
        "coverage": 0.9888971132494448,
        "volume": 18.169831330460934,
        "wsc": 0.9528214616096207,
        "threshold": 3.7437409587601067
      },
      "0.02": {
        "coverage": 0.9761287934863064,
        "volume": 12.31261589796415,
        "wsc": 0.9195189639222942,
        "threshold": 3.078172411384632
      },
      "0.05": {
        "coverage": 0.9441154700222057,
        "volume": 7.408123363932257,
        "wsc": 0.8519888991674376,
        "threshold": 2.385151282434978
      },
      "0.1": {
        "coverage": 0.9074759437453738,
        "volume": 5.228105951346525,
        "wsc": 0.8011100832562442,
        "threshold": 1.999944558662571
      }
    },
    "Density": {
      "params": {
        "lengthscale": 0.860744922431907
      },
      "0.01": {
        "coverage": 0.9896373056994818,
        "volume": 15.240442693803962,
        "wsc": 0.9602220166512488,
        "threshold": 1.4245046097841694
      },
      "0.02": {
        "coverage": 0.9783493708364175,
        "volume": 11.32990565580987,
        "wsc": 0.9361702127659575,
        "threshold": 1.3154175249038422
      },
      "0.05": {
        "coverage": 0.9455958549222798,
        "volume": 7.221951938527314,
        "wsc": 0.8769657724329325,
        "threshold": 1.0990804888623127
      },
      "0.1": {
        "coverage": 0.8967431532198371,
        "volume": 5.293703265667059,
        "wsc": 0.8048103607770583,
        "threshold": 0.930242033800732
      }
    },
    "Kernel": {
      "params": {
        "lengthscale": 0.860744922431907,
        "gamma": 7.261817734474555
      },
      "0.01": {
        "coverage": 0.9888971132494448,
        "volume": 12.550952806662089,
        "wsc": 0.9509713228492137,
        "threshold": 0.2853210057374895
      },
      "0.02": {
        "coverage": 0.9746484085862325,
        "volume": 8.930605792495497,
        "wsc": 0.910268270120259,
        "threshold": 0.1589636700045217
      },
      "0.05": {
        "coverage": 0.945780903034789,
        "volume": 5.869085422707166,
        "wsc": 0.8362627197039778,
        "threshold": 0.0762953131673357
      },
      "0.1": {
        "coverage": 0.8971132494448557,
        "volume": 3.997063019264511,
        "wsc": 0.7585568917668826,
        "threshold": 0.041223536563622806
      }
    }
  },
  "elapsed_s": 2928.079038619995
}