{
  "dataset": "house",
  "seed": 27,
  "model": "MLP",
  "split": [
    0.5,
    0.25,
    0.25
  ],
  "alphas": [
    0.01,
    0.02,
    0.05,
    0.1
  ],
  "result": {
    "seed": 27,
    "model": "MLP",
    "model_rmse": 0.5760724231082731,
    "meta": {
      "n_train": 10806,
      "n_cal": 5403,
      "n_test": 5404,
      "d": 2,
      "p": 17,
      "elapsed": 2889.4411659240723
    },
    "Mahal": {
      "params": {},
      "0.01": {
        "coverage": 0.9916728349370837,
        "volume": 15.55154609237676,
        "wsc": 0.9648798521256932,
        "threshold": 16.97209625388986
      },
      "0.02": {
        "coverage": 0.9851961509992598,
        "volume": 11.417275920004062,
        "wsc": 0.94362292051756,
        "threshold": 12.460182718843296
      },
      "0.05": {
        "coverage": 0.9557735011102887,
        "volume": 6.324203331419202,
        "wsc": 0.8807763401109058,
        "threshold": 6.901885319468806
      },
      "0.1": {
        "coverage": 0.9006291635825314,
        "volume": 3.941812686146521,
        "wsc": 0.7909343200740055,
        "threshold": 4.301876091720369
      }
    },
    "Bonferroni": {
      "params": {},
      "0.01": {
        "coverage": 0.9924130273871207,
        "volume": 19.115619883107442,
        "wsc": 0.9685767097966729,
        "threshold": 3.9462687990083873
      },
      "0.02": {
        "coverage": 0.9842709104367136,
        "volume": 13.506246589764613,
        "wsc": 0.944547134935305,
        "threshold": 3.314349479294689
      },
      "0.05": {
        "coverage": 0.9561435973353072,
        "volume": 7.596557881865069,
        "wsc": 0.8909426987060998,
        "threshold": 2.480100855151879
      },
      "0.1": {
        "coverage": 0.8974833456698742,
        "volume": 4.498457219439423,
        "wsc": 0.7966728280961183,
        "threshold": 1.909399646585737
      }
    },
    "Density": {
      "params": {
        "lengthscale": 0.8073218328685661
      },
      "0.01": {
        "coverage": 0.9940784603997039,
        "volume": 16.497689270697272,
        "wsc": 0.9750231267345051,
        "threshold": 1.4740001696851865
      },
      "0.02": {
        "coverage": 0.9855662472242783,
        "volume": 12.581877416825412,
        "wsc": 0.9602587800369686,
        "threshold": 1.3978862977121307
      },
      "0.05": {
        "coverage": 0.9518874907475944,
        "volume": 7.453510706686242,
        "wsc": 0.8954671600370028,
        "threshold": 1.175602617651301
      },
      "0.1": {
        "coverage": 0.8956328645447816,
        "volume": 4.8025370333429525,
        "wsc": 0.816836262719704,
        "threshold": 0.9430015321840419
      }
    },
    "Kernel": {
      "params": {
        "lengthscale": 0.8073218328685661,
        "gamma": 6.26237872554678
      },
      "0.01": {
        "coverage": 0.9924130273871207,
        "volume": 13.626707368862574,
        "wsc": 0.967652495378928,
        "threshold": 0.2998720500908429
      },
      "0.02": {
        "coverage": 0.9857512953367875,
        "volume": 10.296468746716904,
        "wsc": 0.9454713493530499,
        "threshold": 0.19070336572926938
      },
      "0.05": {
        "coverage": 0.9537379718726869,
        "volume": 6.1033461409632785,
        "wsc": 0.8752310536044362,
        "threshold": 0.0833068513587924
      },
      "0.1": {
        "coverage": 0.9002590673575129,
        "volume": 3.823374936577942,
        "wsc": 0.7781885397412199,
        "threshold": 0.04077603056750737
      }
    }
  },
  "elapsed_s": 2889.4419424533844
}