{
  "dataset": "house",
  "seed": 45,
  "model": "Ridge",
  "split": [
    0.5,
    0.25,
    0.25
  ],
  "alphas": [
    0.01,
    0.02,
    0.05,
    0.1
  ],
  "result": {
    "seed": 45,
    "model": "Ridge",
    "model_rmse": 0.7595707777907439,
    "meta": {
      "n_train": 10806,
      "n_cal": 5403,
      "n_test": 5404,
      "d": 2,
      "p": 17,
      "elapsed": 2894.860294818878
    },
    "Mahal": {
      "params": {},
      "0.01": {
        "coverage": 0.9911176905995559,
        "volume": 23.118984248566395,
        "wsc": 0.9592969472710453,
        "threshold": 15.155675165108795
      },
      "0.02": {
        "coverage": 0.9783493708364175,
        "volume": 12.446438598722947,
        "wsc": 0.9074930619796485,
        "threshold": 8.159276304555386
      },
      "0.05": {
        "coverage": 0.9496669133974833,
        "volume": 8.310726006950638,
        "wsc": 0.8445883441258094,
        "threshold": 5.448105435487547
      },
      "0.1": {
        "coverage": 0.8974833456698742,
        "volume": 5.903271207127724,
        "wsc": 0.7511563367252544,
        "threshold": 3.8698958338671554
      }
    },
    "Bonferroni": {
      "params": {},
      "0.01": {
        "coverage": 0.9890821613619541,
        "volume": 26.103743925600867,
        "wsc": 0.9509713228492137,
        "threshold": 3.555932118520658
      },
      "0.02": {
        "coverage": 0.978719467061436,
        "volume": 14.906363169754703,
        "wsc": 0.9111933395004626,
        "threshold": 2.692092583688108
      },
      "0.05": {
        "coverage": 0.9454108068097705,
        "volume": 9.16680576359052,
        "wsc": 0.8427382053654024,
        "threshold": 2.1099066388888996
      },
      "0.1": {
        "coverage": 0.8902664692820134,
        "volume": 6.500394157598259,
        "wsc": 0.7622571692876966,
        "threshold": 1.7781617462633794
      }
    },
    "Density": {
      "params": {
        "lengthscale": 1.1329028381595942
      },
      "0.01": {
        "coverage": 0.9914877868245744,
        "volume": 18.9829930474793,
        "wsc": 0.9602220166512488,
        "threshold": 1.3001220923957602
      },
      "0.02": {
        "coverage": 0.979459659511473,
        "volume": 13.64746085418245,
        "wsc": 0.9269195189639223,
        "threshold": 1.140121975599806
      },
      "0.05": {
        "coverage": 0.9467061435973353,
        "volume": 9.214406435221441,
        "wsc": 0.8621646623496763,
        "threshold": 0.9346234694575849
      },
      "0.1": {
        "coverage": 0.8939674315321984,
        "volume": 6.892035455894945,
        "wsc": 0.7705827937095282,
        "threshold": 0.7917127408272975
      }
    },
    "Kernel": {
      "params": {
        "lengthscale": 1.1329028381595942,
        "gamma": 8.143981317920332
      },
      "0.01": {
        "coverage": 0.9929681717246485,
        "volume": 15.94893397767098,
        "wsc": 0.96577243293247,
        "threshold": 0.2426786388020222
      },
      "0.02": {
        "coverage": 0.9792746113989638,
        "volume": 10.960151392352223,
        "wsc": 0.9195189639222942,
        "threshold": 0.12567605605346394
      },
      "0.05": {
        "coverage": 0.9478164322723909,
        "volume": 7.60952850633176,
        "wsc": 0.8445883441258094,
        "threshold": 0.06357231403604002
      },
      "0.1": {
        "coverage": 0.8997039230199851,
        "volume": 5.276321601755948,
        "wsc": 0.7372802960222017,
        "threshold": 0.03333280720685287
      }
    }
  },
  "elapsed_s": 2894.861156463623
}