{
  "dataset": "house",
  "seed": 0,
  "model": "Ridge",
  "split": [
    0.5,
    0.25,
    0.25
  ],
  "alphas": [
    0.01,
    0.02,
    0.05,
    0.1
  ],
  "result": {
    "seed": 0,
    "model": "Ridge",
    "model_rmse": 0.763094964947947,
    "meta": {
      "n_train": 10806,
      "n_cal": 5403,
      "n_test": 5404,
      "d": 2,
      "p": 17,
      "elapsed": 2872.7021522521973
    },
    "Mahal": {
      "params": {},
      "0.01": {
        "coverage": 0.9914877868245744,
        "volume": 21.889471158134192,
        "wsc": 0.9592969472710453,
        "threshold": 13.651853197845437
      },
      "0.02": {
        "coverage": 0.9801998519615099,
        "volume": 12.601604367613431,
        "wsc": 0.913968547641073,
        "threshold": 7.859269492678336
      },
      "0.05": {
        "coverage": 0.9515173945225759,
        "volume": 8.571011438555207,
        "wsc": 0.8529139685476411,
        "threshold": 5.345500997758384
      },
      "0.1": {
        "coverage": 0.899518874907476,
        "volume": 6.1495077026743115,
        "wsc": 0.7668825161887142,
        "threshold": 3.83527659437001
      }
    },
    "Bonferroni": {
      "params": {},
      "0.01": {
        "coverage": 0.9903774981495189,
        "volume": 24.848415536356725,
        "wsc": 0.9537465309898242,
        "threshold": 3.3731157544923556
      },
      "0.02": {
        "coverage": 0.9792746113989638,
        "volume": 15.31197712838016,
        "wsc": 0.9130434782608695,
        "threshold": 2.650966896978156
      },
      "0.05": {
        "coverage": 0.9505921539600296,
        "volume": 9.387539442057326,
        "wsc": 0.8649398704902868,
        "threshold": 2.080248375841835
      },
      "0.1": {
        "coverage": 0.8993338267949667,
        "volume": 6.950219473714023,
        "wsc": 0.7816836262719704,
        "threshold": 1.7856607870092789
      }
    },
    "Density": {
      "params": {
        "lengthscale": 1.1625684288173272
      },
      "0.01": {
        "coverage": 0.9901924500370096,
        "volume": 18.410636657046197,
        "wsc": 0.9555966697502313,
        "threshold": 1.2616838363357794
      },
      "0.02": {
        "coverage": 0.9777942264988897,
        "volume": 13.410813517157333,
        "wsc": 0.9213691026827012,
        "threshold": 1.1034652758770749
      },
      "0.05": {
        "coverage": 0.9511472982975574,
        "volume": 9.657719017314006,
        "wsc": 0.8704902867715079,
        "threshold": 0.9310237991907017
      },
      "0.1": {
        "coverage": 0.8978534418948927,
        "volume": 7.20719026973593,
        "wsc": 0.7705827937095282,
        "threshold": 0.7858377447693945
      }
    },
    "Kernel": {
      "params": {
        "lengthscale": 1.1625684288173272,
        "gamma": 8.662369913577617
      },
      "0.01": {
        "coverage": 0.9909326424870466,
        "volume": 15.95560491654718,
        "wsc": 0.9583718778908418,
        "threshold": 0.23428770549247907
      },
      "0.02": {
        "coverage": 0.9800148038490007,
        "volume": 11.114287127475565,
        "wsc": 0.9185938945420906,
        "threshold": 0.12253629278043415
      },
      "0.05": {
        "coverage": 0.9511472982975574,
        "volume": 7.921965346053877,
        "wsc": 0.8538390379278445,
        "threshold": 0.06534205548645358
      },
      "0.1": {
        "coverage": 0.9035899333826795,
        "volume": 5.536880095593531,
        "wsc": 0.7650323774283071,
        "threshold": 0.03482410678164802
      }
    }
  },
  "elapsed_s": 2872.7028040885925
}