{
  "dataset": "house",
  "seed": 30,
  "model": "MLP",
  "split": [
    0.5,
    0.25,
    0.25
  ],
  "alphas": [
    0.01,
    0.02,
    0.05,
    0.1
  ],
  "result": {
    "seed": 30,
    "model": "MLP",
    "model_rmse": 0.6063824732124484,
    "meta": {
      "n_train": 10806,
      "n_cal": 5403,
      "n_test": 5404,
      "d": 2,
      "p": 17,
      "elapsed": 2888.5566835403442
    },
    "Mahal": {
      "params": {},
      "0.01": {
        "coverage": 0.9898223538119911,
        "volume": 16.441824060937698,
        "wsc": 0.9537465309898242,
        "threshold": 16.179517542690697
      },
      "0.02": {
        "coverage": 0.9805699481865285,
        "volume": 11.243864995112187,
        "wsc": 0.9315448658649399,
        "threshold": 11.064484710566129
      },
      "0.05": {
        "coverage": 0.9517024426350851,
        "volume": 6.815816272712876,
        "wsc": 0.8677150786308974,
        "threshold": 6.707079369259805
      },
      "0.1": {
        "coverage": 0.9013693560325685,
        "volume": 4.332197012277256,
        "wsc": 0.7844588344125809,
        "threshold": 4.2630828123905
      }
    },
    "Bonferroni": {
      "params": {},
      "0.01": {
        "coverage": 0.9892672094744633,
        "volume": 19.11762728009706,
        "wsc": 0.9537465309898242,
        "threshold": 3.758750978291299
      },
      "0.02": {
        "coverage": 0.9814951887490747,
        "volume": 13.487380189306077,
        "wsc": 0.9361702127659575,
        "threshold": 3.1555798588724504
      },
      "0.05": {
        "coverage": 0.9539230199851961,
        "volume": 7.918682062431545,
        "wsc": 0.8825161887141536,
        "threshold": 2.420639508633092
      },
      "0.1": {
        "coverage": 0.9026646928201333,
        "volume": 4.974342770500614,
        "wsc": 0.7983348751156337,
        "threshold": 1.9158388922648735
      }
    },
    "Density": {
      "params": {
        "lengthscale": 0.8452520393943397
      },
      "0.01": {
        "coverage": 0.9903774981495189,
        "volume": 16.05204394478854,
        "wsc": 0.9620721554116559,
        "threshold": 1.4421410640304841
      },
      "0.02": {
        "coverage": 0.9803849000740192,
        "volume": 12.398037683363114,
        "wsc": 0.9380203515263644,
        "threshold": 1.3569582489886232
      },
      "0.05": {
        "coverage": 0.9550333086602517,
        "volume": 7.951310428845085,
        "wsc": 0.8954671600370028,
        "threshold": 1.1601098467978328
      },
      "0.1": {
        "coverage": 0.9056254626202813,
        "volume": 5.15454033955721,
        "wsc": 0.8140610545790934,
        "threshold": 0.9353930210824692
      }
    },
    "Kernel": {
      "params": {
        "lengthscale": 0.8452520393943397,
        "gamma": 6.808649856757779
      },
      "0.01": {
        "coverage": 0.9876017764618801,
        "volume": 12.465889854427633,
        "wsc": 0.9481961147086031,
        "threshold": 0.25617090403181464
      },
      "0.02": {
        "coverage": 0.979459659511473,
        "volume": 9.98279701497902,
        "wsc": 0.9287696577243293,
        "threshold": 0.17709334259966075
      },
      "0.05": {
        "coverage": 0.9541080680977054,
        "volume": 6.196423403444116,
        "wsc": 0.8667900092506938,
        "threshold": 0.0815267323754703
      },
      "0.1": {
        "coverage": 0.8991487786824575,
        "volume": 3.958043312097052,
        "wsc": 0.7622571692876966,
        "threshold": 0.04031392116507724
      }
    }
  },
  "elapsed_s": 2888.5574214458466
}