{
  "dataset": "house",
  "seed": 16,
  "model": "MLP",
  "split": [
    0.5,
    0.25,
    0.25
  ],
  "alphas": [
    0.01,
    0.02,
    0.05,
    0.1
  ],
  "result": {
    "seed": 16,
    "model": "MLP",
    "model_rmse": 0.6131390687793584,
    "meta": {
      "n_train": 10806,
      "n_cal": 5403,
      "n_test": 5404,
      "d": 2,
      "p": 17,
      "elapsed": 2881.900107383728
    },
    "Mahal": {
      "params": {},
      "0.01": {
        "coverage": 0.9883419689119171,
        "volume": 15.171200547661055,
        "wsc": 0.9491211840888066,
        "threshold": 16.17345851335329
      },
      "0.02": {
        "coverage": 0.977979274611399,
        "volume": 10.038122658003168,
        "wsc": 0.9121184088806661,
        "threshold": 10.70127310301726
      },
      "0.05": {
        "coverage": 0.9533678756476683,
        "volume": 6.3570305536343525,
        "wsc": 0.8649398704902868,
        "threshold": 6.776996296656008
      },
      "0.1": {
        "coverage": 0.9000740192450037,
        "volume": 4.224357036887892,
        "wsc": 0.7705827937095282,
        "threshold": 4.503431555535773
      }
    },
    "Bonferroni": {
      "params": {},
      "0.01": {
        "coverage": 0.9881569207994079,
        "volume": 17.512145872288173,
        "wsc": 0.9481961147086031,
        "threshold": 3.737908150630053
      },
      "0.02": {
        "coverage": 0.9783493708364175,
        "volume": 12.045790281067632,
        "wsc": 0.9176688251618872,
        "threshold": 3.0979015197545197
      },
      "0.05": {
        "coverage": 0.9498519615099926,
        "volume": 7.3473671956287925,
        "wsc": 0.8640148011100832,
        "threshold": 2.4188895106432486
      },
      "0.1": {
        "coverage": 0.9011843079200592,
        "volume": 4.906207804274784,
        "wsc": 0.7853839037927844,
        "threshold": 1.9760911379835802
      }
    },
    "Density": {
      "params": {
        "lengthscale": 0.8698298834911645
      },
      "0.01": {
        "coverage": 0.9872316802368616,
        "volume": 14.214465520175704,
        "wsc": 0.9546716003700277,
        "threshold": 1.3918470342742173
      },
      "0.02": {
        "coverage": 0.9770540340488527,
        "volume": 11.154928851806945,
        "wsc": 0.9343200740055504,
        "threshold": 1.2952227392184485
      },
      "0.05": {
        "coverage": 0.9507772020725389,
        "volume": 7.537235148289659,
        "wsc": 0.8852913968547641,
        "threshold": 1.1077351985993842
      },
      "0.1": {
        "coverage": 0.9037749814951888,
        "volume": 5.259566248283213,
        "wsc": 0.8048103607770583,
        "threshold": 0.9182836867197878
      }
    },
    "Kernel": {
      "params": {
        "lengthscale": 0.8698298834911645,
        "gamma": 7.979552830813242
      },
      "0.01": {
        "coverage": 0.9872316802368616,
        "volume": 12.124176133083587,
        "wsc": 0.9472710453283997,
        "threshold": 0.27104366824698917
      },
      "0.02": {
        "coverage": 0.9764988897113249,
        "volume": 8.985755924749567,
        "wsc": 0.913968547641073,
        "threshold": 0.16345145619222648
      },
      "0.05": {
        "coverage": 0.9528127313101407,
        "volume": 5.949859433972919,
        "wsc": 0.8584643848288621,
        "threshold": 0.08074496679939171
      },
      "0.1": {
        "coverage": 0.9015544041450777,
        "volume": 4.005143772053289,
        "wsc": 0.7650323774283071,
        "threshold": 0.043543305192508985
      }
    }
  },
  "elapsed_s": 2881.900736093521
}