{
  "dataset": "house",
  "seed": 5,
  "model": "Ridge",
  "split": [
    0.5,
    0.25,
    0.25
  ],
  "alphas": [
    0.01,
    0.02,
    0.05,
    0.1
  ],
  "result": {
    "seed": 5,
    "model": "Ridge",
    "model_rmse": 0.7798198576942622,
    "meta": {
      "n_train": 10806,
      "n_cal": 5403,
      "n_test": 5404,
      "d": 2,
      "p": 17,
      "elapsed": 660.2413246631622
    },
    "Mahal": {
      "params": {},
      "0.01": {
        "coverage": 0.9898223538119911,
        "volume": 21.505186085125814,
        "wsc": 0.9518963922294172,
        "threshold": 13.273742611750603
      },
      "0.02": {
        "coverage": 0.980940044411547,
        "volume": 12.73966383316567,
        "wsc": 0.9176688251618872,
        "threshold": 7.863359936170482
      },
      "0.05": {
        "coverage": 0.9539230199851961,
        "volume": 8.540266353126777,
        "wsc": 0.8556891766882516,
        "threshold": 5.271346965260898
      },
      "0.1": {
        "coverage": 0.9065507031828275,
        "volume": 6.200264350009939,
        "wsc": 0.7622571692876966,
        "threshold": 3.8270170172472424
      }
    },
    "Bonferroni": {
      "params": {},
      "0.01": {
        "coverage": 0.9888971132494448,
        "volume": 24.41354346441849,
        "wsc": 0.9500462534690102,
        "threshold": 3.335583285017966
      },
      "0.02": {
        "coverage": 0.9811250925240562,
        "volume": 15.392897705608371,
        "wsc": 0.9204440333024977,
        "threshold": 2.6498739320375764
      },
      "0.05": {
        "coverage": 0.9505921539600296,
        "volume": 9.484135648305383,
        "wsc": 0.8547641073080481,
        "threshold": 2.0792222779255614
      },
      "0.1": {
        "coverage": 0.9096965210954848,
        "volume": 7.073568775066206,
        "wsc": 0.7927844588344126,
        "threshold": 1.792685799507074
      }
    },
    "Density": {
      "params": {
        "lengthscale": 1.1554502559738355
      },
      "0.01": {
        "coverage": 0.9896373056994818,
        "volume": 18.131892256200302,
        "wsc": 0.9528214616096207,
        "threshold": 1.2621482333585514
      },
      "0.02": {
        "coverage": 0.9820503330866025,
        "volume": 13.726431342744398,
        "wsc": 0.9296947271045328,
        "threshold": 1.1229542296809378
      },
      "0.05": {
        "coverage": 0.9524426350851222,
        "volume": 9.436738039696364,
        "wsc": 0.8667900092506938,
        "threshold": 0.925899862048333
      },
      "0.1": {
        "coverage": 0.906180606957809,
        "volume": 7.21450325730187,
        "wsc": 0.7807585568917669,
        "threshold": 0.7911427294970257
      }
    },
    "Kernel": {
      "params": {
        "lengthscale": 1.1554502559738355,
        "gamma": 8.560596652163378
      },
      "0.01": {
        "coverage": 0.9900074019245003,
        "volume": 15.197015553215351,
        "wsc": 0.9528214616096207,
        "threshold": 0.21867155536991847
      },
      "0.02": {
        "coverage": 0.9800148038490007,
        "volume": 11.07426249995837,
        "wsc": 0.9195189639222942,
        "threshold": 0.12442923617270378
      },
      "0.05": {
        "coverage": 0.9533678756476683,
        "volume": 7.724132411814764,
        "wsc": 0.8529139685476411,
        "threshold": 0.0637488278830554
      },
      "0.1": {
        "coverage": 0.9039600296076981,
        "volume": 5.365577073686367,
        "wsc": 0.7419056429232193,
        "threshold": 0.03397271399599723
      }
    }
  },
  "elapsed_s": 660.2421123981476
}