{
  "dataset": "house",
  "seed": 3,
  "model": "MLP",
  "split": [
    0.5,
    0.25,
    0.25
  ],
  "alphas": [
    0.01,
    0.02,
    0.05,
    0.1
  ],
  "result": {
    "seed": 3,
    "model": "MLP",
    "model_rmse": 0.6030685938144715,
    "meta": {
      "n_train": 10806,
      "n_cal": 5403,
      "n_test": 5404,
      "d": 2,
      "p": 17,
      "elapsed": 1054.64413022995
    },
    "Mahal": {
      "params": {},
      "0.01": {
        "coverage": 0.9877868245743894,
        "volume": 15.298483473339449,
        "wsc": 0.9500462534690102,
        "threshold": 16.132539514754924
      },
      "0.02": {
        "coverage": 0.9783493708364175,
        "volume": 10.723492811446057,
        "wsc": 0.9185938945420906,
        "threshold": 11.308125528803215
      },
      "0.05": {
        "coverage": 0.9509622501850481,
        "volume": 6.924365798641062,
        "wsc": 0.8566142460684552,
        "threshold": 7.301874401856004
      },
      "0.1": {
        "coverage": 0.8997039230199851,
        "volume": 4.292246942032391,
        "wsc": 0.7530064754856615,
        "threshold": 4.526255397804362
      }
    },
    "Bonferroni": {
      "params": {},
      "0.01": {
        "coverage": 0.9874167283493709,
        "volume": 17.81995110202041,
        "wsc": 0.9509713228492137,
        "threshold": 3.760006945624316
      },
      "0.02": {
        "coverage": 0.9770540340488527,
        "volume": 12.575256881638998,
        "wsc": 0.9195189639222942,
        "threshold": 3.1597690025771015
      },
      "0.05": {
        "coverage": 0.9480014803849001,
        "volume": 7.806010729659276,
        "wsc": 0.8575393154486587,
        "threshold": 2.484867840879433
      },
      "0.1": {
        "coverage": 0.8993338267949667,
        "volume": 4.962181600026786,
        "wsc": 0.7604070305272895,
        "threshold": 1.9781514049040732
      }
    },
    "Density": {
      "params": {
        "lengthscale": 0.8390498945230989
      },
      "0.01": {
        "coverage": 0.9888971132494448,
        "volume": 14.87571679024098,
        "wsc": 0.9620721554116559,
        "threshold": 1.4273789603095608
      },
      "0.02": {
        "coverage": 0.9789045151739453,
        "volume": 11.865201933384157,
        "wsc": 0.9380203515263644,
        "threshold": 1.3488914363551257
      },
      "0.05": {
        "coverage": 0.9502220577350111,
        "volume": 7.803057636066719,
        "wsc": 0.8751156336725254,
        "threshold": 1.1605493691601318
      },
      "0.1": {
        "coverage": 0.8971132494448557,
        "volume": 5.115742466839755,
        "wsc": 0.7816836262719704,
        "threshold": 0.9463063748095766
      }
    },
    "Kernel": {
      "params": {
        "lengthscale": 0.8390498945230989,
        "gamma": 6.777523289926363
      },
      "0.01": {
        "coverage": 0.9881569207994079,
        "volume": 13.18917222738059,
        "wsc": 0.9537465309898242,
        "threshold": 0.2837269635618879
      },
      "0.02": {
        "coverage": 0.9801998519615099,
        "volume": 10.218031951757862,
        "wsc": 0.9269195189639223,
        "threshold": 0.18386456298696408
      },
      "0.05": {
        "coverage": 0.9496669133974833,
        "volume": 6.3632604489399895,
        "wsc": 0.8464384828862165,
        "threshold": 0.08253135913185156
      },
      "0.1": {
        "coverage": 0.8939674315321984,
        "volume": 3.952879834392825,
        "wsc": 0.7261794634597595,
        "threshold": 0.03994005680521289
      }
    }
  },
  "elapsed_s": 1054.6460807323456
}