{
  "dataset": "house",
  "seed": 42,
  "model": "MLP",
  "split": [
    0.5,
    0.25,
    0.25
  ],
  "alphas": [
    0.01,
    0.02,
    0.05,
    0.1
  ],
  "result": {
    "seed": 42,
    "model": "MLP",
    "model_rmse": 0.5794733512377331,
    "meta": {
      "n_train": 10806,
      "n_cal": 5403,
      "n_test": 5404,
      "d": 2,
      "p": 17,
      "elapsed": 2925.770498752594
    },
    "Mahal": {
      "params": {},
      "0.01": {
        "coverage": 0.9894522575869726,
        "volume": 14.606384924330582,
        "wsc": 0.9546716003700277,
        "threshold": 16.971354002457403
      },
      "0.02": {
        "coverage": 0.9790895632864545,
        "volume": 10.094104421908606,
        "wsc": 0.9250693802035153,
        "threshold": 11.72847493541136
      },
      "0.05": {
        "coverage": 0.9459659511472983,
        "volume": 5.8880166868524,
        "wsc": 0.8482886216466234,
        "threshold": 6.841365340063988
      },
      "0.1": {
        "coverage": 0.8952627683197631,
        "volume": 3.8264947211899827,
        "wsc": 0.7715078630897317,
        "threshold": 4.446055395519162
      }
    },
    "Bonferroni": {
      "params": {},
      "0.01": {
        "coverage": 0.9883419689119171,
        "volume": 16.607746195822894,
        "wsc": 0.9509713228492137,
        "threshold": 3.812378801255564
      },
      "0.02": {
        "coverage": 0.978719467061436,
        "volume": 12.223747729723083,
        "wsc": 0.9287696577243293,
        "threshold": 3.2662294157692235
      },
      "0.05": {
        "coverage": 0.9500370096225018,
        "volume": 6.99613594129947,
        "wsc": 0.8658649398704903,
        "threshold": 2.474755840140317
      },
      "0.1": {
        "coverage": 0.8954478164322723,
        "volume": 4.410996519205463,
        "wsc": 0.7770582793709528,
        "threshold": 1.9561146284697022
      }
    },
    "Density": {
      "params": {
        "lengthscale": 0.8052643182994315
      },
      "0.01": {
        "coverage": 0.9894522575869726,
        "volume": 14.473686604831185,
        "wsc": 0.9666975023126735,
        "threshold": 1.4405203510232212
      },
      "0.02": {
        "coverage": 0.9781643227239082,
        "volume": 11.126231368641633,
        "wsc": 0.9426456984273821,
        "threshold": 1.3541930011509293
      },
      "0.05": {
        "coverage": 0.9507772020725389,
        "volume": 7.22698446279836,
        "wsc": 0.883441258094357,
        "threshold": 1.161087570572516
      },
      "0.1": {
        "coverage": 0.8989637305699482,
        "volume": 4.78957596050719,
        "wsc": 0.8094357076780758,
        "threshold": 0.9504976307809133
      }
    },
    "Kernel": {
      "params": {
        "lengthscale": 0.8052643182994315,
        "gamma": 6.937840171798943
      },
      "0.01": {
        "coverage": 0.9892672094744633,
        "volume": 11.875806528462602,
        "wsc": 0.9592969472710453,
        "threshold": 0.2781435502929756
      },
      "0.02": {
        "coverage": 0.9764988897113249,
        "volume": 8.688216168527864,
        "wsc": 0.9167437557816837,
        "threshold": 0.1651383055296062
      },
      "0.05": {
        "coverage": 0.9492968171724648,
        "volume": 5.6289423980728,
        "wsc": 0.849213691026827,
        "threshold": 0.08015014581249344
      },
      "0.1": {
        "coverage": 0.903219837157661,
        "volume": 3.7223944905556867,
        "wsc": 0.7715078630897317,
        "threshold": 0.04194217119310432
      }
    }
  },
  "elapsed_s": 2925.7712275981903
}