{
  "dataset": "house",
  "seed": 7,
  "model": "MLP",
  "split": [
    0.5,
    0.25,
    0.25
  ],
  "alphas": [
    0.01,
    0.02,
    0.05,
    0.1
  ],
  "result": {
    "seed": 7,
    "model": "MLP",
    "model_rmse": 0.5744298019412217,
    "meta": {
      "n_train": 10806,
      "n_cal": 5403,
      "n_test": 5404,
      "d": 2,
      "p": 17,
      "elapsed": 1144.2841758728027
    },
    "Mahal": {
      "params": {},
      "0.01": {
        "coverage": 0.9922279792746114,
        "volume": 16.369359388173187,
        "wsc": 0.967622571692877,
        "threshold": 18.357028046006036
      },
      "0.02": {
        "coverage": 0.9831606217616581,
        "volume": 11.71682914504019,
        "wsc": 0.9417206290471786,
        "threshold": 13.139558862710471
      },
      "0.05": {
        "coverage": 0.9494818652849741,
        "volume": 6.6479421742151015,
        "wsc": 0.8603145235892692,
        "threshold": 7.455176347857816
      },
      "0.1": {
        "coverage": 0.8952627683197631,
        "volume": 3.9675126445183397,
        "wsc": 0.7631822386679001,
        "threshold": 4.449272519542058
      }
    },
    "Bonferroni": {
      "params": {},
      "0.01": {
        "coverage": 0.993338267949667,
        "volume": 20.010755996195968,
        "wsc": 0.9740980573543015,
        "threshold": 4.098199831277825
      },
      "0.02": {
        "coverage": 0.985381199111769,
        "volume": 14.342768475951868,
        "wsc": 0.9546716003700277,
        "threshold": 3.46776703152432
      },
      "0.05": {
        "coverage": 0.9485566247224279,
        "volume": 7.696110025569342,
        "wsc": 0.8658649398704903,
        "threshold": 2.5330256403639697
      },
      "0.1": {
        "coverage": 0.8939674315321984,
        "volume": 4.559617977949961,
        "wsc": 0.7761332099907493,
        "threshold": 1.9456182773881792
      }
    },
    "Density": {
      "params": {
        "lengthscale": 0.7747081773078661
      },
      "0.01": {
        "coverage": 0.9920429311621022,
        "volume": 16.90154810784105,
        "wsc": 0.9740980573543015,
        "threshold": 1.4903584191250308
      },
      "0.02": {
        "coverage": 0.9839008142116951,
        "volume": 12.767800267975568,
        "wsc": 0.9555966697502313,
        "threshold": 1.4252178033592227
      },
      "0.05": {
        "coverage": 0.9476313841598816,
        "volume": 7.37977194714076,
        "wsc": 0.8741905642923219,
        "threshold": 1.206900002917615
      },
      "0.1": {
        "coverage": 0.8939674315321984,
        "volume": 4.666777502017642,
        "wsc": 0.7844588344125809,
        "threshold": 0.9736186356018743
      }
    },
    "Kernel": {
      "params": {
        "lengthscale": 0.7747081773078661,
        "gamma": 6.592618304400893
      },
      "0.01": {
        "coverage": 0.9914877868245744,
        "volume": 14.339209672569545,
        "wsc": 0.9648473635522664,
        "threshold": 0.33941474432388913
      },
      "0.02": {
        "coverage": 0.981680236861584,
        "volume": 10.222465004419599,
        "wsc": 0.9324699352451434,
        "threshold": 0.20603355483747723
      },
      "0.05": {
        "coverage": 0.9483715766099186,
        "volume": 6.146053441269295,
        "wsc": 0.8501387604070305,
        "threshold": 0.09450843023073179
      },
      "0.1": {
        "coverage": 0.8960029607698001,
        "volume": 3.749792497172793,
        "wsc": 0.7548566142460684,
        "threshold": 0.0449968934368362
      }
    }
  },
  "elapsed_s": 1144.2850224971771
}