{
  "dataset": "blog_data",
  "seed": 49,
  "model": "Ridge",
  "split": [
    0.5,
    0.25,
    0.25
  ],
  "alphas": [
    0.01,
    0.02,
    0.05,
    0.1
  ],
  "result": {
    "seed": 49,
    "model": "Ridge",
    "model_rmse": 0.6400109968207578,
    "meta": {
      "n_train": 26198,
      "n_cal": 13099,
      "n_test": 13100,
      "d": 4,
      "p": 277,
      "elapsed": 15477.885967254639
    },
    "Mahal": {
      "params": {},
      "0.01": {
        "coverage": 0.9940458015267175,
        "volume": 2213.5141696788355,
        "wsc": 0.9797709923664122,
        "threshold": 41.31135970737873
      },
      "0.02": {
        "coverage": 0.9845038167938931,
        "volume": 414.6504852081927,
        "wsc": 0.9469465648854962,
        "threshold": 17.880078664344698
      },
      "0.05": {
        "coverage": 0.9544274809160306,
        "volume": 62.47257216804756,
        "wsc": 0.8603053435114504,
        "threshold": 6.940216682772478
      },
      "0.1": {
        "coverage": 0.8983206106870228,
        "volume": 21.85750418606723,
        "wsc": 0.7534351145038168,
        "threshold": 4.105146131027461
      }
    },
    "Bonferroni": {
      "params": {},
      "0.01": {
        "coverage": 0.9943511450381679,
        "volume": 4354.454479672061,
        "wsc": 0.9809160305343512,
        "threshold": 6.345377759514427
      },
      "0.02": {
        "coverage": 0.9856488549618321,
        "volume": 1157.2051284900851,
        "wsc": 0.9519083969465649,
        "threshold": 4.040307103489788
      },
      "0.05": {
        "coverage": 0.9532824427480916,
        "volume": 149.57374127328825,
        "wsc": 0.8557251908396947,
        "threshold": 2.3403648503911225
      },
      "0.1": {
        "coverage": 0.8962595419847328,
        "volume": 57.528362028187786,
        "wsc": 0.766412213740458,
        "threshold": 1.8416149168174427
      }
    },
    "Density": {
      "params": {
        "lengthscale": 2.453461391385096
      },
      "0.01": {
        "coverage": 0.9945038167938931,
        "volume": 2252.899162196185,
        "wsc": 0.9786259541984733,
        "threshold": 1.530363483772761
      },
      "0.02": {
        "coverage": 0.9857251908396947,
        "volume": 609.8006374987906,
        "wsc": 0.9473282442748091,
        "threshold": 1.0700334865061676
      },
      "0.05": {
        "coverage": 0.9522900763358778,
        "volume": 74.34434477488884,
        "wsc": 0.8656488549618321,
        "threshold": 0.4737083630295015
      },
      "0.1": {
        "coverage": 0.8986259541984732,
        "volume": 35.84459480217855,
        "wsc": 0.7816793893129771,
        "threshold": 0.3456281710265928
      }
    },
    "Kernel": {
      "params": {
        "lengthscale": 2.453461391385096,
        "gamma": 0.9655509888728583
      },
      "0.01": {
        "coverage": 0.9923664122137404,
        "volume": 207.10210330147606,
        "wsc": 0.9721374045801526,
        "threshold": 0.06315748784619138
      },
      "0.02": {
        "coverage": 0.9829007633587786,
        "volume": 88.94769821281344,
        "wsc": 0.9385496183206107,
        "threshold": 0.028405176335778784
      },
      "0.05": {
        "coverage": 0.9545801526717558,
        "volume": 15.930931023190464,
        "wsc": 0.8603053435114504,
        "threshold": 0.00778286560582134
      },
      "0.1": {
        "coverage": 0.900381679389313,
        "volume": 5.310310341063488,
        "wsc": 0.7370229007633587,
        "threshold": 0.0028446735936918377
      }
    }
  },
  "elapsed_s": 15477.889146327972
}