{
  "dataset": "blog_data",
  "seed": 5,
  "model": "Ridge",
  "split": [
    0.5,
    0.25,
    0.25
  ],
  "alphas": [
    0.01,
    0.02,
    0.05,
    0.1
  ],
  "result": {
    "seed": 5,
    "model": "Ridge",
    "model_rmse": 0.6843227353153517,
    "meta": {
      "n_train": 26198,
      "n_cal": 13099,
      "n_test": 13100,
      "d": 4,
      "p": 277,
      "elapsed": 15989.903318881989
    },
    "Mahal": {
      "params": {},
      "0.01": {
        "coverage": 0.9917557251908397,
        "volume": 1416.5455088215488,
        "wsc": 0.9706106870229008,
        "threshold": 39.16957990847997
      },
      "0.02": {
        "coverage": 0.9816030534351146,
        "volume": 229.1557654954062,
        "wsc": 0.9358778625954198,
        "threshold": 15.754297498252773
      },
      "0.05": {
        "coverage": 0.9566412213740458,
        "volume": 46.188741958502476,
        "wsc": 0.8610687022900764,
        "threshold": 7.072968351610496
      },
      "0.1": {
        "coverage": 0.9057251908396946,
        "volume": 16.861594251996365,
        "wsc": 0.7648854961832061,
        "threshold": 4.273492688636383
      }
    },
    "Bonferroni": {
      "params": {},
      "0.01": {
        "coverage": 0.99206106870229,
        "volume": 3271.2776343475202,
        "wsc": 0.9717557251908397,
        "threshold": 6.19894976757654
      },
      "0.02": {
        "coverage": 0.9817557251908396,
        "volume": 585.3277746252014,
        "wsc": 0.9366412213740458,
        "threshold": 3.7144810426357098
      },
      "0.05": {
        "coverage": 0.9546564885496184,
        "volume": 85.81086564827149,
        "wsc": 0.8583969465648855,
        "threshold": 2.354075187245212
      },
      "0.1": {
        "coverage": 0.9033587786259542,
        "volume": 28.60362188275716,
        "wsc": 0.7805343511450382,
        "threshold": 1.8551683251894773
      }
    },
    "Density": {
      "params": {
        "lengthscale": 2.461712507189017
      },
      "0.01": {
        "coverage": 0.991679389312977,
        "volume": 1968.7663647107488,
        "wsc": 0.966793893129771,
        "threshold": 1.4874004090729693
      },
      "0.02": {
        "coverage": 0.980763358778626,
        "volume": 406.72955018652254,
        "wsc": 0.9240458015267176,
        "threshold": 0.9493539582897349
      },
      "0.05": {
        "coverage": 0.953969465648855,
        "volume": 64.8813862218638,
        "wsc": 0.8637404580152672,
        "threshold": 0.47859774278288947
      },
      "0.1": {
        "coverage": 0.9080152671755726,
        "volume": 34.88246571067946,
        "wsc": 0.7977099236641222,
        "threshold": 0.3500616468601509
      }
    },
    "Kernel": {
      "params": {
        "lengthscale": 2.461712507189017,
        "gamma": 0.9357480851888266
      },
      "0.01": {
        "coverage": 0.9896946564885496,
        "volume": 172.31938061075655,
        "wsc": 0.9595419847328245,
        "threshold": 0.05751084428999297
      },
      "0.02": {
        "coverage": 0.982442748091603,
        "volume": 76.74142456349482,
        "wsc": 0.933206106870229,
        "threshold": 0.028292842387011685
      },
      "0.05": {
        "coverage": 0.9529770992366412,
        "volume": 16.045934226912554,
        "wsc": 0.851526717557252,
        "threshold": 0.007277685950451087
      },
      "0.1": {
        "coverage": 0.9059541984732824,
        "volume": 6.976493142135893,
        "wsc": 0.750381679389313,
        "threshold": 0.002854040004725028
      }
    }
  },
  "elapsed_s": 15989.9067132473
}