{
  "dataset": "blog_data",
  "seed": 26,
  "model": "MLP",
  "split": [
    0.5,
    0.25,
    0.25
  ],
  "alphas": [
    0.01,
    0.02,
    0.05,
    0.1
  ],
  "result": {
    "seed": 26,
    "model": "MLP",
    "model_rmse": 0.48269173019247946,
    "meta": {
      "n_train": 26198,
      "n_cal": 13099,
      "n_test": 13100,
      "d": 4,
      "p": 277,
      "elapsed": 16473.81533074379
    },
    "Mahal": {
      "params": {},
      "0.01": {
        "coverage": 0.9906106870229008,
        "volume": 289.0044658954296,
        "wsc": 0.9687022900763359,
        "threshold": 41.59482869032235
      },
      "0.02": {
        "coverage": 0.9803053435114504,
        "volume": 75.12259644790925,
        "wsc": 0.9393129770992367,
        "threshold": 21.206664127211738
      },
      "0.05": {
        "coverage": 0.9522900763358778,
        "volume": 17.420813706490126,
        "wsc": 0.8721374045801527,
        "threshold": 10.21224631706937
      },
      "0.1": {
        "coverage": 0.9000763358778626,
        "volume": 5.20234363969549,
        "wsc": 0.7625954198473283,
        "threshold": 5.580673068695948
      }
    },
    "Bonferroni": {
      "params": {},
      "0.01": {
        "coverage": 0.9900763358778626,
        "volume": 657.4200295154602,
        "wsc": 0.9679389312977099,
        "threshold": 5.908024971717315
      },
      "0.02": {
        "coverage": 0.9806106870229008,
        "volume": 176.76004211409696,
        "wsc": 0.9431297709923664,
        "threshold": 4.227254248610157
      },
      "0.05": {
        "coverage": 0.9527480916030534,
        "volume": 37.44916146485105,
        "wsc": 0.8778625954198473,
        "threshold": 2.855982968182315
      },
      "0.1": {
        "coverage": 0.9,
        "volume": 10.485765210158293,
        "wsc": 0.7694656488549618,
        "threshold": 2.059490471362055
      }
    },
    "Density": {
      "params": {
        "lengthscale": 1.2181876424978393
      },
      "0.01": {
        "coverage": 0.9914503816793893,
        "volume": 818.2641780069955,
        "wsc": 0.9679389312977099,
        "threshold": 1.7667898040882304
      },
      "0.02": {
        "coverage": 0.9790839694656489,
        "volume": 124.33121606330549,
        "wsc": 0.9301526717557251,
        "threshold": 1.4385682278202865
      },
      "0.05": {
        "coverage": 0.9512213740458015,
        "volume": 17.03936846650723,
        "wsc": 0.8583969465648855,
        "threshold": 0.8205897719339246
      },
      "0.1": {
        "coverage": 0.9026717557251909,
        "volume": 4.6811451831063815,
        "wsc": 0.7564885496183206,
        "threshold": 0.47859491585978375
      }
    },
    "Kernel": {
      "params": {
        "lengthscale": 1.2181876424978393,
        "gamma": 0.9673758990937459
      },
      "0.01": {
        "coverage": 0.9870229007633587,
        "volume": 84.26061329591488,
        "wsc": 0.9541984732824428,
        "threshold": 0.15902449231462043
      },
      "0.02": {
        "coverage": 0.9774045801526717,
        "volume": 33.14250789639318,
        "wsc": 0.9232824427480916,
        "threshold": 0.070548307579325
      },
      "0.05": {
        "coverage": 0.9484732824427481,
        "volume": 7.1153406783217,
        "wsc": 0.8473282442748091,
        "threshold": 0.01880938250865854
      },
      "0.1": {
        "coverage": 0.9017557251908397,
        "volume": 3.1831787245123397,
        "wsc": 0.7431297709923664,
        "threshold": 0.00646353236626983
      }
    }
  },
  "elapsed_s": 16473.818618297577
}