{
  "dataset": "blog_data",
  "seed": 21,
  "model": "MLP",
  "split": [
    0.5,
    0.25,
    0.25
  ],
  "alphas": [
    0.01,
    0.02,
    0.05,
    0.1
  ],
  "result": {
    "seed": 21,
    "model": "MLP",
    "model_rmse": 0.5189681585258105,
    "meta": {
      "n_train": 26198,
      "n_cal": 13099,
      "n_test": 13100,
      "d": 4,
      "p": 277,
      "elapsed": 15810.582413196564
    },
    "Mahal": {
      "params": {},
      "0.01": {
        "coverage": 0.9894656488549618,
        "volume": 435.3490175028507,
        "wsc": 0.9637404580152672,
        "threshold": 47.000390279714274
      },
      "0.02": {
        "coverage": 0.980763358778626,
        "volume": 111.37289478624221,
        "wsc": 0.9396946564885497,
        "threshold": 23.772367412136166
      },
      "0.05": {
        "coverage": 0.9500763358778626,
        "volume": 17.17672911634115,
        "wsc": 0.8645038167938931,
        "threshold": 9.335829535293934
      },
      "0.1": {
        "coverage": 0.9028244274809161,
        "volume": 4.831083312381056,
        "wsc": 0.7648854961832061,
        "threshold": 4.951136997450485
      }
    },
    "Bonferroni": {
      "params": {},
      "0.01": {
        "coverage": 0.9894656488549618,
        "volume": 1099.7833975381943,
        "wsc": 0.9637404580152672,
        "threshold": 6.433368922842397
      },
      "0.02": {
        "coverage": 0.9801526717557252,
        "volume": 297.3065906622962,
        "wsc": 0.9389312977099237,
        "threshold": 4.571423210090441
      },
      "0.05": {
        "coverage": 0.9512213740458015,
        "volume": 36.05099103963376,
        "wsc": 0.8694656488549618,
        "threshold": 2.7664163589592294
      },
      "0.1": {
        "coverage": 0.9016030534351145,
        "volume": 7.07329571030789,
        "wsc": 0.7721374045801527,
        "threshold": 1.96297850411087
      }
    },
    "Density": {
      "params": {
        "lengthscale": 1.1846565432200515
      },
      "0.01": {
        "coverage": 0.989618320610687,
        "volume": 802.0204652171689,
        "wsc": 0.9622137404580152,
        "threshold": 1.7673364528751034
      },
      "0.02": {
        "coverage": 0.981526717557252,
        "volume": 185.9592259322881,
        "wsc": 0.9351145038167938,
        "threshold": 1.5675077576147605
      },
      "0.05": {
        "coverage": 0.9502290076335878,
        "volume": 15.515616396804404,
        "wsc": 0.8583969465648855,
        "threshold": 0.8542643176625226
      },
      "0.1": {
        "coverage": 0.9055725190839695,
        "volume": 2.0535374642829356,
        "wsc": 0.7625954198473283,
        "threshold": 0.4796139705489863
      }
    },
    "Kernel": {
      "params": {
        "lengthscale": 1.1846565432200515,
        "gamma": 0.9880053252812833
      },
      "0.01": {
        "coverage": 0.9870229007633587,
        "volume": 74.15551954355047,
        "wsc": 0.9522900763358778,
        "threshold": 0.1522679629799379
      },
      "0.02": {
        "coverage": 0.9785496183206107,
        "volume": 31.943916111067892,
        "wsc": 0.9293893129770993,
        "threshold": 0.07888069583677054
      },
      "0.05": {
        "coverage": 0.9496183206106871,
        "volume": 4.7915874166601835,
        "wsc": 0.8519083969465648,
        "threshold": 0.020822292000369398
      },
      "0.1": {
        "coverage": 0.9034351145038167,
        "volume": 1.3690249761886237,
        "wsc": 0.7431297709923664,
        "threshold": 0.006654676020621863
      }
    }
  },
  "elapsed_s": 15810.5855178833
}