{
  "dataset": "blog_data",
  "seed": 22,
  "model": "Ridge",
  "split": [
    0.5,
    0.25,
    0.25
  ],
  "alphas": [
    0.01,
    0.02,
    0.05,
    0.1
  ],
  "result": {
    "seed": 22,
    "model": "Ridge",
    "model_rmse": 0.6536406244463406,
    "meta": {
      "n_train": 26198,
      "n_cal": 13099,
      "n_test": 13100,
      "d": 4,
      "p": 277,
      "elapsed": 16370.68666267395
    },
    "Mahal": {
      "params": {},
      "0.01": {
        "coverage": 0.9916030534351145,
        "volume": 1518.8255476380184,
        "wsc": 0.9706106870229008,
        "threshold": 42.633604751232944
      },
      "0.02": {
        "coverage": 0.981679389312977,
        "volume": 302.32867897704284,
        "wsc": 0.9404580152671755,
        "threshold": 19.02119426156325
      },
      "0.05": {
        "coverage": 0.9531297709923664,
        "volume": 46.16346222923325,
        "wsc": 0.8553435114503817,
        "threshold": 7.432711813937715
      },
      "0.1": {
        "coverage": 0.9015267175572519,
        "volume": 16.453732811037312,
        "wsc": 0.7599236641221374,
        "threshold": 4.437417871004375
      }
    },
    "Bonferroni": {
      "params": {},
      "0.01": {
        "coverage": 0.9912977099236642,
        "volume": 3193.929537920086,
        "wsc": 0.9683206106870229,
        "threshold": 6.308131933147414
      },
      "0.02": {
        "coverage": 0.9818320610687022,
        "volume": 830.6597552033022,
        "wsc": 0.9400763358778625,
        "threshold": 4.177027766238165
      },
      "0.05": {
        "coverage": 0.9529007633587786,
        "volume": 86.67430495403916,
        "wsc": 0.8549618320610687,
        "threshold": 2.457064362739513
      },
      "0.1": {
        "coverage": 0.9013740458015267,
        "volume": 29.387425284845893,
        "wsc": 0.7748091603053435,
        "threshold": 1.8904935878283433
      }
    },
    "Density": {
      "params": {
        "lengthscale": 2.4624204462429082
      },
      "0.01": {
        "coverage": 0.99206106870229,
        "volume": 1716.0024409999253,
        "wsc": 0.9683206106870229,
        "threshold": 1.4446709340501485
      },
      "0.02": {
        "coverage": 0.9814503816793894,
        "volume": 431.5115611445726,
        "wsc": 0.933969465648855,
        "threshold": 0.9680609401381108
      },
      "0.05": {
        "coverage": 0.9506870229007633,
        "volume": 65.09872689681052,
        "wsc": 0.8656488549618321,
        "threshold": 0.47025202372428865
      },
      "0.1": {
        "coverage": 0.899618320610687,
        "volume": 27.899454384347365,
        "wsc": 0.7816793893129771,
        "threshold": 0.3443229917317192
      }
    },
    "Kernel": {
      "params": {
        "lengthscale": 2.4624204462429082,
        "gamma": 0.8778747372546842
      },
      "0.01": {
        "coverage": 0.990763358778626,
        "volume": 171.11665355733052,
        "wsc": 0.9648854961832061,
        "threshold": 0.053260350411930335
      },
      "0.02": {
        "coverage": 0.9834351145038168,
        "volume": 74.77053775005095,
        "wsc": 0.9454198473282442,
        "threshold": 0.02599947648007629
      },
      "0.05": {
        "coverage": 0.9527480916030534,
        "volume": 14.879709004985262,
        "wsc": 0.8530534351145038,
        "threshold": 0.007310593646545579
      },
      "0.1": {
        "coverage": 0.8962595419847328,
        "volume": 4.463912701495579,
        "wsc": 0.7301526717557252,
        "threshold": 0.0025917710587652506
      }
    }
  },
  "elapsed_s": 16370.689806461334
}