{
  "dataset": "blog_data",
  "seed": 15,
  "model": "MLP",
  "split": [
    0.5,
    0.25,
    0.25
  ],
  "alphas": [
    0.01,
    0.02,
    0.05,
    0.1
  ],
  "result": {
    "seed": 15,
    "model": "MLP",
    "model_rmse": 0.48493168746189247,
    "meta": {
      "n_train": 26198,
      "n_cal": 13099,
      "n_test": 13100,
      "d": 4,
      "p": 277,
      "elapsed": 16219.308445215225
    },
    "Mahal": {
      "params": {},
      "0.01": {
        "coverage": 0.9912213740458016,
        "volume": 506.7386914954666,
        "wsc": 0.9648854961832061,
        "threshold": 46.55844077439996
      },
      "0.02": {
        "coverage": 0.9812213740458016,
        "volume": 119.45887842266892,
        "wsc": 0.9362595419847328,
        "threshold": 22.60557775030739
      },
      "0.05": {
        "coverage": 0.9483206106870229,
        "volume": 17.90604109482518,
        "wsc": 0.8534351145038168,
        "threshold": 8.751977311452471
      },
      "0.1": {
        "coverage": 0.8990839694656488,
        "volume": 5.4183994459881015,
        "wsc": 0.7519083969465649,
        "threshold": 4.8143970445091755
      }
    },
    "Bonferroni": {
      "params": {},
      "0.01": {
        "coverage": 0.9912213740458016,
        "volume": 1308.6844858974114,
        "wsc": 0.9645038167938931,
        "threshold": 6.423513637171012
      },
      "0.02": {
        "coverage": 0.9816030534351146,
        "volume": 277.14966949733184,
        "wsc": 0.9393129770992367,
        "threshold": 4.37632863493382
      },
      "0.05": {
        "coverage": 0.9489312977099237,
        "volume": 38.67204690660444,
        "wsc": 0.8549618320610687,
        "threshold": 2.641060180732402
      },
      "0.1": {
        "coverage": 0.8974045801526718,
        "volume": 12.890682302201482,
        "wsc": 0.7595419847328244,
        "threshold": 1.9577333154547853
      }
    },
    "Density": {
      "params": {
        "lengthscale": 1.1640043542228107
      },
      "0.01": {
        "coverage": 0.9917557251908397,
        "volume": 1016.6825085301517,
        "wsc": 0.9656488549618321,
        "threshold": 1.7821010971969518
      },
      "0.02": {
        "coverage": 0.98206106870229,
        "volume": 178.50792666309442,
        "wsc": 0.9362595419847328,
        "threshold": 1.5859243396102174
      },
      "0.05": {
        "coverage": 0.9503053435114504,
        "volume": 15.132540093888696,
        "wsc": 0.8572519083969465,
        "threshold": 0.8426096550193761
      },
      "0.1": {
        "coverage": 0.8977862595419848,
        "volume": 3.643018911491723,
        "wsc": 0.7435114503816794,
        "threshold": 0.4642864282919667
      }
    },
    "Kernel": {
      "params": {
        "lengthscale": 1.1640043542228107,
        "gamma": 0.9998922447852389
      },
      "0.01": {
        "coverage": 0.9889312977099237,
        "volume": 86.03129275599686,
        "wsc": 0.9599236641221374,
        "threshold": 0.1833958254691197
      },
      "0.02": {
        "coverage": 0.9781679389312977,
        "volume": 30.8255446356992,
        "wsc": 0.9236641221374046,
        "threshold": 0.07964333683924898
      },
      "0.05": {
        "coverage": 0.950381679389313,
        "volume": 6.16510892713984,
        "wsc": 0.8488549618320611,
        "threshold": 0.021492946062576505
      },
      "0.1": {
        "coverage": 0.8990076335877862,
        "volume": 1.1209288958436072,
        "wsc": 0.7381679389312977,
        "threshold": 0.006237998287997405
      }
    }
  },
  "elapsed_s": 16219.311824321747
}