{
  "dataset": "blog_data",
  "seed": 47,
  "model": "Ridge",
  "split": [
    0.5,
    0.25,
    0.25
  ],
  "alphas": [
    0.01,
    0.02,
    0.05,
    0.1
  ],
  "result": {
    "seed": 47,
    "model": "Ridge",
    "model_rmse": 0.7202742725606728,
    "meta": {
      "n_train": 26198,
      "n_cal": 13099,
      "n_test": 13100,
      "d": 4,
      "p": 277,
      "elapsed": 15875.655733346939
    },
    "Mahal": {
      "params": {},
      "0.01": {
        "coverage": 0.9897709923664122,
        "volume": 1553.9233232561278,
        "wsc": 0.9622137404580152,
        "threshold": 42.67928336329029
      },
      "0.02": {
        "coverage": 0.9801526717557252,
        "volume": 295.72058458526215,
        "wsc": 0.9320610687022901,
        "threshold": 18.618432041995852
      },
      "0.05": {
        "coverage": 0.9482442748091603,
        "volume": 44.62400681398029,
        "wsc": 0.8419847328244274,
        "threshold": 7.232469444212886
      },
      "0.1": {
        "coverage": 0.9002290076335878,
        "volume": 16.633861558759488,
        "wsc": 0.7534351145038168,
        "threshold": 4.415692955668626
      }
    },
    "Bonferroni": {
      "params": {},
      "0.01": {
        "coverage": 0.9897709923664122,
        "volume": 2992.966743810547,
        "wsc": 0.9622137404580152,
        "threshold": 6.397099601130204
      },
      "0.02": {
        "coverage": 0.9800763358778626,
        "volume": 753.9910732212081,
        "wsc": 0.9320610687022901,
        "threshold": 4.108955644759149
      },
      "0.05": {
        "coverage": 0.9490076335877863,
        "volume": 96.0969014889775,
        "wsc": 0.8427480916030534,
        "threshold": 2.4176244163852627
      },
      "0.1": {
        "coverage": 0.8954961832061069,
        "volume": 35.317664649795155,
        "wsc": 0.7648854961832061,
        "threshold": 1.8693693311654147
      }
    },
    "Density": {
      "params": {
        "lengthscale": 2.486967549933069
      },
      "0.01": {
        "coverage": 0.9889312977099237,
        "volume": 1397.9224473011939,
        "wsc": 0.9580152671755725,
        "threshold": 1.3858107661641632
      },
      "0.02": {
        "coverage": 0.979618320610687,
        "volume": 390.9583342628486,
        "wsc": 0.9236641221374046,
        "threshold": 0.9081445882024165
      },
      "0.05": {
        "coverage": 0.9491603053435115,
        "volume": 63.24325995428434,
        "wsc": 0.8545801526717557,
        "threshold": 0.4650075689364993
      },
      "0.1": {
        "coverage": 0.896793893129771,
        "volume": 28.746936342856515,
        "wsc": 0.7786259541984732,
        "threshold": 0.3412293460523777
      }
    },
    "Kernel": {
      "params": {
        "lengthscale": 2.486967549933069,
        "gamma": 0.8182876570833998
      },
      "0.01": {
        "coverage": 0.9885496183206107,
        "volume": 165.91088975020048,
        "wsc": 0.9576335877862595,
        "threshold": 0.04828178305267889
      },
      "0.02": {
        "coverage": 0.979236641221374,
        "volume": 68.17130618448832,
        "wsc": 0.9263358778625954,
        "threshold": 0.022324005450743315
      },
      "0.05": {
        "coverage": 0.9463358778625954,
        "volume": 16.42682076734658,
        "wsc": 0.8389312977099237,
        "threshold": 0.00632685272377692
      },
      "0.1": {
        "coverage": 0.8951145038167939,
        "volume": 7.392069345305962,
        "wsc": 0.7232824427480916,
        "threshold": 0.002461580051452035
      }
    }
  },
  "elapsed_s": 15875.65888261795
}