{
  "dataset": "blog_data",
  "seed": 12,
  "model": "MLP",
  "split": [
    0.5,
    0.25,
    0.25
  ],
  "alphas": [
    0.01,
    0.02,
    0.05,
    0.1
  ],
  "result": {
    "seed": 12,
    "model": "MLP",
    "model_rmse": 2.6016505459973356,
    "meta": {
      "n_train": 26198,
      "n_cal": 13099,
      "n_test": 13100,
      "d": 4,
      "p": 277,
      "elapsed": 16808.33952975273
    },
    "Mahal": {
      "params": {},
      "0.01": {
        "coverage": 0.9893893129770992,
        "volume": 3744.2797859213188,
        "wsc": 0.9595419847328245,
        "threshold": 28.042848093948912
      },
      "0.02": {
        "coverage": 0.9791603053435115,
        "volume": 935.07285637681,
        "wsc": 0.9351145038167938,
        "threshold": 14.01395433373995
      },
      "0.05": {
        "coverage": 0.9463358778625954,
        "volume": 198.8031264239628,
        "wsc": 0.8614503816793894,
        "threshold": 6.461741463502378
      },
      "0.1": {
        "coverage": 0.8991603053435114,
        "volume": 66.11334221396253,
        "wsc": 0.7461832061068703,
        "threshold": 3.7263404344538458
      }
    },
    "Bonferroni": {
      "params": {},
      "0.01": {
        "coverage": 0.9890839694656488,
        "volume": 7713.4064837312835,
        "wsc": 0.9580152671755725,
        "threshold": 4.1796895910222425
      },
      "0.02": {
        "coverage": 0.979236641221374,
        "volume": 2012.1929957559867,
        "wsc": 0.9354961832061068,
        "threshold": 2.7711296423995018
      },
      "0.05": {
        "coverage": 0.9469465648854962,
        "volume": 335.3654992926645,
        "wsc": 0.8603053435114504,
        "threshold": 1.7975748997083356
      },
      "0.1": {
        "coverage": 0.9007633587786259,
        "volume": 0.0,
        "wsc": 0.7583969465648855,
        "threshold": 1.3340917121039073
      }
    },
    "Density": {
      "params": {
        "lengthscale": 1.6578215620057155
      },
      "0.01": {
        "coverage": 0.9896946564885496,
        "volume": 3018.2894936339803,
        "wsc": 0.9603053435114504,
        "threshold": 1.7381365760073195
      },
      "0.02": {
        "coverage": 0.9810687022900764,
        "volume": 0.0,
        "wsc": 0.934351145038168,
        "threshold": 1.4062708151450725
      },
      "0.05": {
        "coverage": 0.9494656488549619,
        "volume": 0.0,
        "wsc": 0.8557251908396947,
        "threshold": 0.7907489074862875
      },
      "0.1": {
        "coverage": 0.8990839694656488,
        "volume": 0.0,
        "wsc": 0.733587786259542,
        "threshold": 0.49418822173636495
      }
    },
    "Kernel": {
      "params": {
        "lengthscale": 1.6578215620057155,
        "gamma": 0.9872546089061537
      },
      "0.01": {
        "coverage": 0.99,
        "volume": 0.0,
        "wsc": 0.9610687022900763,
        "threshold": 0.14913985916489503
      },
      "0.02": {
        "coverage": 0.9813740458015268,
        "volume": 0.0,
        "wsc": 0.9351145038167938,
        "threshold": 0.07494741692287357
      },
      "0.05": {
        "coverage": 0.9490839694656489,
        "volume": 0.0,
        "wsc": 0.8461832061068703,
        "threshold": 0.01795691771802873
      },
      "0.1": {
        "coverage": 0.9003053435114504,
        "volume": 0.0,
        "wsc": 0.7274809160305343,
        "threshold": 0.0069117978108238195
      }
    }
  },
  "elapsed_s": 16808.342725515366
}