{
  "dataset": "blog_data",
  "seed": 44,
  "model": "Ridge",
  "split": [
    0.5,
    0.25,
    0.25
  ],
  "alphas": [
    0.01,
    0.02,
    0.05,
    0.1
  ],
  "result": {
    "seed": 44,
    "model": "Ridge",
    "model_rmse": 0.7208382197795429,
    "meta": {
      "n_train": 26198,
      "n_cal": 13099,
      "n_test": 13100,
      "d": 4,
      "p": 277,
      "elapsed": 15721.539749622345
    },
    "Mahal": {
      "params": {},
      "0.01": {
        "coverage": 0.9896946564885496,
        "volume": 1240.8776010811296,
        "wsc": 0.9606870229007634,
        "threshold": 40.44047728820864
      },
      "0.02": {
        "coverage": 0.9800763358778626,
        "volume": 267.8972278966162,
        "wsc": 0.9290076335877863,
        "threshold": 18.790395007199752
      },
      "0.05": {
        "coverage": 0.9496946564885497,
        "volume": 38.57405065546884,
        "wsc": 0.8408396946564886,
        "threshold": 7.130162425337158
      },
      "0.1": {
        "coverage": 0.8947328244274809,
        "volume": 13.485552069236356,
        "wsc": 0.7366412213740458,
        "threshold": 4.215859851169825
      }
    },
    "Bonferroni": {
      "params": {},
      "0.01": {
        "coverage": 0.9895419847328244,
        "volume": 2209.993359524403,
        "wsc": 0.9603053435114504,
        "threshold": 6.1412840985359685
      },
      "0.02": {
        "coverage": 0.980381679389313,
        "volume": 622.5056387046154,
        "wsc": 0.9305343511450381,
        "threshold": 4.091580338909916
      },
      "0.05": {
        "coverage": 0.9500763358778626,
        "volume": 85.55764702575284,
        "wsc": 0.8438931297709924,
        "threshold": 2.368821519429125
      },
      "0.1": {
        "coverage": 0.8964885496183206,
        "volume": 28.519215675250948,
        "wsc": 0.7606870229007634,
        "threshold": 1.8624115890134523
      }
    },
    "Density": {
      "params": {
        "lengthscale": 2.4648996080034573
      },
      "0.01": {
        "coverage": 0.9897709923664122,
        "volume": 1613.7942387271312,
        "wsc": 0.9603053435114504,
        "threshold": 1.4230857626256799
      },
      "0.02": {
        "coverage": 0.9786259541984733,
        "volume": 396.8104663780606,
        "wsc": 0.9187022900763359,
        "threshold": 0.9253057388345785
      },
      "0.05": {
        "coverage": 0.9491603053435115,
        "volume": 68.59363080512944,
        "wsc": 0.8465648854961833,
        "threshold": 0.47037895358068743
      },
      "0.1": {
        "coverage": 0.8970229007633588,
        "volume": 34.419743056337346,
        "wsc": 0.7759541984732824,
        "threshold": 0.3440463683572812
      }
    },
    "Kernel": {
      "params": {
        "lengthscale": 2.4648996080034573,
        "gamma": 0.8676263082523104
      },
      "0.01": {
        "coverage": 0.9891603053435114,
        "volume": 204.3057605701167,
        "wsc": 0.9572519083969465,
        "threshold": 0.057988117645703066
      },
      "0.02": {
        "coverage": 0.9785496183206107,
        "volume": 74.24830287867057,
        "wsc": 0.9244274809160306,
        "threshold": 0.024072468451185814
      },
      "0.05": {
        "coverage": 0.9484732824427481,
        "volume": 16.472305605532874,
        "wsc": 0.8351145038167939,
        "threshold": 0.006713577144355331
      },
      "0.1": {
        "coverage": 0.896030534351145,
        "volume": 4.917106150905336,
        "wsc": 0.7141221374045802,
        "threshold": 0.0025613749679489323
      }
    }
  },
  "elapsed_s": 15721.542777776718
}