{
  "dataset": "blog_data",
  "seed": 32,
  "model": "MLP",
  "split": [
    0.5,
    0.25,
    0.25
  ],
  "alphas": [
    0.01,
    0.02,
    0.05,
    0.1
  ],
  "result": {
    "seed": 32,
    "model": "MLP",
    "model_rmse": 0.5194922466692503,
    "meta": {
      "n_train": 26198,
      "n_cal": 13099,
      "n_test": 13100,
      "d": 4,
      "p": 277,
      "elapsed": 16261.137660503387
    },
    "Mahal": {
      "params": {},
      "0.01": {
        "coverage": 0.9884732824427481,
        "volume": 389.94479974596794,
        "wsc": 0.9610687022900763,
        "threshold": 51.76102684064036
      },
      "0.02": {
        "coverage": 0.9785496183206107,
        "volume": 94.31140076739372,
        "wsc": 0.9309160305343511,
        "threshold": 25.455604481067144
      },
      "0.05": {
        "coverage": 0.9487786259541985,
        "volume": 12.659621005351692,
        "wsc": 0.8576335877862595,
        "threshold": 9.326349125827209
      },
      "0.1": {
        "coverage": 0.8976335877862596,
        "volume": 3.5116913020037686,
        "wsc": 0.7587786259541984,
        "threshold": 4.91201272001167
      }
    },
    "Bonferroni": {
      "params": {},
      "0.01": {
        "coverage": 0.9885496183206107,
        "volume": 1124.536916891819,
        "wsc": 0.9618320610687023,
        "threshold": 6.92072211360606
      },
      "0.02": {
        "coverage": 0.979236641221374,
        "volume": 236.5628523826168,
        "wsc": 0.9351145038167938,
        "threshold": 4.67329759128359
      },
      "0.05": {
        "coverage": 0.9470229007633588,
        "volume": 26.33272626886793,
        "wsc": 0.8576335877862595,
        "threshold": 2.685762158754851
      },
      "0.1": {
        "coverage": 0.9002290076335878,
        "volume": 8.417838725293846,
        "wsc": 0.7717557251908397,
        "threshold": 1.9785663579722177
      }
    },
    "Density": {
      "params": {
        "lengthscale": 1.1624662879710645
      },
      "0.01": {
        "coverage": 0.9886259541984733,
        "volume": 1024.1703782440845,
        "wsc": 0.9603053435114504,
        "threshold": 1.781643813110972
      },
      "0.02": {
        "coverage": 0.9781679389312977,
        "volume": 236.7786944012141,
        "wsc": 0.9259541984732824,
        "threshold": 1.6188555392020647
      },
      "0.05": {
        "coverage": 0.9500763358778626,
        "volume": 16.619835431990413,
        "wsc": 0.8549618320610687,
        "threshold": 0.8668390592540057
      },
      "0.1": {
        "coverage": 0.8976335877862596,
        "volume": 4.3168403719455615,
        "wsc": 0.749236641221374,
        "threshold": 0.46021125500654547
      }
    },
    "Kernel": {
      "params": {
        "lengthscale": 1.1624662879710645,
        "gamma": 0.9972250715233543
      },
      "0.01": {
        "coverage": 0.9855725190839695,
        "volume": 72.09123421149089,
        "wsc": 0.9496183206106871,
        "threshold": 0.17081385155941775
      },
      "0.02": {
        "coverage": 0.9749618320610687,
        "volume": 30.217882603618936,
        "wsc": 0.9183206106870229,
        "threshold": 0.08348049734462767
      },
      "0.05": {
        "coverage": 0.9461832061068702,
        "volume": 6.691102576515622,
        "wsc": 0.8454198473282443,
        "threshold": 0.020309527252642283
      },
      "0.1": {
        "coverage": 0.8962595419847328,
        "volume": 2.374262204570059,
        "wsc": 0.7362595419847329,
        "threshold": 0.006190750879770608
      }
    }
  },
  "elapsed_s": 16261.140818834305
}