{
  "dataset": "blog_data",
  "seed": 21,
  "model": "Ridge",
  "split": [
    0.5,
    0.25,
    0.25
  ],
  "alphas": [
    0.01,
    0.02,
    0.05,
    0.1
  ],
  "result": {
    "seed": 21,
    "model": "Ridge",
    "model_rmse": 0.7026462506382989,
    "meta": {
      "n_train": 26198,
      "n_cal": 13099,
      "n_test": 13100,
      "d": 4,
      "p": 277,
      "elapsed": 16011.8207654953
    },
    "Mahal": {
      "params": {},
      "0.01": {
        "coverage": 0.9894656488549618,
        "volume": 1111.4319374053107,
        "wsc": 0.9648854961832061,
        "threshold": 45.895472926384365
      },
      "0.02": {
        "coverage": 0.9802290076335878,
        "volume": 253.55520580617895,
        "wsc": 0.9316793893129771,
        "threshold": 21.921217900421446
      },
      "0.05": {
        "coverage": 0.9523664122137404,
        "volume": 38.86392218836398,
        "wsc": 0.8538167938931298,
        "threshold": 8.582261182708827
      },
      "0.1": {
        "coverage": 0.899618320610687,
        "volume": 11.828146927283493,
        "wsc": 0.7538167938931297,
        "threshold": 4.7346378817448596
      }
    },
    "Bonferroni": {
      "params": {},
      "0.01": {
        "coverage": 0.9895419847328244,
        "volume": 2070.9173354245067,
        "wsc": 0.9652671755725191,
        "threshold": 6.5591028312848545
      },
      "0.02": {
        "coverage": 0.9804580152671756,
        "volume": 607.1473275638674,
        "wsc": 0.933206106870229,
        "threshold": 4.442535607303025
      },
      "0.05": {
        "coverage": 0.9527480916030534,
        "volume": 80.32607860473632,
        "wsc": 0.8572519083969465,
        "threshold": 2.580840188236506
      },
      "0.1": {
        "coverage": 0.897557251908397,
        "volume": 24.584991618092786,
        "wsc": 0.7618320610687023,
        "threshold": 1.9486977607235096
      }
    },
    "Density": {
      "params": {
        "lengthscale": 2.4798161941158763
      },
      "0.01": {
        "coverage": 0.9894656488549618,
        "volume": 1202.6252812260595,
        "wsc": 0.9614503816793893,
        "threshold": 1.320292563296375
      },
      "0.02": {
        "coverage": 0.9803053435114504,
        "volume": 391.66044250574544,
        "wsc": 0.9267175572519084,
        "threshold": 0.9217383571254819
      },
      "0.05": {
        "coverage": 0.9509160305343511,
        "volume": 70.12953830230154,
        "wsc": 0.8591603053435114,
        "threshold": 0.46744519543534463
      },
      "0.1": {
        "coverage": 0.8983969465648854,
        "volume": 33.875172782533376,
        "wsc": 0.7858778625954198,
        "threshold": 0.3452440401705669
      }
    },
    "Kernel": {
      "params": {
        "lengthscale": 2.4798161941158763,
        "gamma": 0.7695151755210774
      },
      "0.01": {
        "coverage": 0.9889312977099237,
        "volume": 178.21286550811038,
        "wsc": 0.9591603053435115,
        "threshold": 0.04431914048110369
      },
      "0.02": {
        "coverage": 0.979618320610687,
        "volume": 73.86826974652763,
        "wsc": 0.9267175572519084,
        "threshold": 0.02164998835971901
      },
      "0.05": {
        "coverage": 0.9502290076335878,
        "volume": 20.053195928121763,
        "wsc": 0.8423664122137404,
        "threshold": 0.006646950598202515
      },
      "0.1": {
        "coverage": 0.8974809160305344,
        "volume": 5.6647446124637755,
        "wsc": 0.7393129770992366,
        "threshold": 0.0023096517958581552
      }
    }
  },
  "elapsed_s": 16011.824534893036
}