{
  "dataset": "blog_data",
  "seed": 6,
  "model": "Ridge",
  "split": [
    0.5,
    0.25,
    0.25
  ],
  "alphas": [
    0.01,
    0.02,
    0.05,
    0.1
  ],
  "result": {
    "seed": 6,
    "model": "Ridge",
    "model_rmse": 0.696774741736113,
    "meta": {
      "n_train": 26198,
      "n_cal": 13099,
      "n_test": 13100,
      "d": 4,
      "p": 277,
      "elapsed": 15583.362333774567
    },
    "Mahal": {
      "params": {},
      "0.01": {
        "coverage": 0.9919847328244275,
        "volume": 1000.563898970342,
        "wsc": 0.9713740458015268,
        "threshold": 37.99637245183948
      },
      "0.02": {
        "coverage": 0.9831297709923664,
        "volume": 199.58156697013808,
        "wsc": 0.9412213740458015,
        "threshold": 16.969925493397373
      },
      "0.05": {
        "coverage": 0.9510687022900763,
        "volume": 35.38183164463695,
        "wsc": 0.8469465648854961,
        "threshold": 7.1451257637579735
      },
      "0.1": {
        "coverage": 0.9006106870229008,
        "volume": 12.830591544626024,
        "wsc": 0.7484732824427481,
        "threshold": 4.302719763222364
      }
    },
    "Bonferroni": {
      "params": {},
      "0.01": {
        "coverage": 0.9919847328244275,
        "volume": 2350.454729007074,
        "wsc": 0.9713740458015268,
        "threshold": 5.982473254197608
      },
      "0.02": {
        "coverage": 0.98206106870229,
        "volume": 461.8759339208918,
        "wsc": 0.9404580152671755,
        "threshold": 3.7923503105876786
      },
      "0.05": {
        "coverage": 0.9522137404580152,
        "volume": 75.15861933244408,
        "wsc": 0.8534351145038168,
        "threshold": 2.388755846569751
      },
      "0.1": {
        "coverage": 0.8990839694656488,
        "volume": 27.529029174092887,
        "wsc": 0.7576335877862596,
        "threshold": 1.8535296755471382
      }
    },
    "Density": {
      "params": {
        "lengthscale": 2.4489754977266043
      },
      "0.01": {
        "coverage": 0.9914503816793893,
        "volume": 1743.0682123088338,
        "wsc": 0.9679389312977099,
        "threshold": 1.4442952764328618
      },
      "0.02": {
        "coverage": 0.982442748091603,
        "volume": 398.95243866582234,
        "wsc": 0.9309160305343511,
        "threshold": 0.940178017432581
      },
      "0.05": {
        "coverage": 0.9500763358778626,
        "volume": 71.66286959605132,
        "wsc": 0.850381679389313,
        "threshold": 0.477833341227893
      },
      "0.1": {
        "coverage": 0.9015267175572519,
        "volume": 34.95749736392747,
        "wsc": 0.7725190839694657,
        "threshold": 0.35137555590189806
      }
    },
    "Kernel": {
      "params": {
        "lengthscale": 2.4489754977266043,
        "gamma": 0.871480860939598
      },
      "0.01": {
        "coverage": 0.9912977099236642,
        "volume": 206.68620316422118,
        "wsc": 0.9671755725190839,
        "threshold": 0.05573411309587613
      },
      "0.02": {
        "coverage": 0.98206106870229,
        "volume": 85.20889982457322,
        "wsc": 0.933587786259542,
        "threshold": 0.026168681910063257
      },
      "0.05": {
        "coverage": 0.9497709923664122,
        "volume": 17.91571739901283,
        "wsc": 0.8412213740458016,
        "threshold": 0.007192258305312193
      },
      "0.1": {
        "coverage": 0.9025954198473283,
        "volume": 3.4957497363927477,
        "wsc": 0.7408396946564886,
        "threshold": 0.002681365146335069
      }
    }
  },
  "elapsed_s": 15583.365321874619
}