{
  "dataset": "blog_data",
  "seed": 25,
  "model": "MLP",
  "split": [
    0.5,
    0.25,
    0.25
  ],
  "alphas": [
    0.01,
    0.02,
    0.05,
    0.1
  ],
  "result": {
    "seed": 25,
    "model": "MLP",
    "model_rmse": 0.4633768825093611,
    "meta": {
      "n_train": 26198,
      "n_cal": 13099,
      "n_test": 13100,
      "d": 4,
      "p": 277,
      "elapsed": 16400.747946739197
    },
    "Mahal": {
      "params": {},
      "0.01": {
        "coverage": 0.9903053435114504,
        "volume": 352.9566425957934,
        "wsc": 0.9652671755725191,
        "threshold": 38.608602324832795
      },
      "0.02": {
        "coverage": 0.9803053435114504,
        "volume": 98.83539346419988,
        "wsc": 0.9393129770992367,
        "threshold": 20.430530697610642
      },
      "0.05": {
        "coverage": 0.9477099236641221,
        "volume": 21.006925652923726,
        "wsc": 0.8549618320610687,
        "threshold": 9.418996799341857
      },
      "0.1": {
        "coverage": 0.8976335877862596,
        "volume": 6.671787819726936,
        "wsc": 0.7461832061068703,
        "threshold": 5.308166211276341
      }
    },
    "Bonferroni": {
      "params": {},
      "0.01": {
        "coverage": 0.9890839694656488,
        "volume": 753.13915185203,
        "wsc": 0.9641221374045802,
        "threshold": 5.576377090724473
      },
      "0.02": {
        "coverage": 0.9799236641221374,
        "volume": 248.58641422655967,
        "wsc": 0.9385496183206107,
        "threshold": 4.176362032330441
      },
      "0.05": {
        "coverage": 0.9473282442748091,
        "volume": 47.386785211937934,
        "wsc": 0.8614503816793894,
        "threshold": 2.7441973944457447
      },
      "0.1": {
        "coverage": 0.8980152671755726,
        "volume": 12.817736983556982,
        "wsc": 0.7515267175572519,
        "threshold": 2.0184578923853675
      }
    },
    "Density": {
      "params": {
        "lengthscale": 1.2463613721863227
      },
      "0.01": {
        "coverage": 0.9893893129770992,
        "volume": 635.0606050944141,
        "wsc": 0.9591603053435115,
        "threshold": 1.7394427290764505
      },
      "0.02": {
        "coverage": 0.9818320610687022,
        "volume": 175.17573877527875,
        "wsc": 0.9358778625954198,
        "threshold": 1.4753189377080782
      },
      "0.05": {
        "coverage": 0.9529770992366412,
        "volume": 19.032397339220974,
        "wsc": 0.8652671755725191,
        "threshold": 0.8182967994598942
      },
      "0.1": {
        "coverage": 0.8978625954198474,
        "volume": 3.495746450060995,
        "wsc": 0.7354961832061069,
        "threshold": 0.4736201369988884
      }
    },
    "Kernel": {
      "params": {
        "lengthscale": 1.2463613721863227,
        "gamma": 0.9816442765592791
      },
      "0.01": {
        "coverage": 0.9897709923664122,
        "volume": 114.58280030755485,
        "wsc": 0.9614503816793893,
        "threshold": 0.1674445103294234
      },
      "0.02": {
        "coverage": 0.98,
        "volume": 43.50262248964794,
        "wsc": 0.9312977099236641,
        "threshold": 0.07641040606179751
      },
      "0.05": {
        "coverage": 0.9504580152671755,
        "volume": 7.37990917235099,
        "wsc": 0.8541984732824427,
        "threshold": 0.02028599007545768
      },
      "0.1": {
        "coverage": 0.8953435114503817,
        "volume": 1.9420813611449974,
        "wsc": 0.7194656488549618,
        "threshold": 0.0065585445921956045
      }
    }
  },
  "elapsed_s": 16400.75103020668
}