{
  "dataset": "blog_data",
  "seed": 4,
  "model": "Ridge",
  "split": [
    0.5,
    0.25,
    0.25
  ],
  "alphas": [
    0.01,
    0.02,
    0.05,
    0.1
  ],
  "result": {
    "seed": 4,
    "model": "Ridge",
    "model_rmse": 0.702199033775818,
    "meta": {
      "n_train": 26198,
      "n_cal": 13099,
      "n_test": 13100,
      "d": 4,
      "p": 277,
      "elapsed": 16063.53456234932
    },
    "Mahal": {
      "params": {},
      "0.01": {
        "coverage": 0.9869465648854961,
        "volume": 772.8883519307453,
        "wsc": 0.9564885496183206,
        "threshold": 35.526308188987706
      },
      "0.02": {
        "coverage": 0.9758015267175573,
        "volume": 187.68376851000352,
        "wsc": 0.9206106870229007,
        "threshold": 17.506730870307173
      },
      "0.05": {
        "coverage": 0.9474809160305343,
        "volume": 32.53031875268851,
        "wsc": 0.8438931297709924,
        "threshold": 7.2884613865051975
      },
      "0.1": {
        "coverage": 0.8973282442748092,
        "volume": 12.3449039196647,
        "wsc": 0.7480916030534351,
        "threshold": 4.489888488777938
      }
    },
    "Bonferroni": {
      "params": {},
      "0.01": {
        "coverage": 0.9867175572519084,
        "volume": 1707.064724613892,
        "wsc": 0.9568702290076336,
        "threshold": 5.759622672318912
      },
      "0.02": {
        "coverage": 0.9767175572519083,
        "volume": 492.03339995375836,
        "wsc": 0.9248091603053435,
        "threshold": 3.927672901786293
      },
      "0.05": {
        "coverage": 0.946412213740458,
        "volume": 67.36465305284655,
        "wsc": 0.8408396946564886,
        "threshold": 2.3863716008465454
      },
      "0.1": {
        "coverage": 0.8936641221374045,
        "volume": 25.662724972512972,
        "wsc": 0.7568702290076336,
        "threshold": 1.8780398319251017
      }
    },
    "Density": {
      "params": {
        "lengthscale": 2.4560867290990824
      },
      "0.01": {
        "coverage": 0.9880916030534351,
        "volume": 1012.4438515598147,
        "wsc": 0.9553435114503817,
        "threshold": 1.273336025775471
      },
      "0.02": {
        "coverage": 0.9758015267175573,
        "volume": 260.08184731758337,
        "wsc": 0.9137404580152672,
        "threshold": 0.7981950731526112
      },
      "0.05": {
        "coverage": 0.946030534351145,
        "volume": 66.6243821401779,
        "wsc": 0.8545801526717557,
        "threshold": 0.45301876928001894
      },
      "0.1": {
        "coverage": 0.8934351145038167,
        "volume": 30.351107419414383,
        "wsc": 0.7637404580152671,
        "threshold": 0.34045279316698707
      }
    },
    "Kernel": {
      "params": {
        "lengthscale": 2.4560867290990824,
        "gamma": 0.697076368487912
      },
      "0.01": {
        "coverage": 0.9862595419847329,
        "volume": 149.2879673881764,
        "wsc": 0.9515267175572519,
        "threshold": 0.04151801222622539
      },
      "0.02": {
        "coverage": 0.9762595419847329,
        "volume": 60.702214838828766,
        "wsc": 0.9194656488549618,
        "threshold": 0.018138587814622742
      },
      "0.05": {
        "coverage": 0.9458778625954198,
        "volume": 13.324876428035582,
        "wsc": 0.8354961832061069,
        "threshold": 0.005262796659013513
      },
      "0.1": {
        "coverage": 0.8981679389312978,
        "volume": 2.467569708895478,
        "wsc": 0.7305343511450382,
        "threshold": 0.0021049781959221353
      }
    }
  },
  "elapsed_s": 16063.538230895996
}