{
  "dataset": "blog_data",
  "seed": 36,
  "model": "MLP",
  "split": [
    0.5,
    0.25,
    0.25
  ],
  "alphas": [
    0.01,
    0.02,
    0.05,
    0.1
  ],
  "result": {
    "seed": 36,
    "model": "MLP",
    "model_rmse": 0.5184538897253267,
    "meta": {
      "n_train": 26198,
      "n_cal": 13099,
      "n_test": 13100,
      "d": 4,
      "p": 277,
      "elapsed": 15862.099407672882
    },
    "Mahal": {
      "params": {},
      "0.01": {
        "coverage": 0.9906106870229008,
        "volume": 557.1923614756113,
        "wsc": 0.9683206106870229,
        "threshold": 40.0502478003341
      },
      "0.02": {
        "coverage": 0.9812977099236642,
        "volume": 167.32235382319973,
        "wsc": 0.9427480916030534,
        "threshold": 21.94722485826573
      },
      "0.05": {
        "coverage": 0.953587786259542,
        "volume": 34.82395119133263,
        "wsc": 0.8763358778625954,
        "threshold": 10.012479806670166
      },
      "0.1": {
        "coverage": 0.8987786259541984,
        "volume": 9.35282202320932,
        "wsc": 0.7534351145038168,
        "threshold": 5.188884043096725
      }
    },
    "Bonferroni": {
      "params": {},
      "0.01": {
        "coverage": 0.9900763358778626,
        "volume": 1418.0628960514632,
        "wsc": 0.966793893129771,
        "threshold": 5.890574242772838
      },
      "0.02": {
        "coverage": 0.981679389312977,
        "volume": 442.1509510379361,
        "wsc": 0.9465648854961832,
        "threshold": 4.419748663146862
      },
      "0.05": {
        "coverage": 0.952442748091603,
        "volume": 83.66041111248622,
        "wsc": 0.8736641221374046,
        "threshold": 2.8312537062085936
      },
      "0.1": {
        "coverage": 0.8976335877862596,
        "volume": 20.063356511139226,
        "wsc": 0.7625954198473283,
        "threshold": 2.0067354354797486
      }
    },
    "Density": {
      "params": {
        "lengthscale": 1.2926971901042967
      },
      "0.01": {
        "coverage": 0.9909160305343512,
        "volume": 957.362804088134,
        "wsc": 0.9652671755725191,
        "threshold": 1.76728635029408
      },
      "0.02": {
        "coverage": 0.9812977099236642,
        "volume": 202.9048884900118,
        "wsc": 0.9362595419847328,
        "threshold": 1.489468736472083
      },
      "0.05": {
        "coverage": 0.9519083969465649,
        "volume": 24.22744937194171,
        "wsc": 0.8633587786259542,
        "threshold": 0.8381391906157458
      },
      "0.1": {
        "coverage": 0.899236641221374,
        "volume": 4.921200653675659,
        "wsc": 0.7377862595419847,
        "threshold": 0.47787007164753265
      }
    },
    "Kernel": {
      "params": {
        "lengthscale": 1.2926971901042967,
        "gamma": 0.9187300650834848
      },
      "0.01": {
        "coverage": 0.9880916030534351,
        "volume": 109.78062996661086,
        "wsc": 0.9603053435114504,
        "threshold": 0.14527964394884585
      },
      "0.02": {
        "coverage": 0.9806106870229008,
        "volume": 48.45489874388342,
        "wsc": 0.9354961832061068,
        "threshold": 0.07346493884953943
      },
      "0.05": {
        "coverage": 0.9516793893129771,
        "volume": 11.735170789534266,
        "wsc": 0.8534351145038168,
        "threshold": 0.02031663455750375
      },
      "0.1": {
        "coverage": 0.9002290076335878,
        "volume": 2.649877275056124,
        "wsc": 0.73206106870229,
        "threshold": 0.006597464981848311
      }
    }
  },
  "elapsed_s": 15862.10256576538
}