{
  "dataset": "blog_data",
  "seed": 44,
  "model": "MLP",
  "split": [
    0.5,
    0.25,
    0.25
  ],
  "alphas": [
    0.01,
    0.02,
    0.05,
    0.1
  ],
  "result": {
    "seed": 44,
    "model": "MLP",
    "model_rmse": 0.5323156593251073,
    "meta": {
      "n_train": 26198,
      "n_cal": 13099,
      "n_test": 13100,
      "d": 4,
      "p": 277,
      "elapsed": 15886.981334209442
    },
    "Mahal": {
      "params": {},
      "0.01": {
        "coverage": 0.9877099236641221,
        "volume": 369.9941914004114,
        "wsc": 0.9549618320610687,
        "threshold": 44.75660036968623
      },
      "0.02": {
        "coverage": 0.9780152671755725,
        "volume": 87.06554321650958,
        "wsc": 0.9290076335877863,
        "threshold": 21.71114835063574
      },
      "0.05": {
        "coverage": 0.9490076335877863,
        "volume": 17.66141789389828,
        "wsc": 0.8583969465648855,
        "threshold": 9.778504077517244
      },
      "0.1": {
        "coverage": 0.9016793893129771,
        "volume": 5.582966749294068,
        "wsc": 0.749236641221374,
        "threshold": 5.497840782424364
      }
    },
    "Bonferroni": {
      "params": {},
      "0.01": {
        "coverage": 0.9883206106870229,
        "volume": 965.9292774989523,
        "wsc": 0.9572519083969465,
        "threshold": 6.351952422155882
      },
      "0.02": {
        "coverage": 0.9790076335877863,
        "volume": 177.79854112292517,
        "wsc": 0.9312977099236641,
        "threshold": 4.23409153571224
      },
      "0.05": {
        "coverage": 0.9513740458015267,
        "volume": 33.542468839813054,
        "wsc": 0.8694656488549618,
        "threshold": 2.791741737797107
      },
      "0.1": {
        "coverage": 0.9001526717557252,
        "volume": 8.444257889743147,
        "wsc": 0.7603053435114504,
        "threshold": 2.033827128231435
      }
    },
    "Density": {
      "params": {
        "lengthscale": 1.2672706691979185
      },
      "0.01": {
        "coverage": 0.9887786259541985,
        "volume": 783.9086074311556,
        "wsc": 0.9553435114503817,
        "threshold": 1.7558150600115219
      },
      "0.02": {
        "coverage": 0.9776335877862595,
        "volume": 133.46618720177364,
        "wsc": 0.9232824427480916,
        "threshold": 1.429409687898278
      },
      "0.05": {
        "coverage": 0.9480916030534351,
        "volume": 15.246576745369572,
        "wsc": 0.8484732824427481,
        "threshold": 0.7885366919289627
      },
      "0.1": {
        "coverage": 0.9019083969465649,
        "volume": 3.75300350655251,
        "wsc": 0.7473282442748092,
        "threshold": 0.4787405198175077
      }
    },
    "Kernel": {
      "params": {
        "lengthscale": 1.2672706691979185,
        "gamma": 0.9695966628114748
      },
      "0.01": {
        "coverage": 0.9864122137404581,
        "volume": 100.39284380027965,
        "wsc": 0.95,
        "threshold": 0.16725781452018687
      },
      "0.02": {
        "coverage": 0.9751908396946565,
        "volume": 37.5300350655251,
        "wsc": 0.9152671755725191,
        "threshold": 0.0715391425203162
      },
      "0.05": {
        "coverage": 0.9461832061068702,
        "volume": 8.67882060890268,
        "wsc": 0.8389312977099237,
        "threshold": 0.018617730007107883
      },
      "0.1": {
        "coverage": 0.9009923664122137,
        "volume": 2.3456271915953186,
        "wsc": 0.7381679389312977,
        "threshold": 0.006597260191713518
      }
    }
  },
  "elapsed_s": 15886.984611749649
}