{
  "dataset": "blog_data",
  "seed": 9,
  "model": "MLP",
  "split": [
    0.5,
    0.25,
    0.25
  ],
  "alphas": [
    0.01,
    0.02,
    0.05,
    0.1
  ],
  "result": {
    "seed": 9,
    "model": "MLP",
    "model_rmse": 0.5398680148310618,
    "meta": {
      "n_train": 26198,
      "n_cal": 13099,
      "n_test": 13100,
      "d": 4,
      "p": 277,
      "elapsed": 16460.053107738495
    },
    "Mahal": {
      "params": {},
      "0.01": {
        "coverage": 0.9913740458015268,
        "volume": 442.146863365722,
        "wsc": 0.9702290076335878,
        "threshold": 47.85504290558289
      },
      "0.02": {
        "coverage": 0.981679389312977,
        "volume": 99.5923798036272,
        "wsc": 0.9419847328244275,
        "threshold": 22.712110412664032
      },
      "0.05": {
        "coverage": 0.9513740458015267,
        "volume": 16.91267119784308,
        "wsc": 0.8645038167938931,
        "threshold": 9.359454526923107
      },
      "0.1": {
        "coverage": 0.9018320610687023,
        "volume": 5.24007664583863,
        "wsc": 0.7549618320610687,
        "threshold": 5.209706480155444
      }
    },
    "Bonferroni": {
      "params": {},
      "0.01": {
        "coverage": 0.9906106870229008,
        "volume": 1048.1814941093016,
        "wsc": 0.9683206106870229,
        "threshold": 6.406038213166171
      },
      "0.02": {
        "coverage": 0.9818320610687022,
        "volume": 217.78177623071343,
        "wsc": 0.9461832061068702,
        "threshold": 4.334869226669552
      },
      "0.05": {
        "coverage": 0.952442748091603,
        "volume": 34.38659624695475,
        "wsc": 0.8740458015267175,
        "threshold": 2.707870751124491
      },
      "0.1": {
        "coverage": 0.9045038167938931,
        "volume": 11.21832217985758,
        "wsc": 0.7709923664122137,
        "threshold": 1.9821982984854967
      }
    },
    "Density": {
      "params": {
        "lengthscale": 1.2654463260295952
      },
      "0.01": {
        "coverage": 0.9909923664122138,
        "volume": 1249.6235402084835,
        "wsc": 0.966030534351145,
        "threshold": 1.779951183079038
      },
      "0.02": {
        "coverage": 0.9831297709923664,
        "volume": 274.60501683738335,
        "wsc": 0.9416030534351145,
        "threshold": 1.5942308206700508
      },
      "0.05": {
        "coverage": 0.9522900763358778,
        "volume": 27.07029917313459,
        "wsc": 0.8614503816793894,
        "threshold": 0.8310275382610471
      },
      "0.1": {
        "coverage": 0.9008396946564885,
        "volume": 6.340790797310806,
        "wsc": 0.7427480916030534,
        "threshold": 0.473057957752193
      }
    },
    "Kernel": {
      "params": {
        "lengthscale": 1.2654463260295952,
        "gamma": 0.9916570938459616
      },
      "0.01": {
        "coverage": 0.99,
        "volume": 128.76682849923483,
        "wsc": 0.9606870229007634,
        "threshold": 0.1811087852758032
      },
      "0.02": {
        "coverage": 0.9819083969465648,
        "volume": 55.11610462277854,
        "wsc": 0.9370229007633588,
        "threshold": 0.09106237775488267
      },
      "0.05": {
        "coverage": 0.9498473282442748,
        "volume": 11.462198748984918,
        "wsc": 0.8477099236641221,
        "threshold": 0.020537588015458432
      },
      "0.1": {
        "coverage": 0.899236641221374,
        "volume": 4.145901675164757,
        "wsc": 0.7274809160305343,
        "threshold": 0.006649206559168849
      }
    }
  },
  "elapsed_s": 16460.056300401688
}