{
  "dataset": "blog_data",
  "seed": 39,
  "model": "MLP",
  "split": [
    0.5,
    0.25,
    0.25
  ],
  "alphas": [
    0.01,
    0.02,
    0.05,
    0.1
  ],
  "result": {
    "seed": 39,
    "model": "MLP",
    "model_rmse": 0.44474271355343864,
    "meta": {
      "n_train": 26198,
      "n_cal": 13099,
      "n_test": 13100,
      "d": 4,
      "p": 277,
      "elapsed": 2659.925356388092
    },
    "Mahal": {
      "params": {},
      "0.01": {
        "coverage": 0.9925190839694656,
        "volume": 393.6496923068574,
        "wsc": 0.9729007633587786,
        "threshold": 48.11578655906457
      },
      "0.02": {
        "coverage": 0.9830534351145038,
        "volume": 97.02164138275494,
        "wsc": 0.9465648854961832,
        "threshold": 23.887293204992734
      },
      "0.05": {
        "coverage": 0.952442748091603,
        "volume": 17.217578061940433,
        "wsc": 0.8725190839694656,
        "threshold": 10.06279584754662
      },
      "0.1": {
        "coverage": 0.9038931297709923,
        "volume": 5.092619943261535,
        "wsc": 0.7629770992366413,
        "threshold": 5.472720451128261
      }
    },
    "Bonferroni": {
      "params": {},
      "0.01": {
        "coverage": 0.9917557251908397,
        "volume": 914.2627574418556,
        "wsc": 0.9706106870229008,
        "threshold": 6.38751183857677
      },
      "0.02": {
        "coverage": 0.9831297709923664,
        "volume": 224.96055230430517,
        "wsc": 0.9488549618320611,
        "threshold": 4.512017770602366
      },
      "0.05": {
        "coverage": 0.9525954198473282,
        "volume": 36.257378393367865,
        "wsc": 0.8725190839694656,
        "threshold": 2.823375586693883
      },
      "0.1": {
        "coverage": 0.9044274809160305,
        "volume": 9.064344598341966,
        "wsc": 0.7774809160305344,
        "threshold": 2.051391250640796
      }
    },
    "Density": {
      "params": {
        "lengthscale": 1.2471372177271176
      },
      "0.01": {
        "coverage": 0.9926717557251908,
        "volume": 888.9237941328541,
        "wsc": 0.9702290076335878,
        "threshold": 1.7649603851648215
      },
      "0.02": {
        "coverage": 0.9808396946564886,
        "volume": 144.61749790991047,
        "wsc": 0.9324427480916031,
        "threshold": 1.4648853042519236
      },
      "0.05": {
        "coverage": 0.952824427480916,
        "volume": 18.952720523805926,
        "wsc": 0.8645038167938931,
        "threshold": 0.8417659510524296
      },
      "0.1": {
        "coverage": 0.9022900763358779,
        "volume": 4.120156635609985,
        "wsc": 0.7541984732824427,
        "threshold": 0.47766416148076934
      }
    },
    "Kernel": {
      "params": {
        "lengthscale": 1.2471372177271176,
        "gamma": 0.9440843690006828
      },
      "0.01": {
        "coverage": 0.9893893129770992,
        "volume": 101.76786889956662,
        "wsc": 0.9606870229007634,
        "threshold": 0.15636947427260262
      },
      "0.02": {
        "coverage": 0.9819083969465648,
        "volume": 48.41184046841732,
        "wsc": 0.9362595419847328,
        "threshold": 0.08415258348653827
      },
      "0.05": {
        "coverage": 0.9512213740458015,
        "volume": 9.888375925463963,
        "wsc": 0.8580152671755725,
        "threshold": 0.019867467171066515
      },
      "0.1": {
        "coverage": 0.9018320610687023,
        "volume": 1.0300391589024962,
        "wsc": 0.7473282442748092,
        "threshold": 0.006363550391493188
      }
    }
  },
  "elapsed_s": 2659.929069519043
}