{
  "dataset": "blog_data",
  "seed": 44,
  "model": "Ridge",
  "split": [
    0.5,
    0.25,
    0.25
  ],
  "alphas": [
    0.01,
    0.02,
    0.05,
    0.1
  ],
  "result": {
    "seed": 44,
    "model": "Ridge",
    "model_rmse": 0.8068100107578581,
    "meta": {
      "n_train": 26198,
      "n_cal": 13099,
      "n_test": 13100,
      "d": 3,
      "p": 278,
      "elapsed": 31420.093955516815
    },
    "Mahal": {
      "params": {},
      "0.01": {
        "coverage": 0.9900763358778626,
        "volume": 311.6098049554186,
        "wsc": 0.9637404580152672,
        "threshold": 34.11730437708402
      },
      "0.02": {
        "coverage": 0.9796946564885496,
        "volume": 106.31178030338835,
        "wsc": 0.9221374045801527,
        "threshold": 16.657950261716746
      },
      "0.05": {
        "coverage": 0.9490076335877863,
        "volume": 26.59290641108103,
        "wsc": 0.8404580152671756,
        "threshold": 6.613192590548106
      },
      "0.1": {
        "coverage": 0.8926717557251909,
        "volume": 12.79297082535261,
        "wsc": 0.7454198473282443,
        "threshold": 4.060207602266351
      }
    },
    "Bonferroni": {
      "params": {},
      "0.01": {
        "coverage": 0.9903053435114504,
        "volume": 396.2862236253987,
        "wsc": 0.9648854961832061,
        "threshold": 5.725631022455856
      },
      "0.02": {
        "coverage": 0.980381679389313,
        "volume": 159.27204717142163,
        "wsc": 0.9263358778625954,
        "threshold": 3.8508828719354398
      },
      "0.05": {
        "coverage": 0.9494656488549619,
        "volume": 36.99151802223714,
        "wsc": 0.8408396946564886,
        "threshold": 2.2968052779428194
      },
      "0.1": {
        "coverage": 0.8972519083969466,
        "volume": 19.484155027916838,
        "wsc": 0.7629770992366413,
        "threshold": 1.8483710343674775
      }
    },
    "Density": {
      "params": {
        "lengthscale": 1.8346688757311962
      },
      "0.01": {
        "coverage": 0.9899236641221374,
        "volume": 257.1997738163959,
        "wsc": 0.9610687022900763,
        "threshold": 1.554187192110185
      },
      "0.02": {
        "coverage": 0.9787786259541985,
        "volume": 102.61463678914669,
        "wsc": 0.9183206106870229,
        "threshold": 1.1791715793289503
      },
      "0.05": {
        "coverage": 0.9494656488549619,
        "volume": 28.88985905873907,
        "wsc": 0.8454198473282443,
        "threshold": 0.678937147113362
      },
      "0.1": {
        "coverage": 0.89793893129771,
        "volume": 16.544473971503923,
        "wsc": 0.7786259541984732,
        "threshold": 0.5125624916787386
      }
    },
    "Kernel": {
      "params": {
        "lengthscale": 1.8346688757311962,
        "gamma": 1.5417571828151246
      },
      "0.01": {
        "coverage": 0.989236641221374,
        "volume": 106.01344373723366,
        "wsc": 0.9553435114503817,
        "threshold": 0.1032231834278968
      },
      "0.02": {
        "coverage": 0.9777099236641221,
        "volume": 51.73774891801776,
        "wsc": 0.9141221374045801,
        "threshold": 0.04462626738558785
      },
      "0.05": {
        "coverage": 0.9494656488549619,
        "volume": 18.731698705451056,
        "wsc": 0.8282442748091603,
        "threshold": 0.01333751409029349
      },
      "0.1": {
        "coverage": 0.8974809160305344,
        "volume": 8.053833349782021,
        "wsc": 0.7209923664122138,
        "threshold": 0.005054406585357687
      }
    }
  },
  "elapsed_s": 31420.097266435623
}