{
  "dataset": "blog_data",
  "seed": 28,
  "model": "MLP",
  "split": [
    0.5,
    0.25,
    0.25
  ],
  "alphas": [
    0.01,
    0.02,
    0.05,
    0.1
  ],
  "result": {
    "seed": 28,
    "model": "MLP",
    "model_rmse": 0.5928993907361166,
    "meta": {
      "n_train": 26198,
      "n_cal": 13099,
      "n_test": 13100,
      "d": 3,
      "p": 278,
      "elapsed": 39620.33207941055
    },
    "Mahal": {
      "params": {},
      "0.01": {
        "coverage": 0.9898473282442748,
        "volume": 104.87424033200848,
        "wsc": 0.9633587786259542,
        "threshold": 34.46935950439143
      },
      "0.02": {
        "coverage": 0.9803053435114504,
        "volume": 44.11538900420339,
        "wsc": 0.9400763358778625,
        "threshold": 19.351474872405447
      },
      "0.05": {
        "coverage": 0.9518320610687023,
        "volume": 14.782110506401827,
        "wsc": 0.8683206106870229,
        "threshold": 9.335658526841652
      },
      "0.1": {
        "coverage": 0.9038167938931297,
        "volume": 5.914044747454157,
        "wsc": 0.7610687022900763,
        "threshold": 5.068861199110915
      }
    },
    "Bonferroni": {
      "params": {},
      "0.01": {
        "coverage": 0.9902290076335878,
        "volume": 184.87748957930756,
        "wsc": 0.9648854961832061,
        "threshold": 5.719917557808328
      },
      "0.02": {
        "coverage": 0.9796946564885496,
        "volume": 68.33228347012653,
        "wsc": 0.9393129770992367,
        "threshold": 4.110782645161069
      },
      "0.05": {
        "coverage": 0.9494656488549619,
        "volume": 20.557118899633185,
        "wsc": 0.8645038167938931,
        "threshold": 2.7449011920835042
      },
      "0.1": {
        "coverage": 0.9048854961832061,
        "volume": 8.10727942975312,
        "wsc": 0.7709923664122137,
        "threshold": 2.0145193772950964
      }
    },
    "Density": {
      "params": {
        "lengthscale": 0.9683209777473241
      },
      "0.01": {
        "coverage": 0.9908396946564886,
        "volume": 149.7132594479248,
        "wsc": 0.9641221374045802,
        "threshold": 1.7059502681237972
      },
      "0.02": {
        "coverage": 0.9818320610687022,
        "volume": 50.81145453403371,
        "wsc": 0.9385496183206107,
        "threshold": 1.581183249873862
      },
      "0.05": {
        "coverage": 0.9496946564885497,
        "volume": 11.19960242606932,
        "wsc": 0.8530534351145038,
        "threshold": 1.0435132950732426
      },
      "0.1": {
        "coverage": 0.8989312977099236,
        "volume": 4.1779630063479365,
        "wsc": 0.7416030534351145,
        "threshold": 0.6813252392709682
      }
    },
    "Kernel": {
      "params": {
        "lengthscale": 0.9683209777473241,
        "gamma": 1.5811235400588999
      },
      "0.01": {
        "coverage": 0.9886259541984733,
        "volume": 50.71689879122449,
        "wsc": 0.9576335877862595,
        "threshold": 0.20648041616019397
      },
      "0.02": {
        "coverage": 0.9808396946564886,
        "volume": 26.745266956814074,
        "wsc": 0.934732824427481,
        "threshold": 0.10420146638005189
      },
      "0.05": {
        "coverage": 0.9510687022900763,
        "volume": 9.410047441791203,
        "wsc": 0.850763358778626,
        "threshold": 0.031070950770189096
      },
      "0.1": {
        "coverage": 0.8999236641221374,
        "volume": 3.9083040361142474,
        "wsc": 0.7343511450381679,
        "threshold": 0.01064417361877155
      }
    }
  },
  "elapsed_s": 39620.33668804169
}