{
  "dataset": "blog_data",
  "seed": 23,
  "model": "Ridge",
  "split": [
    0.5,
    0.25,
    0.25
  ],
  "alphas": [
    0.01,
    0.02,
    0.05,
    0.1
  ],
  "result": {
    "seed": 23,
    "model": "Ridge",
    "model_rmse": 0.7590230848256343,
    "meta": {
      "n_train": 26198,
      "n_cal": 13099,
      "n_test": 13100,
      "d": 3,
      "p": 278,
      "elapsed": 39620.22692799568
    },
    "Mahal": {
      "params": {},
      "0.01": {
        "coverage": 0.9890839694656488,
        "volume": 252.45134651249154,
        "wsc": 0.9599236641221374,
        "threshold": 28.706092109553545
      },
      "0.02": {
        "coverage": 0.9781679389312977,
        "volume": 91.69144999742763,
        "wsc": 0.9217557251908397,
        "threshold": 14.613071419309504
      },
      "0.05": {
        "coverage": 0.9489312977099237,
        "volume": 27.82539215100805,
        "wsc": 0.8377862595419847,
        "threshold": 6.59907618442592
      },
      "0.1": {
        "coverage": 0.8991603053435114,
        "volume": 13.876506692478523,
        "wsc": 0.7522900763358779,
        "threshold": 4.14994536713224
      }
    },
    "Bonferroni": {
      "params": {},
      "0.01": {
        "coverage": 0.9888549618320611,
        "volume": 399.965616138556,
        "wsc": 0.9587786259541985,
        "threshold": 5.208237932108505
      },
      "0.02": {
        "coverage": 0.9787786259541985,
        "volume": 150.22028556614745,
        "wsc": 0.9240458015267176,
        "threshold": 3.6288183043584543
      },
      "0.05": {
        "coverage": 0.9487786259541985,
        "volume": 37.872691327807544,
        "wsc": 0.8374045801526717,
        "threshold": 2.2986448350842363
      },
      "0.1": {
        "coverage": 0.8995419847328244,
        "volume": 20.01160535059574,
        "wsc": 0.7656488549618321,
        "threshold": 1.8611001640999731
      }
    },
    "Density": {
      "params": {
        "lengthscale": 1.8315427484808593
      },
      "0.01": {
        "coverage": 0.9889312977099237,
        "volume": 231.02899481558006,
        "wsc": 0.9568702290076336,
        "threshold": 1.5253900746522335
      },
      "0.02": {
        "coverage": 0.9791603053435115,
        "volume": 97.95088961479271,
        "wsc": 0.9198473282442748,
        "threshold": 1.1824588670967813
      },
      "0.05": {
        "coverage": 0.9485496183206107,
        "volume": 26.481755857260946,
        "wsc": 0.8484732824427481,
        "threshold": 0.6665971410856786
      },
      "0.1": {
        "coverage": 0.8963358778625954,
        "volume": 15.24575694099273,
        "wsc": 0.7824427480916031,
        "threshold": 0.5072191097761694
      }
    },
    "Kernel": {
      "params": {
        "lengthscale": 1.8315427484808593,
        "gamma": 1.4614089305289795
      },
      "0.01": {
        "coverage": 0.9887786259541985,
        "volume": 99.71716633356627,
        "wsc": 0.9557251908396946,
        "threshold": 0.09618980197482234
      },
      "0.02": {
        "coverage": 0.9783969465648855,
        "volume": 50.44734207304098,
        "wsc": 0.9190839694656489,
        "threshold": 0.04316378776580376
      },
      "0.05": {
        "coverage": 0.950381679389313,
        "volume": 17.284721995296227,
        "wsc": 0.8351145038167939,
        "threshold": 0.012413240326088808
      },
      "0.1": {
        "coverage": 0.8980152671755726,
        "volume": 7.666260705694311,
        "wsc": 0.7206106870229008,
        "threshold": 0.0047825419523974825
      }
    }
  },
  "elapsed_s": 39620.23179960251
}