{
  "dataset": "blog_data",
  "seed": 7,
  "model": "MLP",
  "split": [
    0.5,
    0.25,
    0.25
  ],
  "alphas": [
    0.01,
    0.02,
    0.05,
    0.1
  ],
  "result": {
    "seed": 7,
    "model": "MLP",
    "model_rmse": 0.6681093400695503,
    "meta": {
      "n_train": 26198,
      "n_cal": 13099,
      "n_test": 13100,
      "d": 3,
      "p": 278,
      "elapsed": 41257.453500032425
    },
    "Mahal": {
      "params": {},
      "0.01": {
        "coverage": 0.9909923664122138,
        "volume": 207.5273021454444,
        "wsc": 0.9652671755725191,
        "threshold": 28.27951761403631
      },
      "0.02": {
        "coverage": 0.9810687022900764,
        "volume": 73.7563850637387,
        "wsc": 0.9354961832061068,
        "threshold": 14.18910226788615
      },
      "0.05": {
        "coverage": 0.9507633587786259,
        "volume": 21.56816946752135,
        "wsc": 0.867175572519084,
        "threshold": 6.251209133184246
      },
      "0.1": {
        "coverage": 0.8949618320610687,
        "volume": 8.23334809970293,
        "wsc": 0.7545801526717557,
        "threshold": 3.2895726978678335
      }
    },
    "Bonferroni": {
      "params": {},
      "0.01": {
        "coverage": 0.990381679389313,
        "volume": 252.3154028736463,
        "wsc": 0.9645038167938931,
        "threshold": 4.115943487743316
      },
      "0.02": {
        "coverage": 0.9808396946564886,
        "volume": 100.44336129371028,
        "wsc": 0.9389312977099237,
        "threshold": 3.0153669964648966
      },
      "0.05": {
        "coverage": 0.9492366412213741,
        "volume": 30.017556248695023,
        "wsc": 0.866793893129771,
        "threshold": 2.007317773067824
      },
      "0.1": {
        "coverage": 0.9009923664122137,
        "volume": 13.64434374940683,
        "wsc": 0.7812977099236641,
        "threshold": 1.5069884322088622
      }
    },
    "Density": {
      "params": {
        "lengthscale": 0.9016778850288736
      },
      "0.01": {
        "coverage": 0.991145038167939,
        "volume": 157.01490960855858,
        "wsc": 0.9629770992366412,
        "threshold": 1.7046306914639535
      },
      "0.02": {
        "coverage": 0.9816030534351146,
        "volume": 59.40537355510973,
        "wsc": 0.9351145038167938,
        "threshold": 1.636513287832835
      },
      "0.05": {
        "coverage": 0.9478625954198473,
        "volume": 10.180779566865096,
        "wsc": 0.8492366412213741,
        "threshold": 1.0773210166827782
      },
      "0.1": {
        "coverage": 0.8973282442748092,
        "volume": 4.6180855767223115,
        "wsc": 0.7461832061068703,
        "threshold": 0.7073589957077306
      }
    },
    "Kernel": {
      "params": {
        "lengthscale": 0.9016778850288736,
        "gamma": 1.676545930432184
      },
      "0.01": {
        "coverage": 0.9883969465648855,
        "volume": 49.01468100748453,
        "wsc": 0.9576335877862595,
        "threshold": 0.23459395366817673
      },
      "0.02": {
        "coverage": 0.9793129770992366,
        "volume": 23.195384373991608,
        "wsc": 0.9290076335877863,
        "threshold": 0.13000777987459694
      },
      "0.05": {
        "coverage": 0.9476335877862595,
        "volume": 7.766780288123888,
        "wsc": 0.8461832061068703,
        "threshold": 0.03401730071719894
      },
      "0.1": {
        "coverage": 0.8965648854961832,
        "volume": 3.6734771633018384,
        "wsc": 0.7362595419847329,
        "threshold": 0.011565629601907913
      }
    }
  },
  "elapsed_s": 41257.456805467606
}