{
  "dataset": "blog_data",
  "seed": 23,
  "model": "MLP",
  "split": [
    0.5,
    0.25,
    0.25
  ],
  "alphas": [
    0.01,
    0.02,
    0.05,
    0.1
  ],
  "result": {
    "seed": 23,
    "model": "MLP",
    "model_rmse": 0.5361374041622078,
    "meta": {
      "n_train": 26198,
      "n_cal": 13099,
      "n_test": 13100,
      "d": 3,
      "p": 278,
      "elapsed": 39659.528267383575
    },
    "Mahal": {
      "params": {},
      "0.01": {
        "coverage": 0.9889312977099237,
        "volume": 109.84026728412898,
        "wsc": 0.9629770992366412,
        "threshold": 32.771755269292846
      },
      "0.02": {
        "coverage": 0.9787786259541985,
        "volume": 49.48683930116133,
        "wsc": 0.9370229007633588,
        "threshold": 19.259800903676823
      },
      "0.05": {
        "coverage": 0.9487786259541985,
        "volume": 17.10484160786044,
        "wsc": 0.8610687022900764,
        "threshold": 9.485742991209332
      },
      "0.1": {
        "coverage": 0.8990839694656488,
        "volume": 6.969133026334823,
        "wsc": 0.7568702290076336,
        "threshold": 5.213281210363482
      }
    },
    "Bonferroni": {
      "params": {},
      "0.01": {
        "coverage": 0.9886259541984733,
        "volume": 168.80264071246484,
        "wsc": 0.9629770992366412,
        "threshold": 5.3129544256724985
      },
      "0.02": {
        "coverage": 0.9794656488549618,
        "volume": 80.0780290876373,
        "wsc": 0.9389312977099237,
        "threshold": 4.135588083433593
      },
      "0.05": {
        "coverage": 0.9487022900763359,
        "volume": 24.218970938737268,
        "wsc": 0.8660305343511451,
        "threshold": 2.7940894232607447
      },
      "0.1": {
        "coverage": 0.8987022900763358,
        "volume": 9.56888467449052,
        "wsc": 0.7622137404580153,
        "threshold": 2.036686545360795
      }
    },
    "Density": {
      "params": {
        "lengthscale": 1.0032118774980694
      },
      "0.01": {
        "coverage": 0.9889312977099237,
        "volume": 147.99106378097585,
        "wsc": 0.9576335877862595,
        "threshold": 1.6999285939802038
      },
      "0.02": {
        "coverage": 0.9793129770992366,
        "volume": 48.89055311152005,
        "wsc": 0.9293893129770993,
        "threshold": 1.5458882250948849
      },
      "0.05": {
        "coverage": 0.9485496183206107,
        "volume": 13.108646118110618,
        "wsc": 0.8465648854961833,
        "threshold": 1.0837958834813555
      },
      "0.1": {
        "coverage": 0.8965648854961832,
        "volume": 4.790847213198734,
        "wsc": 0.73206106870229,
        "threshold": 0.6892597588984917
      }
    },
    "Kernel": {
      "params": {
        "lengthscale": 1.0032118774980694,
        "gamma": 1.66098534655867
      },
      "0.01": {
        "coverage": 0.9870229007633587,
        "volume": 51.7556676213742,
        "wsc": 0.9538167938931298,
        "threshold": 0.19763944658336804
      },
      "0.02": {
        "coverage": 0.9770229007633587,
        "volume": 28.467538654541855,
        "wsc": 0.9213740458015267,
        "threshold": 0.10285638666461007
      },
      "0.05": {
        "coverage": 0.9486259541984733,
        "volume": 10.452757556069965,
        "wsc": 0.8419847328244274,
        "threshold": 0.03255998553391453
      },
      "0.1": {
        "coverage": 0.8987786259541984,
        "volume": 4.2186782946883685,
        "wsc": 0.7278625954198473,
        "threshold": 0.011257044016890044
      }
    }
  },
  "elapsed_s": 39659.532769441605
}