{
  "dataset": "blog_data",
  "seed": 11,
  "model": "MLP",
  "split": [
    0.5,
    0.25,
    0.25
  ],
  "alphas": [
    0.01,
    0.02,
    0.05,
    0.1
  ],
  "result": {
    "seed": 11,
    "model": "MLP",
    "model_rmse": 0.5427065850029085,
    "meta": {
      "n_train": 26198,
      "n_cal": 13099,
      "n_test": 13100,
      "d": 3,
      "p": 278,
      "elapsed": 41010.93711447716
    },
    "Mahal": {
      "params": {},
      "0.01": {
        "coverage": 0.9909160305343512,
        "volume": 101.77984487636809,
        "wsc": 0.9648854961832061,
        "threshold": 33.14432547350359
      },
      "0.02": {
        "coverage": 0.9822900763358778,
        "volume": 40.60479195892328,
        "wsc": 0.9454198473282442,
        "threshold": 17.961924024811186
      },
      "0.05": {
        "coverage": 0.9499236641221374,
        "volume": 12.510763486574502,
        "wsc": 0.8633587786259542,
        "threshold": 8.193897706979293
      },
      "0.1": {
        "coverage": 0.8927480916030535,
        "volume": 5.204660421790083,
        "wsc": 0.75,
        "threshold": 4.56628409628304
      }
    },
    "Bonferroni": {
      "params": {},
      "0.01": {
        "coverage": 0.9912213740458016,
        "volume": 171.87871990264324,
        "wsc": 0.966030534351145,
        "threshold": 5.508019376959288
      },
      "0.02": {
        "coverage": 0.9821374045801526,
        "volume": 64.76106779491877,
        "wsc": 0.9454198473282442,
        "threshold": 3.9804157237113498
      },
      "0.05": {
        "coverage": 0.9503053435114504,
        "volume": 17.295352958320404,
        "wsc": 0.8702290076335878,
        "threshold": 2.5789325340258515
      },
      "0.1": {
        "coverage": 0.8941221374045801,
        "volume": 7.160351815567222,
        "wsc": 0.7622137404580153,
        "threshold": 1.9270404474621143
      }
    },
    "Density": {
      "params": {
        "lengthscale": 0.8981704406106488
      },
      "0.01": {
        "coverage": 0.9922137404580152,
        "volume": 145.47776098858566,
        "wsc": 0.9656488549618321,
        "threshold": 1.7083019606484724
      },
      "0.02": {
        "coverage": 0.9812977099236642,
        "volume": 45.0587466787227,
        "wsc": 0.9312977099236641,
        "threshold": 1.601865082109113
      },
      "0.05": {
        "coverage": 0.9498473282442748,
        "volume": 8.976931557360176,
        "wsc": 0.8576335877862595,
        "threshold": 1.0775860187916828
      },
      "0.1": {
        "coverage": 0.8957251908396947,
        "volume": 3.4515015094066106,
        "wsc": 0.7393129770992366,
        "threshold": 0.679097009347728
      }
    },
    "Kernel": {
      "params": {
        "lengthscale": 0.8981704406106488,
        "gamma": 1.813471539346823
      },
      "0.01": {
        "coverage": 0.9900763358778626,
        "volume": 48.979531288092495,
        "wsc": 0.9595419847328245,
        "threshold": 0.26285781114033324
      },
      "0.02": {
        "coverage": 0.9822900763358778,
        "volume": 23.486862244931388,
        "wsc": 0.9381679389312977,
        "threshold": 0.13157009413109041
      },
      "0.05": {
        "coverage": 0.9470992366412214,
        "volume": 7.447976941351107,
        "wsc": 0.8492366412213741,
        "threshold": 0.03521271667985807
      },
      "0.1": {
        "coverage": 0.8965648854961832,
        "volume": 3.1336000545928435,
        "wsc": 0.7312977099236642,
        "threshold": 0.012022125119541302
      }
    }
  },
  "elapsed_s": 41010.94028019905
}