{
  "dataset": "blog_data",
  "seed": 39,
  "model": "MLP",
  "split": [
    0.5,
    0.25,
    0.25
  ],
  "alphas": [
    0.01,
    0.02,
    0.05,
    0.1
  ],
  "result": {
    "seed": 39,
    "model": "MLP",
    "model_rmse": 0.48932411647564944,
    "meta": {
      "n_train": 26198,
      "n_cal": 13099,
      "n_test": 13100,
      "d": 3,
      "p": 278,
      "elapsed": 31086.701101064682
    },
    "Mahal": {
      "params": {},
      "0.01": {
        "coverage": 0.991679389312977,
        "volume": 98.70888860651722,
        "wsc": 0.9683206106870229,
        "threshold": 35.55207568607871
      },
      "0.02": {
        "coverage": 0.980763358778626,
        "volume": 38.2112073909317,
        "wsc": 0.9358778625954198,
        "threshold": 18.883737766939657
      },
      "0.05": {
        "coverage": 0.9523664122137404,
        "volume": 12.037572901116832,
        "wsc": 0.8694656488549618,
        "threshold": 8.742857649354319
      },
      "0.1": {
        "coverage": 0.900381679389313,
        "volume": 5.02512384901505,
        "wsc": 0.7545801526717557,
        "threshold": 4.88343374982543
      }
    },
    "Bonferroni": {
      "params": {},
      "0.01": {
        "coverage": 0.99206106870229,
        "volume": 158.94393360859436,
        "wsc": 0.9702290076335878,
        "threshold": 5.612143822033671
      },
      "0.02": {
        "coverage": 0.981526717557252,
        "volume": 61.90677860661164,
        "wsc": 0.9396946564885497,
        "threshold": 4.088280557503221
      },
      "0.05": {
        "coverage": 0.9503053435114504,
        "volume": 16.8635381453293,
        "wsc": 0.8687022900763359,
        "threshold": 2.656400512109926
      },
      "0.1": {
        "coverage": 0.8993893129770992,
        "volume": 7.15413763404584,
        "wsc": 0.7610687022900763,
        "threshold": 1.9818991840228781
      }
    },
    "Density": {
      "params": {
        "lengthscale": 0.9089855140019607
      },
      "0.01": {
        "coverage": 0.99206106870229,
        "volume": 139.47725880846792,
        "wsc": 0.966412213740458,
        "threshold": 1.7058295355659445
      },
      "0.02": {
        "coverage": 0.9822137404580152,
        "volume": 44.38198390874193,
        "wsc": 0.9362595419847328,
        "threshold": 1.5910275093719548
      },
      "0.05": {
        "coverage": 0.9487022900763359,
        "volume": 9.437118401413876,
        "wsc": 0.851526717557252,
        "threshold": 1.0596064896796658
      },
      "0.1": {
        "coverage": 0.9001526717557252,
        "volume": 3.575572761474186,
        "wsc": 0.7545801526717557,
        "threshold": 0.6823763996114622
      }
    },
    "Kernel": {
      "params": {
        "lengthscale": 0.9089855140019607,
        "gamma": 1.6694033900930911
      },
      "0.01": {
        "coverage": 0.9890076335877862,
        "volume": 49.444635885657675,
        "wsc": 0.9576335877862595,
        "threshold": 0.24881402278516554
      },
      "0.02": {
        "coverage": 0.9789312977099237,
        "volume": 23.969802001815655,
        "wsc": 0.9259541984732824,
        "threshold": 0.1182705175806788
      },
      "0.05": {
        "coverage": 0.9490839694656489,
        "volume": 7.985944519141928,
        "wsc": 0.8465648854961833,
        "threshold": 0.03270938232210842
      },
      "0.1": {
        "coverage": 0.9002290076335878,
        "volume": 3.1626614300236104,
        "wsc": 0.7477099236641221,
        "threshold": 0.011116267986066667
      }
    }
  },
  "elapsed_s": 31086.70454955101
}