{
  "dataset": "blog_data",
  "seed": 30,
  "model": "MLP",
  "split": [
    0.5,
    0.25,
    0.25
  ],
  "alphas": [
    0.01,
    0.02,
    0.05,
    0.1
  ],
  "result": {
    "seed": 30,
    "model": "MLP",
    "model_rmse": 0.5988650653313267,
    "meta": {
      "n_train": 26198,
      "n_cal": 13099,
      "n_test": 13100,
      "d": 3,
      "p": 278,
      "elapsed": 39399.48328590393
    },
    "Mahal": {
      "params": {},
      "0.01": {
        "coverage": 0.9894656488549618,
        "volume": 105.07671662152983,
        "wsc": 0.9610687022900763,
        "threshold": 39.931376372000585
      },
      "0.02": {
        "coverage": 0.9799236641221374,
        "volume": 41.53468767071369,
        "wsc": 0.9358778625954198,
        "threshold": 21.5072021320378
      },
      "0.05": {
        "coverage": 0.95,
        "volume": 10.23201601240089,
        "wsc": 0.8656488549618321,
        "threshold": 8.4518300988586
      },
      "0.1": {
        "coverage": 0.9010687022900763,
        "volume": 4.313824995408644,
        "wsc": 0.7755725190839695,
        "threshold": 4.752093376698814
      }
    },
    "Bonferroni": {
      "params": {},
      "0.01": {
        "coverage": 0.9897709923664122,
        "volume": 177.63802525235656,
        "wsc": 0.9625954198473282,
        "threshold": 6.0471008175839165
      },
      "0.02": {
        "coverage": 0.9802290076335878,
        "volume": 67.02084635995102,
        "wsc": 0.9377862595419847,
        "threshold": 4.353812420870696
      },
      "0.05": {
        "coverage": 0.9498473282442748,
        "volume": 14.913862584100396,
        "wsc": 0.8690839694656488,
        "threshold": 2.6329629620903177
      },
      "0.1": {
        "coverage": 0.8989312977099236,
        "volume": 6.137120443899721,
        "wsc": 0.7816793893129771,
        "threshold": 1.959347705550739
      }
    },
    "Density": {
      "params": {
        "lengthscale": 0.8661829288362053
      },
      "0.01": {
        "coverage": 0.9883206106870229,
        "volume": 115.34082449247957,
        "wsc": 0.9557251908396946,
        "threshold": 1.7032465334315297
      },
      "0.02": {
        "coverage": 0.9783206106870229,
        "volume": 43.46009399329056,
        "wsc": 0.9232824427480916,
        "threshold": 1.6107544489576988
      },
      "0.05": {
        "coverage": 0.9503053435114504,
        "volume": 9.157784304424766,
        "wsc": 0.8576335877862595,
        "threshold": 1.0971034381589357
      },
      "0.1": {
        "coverage": 0.900381679389313,
        "volume": 2.94402968224534,
        "wsc": 0.7591603053435114,
        "threshold": 0.6674987813147192
      }
    },
    "Kernel": {
      "params": {
        "lengthscale": 0.8661829288362053,
        "gamma": 1.6344533386654925
      },
      "0.01": {
        "coverage": 0.9870992366412213,
        "volume": 41.3483966362498,
        "wsc": 0.950381679389313,
        "threshold": 0.22775596095845235
      },
      "0.02": {
        "coverage": 0.9777099236641221,
        "volume": 22.074900798903958,
        "wsc": 0.9232824427480916,
        "threshold": 0.12076169903496149
      },
      "0.05": {
        "coverage": 0.9506106870229007,
        "volume": 7.371782205072749,
        "wsc": 0.8557251908396947,
        "threshold": 0.035367835897136324
      },
      "0.1": {
        "coverage": 0.8997709923664122,
        "volume": 2.5842747897656126,
        "wsc": 0.7465648854961832,
        "threshold": 0.010712771062784874
      }
    }
  },
  "elapsed_s": 39399.48936700821
}