{
  "dataset": "blog_data",
  "seed": 13,
  "model": "MLP",
  "split": [
    0.5,
    0.25,
    0.25
  ],
  "alphas": [
    0.01,
    0.02,
    0.05,
    0.1
  ],
  "result": {
    "seed": 13,
    "model": "MLP",
    "model_rmse": 0.9321272337122984,
    "meta": {
      "n_train": 26198,
      "n_cal": 13099,
      "n_test": 13100,
      "d": 3,
      "p": 278,
      "elapsed": 41327.16319823265
    },
    "Mahal": {
      "params": {},
      "0.01": {
        "coverage": 0.9880152671755725,
        "volume": 334.6530151519005,
        "wsc": 0.9541984732824428,
        "threshold": 24.957485245529384
      },
      "0.02": {
        "coverage": 0.9775572519083969,
        "volume": 118.35480527662818,
        "wsc": 0.916412213740458,
        "threshold": 12.48135085980362
      },
      "0.05": {
        "coverage": 0.9504580152671755,
        "volume": 38.499036323957434,
        "wsc": 0.8423664122137404,
        "threshold": 5.903427499877418
      },
      "0.1": {
        "coverage": 0.9048854961832061,
        "volume": 18.695341127698274,
        "wsc": 0.7534351145038168,
        "threshold": 3.6472028972945147
      }
    },
    "Bonferroni": {
      "params": {},
      "0.01": {
        "coverage": 0.9867175572519084,
        "volume": 396.781349039365,
        "wsc": 0.9507633587786259,
        "threshold": 3.4853631758896646
      },
      "0.02": {
        "coverage": 0.9782442748091603,
        "volume": 133.2570300325962,
        "wsc": 0.9209923664122137,
        "threshold": 2.4635927038007623
      },
      "0.05": {
        "coverage": 0.9525954198473282,
        "volume": 40.1479513559745,
        "wsc": 0.8465648854961833,
        "threshold": 1.6124048473698172
      },
      "0.1": {
        "coverage": 0.9047328244274809,
        "volume": 17.511340485052706,
        "wsc": 0.7572519083969466,
        "threshold": 1.2528287187141312
      }
    },
    "Density": {
      "params": {
        "lengthscale": 1.7501186334745824
      },
      "0.01": {
        "coverage": 0.9880916030534351,
        "volume": 205.86502716574157,
        "wsc": 0.9526717557251908,
        "threshold": 1.4972400281735743
      },
      "0.02": {
        "coverage": 0.9777099236641221,
        "volume": 83.28564377037263,
        "wsc": 0.9183206106870229,
        "threshold": 1.1309649103728603
      },
      "0.05": {
        "coverage": 0.9523664122137404,
        "volume": 30.324516449725415,
        "wsc": 0.8431297709923664,
        "threshold": 0.7246571181823965
      },
      "0.1": {
        "coverage": 0.9069465648854962,
        "volume": 15.802917023096343,
        "wsc": 0.7629770992366413,
        "threshold": 0.5434378228416377
      }
    },
    "Kernel": {
      "params": {
        "lengthscale": 1.7501186334745824,
        "gamma": 1.6527900783860898
      },
      "0.01": {
        "coverage": 0.9874045801526717,
        "volume": 93.1090786766217,
        "wsc": 0.9496183206106871,
        "threshold": 0.09583246380925545
      },
      "0.02": {
        "coverage": 0.9783206106870229,
        "volume": 54.66955078260357,
        "wsc": 0.916793893129771,
        "threshold": 0.04898850589320083
      },
      "0.05": {
        "coverage": 0.9502290076335878,
        "volume": 20.928187408965428,
        "wsc": 0.8301526717557252,
        "threshold": 0.01530038345362734
      },
      "0.1": {
        "coverage": 0.9061068702290076,
        "volume": 11.10475250271635,
        "wsc": 0.7297709923664122,
        "threshold": 0.006480660214338438
      }
    }
  },
  "elapsed_s": 41327.16644239426
}