{
  "dataset": "blog_data",
  "seed": 22,
  "model": "Ridge",
  "split": [
    0.5,
    0.25,
    0.25
  ],
  "alphas": [
    0.01,
    0.02,
    0.05,
    0.1
  ],
  "result": {
    "seed": 22,
    "model": "Ridge",
    "model_rmse": 0.7380427154793546,
    "meta": {
      "n_train": 26198,
      "n_cal": 13099,
      "n_test": 13100,
      "d": 3,
      "p": 278,
      "elapsed": 39755.671514987946
    },
    "Mahal": {
      "params": {},
      "0.01": {
        "coverage": 0.9904580152671756,
        "volume": 305.0879158386045,
        "wsc": 0.9645038167938931,
        "threshold": 33.916354549081404
      },
      "0.02": {
        "coverage": 0.9814503816793894,
        "volume": 108.90934584747289,
        "wsc": 0.9358778625954198,
        "threshold": 17.06747448086073
      },
      "0.05": {
        "coverage": 0.9519083969465649,
        "volume": 28.40515816485571,
        "wsc": 0.850763358778626,
        "threshold": 6.96718437757214
      },
      "0.1": {
        "coverage": 0.9018320610687023,
        "volume": 13.703354770107378,
        "wsc": 0.7603053435114504,
        "threshold": 4.285588126562459
      }
    },
    "Bonferroni": {
      "params": {},
      "0.01": {
        "coverage": 0.9906106870229008,
        "volume": 428.61387055610004,
        "wsc": 0.9652671755725191,
        "threshold": 5.627398580271735
      },
      "0.02": {
        "coverage": 0.9812213740458016,
        "volume": 185.0827163935916,
        "wsc": 0.9366412213740458,
        "threshold": 3.962567376968447
      },
      "0.05": {
        "coverage": 0.9525954198473282,
        "volume": 41.226637045520214,
        "wsc": 0.8545801526717557,
        "threshold": 2.3941797663969413
      },
      "0.1": {
        "coverage": 0.9013740458015267,
        "volume": 19.825487192596356,
        "wsc": 0.7709923664122137,
        "threshold": 1.8758846976076033
      }
    },
    "Density": {
      "params": {
        "lengthscale": 1.8310733986087762
      },
      "0.01": {
        "coverage": 0.9912213740458016,
        "volume": 258.53838023221306,
        "wsc": 0.9652671755725191,
        "threshold": 1.5542318496760206
      },
      "0.02": {
        "coverage": 0.9816030534351146,
        "volume": 109.73433582274743,
        "wsc": 0.9316793893129771,
        "threshold": 1.217484970099206
      },
      "0.05": {
        "coverage": 0.9494656488549619,
        "volume": 27.511646511267102,
        "wsc": 0.8545801526717557,
        "threshold": 0.6722048939852737
      },
      "0.1": {
        "coverage": 0.8990076335877862,
        "volume": 16.179365365801925,
        "wsc": 0.783206106870229,
        "threshold": 0.5127940318763897
      }
    },
    "Kernel": {
      "params": {
        "lengthscale": 1.8310733986087762,
        "gamma": 1.5644479975482923
      },
      "0.01": {
        "coverage": 0.9901526717557252,
        "volume": 95.98091449190095,
        "wsc": 0.9606870229007634,
        "threshold": 0.09171328544726591
      },
      "0.02": {
        "coverage": 0.9835114503816794,
        "volume": 53.87997682388194,
        "wsc": 0.9389312977099237,
        "threshold": 0.04784435973600781
      },
      "0.05": {
        "coverage": 0.9509160305343511,
        "volume": 18.124924443340454,
        "wsc": 0.833587786259542,
        "threshold": 0.01351925738107934
      },
      "0.1": {
        "coverage": 0.8959541984732824,
        "volume": 8.0368403375851,
        "wsc": 0.7114503816793893,
        "threshold": 0.005142914632794975
      }
    }
  },
  "elapsed_s": 39755.675862789154
}