{
  "dataset": "blog_data",
  "seed": 47,
  "model": "MLP",
  "split": [
    0.5,
    0.25,
    0.25
  ],
  "alphas": [
    0.01,
    0.02,
    0.05,
    0.1
  ],
  "result": {
    "seed": 47,
    "model": "MLP",
    "model_rmse": 0.5266819398099709,
    "meta": {
      "n_train": 26198,
      "n_cal": 13099,
      "n_test": 13100,
      "d": 3,
      "p": 278,
      "elapsed": 31737.84517979622
    },
    "Mahal": {
      "params": {},
      "0.01": {
        "coverage": 0.9893129770992366,
        "volume": 96.3996266526126,
        "wsc": 0.9645038167938931,
        "threshold": 33.496095709765875
      },
      "0.02": {
        "coverage": 0.9776335877862595,
        "volume": 39.99624414642929,
        "wsc": 0.9270992366412214,
        "threshold": 18.63331366286332
      },
      "0.05": {
        "coverage": 0.9518320610687023,
        "volume": 14.88392892612312,
        "wsc": 0.8702290076335878,
        "threshold": 9.640265892442166
      },
      "0.1": {
        "coverage": 0.9045801526717557,
        "volume": 6.067332790759887,
        "wsc": 0.7603053435114504,
        "threshold": 5.299999539276662
      }
    },
    "Bonferroni": {
      "params": {},
      "0.01": {
        "coverage": 0.9887786259541985,
        "volume": 148.39808468680596,
        "wsc": 0.9622137404580152,
        "threshold": 5.3902793074445094
      },
      "0.02": {
        "coverage": 0.9793129770992366,
        "volume": 65.45179168403698,
        "wsc": 0.933587786259542,
        "threshold": 4.097437337516581
      },
      "0.05": {
        "coverage": 0.9508396946564885,
        "volume": 20.988601052912315,
        "wsc": 0.867175572519084,
        "threshold": 2.8177516701977385
      },
      "0.1": {
        "coverage": 0.9016793893129771,
        "volume": 8.051173872282,
        "wsc": 0.7641221374045801,
        "threshold": 2.0444144303884006
      }
    },
    "Density": {
      "params": {
        "lengthscale": 0.936707006452328
      },
      "0.01": {
        "coverage": 0.989618320610687,
        "volume": 136.869955828794,
        "wsc": 0.9599236641221374,
        "threshold": 1.699773083845674
      },
      "0.02": {
        "coverage": 0.9783969465648855,
        "volume": 42.110931143737325,
        "wsc": 0.9263358778625954,
        "threshold": 1.5568732621429586
      },
      "0.05": {
        "coverage": 0.9500763358778626,
        "volume": 11.178375989624923,
        "wsc": 0.8561068702290077,
        "threshold": 1.095665049735802
      },
      "0.1": {
        "coverage": 0.9049618320610687,
        "volume": 4.289616062276312,
        "wsc": 0.7591603053435114,
        "threshold": 0.7266090913597473
      }
    },
    "Kernel": {
      "params": {
        "lengthscale": 0.936707006452328,
        "gamma": 1.6963147597168775
      },
      "0.01": {
        "coverage": 0.9870992366412213,
        "volume": 45.45072814186452,
        "wsc": 0.9515267175572519,
        "threshold": 0.21364667747892366
      },
      "0.02": {
        "coverage": 0.9761832061068703,
        "volume": 23.87577669195041,
        "wsc": 0.9202290076335878,
        "threshold": 0.10805421926222747
      },
      "0.05": {
        "coverage": 0.9496183206106871,
        "volume": 8.946129741390006,
        "wsc": 0.849618320610687,
        "threshold": 0.033415799451652524
      },
      "0.1": {
        "coverage": 0.9027480916030535,
        "volume": 3.6106840236426514,
        "wsc": 0.7431297709923664,
        "threshold": 0.012082867045273222
      }
    }
  },
  "elapsed_s": 31737.848343372345
}