{
  "dataset": "blog_data",
  "seed": 40,
  "model": "MLP",
  "split": [
    0.5,
    0.25,
    0.25
  ],
  "alphas": [
    0.01,
    0.02,
    0.05,
    0.1
  ],
  "result": {
    "seed": 40,
    "model": "MLP",
    "model_rmse": 0.5710915322155946,
    "meta": {
      "n_train": 26198,
      "n_cal": 13099,
      "n_test": 13100,
      "d": 3,
      "p": 278,
      "elapsed": 31507.021789312363
    },
    "Mahal": {
      "params": {},
      "0.01": {
        "coverage": 0.9891603053435114,
        "volume": 101.55514979678226,
        "wsc": 0.9622137404580152,
        "threshold": 32.712918418358726
      },
      "0.02": {
        "coverage": 0.98,
        "volume": 40.21797266071463,
        "wsc": 0.9366412213740458,
        "threshold": 17.641334694244545
      },
      "0.05": {
        "coverage": 0.9519083969465649,
        "volume": 13.92860435856209,
        "wsc": 0.866793893129771,
        "threshold": 8.700076234467502
      },
      "0.1": {
        "coverage": 0.9041221374045801,
        "volume": 5.943678985504436,
        "wsc": 0.7687022900763358,
        "threshold": 4.931225771905755
      }
    },
    "Bonferroni": {
      "params": {},
      "0.01": {
        "coverage": 0.9886259541984733,
        "volume": 163.44649544821658,
        "wsc": 0.9618320610687023,
        "threshold": 5.375570740668215
      },
      "0.02": {
        "coverage": 0.9793893129770992,
        "volume": 60.628523741930294,
        "wsc": 0.9370229007633588,
        "threshold": 3.8618378741650923
      },
      "0.05": {
        "coverage": 0.9527480916030534,
        "volume": 20.207000219732567,
        "wsc": 0.8755725190839695,
        "threshold": 2.6706769789018563
      },
      "0.1": {
        "coverage": 0.9063358778625954,
        "volume": 8.418329577766473,
        "wsc": 0.7751908396946565,
        "threshold": 2.0064358480134694
      }
    },
    "Density": {
      "params": {
        "lengthscale": 0.9410968637118515
      },
      "0.01": {
        "coverage": 0.9881679389312977,
        "volume": 132.27084060437008,
        "wsc": 0.9564885496183206,
        "threshold": 1.6988462035014757
      },
      "0.02": {
        "coverage": 0.979236641221374,
        "volume": 48.16277565403123,
        "wsc": 0.9278625954198473,
        "threshold": 1.5812430500229324
      },
      "0.05": {
        "coverage": 0.9525954198473282,
        "volume": 11.984270793013396,
        "wsc": 0.8477099236641221,
        "threshold": 1.105792758906256
      },
      "0.1": {
        "coverage": 0.9016793893129771,
        "volume": 4.1151262547258805,
        "wsc": 0.7404580152671756,
        "threshold": 0.6998237902778685
      }
    },
    "Kernel": {
      "params": {
        "lengthscale": 0.9410968637118515,
        "gamma": 1.674433194119884
      },
      "0.01": {
        "coverage": 0.9871755725190839,
        "volume": 45.95098933065023,
        "wsc": 0.9515267175572519,
        "threshold": 0.2042953406595478
      },
      "0.02": {
        "coverage": 0.9790839694656489,
        "volume": 26.022343172023437,
        "wsc": 0.9248091603053435,
        "threshold": 0.11061889524522538
      },
      "0.05": {
        "coverage": 0.9508396946564885,
        "volume": 9.614499732248035,
        "wsc": 0.8435114503816794,
        "threshold": 0.03430063400208234
      },
      "0.1": {
        "coverage": 0.9024427480916031,
        "volume": 3.7164028698986926,
        "wsc": 0.7377862595419847,
        "threshold": 0.01159531645266453
      }
    }
  },
  "elapsed_s": 31507.024856090546
}