{
  "dataset": "blog_data",
  "seed": 33,
  "model": "Ridge",
  "split": [
    0.5,
    0.25,
    0.25
  ],
  "alphas": [
    0.01,
    0.02,
    0.05,
    0.1
  ],
  "result": {
    "seed": 33,
    "model": "Ridge",
    "model_rmse": 0.7612299539244172,
    "meta": {
      "n_train": 26198,
      "n_cal": 13099,
      "n_test": 13100,
      "d": 3,
      "p": 278,
      "elapsed": 31015.865936279297
    },
    "Mahal": {
      "params": {},
      "0.01": {
        "coverage": 0.9891603053435114,
        "volume": 268.1763408183773,
        "wsc": 0.9622137404580152,
        "threshold": 29.428503649221245
      },
      "0.02": {
        "coverage": 0.9798473282442748,
        "volume": 96.35455554662137,
        "wsc": 0.9316793893129771,
        "threshold": 14.873141439164238
      },
      "0.05": {
        "coverage": 0.9474045801526717,
        "volume": 28.760331647005664,
        "wsc": 0.8408396946564886,
        "threshold": 6.642789127351026
      },
      "0.1": {
        "coverage": 0.8931297709923665,
        "volume": 14.190297730948298,
        "wsc": 0.7393129770992366,
        "threshold": 4.147778391304284
      }
    },
    "Bonferroni": {
      "params": {},
      "0.01": {
        "coverage": 0.989236641221374,
        "volume": 346.433938020044,
        "wsc": 0.9625954198473282,
        "threshold": 5.306875920758787
      },
      "0.02": {
        "coverage": 0.9795419847328244,
        "volume": 151.52441022240046,
        "wsc": 0.9324427480916031,
        "threshold": 3.605070765398868
      },
      "0.05": {
        "coverage": 0.9468702290076336,
        "volume": 40.213007694534575,
        "wsc": 0.8431297709923664,
        "threshold": 2.31530876547094
      },
      "0.1": {
        "coverage": 0.8948854961832061,
        "volume": 19.962725495733757,
        "wsc": 0.7576335877862596,
        "threshold": 1.8517582059951134
      }
    },
    "Density": {
      "params": {
        "lengthscale": 1.8254481428729963
      },
      "0.01": {
        "coverage": 0.9883206106870229,
        "volume": 216.2785852943147,
        "wsc": 0.9572519083969465,
        "threshold": 1.514072587388414
      },
      "0.02": {
        "coverage": 0.9777862595419847,
        "volume": 89.82103204708834,
        "wsc": 0.917175572519084,
        "threshold": 1.1401396336249714
      },
      "0.05": {
        "coverage": 0.9463358778625954,
        "volume": 26.185632273044416,
        "wsc": 0.8427480916030534,
        "threshold": 0.6648617717458611
      },
      "0.1": {
        "coverage": 0.8970229007633588,
        "volume": 15.662854170184081,
        "wsc": 0.7732824427480917,
        "threshold": 0.5106812521880346
      }
    },
    "Kernel": {
      "params": {
        "lengthscale": 1.8254481428729963,
        "gamma": 1.6288583299203332
      },
      "0.01": {
        "coverage": 0.9874045801526717,
        "volume": 95.05546265760597,
        "wsc": 0.9492366412213741,
        "threshold": 0.10201000858968066
      },
      "0.02": {
        "coverage": 0.9770992366412213,
        "volume": 48.853188007002736,
        "wsc": 0.9122137404580153,
        "threshold": 0.0461019852435213
      },
      "0.05": {
        "coverage": 0.9464885496183206,
        "volume": 16.956859333985864,
        "wsc": 0.8290076335877863,
        "threshold": 0.013292345151349501
      },
      "0.1": {
        "coverage": 0.8928244274809161,
        "volume": 7.395598957006023,
        "wsc": 0.7103053435114504,
        "threshold": 0.0051243440997935175
      }
    }
  },
  "elapsed_s": 31015.8699696064
}