{
  "dataset": "blog_data",
  "seed": 21,
  "model": "Ridge",
  "split": [
    0.5,
    0.25,
    0.25
  ],
  "alphas": [
    0.01,
    0.02,
    0.05,
    0.1
  ],
  "result": {
    "seed": 21,
    "model": "Ridge",
    "model_rmse": 0.7484742454919133,
    "meta": {
      "n_train": 26198,
      "n_cal": 13099,
      "n_test": 13100,
      "d": 3,
      "p": 278,
      "elapsed": 39681.029512643814
    },
    "Mahal": {
      "params": {},
      "0.01": {
        "coverage": 0.99,
        "volume": 287.8793221990357,
        "wsc": 0.9656488549618321,
        "threshold": 36.78587611015438
      },
      "0.02": {
        "coverage": 0.9818320610687022,
        "volume": 118.41834684686941,
        "wsc": 0.9320610687022901,
        "threshold": 20.34636285935339
      },
      "0.05": {
        "coverage": 0.9519083969465649,
        "volume": 26.548054244657894,
        "wsc": 0.8446564885496183,
        "threshold": 7.508662552705181
      },
      "0.1": {
        "coverage": 0.897175572519084,
        "volume": 11.779897836253072,
        "wsc": 0.7366412213740458,
        "threshold": 4.36819286870375
      }
    },
    "Bonferroni": {
      "params": {},
      "0.01": {
        "coverage": 0.9899236641221374,
        "volume": 368.995892128058,
        "wsc": 0.9648854961832061,
        "threshold": 5.9188317020419685
      },
      "0.02": {
        "coverage": 0.9821374045801526,
        "volume": 182.23761578173767,
        "wsc": 0.932824427480916,
        "threshold": 4.3127326559424946
      },
      "0.05": {
        "coverage": 0.9527480916030534,
        "volume": 37.09224475484655,
        "wsc": 0.8526717557251908,
        "threshold": 2.469220314775459
      },
      "0.1": {
        "coverage": 0.8969465648854962,
        "volume": 16.99311809777705,
        "wsc": 0.7465648854961832,
        "threshold": 1.8999714516439274
      }
    },
    "Density": {
      "params": {
        "lengthscale": 1.8363152822512467
      },
      "0.01": {
        "coverage": 0.9900763358778626,
        "volume": 226.51899059280845,
        "wsc": 0.9637404580152672,
        "threshold": 1.5246963848653703
      },
      "0.02": {
        "coverage": 0.9806870229007634,
        "volume": 99.21068653726604,
        "wsc": 0.9263358778625954,
        "threshold": 1.1785081496525045
      },
      "0.05": {
        "coverage": 0.9505343511450381,
        "volume": 27.502702738545537,
        "wsc": 0.8541984732824427,
        "threshold": 0.6739202181553707
      },
      "0.1": {
        "coverage": 0.8996946564885496,
        "volume": 16.382638687181153,
        "wsc": 0.7874045801526718,
        "threshold": 0.5172700697772311
      }
    },
    "Kernel": {
      "params": {
        "lengthscale": 1.8363152822512467,
        "gamma": 1.4837570924924794
      },
      "0.01": {
        "coverage": 0.9889312977099237,
        "volume": 94.07781715865802,
        "wsc": 0.9572519083969465,
        "threshold": 0.08667210341356128
      },
      "0.02": {
        "coverage": 0.9798473282442748,
        "volume": 51.80082092231997,
        "wsc": 0.9251908396946565,
        "threshold": 0.043833245720788415
      },
      "0.05": {
        "coverage": 0.9500763358778626,
        "volume": 17.958125211410227,
        "wsc": 0.8366412213740458,
        "threshold": 0.012779773451197527
      },
      "0.1": {
        "coverage": 0.8977099236641222,
        "volume": 7.645692561599058,
        "wsc": 0.7286259541984733,
        "threshold": 0.004851990831888977
      }
    }
  },
  "elapsed_s": 39681.03376078606
}