{
  "dataset": "blog_data",
  "seed": 1,
  "model": "MLP",
  "split": [
    0.5,
    0.25,
    0.25
  ],
  "alphas": [
    0.01,
    0.02,
    0.05,
    0.1
  ],
  "result": {
    "seed": 1,
    "model": "MLP",
    "model_rmse": 0.5062539670338396,
    "meta": {
      "n_train": 26198,
      "n_cal": 13099,
      "n_test": 13100,
      "d": 3,
      "p": 278,
      "elapsed": 40010.92997384071
    },
    "Mahal": {
      "params": {},
      "0.01": {
        "coverage": 0.9887022900763359,
        "volume": 81.50521840814432,
        "wsc": 0.9641221374045802,
        "threshold": 31.45808129753503
      },
      "0.02": {
        "coverage": 0.9779389312977099,
        "volume": 34.98857637016767,
        "wsc": 0.9305343511450381,
        "threshold": 17.901639267278163
      },
      "0.05": {
        "coverage": 0.9495419847328245,
        "volume": 12.849844134743641,
        "wsc": 0.866793893129771,
        "threshold": 9.180659072288899
      },
      "0.1": {
        "coverage": 0.8999236641221374,
        "volume": 5.681029146529229,
        "wsc": 0.7656488549618321,
        "threshold": 5.327947846915341
      }
    },
    "Bonferroni": {
      "params": {},
      "0.01": {
        "coverage": 0.9886259541984733,
        "volume": 134.34912774959292,
        "wsc": 0.9637404580152672,
        "threshold": 5.333482344053043
      },
      "0.02": {
        "coverage": 0.9784732824427481,
        "volume": 54.77624251088942,
        "wsc": 0.932824427480916,
        "threshold": 3.9504923409397064
      },
      "0.05": {
        "coverage": 0.9482442748091603,
        "volume": 18.046374749880112,
        "wsc": 0.8656488549618321,
        "threshold": 2.7277069942151457
      },
      "0.1": {
        "coverage": 0.8990839694656488,
        "volume": 7.5817073088640194,
        "wsc": 0.768320610687023,
        "threshold": 2.0462473749919963
      }
    },
    "Density": {
      "params": {
        "lengthscale": 0.9523613486968863
      },
      "0.01": {
        "coverage": 0.9893893129770992,
        "volume": 111.92893613623791,
        "wsc": 0.9610687022900763,
        "threshold": 1.6972110097048057
      },
      "0.02": {
        "coverage": 0.9783206106870229,
        "volume": 36.7362389436218,
        "wsc": 0.9278625954198473,
        "threshold": 1.5163149750101417
      },
      "0.05": {
        "coverage": 0.9505343511450381,
        "volume": 10.111066806022857,
        "wsc": 0.8572519083969465,
        "threshold": 1.0338690911308925
      },
      "0.1": {
        "coverage": 0.9015267175572519,
        "volume": 3.8991637588443533,
        "wsc": 0.7534351145038168,
        "threshold": 0.6745105235444454
      }
    },
    "Kernel": {
      "params": {
        "lengthscale": 0.9523613486968863,
        "gamma": 1.7025938540255325
      },
      "0.01": {
        "coverage": 0.9874045801526717,
        "volume": 43.65534326078678,
        "wsc": 0.9545801526717558,
        "threshold": 0.2013682568829913
      },
      "0.02": {
        "coverage": 0.9779389312977099,
        "volume": 22.50301698731741,
        "wsc": 0.9274809160305344,
        "threshold": 0.09965528009756643
      },
      "0.05": {
        "coverage": 0.9504580152671755,
        "volume": 8.540570292043881,
        "wsc": 0.8541984732824427,
        "threshold": 0.030615301639787127
      },
      "0.1": {
        "coverage": 0.9018320610687023,
        "volume": 3.5551198977698513,
        "wsc": 0.7450381679389313,
        "threshold": 0.010822612787324486
      }
    }
  },
  "elapsed_s": 40010.93348097801
}