{
  "dataset": "blog_data",
  "seed": 4,
  "model": "Ridge",
  "split": [
    0.5,
    0.25,
    0.25
  ],
  "alphas": [
    0.01,
    0.02,
    0.05,
    0.1
  ],
  "result": {
    "seed": 4,
    "model": "Ridge",
    "model_rmse": 0.7574794164134815,
    "meta": {
      "n_train": 26198,
      "n_cal": 13099,
      "n_test": 13100,
      "d": 3,
      "p": 278,
      "elapsed": 40389.62886142731
    },
    "Mahal": {
      "params": {},
      "0.01": {
        "coverage": 0.9878625954198473,
        "volume": 217.1469710507814,
        "wsc": 0.9564885496183206,
        "threshold": 29.62560607259916
      },
      "0.02": {
        "coverage": 0.9772519083969465,
        "volume": 82.12275298157006,
        "wsc": 0.9194656488549618,
        "threshold": 15.49317380980827
      },
      "0.05": {
        "coverage": 0.9478625954198473,
        "volume": 24.006490877147186,
        "wsc": 0.8393129770992367,
        "threshold": 6.824180645351767
      },
      "0.1": {
        "coverage": 0.898473282442748,
        "volume": 12.054364808358908,
        "wsc": 0.7538167938931297,
        "threshold": 4.311161381905088
      }
    },
    "Bonferroni": {
      "params": {},
      "0.01": {
        "coverage": 0.9878625954198473,
        "volume": 332.48834044845387,
        "wsc": 0.9564885496183206,
        "threshold": 5.285206842957965
      },
      "0.02": {
        "coverage": 0.9778625954198473,
        "volume": 133.4277210765917,
        "wsc": 0.9229007633587786,
        "threshold": 3.732871095174862
      },
      "0.05": {
        "coverage": 0.946793893129771,
        "volume": 32.72399842948175,
        "wsc": 0.8354961832061069,
        "threshold": 2.331639231512761
      },
      "0.1": {
        "coverage": 0.8943511450381679,
        "volume": 16.53089956521359,
        "wsc": 0.7545801526717557,
        "threshold": 1.862310945889259
      }
    },
    "Density": {
      "params": {
        "lengthscale": 1.825510807683406
      },
      "0.01": {
        "coverage": 0.9887022900763359,
        "volume": 200.61094679935908,
        "wsc": 0.9583969465648855,
        "threshold": 1.4816443082928121
      },
      "0.02": {
        "coverage": 0.9757251908396947,
        "volume": 72.50269781344485,
        "wsc": 0.9103053435114504,
        "threshold": 1.0513978520964908
      },
      "0.05": {
        "coverage": 0.946793893129771,
        "volume": 25.331496774054983,
        "wsc": 0.85,
        "threshold": 0.6554689365182527
      },
      "0.1": {
        "coverage": 0.8944274809160305,
        "volume": 15.36815399459091,
        "wsc": 0.7744274809160305,
        "threshold": 0.5087116514382174
      }
    },
    "Kernel": {
      "params": {
        "lengthscale": 1.825510807683406,
        "gamma": 1.478576786623021
      },
      "0.01": {
        "coverage": 0.9866412213740458,
        "volume": 84.1941578630087,
        "wsc": 0.9477099236641221,
        "threshold": 0.08618378846018716
      },
      "0.02": {
        "coverage": 0.9767938931297709,
        "volume": 43.85719837327262,
        "wsc": 0.9133587786259542,
        "threshold": 0.040194700110818986
      },
      "0.05": {
        "coverage": 0.944732824427481,
        "volume": 15.581501805714337,
        "wsc": 0.8225190839694656,
        "threshold": 0.011278630418927
      },
      "0.1": {
        "coverage": 0.8977862595419848,
        "volume": 7.648519028774883,
        "wsc": 0.7251908396946565,
        "threshold": 0.004797962030404023
      }
    }
  },
  "elapsed_s": 40389.63280534744
}