{
  "dataset": "blog_data",
  "seed": 34,
  "model": "Ridge",
  "split": [
    0.5,
    0.25,
    0.25
  ],
  "alphas": [
    0.01,
    0.02,
    0.05,
    0.1
  ],
  "result": {
    "seed": 34,
    "model": "Ridge",
    "model_rmse": 0.7846908503554257,
    "meta": {
      "n_train": 26198,
      "n_cal": 13099,
      "n_test": 13100,
      "d": 3,
      "p": 278,
      "elapsed": 31096.554925203323
    },
    "Mahal": {
      "params": {},
      "0.01": {
        "coverage": 0.9880152671755725,
        "volume": 250.48767315685814,
        "wsc": 0.9568702290076336,
        "threshold": 31.924545795935156
      },
      "0.02": {
        "coverage": 0.9785496183206107,
        "volume": 98.09560301105887,
        "wsc": 0.9255725190839694,
        "threshold": 17.088352032782392
      },
      "0.05": {
        "coverage": 0.9490839694656489,
        "volume": 26.469806828924003,
        "wsc": 0.8347958794353301,
        "threshold": 7.135663079778569
      },
      "0.1": {
        "coverage": 0.9030534351145039,
        "volume": 13.038897642386953,
        "wsc": 0.7515267175572519,
        "threshold": 4.450694027356715
      }
    },
    "Bonferroni": {
      "params": {},
      "0.01": {
        "coverage": 0.9881679389312977,
        "volume": 313.84824824740537,
        "wsc": 0.9576335877862595,
        "threshold": 5.431730064142462
      },
      "0.02": {
        "coverage": 0.9778625954198473,
        "volume": 150.2491884333132,
        "wsc": 0.9213740458015267,
        "threshold": 3.8357409237101607
      },
      "0.05": {
        "coverage": 0.9484732824427481,
        "volume": 36.68166713873844,
        "wsc": 0.8325066768409004,
        "threshold": 2.4039739976105836
      },
      "0.1": {
        "coverage": 0.9050381679389313,
        "volume": 18.45730749612585,
        "wsc": 0.767175572519084,
        "threshold": 1.9154226625038082
      }
    },
    "Density": {
      "params": {
        "lengthscale": 1.8400240302641047
      },
      "0.01": {
        "coverage": 0.9883206106870229,
        "volume": 224.313543354073,
        "wsc": 0.9564885496183206,
        "threshold": 1.5122851923627796
      },
      "0.02": {
        "coverage": 0.9783206106870229,
        "volume": 95.06667214358664,
        "wsc": 0.9198473282442748,
        "threshold": 1.1617667697958807
      },
      "0.05": {
        "coverage": 0.9490839694656489,
        "volume": 27.15039888938258,
        "wsc": 0.8512018313620755,
        "threshold": 0.6681426643037566
      },
      "0.1": {
        "coverage": 0.9004580152671756,
        "volume": 16.066870644185986,
        "wsc": 0.783206106870229,
        "threshold": 0.5119960436128084
      }
    },
    "Kernel": {
      "params": {
        "lengthscale": 1.8400240302641047,
        "gamma": 1.5631197128491365
      },
      "0.01": {
        "coverage": 0.9879389312977099,
        "volume": 91.84894384926322,
        "wsc": 0.9511636779855017,
        "threshold": 0.09036908970087418
      },
      "0.02": {
        "coverage": 0.9775572519083969,
        "volume": 48.028622395851905,
        "wsc": 0.9125954198473283,
        "threshold": 0.04244223404783271
      },
      "0.05": {
        "coverage": 0.9502290076335878,
        "volume": 17.730161859925566,
        "wsc": 0.8336512781381152,
        "threshold": 0.013104143334479084
      },
      "0.1": {
        "coverage": 0.898473282442748,
        "volume": 7.937643681395949,
        "wsc": 0.7195726821823731,
        "threshold": 0.0050454486933235905
      }
    }
  },
  "elapsed_s": 31096.557929992676
}