{
  "dataset": "blog_data",
  "seed": 4,
  "model": "MLP",
  "split": [
    0.5,
    0.25,
    0.25
  ],
  "alphas": [
    0.01,
    0.02,
    0.05,
    0.1
  ],
  "result": {
    "seed": 4,
    "model": "MLP",
    "model_rmse": 0.5385641328496255,
    "meta": {
      "n_train": 26198,
      "n_cal": 13099,
      "n_test": 13100,
      "d": 3,
      "p": 278,
      "elapsed": 40451.550537109375
    },
    "Mahal": {
      "params": {},
      "0.01": {
        "coverage": 0.9887786259541985,
        "volume": 75.66090003855818,
        "wsc": 0.9633587786259542,
        "threshold": 33.310429179987615
      },
      "0.02": {
        "coverage": 0.9794656488549618,
        "volume": 31.680626877356666,
        "wsc": 0.9366412213740458,
        "threshold": 18.643541072738728
      },
      "0.05": {
        "coverage": 0.9527480916030534,
        "volume": 10.594725973504344,
        "wsc": 0.8729007633587786,
        "threshold": 8.982399740699703
      },
      "0.1": {
        "coverage": 0.9022900763358779,
        "volume": 4.420901284441994,
        "wsc": 0.7702290076335878,
        "threshold": 5.015794918883
      }
    },
    "Bonferroni": {
      "params": {},
      "0.01": {
        "coverage": 0.9885496183206107,
        "volume": 126.30145923187459,
        "wsc": 0.9637404580152672,
        "threshold": 5.483796678138358
      },
      "0.02": {
        "coverage": 0.979236641221374,
        "volume": 49.15829999326938,
        "wsc": 0.9377862595419847,
        "threshold": 3.993709306977854
      },
      "0.05": {
        "coverage": 0.9525190839694656,
        "volume": 15.29220503877817,
        "wsc": 0.8744274809160305,
        "threshold": 2.7024695722347793
      },
      "0.1": {
        "coverage": 0.9049618320610687,
        "volume": 6.206179563182965,
        "wsc": 0.7847328244274809,
        "threshold": 2.007200093681702
      }
    },
    "Density": {
      "params": {
        "lengthscale": 0.8897694312589901
      },
      "0.01": {
        "coverage": 0.9886259541984733,
        "volume": 97.6915171528369,
        "wsc": 0.9568702290076336,
        "threshold": 1.6996843687208973
      },
      "0.02": {
        "coverage": 0.9785496183206107,
        "volume": 33.68749985914783,
        "wsc": 0.9293893129770993,
        "threshold": 1.5401584661024843
      },
      "0.05": {
        "coverage": 0.9483206106870229,
        "volume": 8.371645094221625,
        "wsc": 0.851526717557252,
        "threshold": 1.0354074226836736
      },
      "0.1": {
        "coverage": 0.9006106870229008,
        "volume": 3.294087314111502,
        "wsc": 0.7576335877862596,
        "threshold": 0.6780105304337034
      }
    },
    "Kernel": {
      "params": {
        "lengthscale": 0.8897694312589901,
        "gamma": 1.7750499163637579
      },
      "0.01": {
        "coverage": 0.9883206106870229,
        "volume": 41.85822547110813,
        "wsc": 0.9583969465648855,
        "threshold": 0.23858793937580128
      },
      "0.02": {
        "coverage": 0.9789312977099237,
        "volume": 22.277257656653163,
        "wsc": 0.9297709923664123,
        "threshold": 0.12020353525529093
      },
      "0.05": {
        "coverage": 0.9483969465648855,
        "volume": 7.089233090158639,
        "wsc": 0.851145038167939,
        "threshold": 0.03227697153977362
      },
      "0.1": {
        "coverage": 0.8999236641221374,
        "volume": 2.956741022907312,
        "wsc": 0.7473282442748092,
        "threshold": 0.011425402489955857
      }
    }
  },
  "elapsed_s": 40451.55381345749
}