{
  "dataset": "blog_data",
  "seed": 47,
  "model": "Ridge",
  "split": [
    0.5,
    0.25,
    0.25
  ],
  "alphas": [
    0.01,
    0.02,
    0.05,
    0.1
  ],
  "result": {
    "seed": 47,
    "model": "Ridge",
    "model_rmse": 0.774353787631291,
    "meta": {
      "n_train": 26198,
      "n_cal": 13099,
      "n_test": 13100,
      "d": 3,
      "p": 278,
      "elapsed": 31336.74986386299
    },
    "Mahal": {
      "params": {},
      "0.01": {
        "coverage": 0.990763358778626,
        "volume": 361.9748839786852,
        "wsc": 0.9652671755725191,
        "threshold": 37.88597420767136
      },
      "0.02": {
        "coverage": 0.9809923664122138,
        "volume": 108.68857307262527,
        "wsc": 0.932824427480916,
        "threshold": 16.988254517599742
      },
      "0.05": {
        "coverage": 0.9489312977099237,
        "volume": 27.429685128220886,
        "wsc": 0.8381679389312977,
        "threshold": 6.7843261137202955
      },
      "0.1": {
        "coverage": 0.9011450381679389,
        "volume": 13.616173677171352,
        "wsc": 0.7553435114503817,
        "threshold": 4.253334665997484
      }
    },
    "Bonferroni": {
      "params": {},
      "0.01": {
        "coverage": 0.9906870229007634,
        "volume": 438.47652224257195,
        "wsc": 0.9648854961832061,
        "threshold": 5.995272157373348
      },
      "0.02": {
        "coverage": 0.9805343511450382,
        "volume": 164.70715468966912,
        "wsc": 0.9309160305343511,
        "threshold": 3.898871151472969
      },
      "0.05": {
        "coverage": 0.9484732824427481,
        "volume": 39.007652775901086,
        "wsc": 0.8385496183206107,
        "threshold": 2.345975060168593
      },
      "0.1": {
        "coverage": 0.896030534351145,
        "volume": 19.527240345198987,
        "wsc": 0.7633587786259542,
        "threshold": 1.8552033401039325
      }
    },
    "Density": {
      "params": {
        "lengthscale": 1.8497402907707265
      },
      "0.01": {
        "coverage": 0.99,
        "volume": 240.16030434828488,
        "wsc": 0.9622137404580152,
        "threshold": 1.5496157216885231
      },
      "0.02": {
        "coverage": 0.98,
        "volume": 97.2950269203748,
        "wsc": 0.9255725190839694,
        "threshold": 1.158725233791334
      },
      "0.05": {
        "coverage": 0.9498473282442748,
        "volume": 28.47137201410308,
        "wsc": 0.851526717557252,
        "threshold": 0.6713095592702787
      },
      "0.1": {
        "coverage": 0.897175572519084,
        "volume": 16.697496369173233,
        "wsc": 0.7805343511450382,
        "threshold": 0.5084392533045233
      }
    },
    "Kernel": {
      "params": {
        "lengthscale": 1.8497402907707265,
        "gamma": 1.5857637171581755
      },
      "0.01": {
        "coverage": 0.9882442748091603,
        "volume": 93.4283791233467,
        "wsc": 0.9538167938931298,
        "threshold": 0.08810258102515746
      },
      "0.02": {
        "coverage": 0.9799236641221374,
        "volume": 53.631341503069635,
        "wsc": 0.9259541984732824,
        "threshold": 0.046896901973560126
      },
      "0.05": {
        "coverage": 0.9480916030534351,
        "volume": 19.07234060437215,
        "wsc": 0.832824427480916,
        "threshold": 0.013252435868187466
      },
      "0.1": {
        "coverage": 0.8991603053435114,
        "volume": 8.689922990206743,
        "wsc": 0.7202290076335878,
        "threshold": 0.00531849425680902
      }
    }
  },
  "elapsed_s": 31336.753332853317
}