{
  "dataset": "blog_data",
  "seed": 3,
  "model": "MLP",
  "split": [
    0.5,
    0.25,
    0.25
  ],
  "alphas": [
    0.01,
    0.02,
    0.05,
    0.1
  ],
  "result": {
    "seed": 3,
    "model": "MLP",
    "model_rmse": 0.506445765057867,
    "meta": {
      "n_train": 26198,
      "n_cal": 13099,
      "n_test": 13100,
      "d": 3,
      "p": 278,
      "elapsed": 40107.04381585121
    },
    "Mahal": {
      "params": {},
      "0.01": {
        "coverage": 0.991679389312977,
        "volume": 104.74658176434353,
        "wsc": 0.9717557251908397,
        "threshold": 35.09305631579493
      },
      "0.02": {
        "coverage": 0.9833587786259542,
        "volume": 47.61189085761919,
        "wsc": 0.9469465648854962,
        "threshold": 20.74618469861708
      },
      "0.05": {
        "coverage": 0.9516793893129771,
        "volume": 13.700601261205616,
        "wsc": 0.8706106870229008,
        "threshold": 9.04248308479555
      },
      "0.1": {
        "coverage": 0.9019083969465649,
        "volume": 5.777863634827408,
        "wsc": 0.7603053435114504,
        "threshold": 5.085177837495308
      }
    },
    "Bonferroni": {
      "params": {},
      "0.01": {
        "coverage": 0.9918320610687023,
        "volume": 179.0780620096447,
        "wsc": 0.9721374045801526,
        "threshold": 5.696731339416194
      },
      "0.02": {
        "coverage": 0.9836641221374046,
        "volume": 74.8684286632705,
        "wsc": 0.9484732824427481,
        "threshold": 4.249748491551872
      },
      "0.05": {
        "coverage": 0.9520610687022901,
        "volume": 20.122867615651415,
        "wsc": 0.8744274809160305,
        "threshold": 2.7380136071196977
      },
      "0.1": {
        "coverage": 0.9020610687022901,
        "volume": 8.269179116669333,
        "wsc": 0.7606870229007634,
        "threshold": 2.030088791623495
      }
    },
    "Density": {
      "params": {
        "lengthscale": 0.9332446324839488
      },
      "0.01": {
        "coverage": 0.9923664122137404,
        "volume": 139.0911880376463,
        "wsc": 0.9679389312977099,
        "threshold": 1.6979668446945753
      },
      "0.02": {
        "coverage": 0.982442748091603,
        "volume": 53.93302431702463,
        "wsc": 0.9378099961846623,
        "threshold": 1.6072003672395065
      },
      "0.05": {
        "coverage": 0.9548854961832061,
        "volume": 11.835712022641497,
        "wsc": 0.867175572519084,
        "threshold": 1.1143225604249707
      },
      "0.1": {
        "coverage": 0.9037404580152671,
        "volume": 4.256829597450648,
        "wsc": 0.7541984732824427,
        "threshold": 0.720919683611558
      }
    },
    "Kernel": {
      "params": {
        "lengthscale": 0.9332446324839488,
        "gamma": 1.7039299000451331
      },
      "0.01": {
        "coverage": 0.9899236641221374,
        "volume": 49.16925808676947,
        "wsc": 0.9622137404580152,
        "threshold": 0.22820100752584324
      },
      "0.02": {
        "coverage": 0.9819847328244274,
        "volume": 25.77107648186338,
        "wsc": 0.9362595419847328,
        "threshold": 0.11662799938452899
      },
      "0.05": {
        "coverage": 0.9526717557251908,
        "volume": 8.973856989220284,
        "wsc": 0.8572519083969465,
        "threshold": 0.034648162069913724
      },
      "0.1": {
        "coverage": 0.9008396946564885,
        "volume": 3.6240576302620378,
        "wsc": 0.7396946564885496,
        "threshold": 0.012112527212520768
      }
    }
  },
  "elapsed_s": 40107.0475590229
}