{
  "dataset": "blog_data",
  "seed": 10,
  "model": "Ridge",
  "split": [
    0.5,
    0.25,
    0.25
  ],
  "alphas": [
    0.01,
    0.02,
    0.05,
    0.1
  ],
  "result": {
    "seed": 10,
    "model": "Ridge",
    "model_rmse": 0.7816168741430986,
    "meta": {
      "n_train": 26198,
      "n_cal": 13099,
      "n_test": 13100,
      "d": 3,
      "p": 278,
      "elapsed": 40779.11847734451
    },
    "Mahal": {
      "params": {},
      "0.01": {
        "coverage": 0.990763358778626,
        "volume": 290.97307602664546,
        "wsc": 0.966030534351145,
        "threshold": 32.3291923985451
      },
      "0.02": {
        "coverage": 0.9801526717557252,
        "volume": 101.65830623207609,
        "wsc": 0.9309160305343511,
        "threshold": 16.036942251588272
      },
      "0.05": {
        "coverage": 0.9519083969465649,
        "volume": 29.94957155604484,
        "wsc": 0.8461832061068703,
        "threshold": 7.100463974898978
      },
      "0.1": {
        "coverage": 0.9012213740458015,
        "volume": 14.41557823594151,
        "wsc": 0.7587786259541984,
        "threshold": 4.360949229725826
      }
    },
    "Bonferroni": {
      "params": {},
      "0.01": {
        "coverage": 0.990381679389313,
        "volume": 377.6288081073953,
        "wsc": 0.9645038167938931,
        "threshold": 5.473018720036583
      },
      "0.02": {
        "coverage": 0.9806106870229008,
        "volume": 164.8937392158956,
        "wsc": 0.933206106870229,
        "threshold": 3.7855923874624566
      },
      "0.05": {
        "coverage": 0.9512213740458015,
        "volume": 40.95479452503374,
        "wsc": 0.8458015267175573,
        "threshold": 2.3813038799620907
      },
      "0.1": {
        "coverage": 0.9029770992366413,
        "volume": 20.58952537894407,
        "wsc": 0.7717557251908397,
        "threshold": 1.9006718588987461
      }
    },
    "Density": {
      "params": {
        "lengthscale": 1.8636960224805765
      },
      "0.01": {
        "coverage": 0.9901526717557252,
        "volume": 249.84013141919968,
        "wsc": 0.9633587786259542,
        "threshold": 1.5541451230418248
      },
      "0.02": {
        "coverage": 0.9817557251908396,
        "volume": 115.51064793941754,
        "wsc": 0.9305343511450381,
        "threshold": 1.2407302619153449
      },
      "0.05": {
        "coverage": 0.9484732824427481,
        "volume": 28.307677393016135,
        "wsc": 0.8450381679389313,
        "threshold": 0.6727354636686059
      },
      "0.1": {
        "coverage": 0.9016030534351145,
        "volume": 16.60897724577857,
        "wsc": 0.783587786259542,
        "threshold": 0.5142230120271777
      }
    },
    "Kernel": {
      "params": {
        "lengthscale": 1.8636960224805765,
        "gamma": 1.4006653562921505
      },
      "0.01": {
        "coverage": 0.9905343511450382,
        "volume": 102.74673068612161,
        "wsc": 0.9625954198473282,
        "threshold": 0.09044935753072846
      },
      "0.02": {
        "coverage": 0.981679389312977,
        "volume": 54.07845615186694,
        "wsc": 0.9309160305343511,
        "threshold": 0.042498240437007416
      },
      "0.05": {
        "coverage": 0.9473282442748091,
        "volume": 18.16475486120593,
        "wsc": 0.8221374045801527,
        "threshold": 0.012199665714856256
      },
      "0.1": {
        "coverage": 0.900381679389313,
        "volume": 8.054536363353659,
        "wsc": 0.7190839694656489,
        "threshold": 0.004768937217086862
      }
    }
  },
  "elapsed_s": 40779.12164568901
}