{
  "dataset": "blog_data",
  "seed": 21,
  "model": "MLP",
  "split": [
    0.5,
    0.25,
    0.25
  ],
  "alphas": [
    0.01,
    0.02,
    0.05,
    0.1
  ],
  "result": {
    "seed": 21,
    "model": "MLP",
    "model_rmse": 0.5223740448530051,
    "meta": {
      "n_train": 26198,
      "n_cal": 13099,
      "n_test": 13100,
      "d": 3,
      "p": 278,
      "elapsed": 39561.861164331436
    },
    "Mahal": {
      "params": {},
      "0.01": {
        "coverage": 0.9905343511450382,
        "volume": 100.76625252168425,
        "wsc": 0.9679511636779855,
        "threshold": 40.476387177356514
      },
      "0.02": {
        "coverage": 0.9816030534351146,
        "volume": 38.6752693676402,
        "wsc": 0.9400763358778625,
        "threshold": 21.37702349706279
      },
      "0.05": {
        "coverage": 0.9506870229007633,
        "volume": 11.132503421559909,
        "wsc": 0.8610687022900764,
        "threshold": 9.319377298697358
      },
      "0.1": {
        "coverage": 0.903206106870229,
        "volume": 4.609910127299295,
        "wsc": 0.7606870229007634,
        "threshold": 5.177498426707095
      }
    },
    "Bonferroni": {
      "params": {},
      "0.01": {
        "coverage": 0.9903053435114504,
        "volume": 159.7006251592069,
        "wsc": 0.9664250286150324,
        "threshold": 5.9757141843456925
      },
      "0.02": {
        "coverage": 0.9813740458015268,
        "volume": 62.44747925715706,
        "wsc": 0.9389545974818772,
        "threshold": 4.360602492060921
      },
      "0.05": {
        "coverage": 0.9519083969465649,
        "volume": 16.138468517129862,
        "wsc": 0.8690839694656488,
        "threshold": 2.7827123209854836
      },
      "0.1": {
        "coverage": 0.906793893129771,
        "volume": 6.5514685736860185,
        "wsc": 0.7755725190839695,
        "threshold": 2.0609431720949165
      }
    },
    "Density": {
      "params": {
        "lengthscale": 0.8982906455548075
      },
      "0.01": {
        "coverage": 0.9904580152671756,
        "volume": 123.02612702754149,
        "wsc": 0.9645038167938931,
        "threshold": 1.7013215159138948
      },
      "0.02": {
        "coverage": 0.9816030534351146,
        "volume": 45.6508723444971,
        "wsc": 0.9358778625954198,
        "threshold": 1.6017607267917868
      },
      "0.05": {
        "coverage": 0.9507633587786259,
        "volume": 9.57292211680149,
        "wsc": 0.8595419847328244,
        "threshold": 1.087588492327099
      },
      "0.1": {
        "coverage": 0.903206106870229,
        "volume": 3.461385625689068,
        "wsc": 0.7576335877862596,
        "threshold": 0.6978583267716005
      }
    },
    "Kernel": {
      "params": {
        "lengthscale": 0.8982906455548075,
        "gamma": 1.7394538596085614
      },
      "0.01": {
        "coverage": 0.9881679389312977,
        "volume": 42.1067794872842,
        "wsc": 0.9572519083969465,
        "threshold": 0.22000878253968897
      },
      "0.02": {
        "coverage": 0.9800763358778626,
        "volume": 22.728651114082357,
        "wsc": 0.9320610687022901,
        "threshold": 0.11779416922151922
      },
      "0.05": {
        "coverage": 0.9509923664122137,
        "volume": 7.570351276926471,
        "wsc": 0.8553435114503817,
        "threshold": 0.03507664900731539
      },
      "0.1": {
        "coverage": 0.9006106870229008,
        "volume": 2.8947531033342737,
        "wsc": 0.7454198473282443,
        "threshold": 0.01172104361221603
      }
    }
  },
  "elapsed_s": 39561.8653151989
}