{
  "dataset": "blog_data",
  "seed": 35,
  "model": "MLP",
  "split": [
    0.5,
    0.25,
    0.25
  ],
  "alphas": [
    0.01,
    0.02,
    0.05,
    0.1
  ],
  "result": {
    "seed": 35,
    "model": "MLP",
    "model_rmse": 0.630973900231355,
    "meta": {
      "n_train": 26198,
      "n_cal": 13099,
      "n_test": 13100,
      "d": 3,
      "p": 278,
      "elapsed": 31154.062189102173
    },
    "Mahal": {
      "params": {},
      "0.01": {
        "coverage": 0.9889312977099237,
        "volume": 119.46419672513505,
        "wsc": 0.9606870229007634,
        "threshold": 35.94099012688103
      },
      "0.02": {
        "coverage": 0.9774809160305343,
        "volume": 46.70775890721764,
        "wsc": 0.9316793893129771,
        "threshold": 19.217234022357044
      },
      "0.05": {
        "coverage": 0.9498473282442748,
        "volume": 14.784336536202455,
        "wsc": 0.8660305343511451,
        "threshold": 8.925504067428292
      },
      "0.1": {
        "coverage": 0.9005343511450382,
        "volume": 5.619691934833358,
        "wsc": 0.7652671755725191,
        "threshold": 4.683528832263358
      }
    },
    "Bonferroni": {
      "params": {},
      "0.01": {
        "coverage": 0.9883969465648855,
        "volume": 198.1001982530831,
        "wsc": 0.9606870229007634,
        "threshold": 5.710826361432566
      },
      "0.02": {
        "coverage": 0.9780152671755725,
        "volume": 74.97512476916921,
        "wsc": 0.933206106870229,
        "threshold": 4.119918500841472
      },
      "0.05": {
        "coverage": 0.9500763358778626,
        "volume": 21.196258562327117,
        "wsc": 0.8713740458015267,
        "threshold": 2.7005178148173425
      },
      "0.1": {
        "coverage": 0.8996946564885496,
        "volume": 7.608034601190979,
        "wsc": 0.766030534351145,
        "threshold": 1.9336979580441604
      }
    },
    "Density": {
      "params": {
        "lengthscale": 0.9177975568346532
      },
      "0.01": {
        "coverage": 0.9880152671755725,
        "volume": 139.11222727425442,
        "wsc": 0.9549618320610687,
        "threshold": 1.6967414221865136
      },
      "0.02": {
        "coverage": 0.9803053435114504,
        "volume": 57.360125737582884,
        "wsc": 0.9324427480916031,
        "threshold": 1.6231613110676157
      },
      "0.05": {
        "coverage": 0.9483206106870229,
        "volume": 11.891837867627341,
        "wsc": 0.8538167938931298,
        "threshold": 1.128412718072294
      },
      "0.1": {
        "coverage": 0.9016030534351145,
        "volume": 4.086748316180289,
        "wsc": 0.7553435114503817,
        "threshold": 0.716765620589045
      }
    },
    "Kernel": {
      "params": {
        "lengthscale": 0.9177975568346532,
        "gamma": 1.57377853254699
      },
      "0.01": {
        "coverage": 0.986793893129771,
        "volume": 52.039642080668926,
        "wsc": 0.9526717557251908,
        "threshold": 0.23585407749740278
      },
      "0.02": {
        "coverage": 0.9757251908396947,
        "volume": 26.79947323482588,
        "wsc": 0.9202290076335878,
        "threshold": 0.11612216353940132
      },
      "0.05": {
        "coverage": 0.9484732824427481,
        "volume": 9.629989742948942,
        "wsc": 0.8488549618320611,
        "threshold": 0.03549999368619989
      },
      "0.1": {
        "coverage": 0.9012977099236641,
        "volume": 3.632665169938035,
        "wsc": 0.749618320610687,
        "threshold": 0.011743313765137547
      }
    }
  },
  "elapsed_s": 31154.06576013565
}