{
  "dataset": "blog_data",
  "seed": 24,
  "model": "Ridge",
  "split": [
    0.5,
    0.25,
    0.25
  ],
  "alphas": [
    0.01,
    0.02,
    0.05,
    0.1
  ],
  "result": {
    "seed": 24,
    "model": "Ridge",
    "model_rmse": 0.8189746014642255,
    "meta": {
      "n_train": 26198,
      "n_cal": 13099,
      "n_test": 13100,
      "d": 3,
      "p": 278,
      "elapsed": 39592.34424328804
    },
    "Mahal": {
      "params": {},
      "0.01": {
        "coverage": 0.990381679389313,
        "volume": 324.7343109123592,
        "wsc": 0.9675572519083969,
        "threshold": 31.448331935744676
      },
      "0.02": {
        "coverage": 0.9786259541984733,
        "volume": 99.42900336946337,
        "wsc": 0.9305343511450381,
        "threshold": 14.286336886847117
      },
      "0.05": {
        "coverage": 0.9458015267175572,
        "volume": 29.79619726021884,
        "wsc": 0.8366412213740458,
        "threshold": 6.39763398494628
      },
      "0.1": {
        "coverage": 0.9029007633587787,
        "volume": 15.851733609236579,
        "wsc": 0.7587786259541984,
        "threshold": 4.200458256131077
      }
    },
    "Bonferroni": {
      "params": {},
      "0.01": {
        "coverage": 0.9902290076335878,
        "volume": 438.4182886488558,
        "wsc": 0.9671755725190839,
        "threshold": 5.4784482177256155
      },
      "0.02": {
        "coverage": 0.9784732824427481,
        "volume": 153.6401479930036,
        "wsc": 0.9309160305343511,
        "threshold": 3.5054527918205083
      },
      "0.05": {
        "coverage": 0.9470992366412214,
        "volume": 43.503369659016116,
        "wsc": 0.8423664122137404,
        "threshold": 2.3027296379814937
      },
      "0.1": {
        "coverage": 0.9025954198473283,
        "volume": 22.807127406115118,
        "wsc": 0.767557251908397,
        "threshold": 1.857075214871707
      }
    },
    "Density": {
      "params": {
        "lengthscale": 1.8387206249166173
      },
      "0.01": {
        "coverage": 0.9897709923664122,
        "volume": 272.3520235216343,
        "wsc": 0.9614503816793893,
        "threshold": 1.5830569112328134
      },
      "0.02": {
        "coverage": 0.9787786259541985,
        "volume": 103.9835182131452,
        "wsc": 0.9229007633587786,
        "threshold": 1.2002375549259297
      },
      "0.05": {
        "coverage": 0.9486259541984733,
        "volume": 28.924508459197384,
        "wsc": 0.8461832061068703,
        "threshold": 0.6853963357869529
      },
      "0.1": {
        "coverage": 0.9026717557251909,
        "volume": 16.241258006032684,
        "wsc": 0.7793893129770992,
        "threshold": 0.5185264269641766
      }
    },
    "Kernel": {
      "params": {
        "lengthscale": 1.8387206249166173,
        "gamma": 1.6145242186093898
      },
      "0.01": {
        "coverage": 0.9888549618320611,
        "volume": 110.3819519636809,
        "wsc": 0.9568702290076336,
        "threshold": 0.11148565106502302
      },
      "0.02": {
        "coverage": 0.9779389312977099,
        "volume": 54.027896201953354,
        "wsc": 0.9179389312977099,
        "threshold": 0.04964330046940115
      },
      "0.05": {
        "coverage": 0.9477099236641221,
        "volume": 18.358123003873466,
        "wsc": 0.8293893129770993,
        "threshold": 0.013754795134362601
      },
      "0.1": {
        "coverage": 0.9004580152671756,
        "volume": 8.28806465256307,
        "wsc": 0.7259541984732825,
        "threshold": 0.005462199283198491
      }
    }
  },
  "elapsed_s": 39592.34843969345
}