{
  "dataset": "blog_data",
  "seed": 41,
  "model": "Ridge",
  "split": [
    0.5,
    0.25,
    0.25
  ],
  "alphas": [
    0.01,
    0.02,
    0.05,
    0.1
  ],
  "result": {
    "seed": 41,
    "model": "Ridge",
    "model_rmse": 0.7854555102376459,
    "meta": {
      "n_train": 26198,
      "n_cal": 13099,
      "n_test": 13100,
      "d": 3,
      "p": 278,
      "elapsed": 31260.824959754944
    },
    "Mahal": {
      "params": {},
      "0.01": {
        "coverage": 0.9906106870229008,
        "volume": 310.24070361026537,
        "wsc": 0.9641221374045802,
        "threshold": 32.381434626631595
      },
      "0.02": {
        "coverage": 0.9804580152671756,
        "volume": 107.56291380334225,
        "wsc": 0.9297709923664123,
        "threshold": 15.981048651946649
      },
      "0.05": {
        "coverage": 0.9470229007633588,
        "volume": 27.660046045847256,
        "wsc": 0.8404580152671756,
        "threshold": 6.462474372237841
      },
      "0.1": {
        "coverage": 0.9010687022900763,
        "volume": 14.44841758750524,
        "wsc": 0.7591603053435114,
        "threshold": 4.191573552478598
      }
    },
    "Bonferroni": {
      "params": {},
      "0.01": {
        "coverage": 0.9905343511450382,
        "volume": 423.5241193639063,
        "wsc": 0.9637404580152672,
        "threshold": 5.489344028547331
      },
      "0.02": {
        "coverage": 0.981145038167939,
        "volume": 175.56579388201743,
        "wsc": 0.933587786259542,
        "threshold": 3.7903718775444366
      },
      "0.05": {
        "coverage": 0.9504580152671755,
        "volume": 41.048292533732216,
        "wsc": 0.8484732824427481,
        "threshold": 2.3284771124330788
      },
      "0.1": {
        "coverage": 0.9031297709923665,
        "volume": 21.17913328447513,
        "wsc": 0.7782442748091603,
        "threshold": 1.8677382547951689
      }
    },
    "Density": {
      "params": {
        "lengthscale": 1.8397918770299944
      },
      "0.01": {
        "coverage": 0.9902290076335878,
        "volume": 256.43290611195874,
        "wsc": 0.9622137404580152,
        "threshold": 1.5546425324434532
      },
      "0.02": {
        "coverage": 0.9806106870229008,
        "volume": 109.92804459782342,
        "wsc": 0.9251908396946565,
        "threshold": 1.22092386468467
      },
      "0.05": {
        "coverage": 0.9490839694656489,
        "volume": 28.270556972331523,
        "wsc": 0.8519083969465648,
        "threshold": 0.6779089852715934
      },
      "0.1": {
        "coverage": 0.8974809160305344,
        "volume": 16.12951270179101,
        "wsc": 0.7774809160305344,
        "threshold": 0.5108504824310359
      }
    },
    "Kernel": {
      "params": {
        "lengthscale": 1.8397918770299944,
        "gamma": 1.4347412408918299
      },
      "0.01": {
        "coverage": 0.9895419847328244,
        "volume": 96.9893066410328,
        "wsc": 0.9564885496183206,
        "threshold": 0.09164991906013596
      },
      "0.02": {
        "coverage": 0.9801526717557252,
        "volume": 52.142821234238184,
        "wsc": 0.9213740458015267,
        "threshold": 0.04439251892722783
      },
      "0.05": {
        "coverage": 0.9464885496183206,
        "volume": 17.468759899807235,
        "wsc": 0.8255725190839694,
        "threshold": 0.012079848144932773
      },
      "0.1": {
        "coverage": 0.899236641221374,
        "volume": 8.13793925789093,
        "wsc": 0.7232824427480916,
        "threshold": 0.004911502635506952
      }
    }
  },
  "elapsed_s": 31260.828140974045
}