{
  "dataset": "blog_data",
  "seed": 18,
  "model": "MLP",
  "split": [
    0.5,
    0.25,
    0.25
  ],
  "alphas": [
    0.01,
    0.02,
    0.05,
    0.1
  ],
  "result": {
    "seed": 18,
    "model": "MLP",
    "model_rmse": 0.599005079380267,
    "meta": {
      "n_train": 26198,
      "n_cal": 13099,
      "n_test": 13100,
      "d": 3,
      "p": 278,
      "elapsed": 39436.659459114075
    },
    "Mahal": {
      "params": {},
      "0.01": {
        "coverage": 0.9891603053435114,
        "volume": 98.01557544694633,
        "wsc": 0.9645038167938931,
        "threshold": 34.27866759995659
      },
      "0.02": {
        "coverage": 0.9797709923664122,
        "volume": 41.25834465934237,
        "wsc": 0.9366412213740458,
        "threshold": 19.253147427732053
      },
      "0.05": {
        "coverage": 0.9495419847328245,
        "volume": 12.900768630377433,
        "wsc": 0.8668447157573446,
        "threshold": 8.86960462518407
      },
      "0.1": {
        "coverage": 0.9052671755725191,
        "volume": 5.817103460790815,
        "wsc": 0.7748091603053435,
        "threshold": 5.215529370559072
      }
    },
    "Bonferroni": {
      "params": {},
      "0.01": {
        "coverage": 0.9893129770992366,
        "volume": 164.49599817848573,
        "wsc": 0.9633587786259542,
        "threshold": 5.601167188874948
      },
      "0.02": {
        "coverage": 0.9805343511450382,
        "volume": 66.69227544382535,
        "wsc": 0.9396946564885497,
        "threshold": 4.147783560362055
      },
      "0.05": {
        "coverage": 0.9512213740458015,
        "volume": 19.11380646071655,
        "wsc": 0.8751908396946565,
        "threshold": 2.7325010211726113
      },
      "0.1": {
        "coverage": 0.9032824427480916,
        "volume": 7.829792409937699,
        "wsc": 0.7793893129770992,
        "threshold": 2.029717271253922
      }
    },
    "Density": {
      "params": {
        "lengthscale": 0.9409410659633333
      },
      "0.01": {
        "coverage": 0.9885496183206107,
        "volume": 132.55701185245402,
        "wsc": 0.9561068702290076,
        "threshold": 1.6973068550972488
      },
      "0.02": {
        "coverage": 0.9808396946564886,
        "volume": 52.6040096826837,
        "wsc": 0.933587786259542,
        "threshold": 1.6005794507849043
      },
      "0.05": {
        "coverage": 0.9521374045801527,
        "volume": 10.979131248337973,
        "wsc": 0.8568702290076335,
        "threshold": 1.0836861629129821
      },
      "0.1": {
        "coverage": 0.9019847328244275,
        "volume": 4.104191571319504,
        "wsc": 0.750381679389313,
        "threshold": 0.7026612568533338
      }
    },
    "Kernel": {
      "params": {
        "lengthscale": 0.9409410659633333,
        "gamma": 1.6101830041022385
      },
      "0.01": {
        "coverage": 0.9873282442748091,
        "volume": 44.288415005120434,
        "wsc": 0.9557251908396946,
        "threshold": 0.20331437317416418
      },
      "0.02": {
        "coverage": 0.9781679389312977,
        "volume": 23.70380029966163,
        "wsc": 0.9274809160305344,
        "threshold": 0.10265613766612927
      },
      "0.05": {
        "coverage": 0.9500763358778626,
        "volume": 8.868404154516513,
        "wsc": 0.850381679389313,
        "threshold": 0.03247639345800032
      },
      "0.1": {
        "coverage": 0.9011450381679389,
        "volume": 3.742352640950111,
        "wsc": 0.7438931297709923,
        "threshold": 0.011537723596601072
      }
    }
  },
  "elapsed_s": 39436.663748025894
}