{
  "dataset": "blog_data",
  "seed": 32,
  "model": "Ridge",
  "split": [
    0.5,
    0.25,
    0.25
  ],
  "alphas": [
    0.01,
    0.02,
    0.05,
    0.1
  ],
  "result": {
    "seed": 32,
    "model": "Ridge",
    "model_rmse": 0.7603331364046068,
    "meta": {
      "n_train": 26198,
      "n_cal": 13099,
      "n_test": 13100,
      "d": 3,
      "p": 278,
      "elapsed": 39610.060732126236
    },
    "Mahal": {
      "params": {},
      "0.01": {
        "coverage": 0.9895419847328244,
        "volume": 301.31045774932153,
        "wsc": 0.9629770992366412,
        "threshold": 32.86639519171126
      },
      "0.02": {
        "coverage": 0.9788549618320611,
        "volume": 108.40842811321914,
        "wsc": 0.9255725190839694,
        "threshold": 16.62587972437084
      },
      "0.05": {
        "coverage": 0.944351145038168,
        "volume": 25.559130894167264,
        "wsc": 0.8263358778625954,
        "threshold": 6.345122205205608
      },
      "0.1": {
        "coverage": 0.8917557251908397,
        "volume": 13.112709267021055,
        "wsc": 0.7366412213740458,
        "threshold": 4.066345015752088
      }
    },
    "Bonferroni": {
      "params": {},
      "0.01": {
        "coverage": 0.9895419847328244,
        "volume": 394.4370325930387,
        "wsc": 0.9629770992366412,
        "threshold": 5.565692855355006
      },
      "0.02": {
        "coverage": 0.9786259541984733,
        "volume": 177.5661603225802,
        "wsc": 0.9244274809160306,
        "threshold": 3.8749817464270273
      },
      "0.05": {
        "coverage": 0.9433587786259542,
        "volume": 36.69624487043959,
        "wsc": 0.8278625954198473,
        "threshold": 2.2885319849095977
      },
      "0.1": {
        "coverage": 0.8950381679389313,
        "volume": 19.058945580409908,
        "wsc": 0.7545801526717557,
        "threshold": 1.8465667120063594
      }
    },
    "Density": {
      "params": {
        "lengthscale": 1.832046539129702
      },
      "0.01": {
        "coverage": 0.9900763358778626,
        "volume": 245.74171590858194,
        "wsc": 0.9633587786259542,
        "threshold": 1.5502945227914402
      },
      "0.02": {
        "coverage": 0.9775572519083969,
        "volume": 99.21694847104497,
        "wsc": 0.9187022900763359,
        "threshold": 1.1815364826946348
      },
      "0.05": {
        "coverage": 0.9434351145038168,
        "volume": 26.998586246774472,
        "wsc": 0.8389312977099237,
        "threshold": 0.6708759213713625
      },
      "0.1": {
        "coverage": 0.8949618320610687,
        "volume": 16.15853328262525,
        "wsc": 0.7725190839694657,
        "threshold": 0.51873975388921
      }
    },
    "Kernel": {
      "params": {
        "lengthscale": 1.832046539129702,
        "gamma": 1.6217894363160208
      },
      "0.01": {
        "coverage": 0.9881679389312977,
        "volume": 96.2467231857863,
        "wsc": 0.9545801526717558,
        "threshold": 0.09676917741262117
      },
      "0.02": {
        "coverage": 0.9776335877862595,
        "volume": 52.302620888497515,
        "wsc": 0.916412213740458,
        "threshold": 0.04837369264875587
      },
      "0.05": {
        "coverage": 0.9440458015267176,
        "volume": 17.821351711552122,
        "wsc": 0.8236641221374046,
        "threshold": 0.013450776126395897
      },
      "0.1": {
        "coverage": 0.8935877862595419,
        "volume": 8.371211861658564,
        "wsc": 0.7248091603053435,
        "threshold": 0.005387021803152425
      }
    }
  },
  "elapsed_s": 39610.06556868553
}