{
  "dataset": "blog_data",
  "seed": 12,
  "model": "Ridge",
  "split": [
    0.5,
    0.25,
    0.25
  ],
  "alphas": [
    0.01,
    0.02,
    0.05,
    0.1
  ],
  "result": {
    "seed": 12,
    "model": "Ridge",
    "model_rmse": 0.7914602165346408,
    "meta": {
      "n_train": 26198,
      "n_cal": 13099,
      "n_test": 13100,
      "d": 3,
      "p": 278,
      "elapsed": 40911.33459353447
    },
    "Mahal": {
      "params": {},
      "0.01": {
        "coverage": 0.9899236641221374,
        "volume": 283.16590208746965,
        "wsc": 0.966793893129771,
        "threshold": 28.34746673185482
      },
      "0.02": {
        "coverage": 0.9793129770992366,
        "volume": 89.99974957840905,
        "wsc": 0.9305343511450381,
        "threshold": 13.202245907560709
      },
      "0.05": {
        "coverage": 0.9508396946564885,
        "volume": 31.28929386198953,
        "wsc": 0.849618320610687,
        "threshold": 6.52755878733267
      },
      "0.1": {
        "coverage": 0.9061068702290076,
        "volume": 16.216130155205505,
        "wsc": 0.7717557251908397,
        "threshold": 4.211645071505592
      }
    },
    "Bonferroni": {
      "params": {},
      "0.01": {
        "coverage": 0.9904580152671756,
        "volume": 379.0982412438027,
        "wsc": 0.9679389312977099,
        "threshold": 5.2673962696592636
      },
      "0.02": {
        "coverage": 0.9793129770992366,
        "volume": 133.37021804080732,
        "wsc": 0.9309160305343511,
        "threshold": 3.3882226058768263
      },
      "0.05": {
        "coverage": 0.9509923664122137,
        "volume": 42.87415529962397,
        "wsc": 0.8541984732824427,
        "threshold": 2.2768587003770833
      },
      "0.1": {
        "coverage": 0.9032824427480916,
        "volume": 23.008337303225304,
        "wsc": 0.7812977099236641,
        "threshold": 1.8517836955355256
      }
    },
    "Density": {
      "params": {
        "lengthscale": 1.8565538387347185
      },
      "0.01": {
        "coverage": 0.9904580152671756,
        "volume": 252.82841817733885,
        "wsc": 0.9648854961832061,
        "threshold": 1.5771685197615164
      },
      "0.02": {
        "coverage": 0.9802290076335878,
        "volume": 100.78993679489653,
        "wsc": 0.9274809160305344,
        "threshold": 1.185038711812082
      },
      "0.05": {
        "coverage": 0.950381679389313,
        "volume": 28.68185864636097,
        "wsc": 0.8534351145038168,
        "threshold": 0.6743656447230991
      },
      "0.1": {
        "coverage": 0.8981679389312978,
        "volume": 16.510966303975636,
        "wsc": 0.7793893129770992,
        "threshold": 0.5065419098125764
      }
    },
    "Kernel": {
      "params": {
        "lengthscale": 1.8565538387347185,
        "gamma": 1.686283676545692
      },
      "0.01": {
        "coverage": 0.9895419847328244,
        "volume": 100.54363122760472,
        "wsc": 0.9587786259541985,
        "threshold": 0.09994023452118268
      },
      "0.02": {
        "coverage": 0.9803053435114504,
        "volume": 55.60560513998379,
        "wsc": 0.9259541984732824,
        "threshold": 0.04989850039851171
      },
      "0.05": {
        "coverage": 0.9509160305343511,
        "volume": 19.50060629317287,
        "wsc": 0.8374045801526717,
        "threshold": 0.014370184953296441
      },
      "0.1": {
        "coverage": 0.9041984732824427,
        "volume": 8.850013831657723,
        "wsc": 0.731679389312977,
        "threshold": 0.00571414749718337
      }
    }
  },
  "elapsed_s": 40911.33753299713
}