{
  "dataset": "blog_data",
  "seed": 2,
  "model": "MLP",
  "split": [
    0.5,
    0.25,
    0.25
  ],
  "alphas": [
    0.01,
    0.02,
    0.05,
    0.1
  ],
  "result": {
    "seed": 2,
    "model": "MLP",
    "model_rmse": 0.5829508841159491,
    "meta": {
      "n_train": 26198,
      "n_cal": 13099,
      "n_test": 13100,
      "d": 3,
      "p": 278,
      "elapsed": 39909.1643512249
    },
    "Mahal": {
      "params": {},
      "0.01": {
        "coverage": 0.9879389312977099,
        "volume": 96.9413273616062,
        "wsc": 0.9572519083969465,
        "threshold": 34.62472508856285
      },
      "0.02": {
        "coverage": 0.9754961832061069,
        "volume": 35.64872148737319,
        "wsc": 0.9240458015267176,
        "threshold": 17.77227392739429
      },
      "0.05": {
        "coverage": 0.9422137404580153,
        "volume": 11.71845430460691,
        "wsc": 0.8458015267175573,
        "threshold": 8.465005536455845
      },
      "0.1": {
        "coverage": 0.893206106870229,
        "volume": 4.944649191548361,
        "wsc": 0.7396946564885496,
        "threshold": 4.762160363583687
      }
    },
    "Bonferroni": {
      "params": {},
      "0.01": {
        "coverage": 0.9883969465648855,
        "volume": 170.60505983333223,
        "wsc": 0.9580152671755725,
        "threshold": 5.6854932086562275
      },
      "0.02": {
        "coverage": 0.9760305343511451,
        "volume": 57.53814096360592,
        "wsc": 0.9270992366412214,
        "threshold": 3.9661036942545613
      },
      "0.05": {
        "coverage": 0.9429007633587786,
        "volume": 16.855992176592114,
        "wsc": 0.8484732824427481,
        "threshold": 2.620953103102665
      },
      "0.1": {
        "coverage": 0.8921374045801527,
        "volume": 7.0119019454093845,
        "wsc": 0.7454198473282443,
        "threshold": 1.9565658254711231
      }
    },
    "Density": {
      "params": {
        "lengthscale": 0.9200194250322
      },
      "0.01": {
        "coverage": 0.9879389312977099,
        "volume": 121.77813378659971,
        "wsc": 0.9530534351145038,
        "threshold": 1.6953275292417056
      },
      "0.02": {
        "coverage": 0.9772519083969465,
        "volume": 41.475161507030336,
        "wsc": 0.9229007633587786,
        "threshold": 1.56306572954942
      },
      "0.05": {
        "coverage": 0.9433587786259542,
        "volume": 10.428415393300181,
        "wsc": 0.8404580152671756,
        "threshold": 1.0624905596730718
      },
      "0.1": {
        "coverage": 0.8944274809160305,
        "volume": 4.054501124896583,
        "wsc": 0.7236641221374046,
        "threshold": 0.7059924105541118
      }
    },
    "Kernel": {
      "params": {
        "lengthscale": 0.9200194250322,
        "gamma": 1.7021127120244475
      },
      "0.01": {
        "coverage": 0.9856488549618321,
        "volume": 42.26221172539262,
        "wsc": 0.9496183206106871,
        "threshold": 0.2190786522675153
      },
      "0.02": {
        "coverage": 0.973206106870229,
        "volume": 21.351718423903915,
        "wsc": 0.9125954198473283,
        "threshold": 0.10062571950698182
      },
      "0.05": {
        "coverage": 0.9432824427480916,
        "volume": 8.454827345740227,
        "wsc": 0.834351145038168,
        "threshold": 0.032305105692784546
      },
      "0.1": {
        "coverage": 0.8922137404580153,
        "volume": 3.4761384644333937,
        "wsc": 0.7110687022900763,
        "threshold": 0.01158094040517113
      }
    }
  },
  "elapsed_s": 39909.16817355156
}