{
  "dataset": "blog_data",
  "seed": 38,
  "model": "MLP",
  "split": [
    0.5,
    0.25,
    0.25
  ],
  "alphas": [
    0.01,
    0.02,
    0.05,
    0.1
  ],
  "result": {
    "seed": 38,
    "model": "MLP",
    "model_rmse": 0.8800921467208078,
    "meta": {
      "n_train": 26198,
      "n_cal": 13099,
      "n_test": 13100,
      "d": 2,
      "p": 279,
      "elapsed": 16717.10833311081
    },
    "Mahal": {
      "params": {},
      "0.01": {
        "coverage": 0.99,
        "volume": 31.255922918978488,
        "wsc": 0.9687022900763359,
        "threshold": 14.375117658609444
      },
      "0.02": {
        "coverage": 0.9822900763358778,
        "volume": 19.12720042449051,
        "wsc": 0.9477099236641221,
        "threshold": 8.796916900985297
      },
      "0.05": {
        "coverage": 0.9530534351145038,
        "volume": 9.11223326726385,
        "wsc": 0.8824427480916031,
        "threshold": 4.190867301828308
      },
      "0.1": {
        "coverage": 0.9040458015267175,
        "volume": 5.4565752110678325,
        "wsc": 0.7984732824427481,
        "threshold": 2.5095694942517244
      }
    },
    "Bonferroni": {
      "params": {},
      "0.01": {
        "coverage": 0.9901526717557252,
        "volume": 38.23466174001406,
        "wsc": 0.9694656488549618,
        "threshold": 3.709270191957795
      },
      "0.02": {
        "coverage": 0.9831297709923664,
        "volume": 23.272978812966354,
        "wsc": 0.9511450381679389,
        "threshold": 2.902991710019061
      },
      "0.05": {
        "coverage": 0.9522137404580152,
        "volume": 10.87017577280993,
        "wsc": 0.8843511450381679,
        "threshold": 1.9776192922944156
      },
      "0.1": {
        "coverage": 0.9066412213740458,
        "volume": 6.360065576389413,
        "wsc": 0.8083969465648855,
        "threshold": 1.5493649738929363
      }
    },
    "Density": {
      "params": {
        "lengthscale": 0.4716867771158384
      },
      "0.01": {
        "coverage": 0.9903053435114504,
        "volume": 18.924908503842385,
        "wsc": 0.9591603053435115,
        "threshold": 1.5484067337384426
      },
      "0.02": {
        "coverage": 0.9797709923664122,
        "volume": 10.276029519389263,
        "wsc": 0.9255725190839694,
        "threshold": 1.5384191376933658
      },
      "0.05": {
        "coverage": 0.9526717557251908,
        "volume": 3.6053874923481386,
        "wsc": 0.850381679389313,
        "threshold": 1.3552229334136647
      },
      "0.1": {
        "coverage": 0.9037404580152671,
        "volume": 1.7081704785844176,
        "wsc": 0.7377862595419847,
        "threshold": 1.0149910823501207
      }
    },
    "Kernel": {
      "params": {
        "lengthscale": 0.4716867771158384,
        "gamma": 4.855672146176908
      },
      "0.01": {
        "coverage": 0.989236641221374,
        "volume": 15.224997743904593,
        "wsc": 0.9553435114503817,
        "threshold": 0.4689019813736763
      },
      "0.02": {
        "coverage": 0.9795419847328244,
        "volume": 8.000719435266936,
        "wsc": 0.9255725190839694,
        "threshold": 0.24026279228397107
      },
      "0.05": {
        "coverage": 0.9509160305343511,
        "volume": 3.2948110416964265,
        "wsc": 0.8469465648854961,
        "threshold": 0.07536706213064637
      },
      "0.1": {
        "coverage": 0.9026717557251909,
        "volume": 1.6136472109947662,
        "wsc": 0.7290076335877863,
        "threshold": 0.02577900234729846
      }
    }
  },
  "elapsed_s": 16717.112587690353
}