{
  "dataset": "blog_data",
  "seed": 19,
  "model": "MLP",
  "split": [
    0.5,
    0.25,
    0.25
  ],
  "alphas": [
    0.01,
    0.02,
    0.05,
    0.1
  ],
  "result": {
    "seed": 19,
    "model": "MLP",
    "model_rmse": 0.642425947365083,
    "meta": {
      "n_train": 26198,
      "n_cal": 13099,
      "n_test": 13100,
      "d": 2,
      "p": 279,
      "elapsed": 16435.08132338524
    },
    "Mahal": {
      "params": {},
      "0.01": {
        "coverage": 0.9894656488549618,
        "volume": 23.482416997269613,
        "wsc": 0.9614503816793893,
        "threshold": 25.43832894822993
      },
      "0.02": {
        "coverage": 0.9783206106870229,
        "volume": 11.673935842217718,
        "wsc": 0.9297709923664123,
        "threshold": 12.646288502133116
      },
      "0.05": {
        "coverage": 0.9469465648854962,
        "volume": 4.8604883805491665,
        "wsc": 0.8564885496183207,
        "threshold": 5.265331174718322
      },
      "0.1": {
        "coverage": 0.9006106870229008,
        "volume": 2.762310703016845,
        "wsc": 0.7736641221374045,
        "threshold": 2.9923907887645966
      }
    },
    "Bonferroni": {
      "params": {},
      "0.01": {
        "coverage": 0.9898473282442748,
        "volume": 29.79076410834935,
        "wsc": 0.9629770992366412,
        "threshold": 5.00721869731309
      },
      "0.02": {
        "coverage": 0.9776335877862595,
        "volume": 13.69416639435784,
        "wsc": 0.9290076335877863,
        "threshold": 3.3784670597456747
      },
      "0.05": {
        "coverage": 0.9480916030534351,
        "volume": 5.872153785110578,
        "wsc": 0.8614503816793894,
        "threshold": 2.2190027047814858
      },
      "0.1": {
        "coverage": 0.9002290076335878,
        "volume": 3.3147600010323606,
        "wsc": 0.7824427480916031,
        "threshold": 1.6651420118911584
      }
    },
    "Density": {
      "params": {
        "lengthscale": 0.47332852562747074
      },
      "0.01": {
        "coverage": 0.9893129770992366,
        "volume": 18.560603522808442,
        "wsc": 0.9572519083969465,
        "threshold": 1.5486522913140324
      },
      "0.02": {
        "coverage": 0.9796946564885496,
        "volume": 10.93357679597485,
        "wsc": 0.9274809160305344,
        "threshold": 1.54014170564965
      },
      "0.05": {
        "coverage": 0.9480916030534351,
        "volume": 3.859694230304244,
        "wsc": 0.8393129770992367,
        "threshold": 1.357399406500625
      },
      "0.1": {
        "coverage": 0.8977099236641222,
        "volume": 1.9005992327900718,
        "wsc": 0.7301526717557252,
        "threshold": 1.022038485352504
      }
    },
    "Kernel": {
      "params": {
        "lengthscale": 0.47332852562747074,
        "gamma": 5.165606281992047
      },
      "0.01": {
        "coverage": 0.9880916030534351,
        "volume": 15.592713144175134,
        "wsc": 0.9534351145038168,
        "threshold": 0.44444525538650786
      },
      "0.02": {
        "coverage": 0.9793129770992366,
        "volume": 9.354191148424137,
        "wsc": 0.9259541984732824,
        "threshold": 0.2744181046759634
      },
      "0.05": {
        "coverage": 0.9476335877862595,
        "volume": 3.7324402859921655,
        "wsc": 0.8381679389312977,
        "threshold": 0.08522969306872172
      },
      "0.1": {
        "coverage": 0.8957251908396947,
        "volume": 1.7538467002366267,
        "wsc": 0.7229007633587786,
        "threshold": 0.027368679223106148
      }
    }
  },
  "elapsed_s": 16435.085557222366
}