{
  "dataset": "blog_data",
  "seed": 14,
  "model": "Ridge",
  "split": [
    0.5,
    0.25,
    0.25
  ],
  "alphas": [
    0.01,
    0.02,
    0.05,
    0.1
  ],
  "result": {
    "seed": 14,
    "model": "Ridge",
    "model_rmse": 0.8599883383636794,
    "meta": {
      "n_train": 26198,
      "n_cal": 13099,
      "n_test": 13100,
      "d": 2,
      "p": 279,
      "elapsed": 16031.225399017334
    },
    "Mahal": {
      "params": {},
      "0.01": {
        "coverage": 0.9880152671755725,
        "volume": 39.47489278578651,
        "wsc": 0.950381679389313,
        "threshold": 16.94876959989727
      },
      "0.02": {
        "coverage": 0.9780916030534351,
        "volume": 17.587304888767825,
        "wsc": 0.9110687022900763,
        "threshold": 7.5512093233652
      },
      "0.05": {
        "coverage": 0.9469465648854962,
        "volume": 8.663634789821288,
        "wsc": 0.8576335877862595,
        "threshold": 3.719780842652634
      },
      "0.1": {
        "coverage": 0.8962595419847328,
        "volume": 6.453074557808685,
        "wsc": 0.7896946564885496,
        "threshold": 2.7706642418200342
      }
    },
    "Bonferroni": {
      "params": {},
      "0.01": {
        "coverage": 0.9877099236641221,
        "volume": 47.39913833935552,
        "wsc": 0.9488549618320611,
        "threshold": 4.015086831078008
      },
      "0.02": {
        "coverage": 0.9790076335877863,
        "volume": 19.987913191580567,
        "wsc": 0.9141221374045801,
        "threshold": 2.608073696087536
      },
      "0.05": {
        "coverage": 0.9478625954198473,
        "volume": 10.623983525809201,
        "wsc": 0.8633587786259542,
        "threshold": 1.896421016199245
      },
      "0.1": {
        "coverage": 0.8963358778625954,
        "volume": 7.962372431076875,
        "wsc": 0.7938931297709924,
        "threshold": 1.6386562146562942
      }
    },
    "Density": {
      "params": {
        "lengthscale": 1.0595719948059659
      },
      "0.01": {
        "coverage": 0.9880152671755725,
        "volume": 39.4502424201507,
        "wsc": 0.950381679389313,
        "threshold": 1.5387253938710315
      },
      "0.02": {
        "coverage": 0.9778625954198473,
        "volume": 18.938991350871706,
        "wsc": 0.9110687022900763,
        "threshold": 1.3590046773039182
      },
      "0.05": {
        "coverage": 0.9472519083969466,
        "volume": 7.6501665727074295,
        "wsc": 0.8519083969465648,
        "threshold": 0.91358014001491
      },
      "0.1": {
        "coverage": 0.8938167938931297,
        "volume": 5.523123782233579,
        "wsc": 0.7828244274809161,
        "threshold": 0.7568969556949064
      }
    },
    "Kernel": {
      "params": {
        "lengthscale": 1.0595719948059659,
        "gamma": 5.889685664192582
      },
      "0.01": {
        "coverage": 0.9870992366412213,
        "volume": 23.75235217451,
        "wsc": 0.9465648854961832,
        "threshold": 0.24015191491322382
      },
      "0.02": {
        "coverage": 0.9774809160305343,
        "volume": 14.033541029440991,
        "wsc": 0.9091603053435114,
        "threshold": 0.1296647381269085
      },
      "0.05": {
        "coverage": 0.9427480916030534,
        "volume": 5.329960445400684,
        "wsc": 0.816412213740458,
        "threshold": 0.029615952762066817
      },
      "0.1": {
        "coverage": 0.8927480916030535,
        "volume": 3.0906133893263132,
        "wsc": 0.7152671755725191,
        "threshold": 0.012031526923480423
      }
    }
  },
  "elapsed_s": 16031.228866100311
}