{
  "dataset": "blog_data",
  "seed": 32,
  "model": "Ridge",
  "split": [
    0.5,
    0.25,
    0.25
  ],
  "alphas": [
    0.01,
    0.02,
    0.05,
    0.1
  ],
  "result": {
    "seed": 32,
    "model": "Ridge",
    "model_rmse": 0.853845151740313,
    "meta": {
      "n_train": 26198,
      "n_cal": 13099,
      "n_test": 13100,
      "d": 2,
      "p": 279,
      "elapsed": 16274.343433618546
    },
    "Mahal": {
      "params": {},
      "0.01": {
        "coverage": 0.9897709923664122,
        "volume": 43.68924420808712,
        "wsc": 0.9557251908396946,
        "threshold": 19.30673031162766
      },
      "0.02": {
        "coverage": 0.9758778625954199,
        "volume": 16.433507752092225,
        "wsc": 0.9,
        "threshold": 7.262137580877572
      },
      "0.05": {
        "coverage": 0.9448091603053436,
        "volume": 8.682658125719309,
        "wsc": 0.8591603053435114,
        "threshold": 3.8369567123410055
      },
      "0.1": {
        "coverage": 0.8969465648854962,
        "volume": 6.487107270509626,
        "wsc": 0.7870229007633588,
        "threshold": 2.86672000957034
      }
    },
    "Bonferroni": {
      "params": {},
      "0.01": {
        "coverage": 0.9896946564885496,
        "volume": 52.12882212470291,
        "wsc": 0.9553435114503817,
        "threshold": 4.252718303301461
      },
      "0.02": {
        "coverage": 0.9761832061068703,
        "volume": 18.91651709615897,
        "wsc": 0.9034351145038167,
        "threshold": 2.5732342596741593
      },
      "0.05": {
        "coverage": 0.9472519083969466,
        "volume": 10.32825084935389,
        "wsc": 0.8637404580152672,
        "threshold": 1.9297552398931772
      },
      "0.1": {
        "coverage": 0.8983206106870228,
        "volume": 7.63732279022493,
        "wsc": 0.7919847328244275,
        "threshold": 1.6669070934673846
      }
    },
    "Density": {
      "params": {
        "lengthscale": 1.0550655941964955
      },
      "0.01": {
        "coverage": 0.9899236641221374,
        "volume": 42.97110637160913,
        "wsc": 0.9564885496183206,
        "threshold": 1.544532631590598
      },
      "0.02": {
        "coverage": 0.9754961832061069,
        "volume": 16.374464724948627,
        "wsc": 0.898473282442748,
        "threshold": 1.310185777801981
      },
      "0.05": {
        "coverage": 0.9441221374045802,
        "volume": 7.674541712204584,
        "wsc": 0.8534351145038168,
        "threshold": 0.9347402527858387
      },
      "0.1": {
        "coverage": 0.8980916030534352,
        "volume": 5.538175590572465,
        "wsc": 0.7866412213740458,
        "threshold": 0.7830104410752593
      }
    },
    "Kernel": {
      "params": {
        "lengthscale": 1.0550655941964955,
        "gamma": 5.871090324535121
      },
      "0.01": {
        "coverage": 0.9893129770992366,
        "volume": 26.008582679381973,
        "wsc": 0.9545801526717558,
        "threshold": 0.27094872212283244
      },
      "0.02": {
        "coverage": 0.9771755725190839,
        "volume": 13.929181550885382,
        "wsc": 0.9041984732824427,
        "threshold": 0.14085203088671397
      },
      "0.05": {
        "coverage": 0.9462595419847328,
        "volume": 5.42465787853452,
        "wsc": 0.832824427480916,
        "threshold": 0.03067393495289746
      },
      "0.1": {
        "coverage": 0.8968702290076336,
        "volume": 3.0649782250244786,
        "wsc": 0.7381679389312977,
        "threshold": 0.012134302602792219
      }
    }
  },
  "elapsed_s": 16274.347806930542
}