{
  "dataset": "blog_data",
  "seed": 28,
  "model": "MLP",
  "split": [
    0.5,
    0.25,
    0.25
  ],
  "alphas": [
    0.01,
    0.02,
    0.05,
    0.1
  ],
  "result": {
    "seed": 28,
    "model": "MLP",
    "model_rmse": 0.7539786665767396,
    "meta": {
      "n_train": 26198,
      "n_cal": 13099,
      "n_test": 13100,
      "d": 2,
      "p": 279,
      "elapsed": 16661.010677576065
    },
    "Mahal": {
      "params": {},
      "0.01": {
        "coverage": 0.9908396946564886,
        "volume": 31.344183936497153,
        "wsc": 0.9652671755725191,
        "threshold": 25.837185549052265
      },
      "0.02": {
        "coverage": 0.9816030534351146,
        "volume": 15.73690393114351,
        "wsc": 0.9408396946564885,
        "threshold": 12.972017636838943
      },
      "0.05": {
        "coverage": 0.9538167938931298,
        "volume": 6.1080733709003985,
        "wsc": 0.8759541984732825,
        "threshold": 5.034918929486582
      },
      "0.1": {
        "coverage": 0.9058778625954198,
        "volume": 3.254409740550273,
        "wsc": 0.7721374045801527,
        "threshold": 2.6826280910549465
      }
    },
    "Bonferroni": {
      "params": {},
      "0.01": {
        "coverage": 0.9904580152671756,
        "volume": 35.16058493974674,
        "wsc": 0.9641221374045802,
        "threshold": 4.770328426087702
      },
      "0.02": {
        "coverage": 0.9819083969465648,
        "volume": 18.74453345150255,
        "wsc": 0.9419847328244275,
        "threshold": 3.4817154382595525
      },
      "0.05": {
        "coverage": 0.9536641221374046,
        "volume": 7.142707198840485,
        "wsc": 0.8763358778625954,
        "threshold": 2.1580617724445803
      },
      "0.1": {
        "coverage": 0.906030534351145,
        "volume": 3.759052581207954,
        "wsc": 0.7774809160305344,
        "threshold": 1.561694015546858
      }
    },
    "Density": {
      "params": {
        "lengthscale": 0.5205585324662598
      },
      "0.01": {
        "coverage": 0.9902290076335878,
        "volume": 21.70713359647616,
        "wsc": 0.9606870229007634,
        "threshold": 1.551870616252941
      },
      "0.02": {
        "coverage": 0.981679389312977,
        "volume": 12.646853016128784,
        "wsc": 0.9358778625954198,
        "threshold": 1.5433706249897394
      },
      "0.05": {
        "coverage": 0.953206106870229,
        "volume": 4.575796799257185,
        "wsc": 0.8587786259541985,
        "threshold": 1.3716535257654598
      },
      "0.1": {
        "coverage": 0.908854961832061,
        "volume": 2.191512436007876,
        "wsc": 0.7599236641221374,
        "threshold": 1.0349587531237747
      }
    },
    "Kernel": {
      "params": {
        "lengthscale": 0.5205585324662598,
        "gamma": 4.962835873295446
      },
      "0.01": {
        "coverage": 0.9885496183206107,
        "volume": 17.542245378970453,
        "wsc": 0.9561068702290076,
        "threshold": 0.4396317182149398
      },
      "0.02": {
        "coverage": 0.9801526717557252,
        "volume": 10.06472378018432,
        "wsc": 0.9320610687022901,
        "threshold": 0.24745804003788915
      },
      "0.05": {
        "coverage": 0.9512977099236641,
        "volume": 4.114158762968489,
        "wsc": 0.85,
        "threshold": 0.07936042116501074
      },
      "0.1": {
        "coverage": 0.9061068702290076,
        "volume": 2.039324072396218,
        "wsc": 0.7477099236641221,
        "threshold": 0.026570759012241714
      }
    }
  },
  "elapsed_s": 16661.014976501465
}