{
  "dataset": "blog_data",
  "seed": 21,
  "model": "Ridge",
  "split": [
    0.5,
    0.25,
    0.25
  ],
  "alphas": [
    0.01,
    0.02,
    0.05,
    0.1
  ],
  "result": {
    "seed": 21,
    "model": "Ridge",
    "model_rmse": 0.8348293574413398,
    "meta": {
      "n_train": 26198,
      "n_cal": 13099,
      "n_test": 13100,
      "d": 2,
      "p": 279,
      "elapsed": 15999.315260648727
    },
    "Mahal": {
      "params": {},
      "0.01": {
        "coverage": 0.990381679389313,
        "volume": 48.12456028942163,
        "wsc": 0.9583969465648855,
        "threshold": 24.34817367872436
      },
      "0.02": {
        "coverage": 0.9802290076335878,
        "volume": 20.785127078450913,
        "wsc": 0.916412213740458,
        "threshold": 10.516041725823767
      },
      "0.05": {
        "coverage": 0.947175572519084,
        "volume": 7.777588730075324,
        "wsc": 0.8610687022900764,
        "threshold": 3.934998679732126
      },
      "0.1": {
        "coverage": 0.899236641221374,
        "volume": 5.733419246184348,
        "wsc": 0.7816793893129771,
        "threshold": 2.900770141887879
      }
    },
    "Bonferroni": {
      "params": {},
      "0.01": {
        "coverage": 0.9906106870229008,
        "volume": 61.205717360042065,
        "wsc": 0.9595419847328245,
        "threshold": 4.926298187238412
      },
      "0.02": {
        "coverage": 0.9804580152671756,
        "volume": 23.200071361069135,
        "wsc": 0.916793893129771,
        "threshold": 3.031449933027749
      },
      "0.05": {
        "coverage": 0.9475572519083969,
        "volume": 9.683539291142031,
        "wsc": 0.8606870229007634,
        "threshold": 1.952131374820865
      },
      "0.1": {
        "coverage": 0.8987022900763358,
        "volume": 7.103657580181001,
        "wsc": 0.7874045801526718,
        "threshold": 1.6709931014969568
      }
    },
    "Density": {
      "params": {
        "lengthscale": 1.052685643488591
      },
      "0.01": {
        "coverage": 0.9904580152671756,
        "volume": 42.21771610436858,
        "wsc": 0.9591603053435115,
        "threshold": 1.540231122454828
      },
      "0.02": {
        "coverage": 0.9803053435114504,
        "volume": 20.781881400795076,
        "wsc": 0.916793893129771,
        "threshold": 1.3945992620820458
      },
      "0.05": {
        "coverage": 0.9472519083969466,
        "volume": 8.025300559096745,
        "wsc": 0.8599236641221374,
        "threshold": 0.9329957325700433
      },
      "0.1": {
        "coverage": 0.9000763358778626,
        "volume": 5.818208162219568,
        "wsc": 0.7870229007633588,
        "threshold": 0.7763397741914705
      }
    },
    "Kernel": {
      "params": {
        "lengthscale": 1.052685643488591,
        "gamma": 6.382504667569233
      },
      "0.01": {
        "coverage": 0.989618320610687,
        "volume": 24.571756379396952,
        "wsc": 0.9568702290076336,
        "threshold": 0.2623588957399326
      },
      "0.02": {
        "coverage": 0.9796946564885496,
        "volume": 14.709457874995433,
        "wsc": 0.916030534351145,
        "threshold": 0.14458305165042204
      },
      "0.05": {
        "coverage": 0.9484732824427481,
        "volume": 5.472367473250209,
        "wsc": 0.8297709923664122,
        "threshold": 0.03237032559233001
      },
      "0.1": {
        "coverage": 0.898473282442748,
        "volume": 3.078431275579197,
        "wsc": 0.7419847328244275,
        "threshold": 0.012792329722948838
      }
    }
  },
  "elapsed_s": 15999.318722009659
}