{
  "dataset": "blog_data",
  "seed": 30,
  "model": "Ridge",
  "split": [
    0.5,
    0.25,
    0.25
  ],
  "alphas": [
    0.01,
    0.02,
    0.05,
    0.1
  ],
  "result": {
    "seed": 30,
    "model": "Ridge",
    "model_rmse": 0.9044753577322084,
    "meta": {
      "n_train": 26198,
      "n_cal": 13099,
      "n_test": 13100,
      "d": 2,
      "p": 279,
      "elapsed": 16124.466738462448
    },
    "Mahal": {
      "params": {},
      "0.01": {
        "coverage": 0.9890076335877862,
        "volume": 46.78523029599238,
        "wsc": 0.9545801526717558,
        "threshold": 21.561547944012457
      },
      "0.02": {
        "coverage": 0.9794656488549618,
        "volume": 19.680494382087574,
        "wsc": 0.9145038167938931,
        "threshold": 9.069997529062034
      },
      "0.05": {
        "coverage": 0.9481679389312977,
        "volume": 8.429964643954841,
        "wsc": 0.8610687022900764,
        "threshold": 3.8850527332454345
      },
      "0.1": {
        "coverage": 0.899618320610687,
        "volume": 6.227854163483448,
        "wsc": 0.7896946564885496,
        "threshold": 2.8701830745454
      }
    },
    "Bonferroni": {
      "params": {},
      "0.01": {
        "coverage": 0.9893129770992366,
        "volume": 57.3155257067287,
        "wsc": 0.9561068702290076,
        "threshold": 4.551834486373504
      },
      "0.02": {
        "coverage": 0.9799236641221374,
        "volume": 22.208756397058536,
        "wsc": 0.916793893129771,
        "threshold": 2.8362935142772563
      },
      "0.05": {
        "coverage": 0.9486259541984733,
        "volume": 10.338453226552252,
        "wsc": 0.8675572519083969,
        "threshold": 1.9364787613894714
      },
      "0.1": {
        "coverage": 0.8989312977099236,
        "volume": 7.5385833022891395,
        "wsc": 0.7908396946564885,
        "threshold": 1.6573203695834677
      }
    },
    "Density": {
      "params": {
        "lengthscale": 1.0640125320208373
      },
      "0.01": {
        "coverage": 0.9890839694656488,
        "volume": 43.70067246653912,
        "wsc": 0.9549618320610687,
        "threshold": 1.544938891690018
      },
      "0.02": {
        "coverage": 0.9794656488549618,
        "volume": 20.394669747809903,
        "wsc": 0.9145038167938931,
        "threshold": 1.3861188731057426
      },
      "0.05": {
        "coverage": 0.9491603053435115,
        "volume": 7.947622005614648,
        "wsc": 0.8618320610687022,
        "threshold": 0.9285901311619954
      },
      "0.1": {
        "coverage": 0.9004580152671756,
        "volume": 5.748016378481721,
        "wsc": 0.7877862595419848,
        "threshold": 0.7702796227816595
      }
    },
    "Kernel": {
      "params": {
        "lengthscale": 1.0640125320208373,
        "gamma": 6.219912553455734
      },
      "0.01": {
        "coverage": 0.9879389312977099,
        "volume": 25.860449420997025,
        "wsc": 0.9480916030534351,
        "threshold": 0.26429524401699384
      },
      "0.02": {
        "coverage": 0.9783969465648855,
        "volume": 14.04229868516474,
        "wsc": 0.9080152671755726,
        "threshold": 0.13573713611371235
      },
      "0.05": {
        "coverage": 0.9477862595419847,
        "volume": 5.625304767484069,
        "wsc": 0.8259541984732824,
        "threshold": 0.03200777950168048
      },
      "0.1": {
        "coverage": 0.8989312977099236,
        "volume": 3.1219879031319513,
        "wsc": 0.7301526717557252,
        "threshold": 0.012645269598538957
      }
    }
  },
  "elapsed_s": 16124.470053434372
}