{
  "dataset": "blog_data",
  "seed": 17,
  "model": "MLP",
  "split": [
    0.5,
    0.25,
    0.25
  ],
  "alphas": [
    0.01,
    0.02,
    0.05,
    0.1
  ],
  "result": {
    "seed": 17,
    "model": "MLP",
    "model_rmse": 0.8607591443206262,
    "meta": {
      "n_train": 26198,
      "n_cal": 13099,
      "n_test": 13100,
      "d": 2,
      "p": 279,
      "elapsed": 16515.839188814163
    },
    "Mahal": {
      "params": {},
      "0.01": {
        "coverage": 0.9891603053435114,
        "volume": 21.779965240563833,
        "wsc": 0.9569031273836766,
        "threshold": 20.182886486200083
      },
      "0.02": {
        "coverage": 0.98,
        "volume": 10.20653195513319,
        "wsc": 0.9324427480916031,
        "threshold": 9.45810856872121
      },
      "0.05": {
        "coverage": 0.9511450381679389,
        "volume": 4.323343838506737,
        "wsc": 0.8645038167938931,
        "threshold": 4.0063221850731985
      },
      "0.1": {
        "coverage": 0.9009923664122137,
        "volume": 2.4009662378215073,
        "wsc": 0.7805343511450382,
        "threshold": 2.224908465184303
      }
    },
    "Bonferroni": {
      "params": {},
      "0.01": {
        "coverage": 0.989236641221374,
        "volume": 26.998779738749704,
        "wsc": 0.9576659038901602,
        "threshold": 4.239545086172351
      },
      "0.02": {
        "coverage": 0.9791603053435115,
        "volume": 12.49923483299746,
        "wsc": 0.9305343511450381,
        "threshold": 2.840194239666098
      },
      "0.05": {
        "coverage": 0.9518320610687023,
        "volume": 5.200806189162438,
        "wsc": 0.8687022900763359,
        "threshold": 1.8316978825946084
      },
      "0.1": {
        "coverage": 0.9002290076335878,
        "volume": 3.124808708249365,
        "wsc": 0.7874045801526718,
        "threshold": 1.375895192820543
      }
    },
    "Density": {
      "params": {
        "lengthscale": 0.41100896209462384
      },
      "0.01": {
        "coverage": 0.9890076335877862,
        "volume": 17.148604191292364,
        "wsc": 0.9561068702290076,
        "threshold": 1.54731597487085
      },
      "0.02": {
        "coverage": 0.98,
        "volume": 9.514988454184918,
        "wsc": 0.927536231884058,
        "threshold": 1.5417086546868672
      },
      "0.05": {
        "coverage": 0.9516030534351145,
        "volume": 3.5897456440788553,
        "wsc": 0.851145038167939,
        "threshold": 1.4057781724999314
      },
      "0.1": {
        "coverage": 0.898854961832061,
        "volume": 1.3839983206087152,
        "wsc": 0.7450381679389313,
        "threshold": 1.0129036057418657
      }
    },
    "Kernel": {
      "params": {
        "lengthscale": 0.41100896209462384,
        "gamma": 4.664467608616734
      },
      "0.01": {
        "coverage": 0.9873282442748091,
        "volume": 14.142732838720308,
        "wsc": 0.9507633587786259,
        "threshold": 0.47902261120383816
      },
      "0.02": {
        "coverage": 0.9791603053435115,
        "volume": 7.9904278041393795,
        "wsc": 0.9248665141113653,
        "threshold": 0.2930889102185467
      },
      "0.05": {
        "coverage": 0.9497709923664122,
        "volume": 3.265371037686188,
        "wsc": 0.8492366412213741,
        "threshold": 0.08799105775938079
      },
      "0.1": {
        "coverage": 0.898473282442748,
        "volume": 1.2650609649314037,
        "wsc": 0.7351145038167939,
        "threshold": 0.02621682429733526
      }
    }
  },
  "elapsed_s": 16515.842513799667
}