{
  "dataset": "blog_data",
  "seed": 0,
  "model": "Ridge",
  "split": [
    0.5,
    0.25,
    0.25
  ],
  "alphas": [
    0.01,
    0.02,
    0.05,
    0.1
  ],
  "result": {
    "seed": 0,
    "model": "Ridge",
    "model_rmse": 0.8903219512421972,
    "meta": {
      "n_train": 26198,
      "n_cal": 13099,
      "n_test": 13100,
      "d": 2,
      "p": 279,
      "elapsed": 15699.657965421677
    },
    "Mahal": {
      "params": {},
      "0.01": {
        "coverage": 0.9894656488549618,
        "volume": 45.59418408034446,
        "wsc": 0.9541984732824428,
        "threshold": 20.28716672493583
      },
      "0.02": {
        "coverage": 0.9787786259541985,
        "volume": 18.750003007264862,
        "wsc": 0.9125954198473283,
        "threshold": 8.342828033310797
      },
      "0.05": {
        "coverage": 0.9423664122137405,
        "volume": 8.694077737763434,
        "wsc": 0.8561068702290077,
        "threshold": 3.868436471519093
      },
      "0.1": {
        "coverage": 0.8942748091603053,
        "volume": 6.413973483608061,
        "wsc": 0.7809160305343511,
        "threshold": 2.8539023574142472
      }
    },
    "Bonferroni": {
      "params": {},
      "0.01": {
        "coverage": 0.9890839694656488,
        "volume": 54.98190843239292,
        "wsc": 0.9522900763358778,
        "threshold": 4.384889273468551
      },
      "0.02": {
        "coverage": 0.9786259541984733,
        "volume": 20.96974936135371,
        "wsc": 0.9129770992366413,
        "threshold": 2.7169536614504337
      },
      "0.05": {
        "coverage": 0.9421374045801527,
        "volume": 10.612241962998002,
        "wsc": 0.8568702290076335,
        "threshold": 1.9278297249464067
      },
      "0.1": {
        "coverage": 0.8929770992366413,
        "volume": 7.930736112530112,
        "wsc": 0.7847328244274809,
        "threshold": 1.6595425373382184
      }
    },
    "Density": {
      "params": {
        "lengthscale": 1.0506602617084422
      },
      "0.01": {
        "coverage": 0.9890076335877862,
        "volume": 42.25876604372576,
        "wsc": 0.9519083969465649,
        "threshold": 1.5419779572093335
      },
      "0.02": {
        "coverage": 0.9787786259541985,
        "volume": 20.25479434992434,
        "wsc": 0.9129770992366413,
        "threshold": 1.3904346253998923
      },
      "0.05": {
        "coverage": 0.9441984732824428,
        "volume": 7.969795412441931,
        "wsc": 0.851526717557252,
        "threshold": 0.9374515176597121
      },
      "0.1": {
        "coverage": 0.8945038167938931,
        "volume": 5.801155152120528,
        "wsc": 0.7820610687022901,
        "threshold": 0.7761201557703707
      }
    },
    "Kernel": {
      "params": {
        "lengthscale": 1.0506602617084422,
        "gamma": 5.838644510207116
      },
      "0.01": {
        "coverage": 0.9884732824427481,
        "volume": 25.023425400028096,
        "wsc": 0.9515267175572519,
        "threshold": 0.2637790946396122
      },
      "0.02": {
        "coverage": 0.9781679389312977,
        "volume": 14.198904633161513,
        "wsc": 0.9114503816793893,
        "threshold": 0.12800062575113227
      },
      "0.05": {
        "coverage": 0.9450381679389313,
        "volume": 5.554911739632975,
        "wsc": 0.8274809160305343,
        "threshold": 0.03134357660603871
      },
      "0.1": {
        "coverage": 0.8955725190839695,
        "volume": 3.133235145100226,
        "wsc": 0.732824427480916,
        "threshold": 0.012294345382962587
      }
    }
  },
  "elapsed_s": 15699.661257505417
}