{
  "dataset": "blog_data",
  "seed": 22,
  "model": "MLP",
  "split": [
    0.5,
    0.25,
    0.25
  ],
  "alphas": [
    0.01,
    0.02,
    0.05,
    0.1
  ],
  "result": {
    "seed": 22,
    "model": "MLP",
    "model_rmse": 0.5686785554492912,
    "meta": {
      "n_train": 26198,
      "n_cal": 13099,
      "n_test": 13100,
      "d": 2,
      "p": 279,
      "elapsed": 16424.374566078186
    },
    "Mahal": {
      "params": {},
      "0.01": {
        "coverage": 0.9908396946564886,
        "volume": 20.813568662033195,
        "wsc": 0.966793893129771,
        "threshold": 22.60102145387005
      },
      "0.02": {
        "coverage": 0.9798473282442748,
        "volume": 9.884740820881639,
        "wsc": 0.9351145038167938,
        "threshold": 10.73363453362098
      },
      "0.05": {
        "coverage": 0.9480916030534351,
        "volume": 4.6060216472849,
        "wsc": 0.8587786259541985,
        "threshold": 5.0015831382712355
      },
      "0.1": {
        "coverage": 0.9022900763358779,
        "volume": 2.7216957179460577,
        "wsc": 0.7820610687022901,
        "threshold": 2.9554327905532793
      }
    },
    "Bonferroni": {
      "params": {},
      "0.01": {
        "coverage": 0.9905343511450382,
        "volume": 24.952396381038163,
        "wsc": 0.966793893129771,
        "threshold": 4.602107163457676
      },
      "0.02": {
        "coverage": 0.9808396946564886,
        "volume": 11.920452846220869,
        "wsc": 0.9389312977099237,
        "threshold": 3.196019326548636
      },
      "0.05": {
        "coverage": 0.946412213740458,
        "volume": 5.396344250930839,
        "wsc": 0.8541984732824427,
        "threshold": 2.1411599616389947
      },
      "0.1": {
        "coverage": 0.9008396946564885,
        "volume": 3.2937879263823935,
        "wsc": 0.7847328244274809,
        "threshold": 1.6641346111355557
      }
    },
    "Density": {
      "params": {
        "lengthscale": 0.43237313406496275
      },
      "0.01": {
        "coverage": 0.9902290076335878,
        "volume": 16.548680545149487,
        "wsc": 0.9622137404580152,
        "threshold": 1.5485936159654896
      },
      "0.02": {
        "coverage": 0.9796946564885496,
        "volume": 9.865090123384421,
        "wsc": 0.9248091603053435,
        "threshold": 1.5424551292295392
      },
      "0.05": {
        "coverage": 0.9494656488549619,
        "volume": 3.3100615821451527,
        "wsc": 0.8416030534351145,
        "threshold": 1.3667331905949602
      },
      "0.1": {
        "coverage": 0.9012213740458015,
        "volume": 1.5492520286146438,
        "wsc": 0.7458015267175573,
        "threshold": 1.012024235386081
      }
    },
    "Kernel": {
      "params": {
        "lengthscale": 0.43237313406496275,
        "gamma": 5.014245391994243
      },
      "0.01": {
        "coverage": 0.9878625954198473,
        "volume": 13.730083367039652,
        "wsc": 0.9541984732824428,
        "threshold": 0.4557671893129284
      },
      "0.02": {
        "coverage": 0.9793893129770992,
        "volume": 8.009893366429912,
        "wsc": 0.9267175572519084,
        "threshold": 0.27586093789110716
      },
      "0.05": {
        "coverage": 0.9492366412213741,
        "volume": 3.1440702933650124,
        "wsc": 0.8423664122137404,
        "threshold": 0.08679246693190598
      },
      "0.1": {
        "coverage": 0.9018320610687023,
        "volume": 1.4516100940380907,
        "wsc": 0.7404580152671756,
        "threshold": 0.027211467282291815
      }
    }
  },
  "elapsed_s": 16424.37907242775
}