{
  "dataset": "blog_data",
  "seed": 47,
  "model": "Ridge",
  "split": [
    0.5,
    0.25,
    0.25
  ],
  "alphas": [
    0.01,
    0.02,
    0.05,
    0.1
  ],
  "result": {
    "seed": 47,
    "model": "Ridge",
    "model_rmse": 0.8705272396022411,
    "meta": {
      "n_train": 26198,
      "n_cal": 13099,
      "n_test": 13100,
      "d": 2,
      "p": 279,
      "elapsed": 15852.568305969238
    },
    "Mahal": {
      "params": {},
      "0.01": {
        "coverage": 0.9910687022900764,
        "volume": 46.64037197225003,
        "wsc": 0.9618320610687023,
        "threshold": 20.13584420879892
      },
      "0.02": {
        "coverage": 0.9797709923664122,
        "volume": 18.20668862975428,
        "wsc": 0.9137404580152672,
        "threshold": 7.8602942108816265
      },
      "0.05": {
        "coverage": 0.9496946564885497,
        "volume": 8.886172668358485,
        "wsc": 0.867175572519084,
        "threshold": 3.8363885384321756
      },
      "0.1": {
        "coverage": 0.8967175572519084,
        "volume": 6.548361637078165,
        "wsc": 0.7904580152671755,
        "threshold": 2.8270955863202194
      }
    },
    "Bonferroni": {
      "params": {},
      "0.01": {
        "coverage": 0.9908396946564886,
        "volume": 55.103535321818605,
        "wsc": 0.9610687022900763,
        "threshold": 4.332480452541354
      },
      "0.02": {
        "coverage": 0.9798473282442748,
        "volume": 20.088169007038925,
        "wsc": 0.916030534351145,
        "threshold": 2.5983893013572774
      },
      "0.05": {
        "coverage": 0.9485496183206107,
        "volume": 10.68213085517746,
        "wsc": 0.8664122137404581,
        "threshold": 1.9189157322759187
      },
      "0.1": {
        "coverage": 0.8972519083969466,
        "volume": 8.093926702887353,
        "wsc": 0.7958015267175572,
        "threshold": 1.6536303932221899
      }
    },
    "Density": {
      "params": {
        "lengthscale": 1.076941401548785
      },
      "0.01": {
        "coverage": 0.9910687022900764,
        "volume": 44.89222092774362,
        "wsc": 0.9622137404580152,
        "threshold": 1.5509325864517713
      },
      "0.02": {
        "coverage": 0.9800763358778626,
        "volume": 20.036713656098765,
        "wsc": 0.9152671755725191,
        "threshold": 1.3723666082691408
      },
      "0.05": {
        "coverage": 0.9487786259541985,
        "volume": 7.888105299126709,
        "wsc": 0.8561068702290077,
        "threshold": 0.9190420787244863
      },
      "0.1": {
        "coverage": 0.8977862595419848,
        "volume": 5.783581445674117,
        "wsc": 0.7904580152671755,
        "threshold": 0.7633702801313936
      }
    },
    "Kernel": {
      "params": {
        "lengthscale": 1.076941401548785,
        "gamma": 6.531262317030113
      },
      "0.01": {
        "coverage": 0.9902290076335878,
        "volume": 26.177909790807,
        "wsc": 0.9583969465648855,
        "threshold": 0.26516821368819277
      },
      "0.02": {
        "coverage": 0.9806106870229008,
        "volume": 14.600455829270736,
        "wsc": 0.9183206106870229,
        "threshold": 0.14363920978672723
      },
      "0.05": {
        "coverage": 0.9497709923664122,
        "volume": 5.955956871323656,
        "wsc": 0.8248091603053435,
        "threshold": 0.03486186699434336
      },
      "0.1": {
        "coverage": 0.9031297709923665,
        "volume": 3.280278622435275,
        "wsc": 0.7343511450381679,
        "threshold": 0.013452773692059883
      }
    }
  },
  "elapsed_s": 15852.571337461472
}