{
  "dataset": "blog_data",
  "seed": 39,
  "model": "MLP",
  "split": [
    0.5,
    0.25,
    0.25
  ],
  "alphas": [
    0.01,
    0.02,
    0.05,
    0.1
  ],
  "result": {
    "seed": 39,
    "model": "MLP",
    "model_rmse": 0.5277410593358163,
    "meta": {
      "n_train": 26198,
      "n_cal": 13099,
      "n_test": 13100,
      "d": 2,
      "p": 279,
      "elapsed": 16543.258885860443
    },
    "Mahal": {
      "params": {},
      "0.01": {
        "coverage": 0.9914503816793893,
        "volume": 24.23243114272758,
        "wsc": 0.9675572519083969,
        "threshold": 26.385893400542834
      },
      "0.02": {
        "coverage": 0.9825190839694656,
        "volume": 12.74844183359871,
        "wsc": 0.9435114503816794,
        "threshold": 13.881356982430026
      },
      "0.05": {
        "coverage": 0.9498473282442748,
        "volume": 4.757076017916145,
        "wsc": 0.8656488549618321,
        "threshold": 5.179822856720836
      },
      "0.1": {
        "coverage": 0.8986259541984732,
        "volume": 2.6909741645806426,
        "wsc": 0.7702290076335878,
        "threshold": 2.9301128323456997
      }
    },
    "Bonferroni": {
      "params": {},
      "0.01": {
        "coverage": 0.9914503816793893,
        "volume": 29.42448304112923,
        "wsc": 0.9687022900763359,
        "threshold": 5.027048837455334
      },
      "0.02": {
        "coverage": 0.9829007633587786,
        "volume": 15.285325498994512,
        "wsc": 0.9446564885496184,
        "threshold": 3.6251793196449404
      },
      "0.05": {
        "coverage": 0.9511450381679389,
        "volume": 5.617889468679509,
        "wsc": 0.8702290076335878,
        "threshold": 2.2079250930087797
      },
      "0.1": {
        "coverage": 0.896793893129771,
        "volume": 3.032993721060328,
        "wsc": 0.7709923664122137,
        "threshold": 1.6395024177803132
      }
    },
    "Density": {
      "params": {
        "lengthscale": 0.476166578624864
      },
      "0.01": {
        "coverage": 0.9915267175572519,
        "volume": 18.8275214626016,
        "wsc": 0.9656488549618321,
        "threshold": 1.550622903871732
      },
      "0.02": {
        "coverage": 0.9823664122137404,
        "volume": 11.232075648322313,
        "wsc": 0.934732824427481,
        "threshold": 1.5436283412651703
      },
      "0.05": {
        "coverage": 0.9486259541984733,
        "volume": 3.6940308141119385,
        "wsc": 0.849618320610687,
        "threshold": 1.3555504377026737
      },
      "0.1": {
        "coverage": 0.89793893129771,
        "volume": 1.7331392691773304,
        "wsc": 0.7362595419847329,
        "threshold": 1.0090109520463728
      }
    },
    "Kernel": {
      "params": {
        "lengthscale": 0.476166578624864,
        "gamma": 5.038349721551589
      },
      "0.01": {
        "coverage": 0.9902290076335878,
        "volume": 15.498264618604974,
        "wsc": 0.9629770992366412,
        "threshold": 0.4444445062337206
      },
      "0.02": {
        "coverage": 0.9805343511450382,
        "volume": 8.961959468822949,
        "wsc": 0.9309160305343511,
        "threshold": 0.27715011547828583
      },
      "0.05": {
        "coverage": 0.9498473282442748,
        "volume": 3.5329377410153278,
        "wsc": 0.8522900763358778,
        "threshold": 0.08334214538468598
      },
      "0.1": {
        "coverage": 0.8991603053435114,
        "volume": 1.6701833555533676,
        "wsc": 0.7366412213740458,
        "threshold": 0.026546480909607706
      }
    }
  },
  "elapsed_s": 16543.26579427719
}