{
  "dataset": "blog_data",
  "seed": 7,
  "model": "Ridge",
  "split": [
    0.5,
    0.25,
    0.25
  ],
  "alphas": [
    0.01,
    0.02,
    0.05,
    0.1
  ],
  "result": {
    "seed": 7,
    "model": "Ridge",
    "model_rmse": 0.8630060473995647,
    "meta": {
      "n_train": 26198,
      "n_cal": 13099,
      "n_test": 13100,
      "d": 2,
      "p": 279,
      "elapsed": 15579.972107887268
    },
    "Mahal": {
      "params": {},
      "0.01": {
        "coverage": 0.9919847328244275,
        "volume": 49.49584333834461,
        "wsc": 0.9648854961832061,
        "threshold": 21.44136703025051
      },
      "0.02": {
        "coverage": 0.9819847328244274,
        "volume": 22.816421035500834,
        "wsc": 0.9209923664122137,
        "threshold": 9.883966505928889
      },
      "0.05": {
        "coverage": 0.9474045801526717,
        "volume": 8.862793768506075,
        "wsc": 0.8641221374045801,
        "threshold": 3.8393206638574133
      },
      "0.1": {
        "coverage": 0.8951908396946565,
        "volume": 6.504962547956112,
        "wsc": 0.783587786259542,
        "threshold": 2.8179192453663795
      }
    },
    "Bonferroni": {
      "params": {},
      "0.01": {
        "coverage": 0.9918320610687023,
        "volume": 60.579985010227574,
        "wsc": 0.9641221374045802,
        "threshold": 4.5232183445450325
      },
      "0.02": {
        "coverage": 0.9812977099236642,
        "volume": 24.354197570943455,
        "wsc": 0.9190839694656489,
        "threshold": 2.869137278781513
      },
      "0.05": {
        "coverage": 0.9472519083969466,
        "volume": 10.868547317405937,
        "wsc": 0.8637404580152672,
        "threshold": 1.914318341151439
      },
      "0.1": {
        "coverage": 0.8956488549618321,
        "volume": 8.044617547995365,
        "wsc": 0.7851145038167939,
        "threshold": 1.6481395878391762
      }
    },
    "Density": {
      "params": {
        "lengthscale": 1.070749387034145
      },
      "0.01": {
        "coverage": 0.9917557251908397,
        "volume": 46.78206679271981,
        "wsc": 0.9637404580152672,
        "threshold": 1.5516278733510516
      },
      "0.02": {
        "coverage": 0.9821374045801526,
        "volume": 24.669169153649374,
        "wsc": 0.9229007633587786,
        "threshold": 1.446674229210503
      },
      "0.05": {
        "coverage": 0.9487022900763359,
        "volume": 8.164928581732818,
        "wsc": 0.8587786259541985,
        "threshold": 0.9304172888568392
      },
      "0.1": {
        "coverage": 0.8964885496183206,
        "volume": 5.810076662961532,
        "wsc": 0.7828244274809161,
        "threshold": 0.7646147495601046
      }
    },
    "Kernel": {
      "params": {
        "lengthscale": 1.070749387034145,
        "gamma": 5.594586774454502
      },
      "0.01": {
        "coverage": 0.9919083969465649,
        "volume": 29.21935948578723,
        "wsc": 0.9641221374045802,
        "threshold": 0.2789165507348831
      },
      "0.02": {
        "coverage": 0.98206106870229,
        "volume": 15.536345064545577,
        "wsc": 0.9229007633587786,
        "threshold": 0.13994310011183567
      },
      "0.05": {
        "coverage": 0.9478625954198473,
        "volume": 5.739782575834031,
        "wsc": 0.8297709923664122,
        "threshold": 0.030772632009614897
      },
      "0.1": {
        "coverage": 0.8912213740458015,
        "volume": 3.171344776944568,
        "wsc": 0.7110687022900763,
        "threshold": 0.011390972509148722
      }
    }
  },
  "elapsed_s": 15579.975343942642
}