{
  "dataset": "blog_data",
  "seed": 35,
  "model": "Ridge",
  "split": [
    0.5,
    0.25,
    0.25
  ],
  "alphas": [
    0.01,
    0.02,
    0.05,
    0.1
  ],
  "result": {
    "seed": 35,
    "model": "Ridge",
    "model_rmse": 0.9174764193135548,
    "meta": {
      "n_train": 26198,
      "n_cal": 13099,
      "n_test": 13100,
      "d": 2,
      "p": 279,
      "elapsed": 16199.489318609238
    },
    "Mahal": {
      "params": {},
      "0.01": {
        "coverage": 0.990381679389313,
        "volume": 45.51112306364457,
        "wsc": 0.9618320610687023,
        "threshold": 18.331140572385927
      },
      "0.02": {
        "coverage": 0.9797709923664122,
        "volume": 18.292895167844055,
        "wsc": 0.9206106870229007,
        "threshold": 7.36808081683087
      },
      "0.05": {
        "coverage": 0.9516793893129771,
        "volume": 9.825269944688893,
        "wsc": 0.8740458015267175,
        "threshold": 3.957459020860896
      },
      "0.1": {
        "coverage": 0.9040458015267175,
        "volume": 7.160269476427624,
        "wsc": 0.8026717557251909,
        "threshold": 2.884040152667855
      }
    },
    "Bonferroni": {
      "params": {},
      "0.01": {
        "coverage": 0.990763358778626,
        "volume": 53.17158745819173,
        "wsc": 0.9633587786259542,
        "threshold": 4.106699641450299
      },
      "0.02": {
        "coverage": 0.9796946564885496,
        "volume": 21.22809831701561,
        "wsc": 0.9229007633587786,
        "threshold": 2.6007870144308507
      },
      "0.05": {
        "coverage": 0.9515267175572519,
        "volume": 11.590207849721315,
        "wsc": 0.8751908396946565,
        "threshold": 1.9449311513124792
      },
      "0.1": {
        "coverage": 0.9041984732824427,
        "volume": 8.406887293336498,
        "wsc": 0.8076335877862595,
        "threshold": 1.6681112472748716
      }
    },
    "Density": {
      "params": {
        "lengthscale": 1.0601491229450142
      },
      "0.01": {
        "coverage": 0.9901526717557252,
        "volume": 45.977819515462556,
        "wsc": 0.9610687022900763,
        "threshold": 1.5433331808818103
      },
      "0.02": {
        "coverage": 0.9801526717557252,
        "volume": 20.323474919204006,
        "wsc": 0.9217557251908397,
        "threshold": 1.383987853427457
      },
      "0.05": {
        "coverage": 0.952824427480916,
        "volume": 8.24146192734459,
        "wsc": 0.8721374045801527,
        "threshold": 0.9617505203748704
      },
      "0.1": {
        "coverage": 0.9027480916030535,
        "volume": 5.713881560477244,
        "wsc": 0.7961832061068702,
        "threshold": 0.7887539074271216
      }
    },
    "Kernel": {
      "params": {
        "lengthscale": 1.0601491229450142,
        "gamma": 6.354703736404844
      },
      "0.01": {
        "coverage": 0.9897709923664122,
        "volume": 27.891312833680647,
        "wsc": 0.9568702290076336,
        "threshold": 0.30334691780195605
      },
      "0.02": {
        "coverage": 0.9798473282442748,
        "volume": 14.600651447051527,
        "wsc": 0.9209923664122137,
        "threshold": 0.13524534954605774
      },
      "0.05": {
        "coverage": 0.9518320610687023,
        "volume": 5.894210112594548,
        "wsc": 0.8438931297709924,
        "threshold": 0.03587638453177904
      },
      "0.1": {
        "coverage": 0.9050381679389313,
        "volume": 3.2727396731372007,
        "wsc": 0.7473282442748092,
        "threshold": 0.014201070601618654
      }
    }
  },
  "elapsed_s": 16199.492788791656
}