{
  "dataset": "blog_data",
  "seed": 35,
  "model": "MLP",
  "split": [
    0.5,
    0.25,
    0.25
  ],
  "alphas": [
    0.01,
    0.02,
    0.05,
    0.1
  ],
  "result": {
    "seed": 35,
    "model": "MLP",
    "model_rmse": 0.6773554584173541,
    "meta": {
      "n_train": 26198,
      "n_cal": 13099,
      "n_test": 13100,
      "d": 2,
      "p": 279,
      "elapsed": 3502.9323494434357
    },
    "Mahal": {
      "params": {},
      "0.01": {
        "coverage": 0.9884732824427481,
        "volume": 23.091148791178448,
        "wsc": 0.9595419847328245,
        "threshold": 22.683809068772064
      },
      "0.02": {
        "coverage": 0.9798473282442748,
        "volume": 12.628009709241866,
        "wsc": 0.9358778625954198,
        "threshold": 12.405245133255386
      },
      "0.05": {
        "coverage": 0.9474045801526717,
        "volume": 4.817285551867645,
        "wsc": 0.8572519083969465,
        "threshold": 4.732306160967886
      },
      "0.1": {
        "coverage": 0.9,
        "volume": 2.769773786801081,
        "wsc": 0.7763358778625954,
        "threshold": 2.720913554872081
      }
    },
    "Bonferroni": {
      "params": {},
      "0.01": {
        "coverage": 0.9890076335877862,
        "volume": 28.738956229039804,
        "wsc": 0.9618320610687023,
        "threshold": 4.716085458428177
      },
      "0.02": {
        "coverage": 0.9793129770992366,
        "volume": 14.036536020239291,
        "wsc": 0.934732824427481,
        "threshold": 3.326882529061573
      },
      "0.05": {
        "coverage": 0.9483206106870229,
        "volume": 5.622181273874822,
        "wsc": 0.8614503816793894,
        "threshold": 2.1050025105750128
      },
      "0.1": {
        "coverage": 0.9004580152671756,
        "volume": 3.0116125800836864,
        "wsc": 0.7843511450381679,
        "threshold": 1.5907135803955756
      }
    },
    "Density": {
      "params": {
        "lengthscale": 0.4658153982714582
      },
      "0.01": {
        "coverage": 0.9889312977099237,
        "volume": 20.05597774751711,
        "wsc": 0.9564885496183206,
        "threshold": 1.5462043944067532
      },
      "0.02": {
        "coverage": 0.9795419847328244,
        "volume": 11.664323598489958,
        "wsc": 0.9278625954198473,
        "threshold": 1.5399648451411503
      },
      "0.05": {
        "coverage": 0.9507633587786259,
        "volume": 3.949903936692674,
        "wsc": 0.8583969465648855,
        "threshold": 1.4022949605958064
      },
      "0.1": {
        "coverage": 0.9026717557251909,
        "volume": 1.6798442029612524,
        "wsc": 0.7538167938931297,
        "threshold": 1.0334073280107499
      }
    },
    "Kernel": {
      "params": {
        "lengthscale": 0.4658153982714582,
        "gamma": 4.749008665522419
      },
      "0.01": {
        "coverage": 0.9881679389312977,
        "volume": 16.787091730943867,
        "wsc": 0.9545801526717558,
        "threshold": 0.4524067765573068
      },
      "0.02": {
        "coverage": 0.9783206106870229,
        "volume": 9.220225951839124,
        "wsc": 0.9270992366412214,
        "threshold": 0.2678261855778926
      },
      "0.05": {
        "coverage": 0.9521374045801527,
        "volume": 3.548860050400123,
        "wsc": 0.8614503816793894,
        "threshold": 0.08592185233253441
      },
      "0.1": {
        "coverage": 0.9023664122137405,
        "volume": 1.6117424109493095,
        "wsc": 0.7530534351145038,
        "threshold": 0.027582528294580858
      }
    }
  },
  "elapsed_s": 3502.936546087265
}