{
  "dataset": "blog_data",
  "seed": 48,
  "model": "Ridge",
  "split": [
    0.5,
    0.25,
    0.25
  ],
  "alphas": [
    0.01,
    0.02,
    0.05,
    0.1
  ],
  "result": {
    "seed": 48,
    "model": "Ridge",
    "model_rmse": 0.9342025983865626,
    "meta": {
      "n_train": 26198,
      "n_cal": 13099,
      "n_test": 13100,
      "d": 2,
      "p": 279,
      "elapsed": 15967.137303113937
    },
    "Mahal": {
      "params": {},
      "0.01": {
        "coverage": 0.9912213740458016,
        "volume": 47.22123689337765,
        "wsc": 0.9625954198473282,
        "threshold": 16.797277225377304
      },
      "0.02": {
        "coverage": 0.9814503816793894,
        "volume": 20.978149709435414,
        "wsc": 0.9251908396946565,
        "threshold": 7.462231392635809
      },
      "0.05": {
        "coverage": 0.9561832061068702,
        "volume": 10.658855586499445,
        "wsc": 0.8816793893129771,
        "threshold": 3.791509159235969
      },
      "0.1": {
        "coverage": 0.9057251908396946,
        "volume": 7.750036650409441,
        "wsc": 0.8030534351145038,
        "threshold": 2.7568001748386743
      }
    },
    "Bonferroni": {
      "params": {},
      "0.01": {
        "coverage": 0.9910687022900764,
        "volume": 56.47242710306959,
        "wsc": 0.9618320610687023,
        "threshold": 3.995052923223551
      },
      "0.02": {
        "coverage": 0.9806870229007634,
        "volume": 22.16688035647287,
        "wsc": 0.9232824427480916,
        "threshold": 2.523774844302259
      },
      "0.05": {
        "coverage": 0.9555725190839695,
        "volume": 12.427427617025478,
        "wsc": 0.8820610687022901,
        "threshold": 1.9081661749070082
      },
      "0.1": {
        "coverage": 0.9053435114503817,
        "volume": 9.076371403599216,
        "wsc": 0.8061068702290076,
        "threshold": 1.6304496531815627
      }
    },
    "Density": {
      "params": {
        "lengthscale": 1.0936124401105634
      },
      "0.01": {
        "coverage": 0.991145038167939,
        "volume": 49.8665684185176,
        "wsc": 0.9622137404580152,
        "threshold": 1.5524421754907096
      },
      "0.02": {
        "coverage": 0.980763358778626,
        "volume": 22.705188322672193,
        "wsc": 0.9221374045801527,
        "threshold": 1.4152363202319227
      },
      "0.05": {
        "coverage": 0.9548854961832061,
        "volume": 8.028275098548875,
        "wsc": 0.866793893129771,
        "threshold": 0.9405743098863808
      },
      "0.1": {
        "coverage": 0.9099236641221374,
        "volume": 5.6718408888948755,
        "wsc": 0.8019083969465649,
        "threshold": 0.7699314343226681
      }
    },
    "Kernel": {
      "params": {
        "lengthscale": 1.0936124401105634,
        "gamma": 5.650631025650816
      },
      "0.01": {
        "coverage": 0.9904580152671756,
        "volume": 29.596243280707263,
        "wsc": 0.9587786259541985,
        "threshold": 0.28375829786223644
      },
      "0.02": {
        "coverage": 0.9818320610687022,
        "volume": 16.113589451794365,
        "wsc": 0.9255725190839694,
        "threshold": 0.13336728024777228
      },
      "0.05": {
        "coverage": 0.9554961832061069,
        "volume": 6.227973622186893,
        "wsc": 0.851145038167939,
        "threshold": 0.034380140857821116
      },
      "0.1": {
        "coverage": 0.9101526717557252,
        "volume": 3.372445933937493,
        "wsc": 0.7564885496183206,
        "threshold": 0.012578529212899054
      }
    }
  },
  "elapsed_s": 15967.141364097595
}