{
  "dataset": "blog_data",
  "seed": 30,
  "model": "MLP",
  "split": [
    0.5,
    0.25,
    0.25
  ],
  "alphas": [
    0.01,
    0.02,
    0.05,
    0.1
  ],
  "result": {
    "seed": 30,
    "model": "MLP",
    "model_rmse": 1.362216627674869,
    "meta": {
      "n_train": 26198,
      "n_cal": 13099,
      "n_test": 13100,
      "d": 2,
      "p": 279,
      "elapsed": 16548.36367368698
    },
    "Mahal": {
      "params": {},
      "0.01": {
        "coverage": 0.9890839694656488,
        "volume": 93.19268511630739,
        "wsc": 0.9576335877862595,
        "threshold": 16.985605978687904
      },
      "0.02": {
        "coverage": 0.9796946564885496,
        "volume": 29.054874204787644,
        "wsc": 0.9221374045801527,
        "threshold": 5.2956371456294455
      },
      "0.05": {
        "coverage": 0.9510687022900763,
        "volume": 6.255044625422353,
        "wsc": 0.8274809160305343,
        "threshold": 1.140065051821777
      },
      "0.1": {
        "coverage": 0.899618320610687,
        "volume": 2.4495392661720894,
        "wsc": 0.7064885496183206,
        "threshold": 0.4464611010252219
      }
    },
    "Bonferroni": {
      "params": {},
      "0.01": {
        "coverage": 0.9890839694656488,
        "volume": 106.56400791543578,
        "wsc": 0.9576335877862595,
        "threshold": 3.8652254780043873
      },
      "0.02": {
        "coverage": 0.98,
        "volume": 31.3617999254811,
        "wsc": 0.9236641221374046,
        "threshold": 2.151030532506678
      },
      "0.05": {
        "coverage": 0.9504580152671755,
        "volume": 5.991384702496389,
        "wsc": 0.8244274809160306,
        "threshold": 0.9715901642207732
      },
      "0.1": {
        "coverage": 0.9016793893129771,
        "volume": 2.0659947249987547,
        "wsc": 0.7087786259541985,
        "threshold": 0.5863775446618178
      }
    },
    "Density": {
      "params": {
        "lengthscale": 0.45641939628638933
      },
      "0.01": {
        "coverage": 0.9897709923664122,
        "volume": 16.734557272489916,
        "wsc": 0.9599236641221374,
        "threshold": 1.547885302623586
      },
      "0.02": {
        "coverage": 0.9810687022900764,
        "volume": 9.627535418494197,
        "wsc": 0.9316793893129771,
        "threshold": 1.541077459062438
      },
      "0.05": {
        "coverage": 0.9495419847328245,
        "volume": 2.975032403998207,
        "wsc": 0.8366412213740458,
        "threshold": 1.3504354791201263
      },
      "0.1": {
        "coverage": 0.8991603053435114,
        "volume": 1.363556518499178,
        "wsc": 0.731679389312977,
        "threshold": 1.0063544035642382
      }
    },
    "Kernel": {
      "params": {
        "lengthscale": 0.45641939628638933,
        "gamma": 4.763636120714791
      },
      "0.01": {
        "coverage": 0.989236641221374,
        "volume": 14.131403918991484,
        "wsc": 0.9580152671755725,
        "threshold": 0.4747795807279599
      },
      "0.02": {
        "coverage": 0.9812213740458016,
        "volume": 7.892099849495243,
        "wsc": 0.933969465648855,
        "threshold": 0.26738493354991066
      },
      "0.05": {
        "coverage": 0.9480152671755725,
        "volume": 2.8097528259983067,
        "wsc": 0.8374045801526717,
        "threshold": 0.07707027756065371
      },
      "0.1": {
        "coverage": 0.8990839694656488,
        "volume": 1.4048764129991533,
        "wsc": 0.7236641221374046,
        "threshold": 0.02486452711084769
      }
    }
  },
  "elapsed_s": 16548.369392871857
}