{
  "dataset": "blog_data",
  "seed": 4,
  "model": "Ridge",
  "split": [
    0.5,
    0.25,
    0.25
  ],
  "alphas": [
    0.01,
    0.02,
    0.05,
    0.1
  ],
  "result": {
    "seed": 4,
    "model": "Ridge",
    "model_rmse": 0.8575271751413962,
    "meta": {
      "n_train": 26198,
      "n_cal": 13099,
      "n_test": 13100,
      "d": 2,
      "p": 279,
      "elapsed": 15472.815889120102
    },
    "Mahal": {
      "params": {},
      "0.01": {
        "coverage": 0.9895419847328244,
        "volume": 41.38833491406596,
        "wsc": 0.9545801526717558,
        "threshold": 19.482727221969892
      },
      "0.02": {
        "coverage": 0.9768702290076335,
        "volume": 14.787689358697287,
        "wsc": 0.9049618320610687,
        "threshold": 6.961007699800288
      },
      "0.05": {
        "coverage": 0.946030534351145,
        "volume": 8.08153179727685,
        "wsc": 0.8580152671755725,
        "threshold": 3.8042187459083086
      },
      "0.1": {
        "coverage": 0.8874045801526718,
        "volume": 5.886338622352884,
        "wsc": 0.7809160305343511,
        "threshold": 2.770875657442126
      }
    },
    "Bonferroni": {
      "params": {},
      "0.01": {
        "coverage": 0.9893893129770992,
        "volume": 50.24100816502443,
        "wsc": 0.9538167938931298,
        "threshold": 4.313116706808192
      },
      "0.02": {
        "coverage": 0.9769465648854961,
        "volume": 17.014693464973504,
        "wsc": 0.9045801526717557,
        "threshold": 2.5127174611926995
      },
      "0.05": {
        "coverage": 0.9446564885496184,
        "volume": 9.68479547273891,
        "wsc": 0.8599236641221374,
        "threshold": 1.9047893619744078
      },
      "0.1": {
        "coverage": 0.888854961832061,
        "volume": 7.18824201534311,
        "wsc": 0.7870229007633588,
        "threshold": 1.6376540542787088
      }
    },
    "Density": {
      "params": {
        "lengthscale": 1.0553837843069918
      },
      "0.01": {
        "coverage": 0.9893893129770992,
        "volume": 39.264267579733854,
        "wsc": 0.9541984732824428,
        "threshold": 1.5392263323494793
      },
      "0.02": {
        "coverage": 0.9773282442748091,
        "volume": 15.183816590714386,
        "wsc": 0.9064885496183206,
        "threshold": 1.2646020392339254
      },
      "0.05": {
        "coverage": 0.9454961832061068,
        "volume": 7.634511596677941,
        "wsc": 0.8549618320610687,
        "threshold": 0.9186868669858871
      },
      "0.1": {
        "coverage": 0.888854961832061,
        "volume": 5.602334123678287,
        "wsc": 0.7828244274809161,
        "threshold": 0.7607472481532671
      }
    },
    "Kernel": {
      "params": {
        "lengthscale": 1.0553837843069918,
        "gamma": 5.944525676044203
      },
      "0.01": {
        "coverage": 0.9884732824427481,
        "volume": 23.839742336557244,
        "wsc": 0.9492366412213741,
        "threshold": 0.26819777439806447
      },
      "0.02": {
        "coverage": 0.9770992366412213,
        "volume": 12.260165037578092,
        "wsc": 0.9038167938931297,
        "threshold": 0.11811576613023547
      },
      "0.05": {
        "coverage": 0.9445038167938932,
        "volume": 5.334998407890597,
        "wsc": 0.8217557251908397,
        "threshold": 0.028789688667999785
      },
      "0.1": {
        "coverage": 0.8934351145038167,
        "volume": 3.07169802522589,
        "wsc": 0.7175572519083969,
        "threshold": 0.011806495632095
      }
    }
  },
  "elapsed_s": 15472.819180488586
}