{
  "dataset": "blog_data",
  "seed": 29,
  "model": "MLP",
  "split": [
    0.5,
    0.25,
    0.25
  ],
  "alphas": [
    0.01,
    0.02,
    0.05,
    0.1
  ],
  "result": {
    "seed": 29,
    "model": "MLP",
    "model_rmse": 0.6113166611967036,
    "meta": {
      "n_train": 26198,
      "n_cal": 13099,
      "n_test": 13100,
      "d": 2,
      "p": 279,
      "elapsed": 16319.122799873352
    },
    "Mahal": {
      "params": {},
      "0.01": {
        "coverage": 0.9895419847328244,
        "volume": 19.577087018835165,
        "wsc": 0.9606870229007634,
        "threshold": 23.794761290415618
      },
      "0.02": {
        "coverage": 0.9790076335877863,
        "volume": 9.797678756252948,
        "wsc": 0.9270992366412214,
        "threshold": 11.908483983389194
      },
      "0.05": {
        "coverage": 0.944732824427481,
        "volume": 4.182937946357771,
        "wsc": 0.8465648854961833,
        "threshold": 5.084107243863424
      },
      "0.1": {
        "coverage": 0.8951908396946565,
        "volume": 2.497092698643905,
        "wsc": 0.768320610687023,
        "threshold": 3.035064646088843
      }
    },
    "Bonferroni": {
      "params": {},
      "0.01": {
        "coverage": 0.9894656488549618,
        "volume": 23.67798840688686,
        "wsc": 0.9599236641221374,
        "threshold": 4.7263092979522
      },
      "0.02": {
        "coverage": 0.9787786259541985,
        "volume": 11.63087526968124,
        "wsc": 0.9278625954198473,
        "threshold": 3.311459243387705
      },
      "0.05": {
        "coverage": 0.946030534351145,
        "volume": 5.04150964379529,
        "wsc": 0.8530534351145038,
        "threshold": 2.1802191841950824
      },
      "0.1": {
        "coverage": 0.8940458015267175,
        "volume": 3.033504986177678,
        "wsc": 0.7759541984732824,
        "threshold": 1.6913419821490547
      }
    },
    "Density": {
      "params": {
        "lengthscale": 0.454668798975555
      },
      "0.01": {
        "coverage": 0.9894656488549618,
        "volume": 16.701658785478244,
        "wsc": 0.9583969465648855,
        "threshold": 1.5525545807096353
      },
      "0.02": {
        "coverage": 0.979236641221374,
        "volume": 9.669525845566362,
        "wsc": 0.9209923664122137,
        "threshold": 1.543373266380841
      },
      "0.05": {
        "coverage": 0.9487022900763359,
        "volume": 3.3445398761958955,
        "wsc": 0.8377862595419847,
        "threshold": 1.3330346502055286
      },
      "0.1": {
        "coverage": 0.8961068702290076,
        "volume": 1.608233343094197,
        "wsc": 0.7251908396946565,
        "threshold": 0.985444855781522
      }
    },
    "Kernel": {
      "params": {
        "lengthscale": 0.454668798975555,
        "gamma": 5.426092654301626
      },
      "0.01": {
        "coverage": 0.9880152671755725,
        "volume": 13.123842741768685,
        "wsc": 0.9538167938931298,
        "threshold": 0.4528076011415798
      },
      "0.02": {
        "coverage": 0.9784732824427481,
        "volume": 7.621269613946391,
        "wsc": 0.9232824427480916,
        "threshold": 0.25534982112174265
      },
      "0.05": {
        "coverage": 0.9480152671755725,
        "volume": 3.1926816651870014,
        "wsc": 0.8370229007633587,
        "threshold": 0.08109775114558374
      },
      "0.1": {
        "coverage": 0.8964885496183206,
        "volume": 1.5194969185889997,
        "wsc": 0.7229007633587786,
        "threshold": 0.02665089801818155
      }
    }
  },
  "elapsed_s": 16319.12914967537
}