{
  "dataset": "house",
  "seed": 14,
  "model": "MLP",
  "split": [
    0.5,
    0.25,
    0.25
  ],
  "alphas": [
    0.01,
    0.02,
    0.05,
    0.1
  ],
  "result": {
    "seed": 14,
    "model": "MLP",
    "model_rmse": 0.5873195642999205,
    "meta": {
      "n_train": 10806,
      "n_cal": 5403,
      "n_test": 5404,
      "d": 4,
      "p": 15,
      "elapsed": 5874.8716695308685
    },
    "Mahal": {
      "params": {},
      "0.01": {
        "coverage": 0.9890821613619541,
        "volume": 720.4079348425286,
        "wsc": 0.9481961147086031,
        "threshold": 39.51282578271668
      },
      "0.02": {
        "coverage": 0.975018504811251,
        "volume": 215.79995915029306,
        "wsc": 0.8954671600370028,
        "threshold": 21.62591665216141
      },
      "0.05": {
        "coverage": 0.9515173945225759,
        "volume": 69.5338177180324,
        "wsc": 0.8233117483811286,
        "threshold": 12.275717434100844
      },
      "0.1": {
        "coverage": 0.9019245003700962,
        "volume": 27.110945561025545,
        "wsc": 0.7187789084181314,
        "threshold": 7.665159181946144
      }
    },
    "Bonferroni": {
      "params": {},
      "0.01": {
        "coverage": 0.9898223538119911,
        "volume": 1217.1652477787377,
        "wsc": 0.9500462534690102,
        "threshold": 5.884059306756651
      },
      "0.02": {
        "coverage": 0.9789045151739453,
        "volume": 447.96983328676345,
        "wsc": 0.9130434782608695,
        "threshold": 4.216071490686236
      },
      "0.05": {
        "coverage": 0.948741672834937,
        "volume": 129.0271482340884,
        "wsc": 0.8270120259019427,
        "threshold": 2.9976901764559947
      },
      "0.1": {
        "coverage": 0.8904515173945226,
        "volume": 46.24705754169474,
        "wsc": 0.7224791859389454,
        "threshold": 2.3241916402286114
      }
    },
    "Density": {
      "params": {
        "lengthscale": 2.3857188742953115
      },
      "0.01": {
        "coverage": 0.9883419689119171,
        "volume": 622.8691352955613,
        "wsc": 0.9435707678075855,
        "threshold": 1.1355349765531444
      },
      "0.02": {
        "coverage": 0.9752035529237602,
        "volume": 204.46314191964376,
        "wsc": 0.8982423681776133,
        "threshold": 0.7721955606613947
      },
      "0.05": {
        "coverage": 0.9483715766099186,
        "volume": 79.34570439840272,
        "wsc": 0.8408880666049954,
        "threshold": 0.5366709266554763
      },
      "0.1": {
        "coverage": 0.8989637305699482,
        "volume": 35.60246844336025,
        "wsc": 0.7400555041628122,
        "threshold": 0.3836499033668378
      }
    },
    "Kernel": {
      "params": {
        "lengthscale": 2.3857188742953115,
        "gamma": 0.31525211310727086
      },
      "0.01": {
        "coverage": 0.9835307179866766,
        "volume": 238.63294239630991,
        "wsc": 0.9259944495837188,
        "threshold": 0.04446068867644115
      },
      "0.02": {
        "coverage": 0.9740932642487047,
        "volume": 130.93514061963893,
        "wsc": 0.8945420906567992,
        "threshold": 0.024468180413633054
      },
      "0.05": {
        "coverage": 0.948741672834937,
        "volume": 47.88726152225571,
        "wsc": 0.820536540240518,
        "threshold": 0.009043447364434144
      },
      "0.1": {
        "coverage": 0.8972982975573649,
        "volume": 17.345993933197896,
        "wsc": 0.7049028677150786,
        "threshold": 0.003543980976158615
      }
    }
  },
  "elapsed_s": 5874.872387647629
}