{
  "dataset": "house",
  "seed": 36,
  "model": "MLP",
  "split": [
    0.5,
    0.25,
    0.25
  ],
  "alphas": [
    0.01,
    0.02,
    0.05,
    0.1
  ],
  "result": {
    "seed": 36,
    "model": "MLP",
    "model_rmse": 0.5811502010004092,
    "meta": {
      "n_train": 10806,
      "n_cal": 5403,
      "n_test": 5404,
      "d": 4,
      "p": 15,
      "elapsed": 5866.683940649033
    },
    "Mahal": {
      "params": {},
      "0.01": {
        "coverage": 0.9903774981495189,
        "volume": 636.8459319651785,
        "wsc": 0.9565217391304348,
        "threshold": 36.493369319253375
      },
      "0.02": {
        "coverage": 0.9796447076239823,
        "volume": 239.6227722865462,
        "wsc": 0.9148936170212766,
        "threshold": 22.385191652227952
      },
      "0.05": {
        "coverage": 0.944300518134715,
        "volume": 63.85767858742669,
        "wsc": 0.81313598519889,
        "threshold": 11.55588832194175
      },
      "0.1": {
        "coverage": 0.8926720947446336,
        "volume": 25.557535253864334,
        "wsc": 0.7058279370952821,
        "threshold": 7.310654455022312
      }
    },
    "Bonferroni": {
      "params": {},
      "0.01": {
        "coverage": 0.9901924500370096,
        "volume": 1339.8081199744827,
        "wsc": 0.9555966697502313,
        "threshold": 5.508391830883596
      },
      "0.02": {
        "coverage": 0.977979274611399,
        "volume": 465.7467399346427,
        "wsc": 0.913968547641073,
        "threshold": 4.091006023793802
      },
      "0.05": {
        "coverage": 0.9509622501850481,
        "volume": 131.19020423799643,
        "wsc": 0.8445883441258094,
        "threshold": 2.993073648204446
      },
      "0.1": {
        "coverage": 0.8886010362694301,
        "volume": 45.2572033913829,
        "wsc": 0.7132284921369103,
        "threshold": 2.292968276179821
      }
    },
    "Density": {
      "params": {
        "lengthscale": 2.329116425146443
      },
      "0.01": {
        "coverage": 0.9911176905995559,
        "volume": 701.1829129463586,
        "wsc": 0.9592969472710453,
        "threshold": 1.1966307926885702
      },
      "0.02": {
        "coverage": 0.9803849000740192,
        "volume": 244.66226397153642,
        "wsc": 0.9167437557816837,
        "threshold": 0.8539392378115228
      },
      "0.05": {
        "coverage": 0.9459659511472983,
        "volume": 76.23864463917522,
        "wsc": 0.8381128584643849,
        "threshold": 0.5489590794370358
      },
      "0.1": {
        "coverage": 0.8939674315321984,
        "volume": 32.51279516567748,
        "wsc": 0.7326549491211841,
        "threshold": 0.3828587446364512
      }
    },
    "Kernel": {
      "params": {
        "lengthscale": 2.329116425146443,
        "gamma": 0.42275020151603726
      },
      "0.01": {
        "coverage": 0.9879718726868986,
        "volume": 263.9623856638907,
        "wsc": 0.9454209065679926,
        "threshold": 0.06183062517466303
      },
      "0.02": {
        "coverage": 0.9785344189489267,
        "volume": 131.67112530311738,
        "wsc": 0.9111933395004626,
        "threshold": 0.03194380581584872
      },
      "0.05": {
        "coverage": 0.9481865284974094,
        "volume": 44.47254270618555,
        "wsc": 0.8196114708603145,
        "threshold": 0.011363400763667712
      },
      "0.1": {
        "coverage": 0.8932272390821614,
        "volume": 14.88324138374337,
        "wsc": 0.6938020351526365,
        "threshold": 0.004217006490329032
      }
    }
  },
  "elapsed_s": 5866.685611009598
}