{
  "dataset": "house",
  "seed": 27,
  "model": "MLP",
  "split": [
    0.5,
    0.25,
    0.25
  ],
  "alphas": [
    0.01,
    0.02,
    0.05,
    0.1
  ],
  "result": {
    "seed": 27,
    "model": "MLP",
    "model_rmse": 0.5863158568177642,
    "meta": {
      "n_train": 10806,
      "n_cal": 5403,
      "n_test": 5404,
      "d": 4,
      "p": 15,
      "elapsed": 5885.296174049377
    },
    "Mahal": {
      "params": {},
      "0.01": {
        "coverage": 0.9892672094744633,
        "volume": 600.0323415765115,
        "wsc": 0.9518963922294172,
        "threshold": 36.25856201336871
      },
      "0.02": {
        "coverage": 0.9803849000740192,
        "volume": 232.41240606656683,
        "wsc": 0.9204440333024977,
        "threshold": 22.565912510467722
      },
      "0.05": {
        "coverage": 0.9498519615099926,
        "volume": 63.203320335118214,
        "wsc": 0.8390379278445883,
        "threshold": 11.76774350451884
      },
      "0.1": {
        "coverage": 0.9011843079200592,
        "volume": 25.1884132649401,
        "wsc": 0.7354301572617946,
        "threshold": 7.428885277603171
      }
    },
    "Bonferroni": {
      "params": {},
      "0.01": {
        "coverage": 0.9888971132494448,
        "volume": 996.218076714685,
        "wsc": 0.9500462534690102,
        "threshold": 5.347677447286753
      },
      "0.02": {
        "coverage": 0.979459659511473,
        "volume": 463.60115782306406,
        "wsc": 0.9222941720629048,
        "threshold": 4.14208684451583
      },
      "0.05": {
        "coverage": 0.9505921539600296,
        "volume": 121.17631408173168,
        "wsc": 0.8464384828862165,
        "threshold": 2.9646503655397334
      },
      "0.1": {
        "coverage": 0.8989637305699482,
        "volume": 45.359776409451,
        "wsc": 0.7474560592044404,
        "threshold": 2.317743773179508
      }
    },
    "Density": {
      "params": {
        "lengthscale": 2.301965541626058
      },
      "0.01": {
        "coverage": 0.9883419689119171,
        "volume": 576.6879927926742,
        "wsc": 0.9454209065679926,
        "threshold": 1.148520099958955
      },
      "0.02": {
        "coverage": 0.9805699481865285,
        "volume": 228.25345715574372,
        "wsc": 0.9195189639222942,
        "threshold": 0.8489762331017029
      },
      "0.05": {
        "coverage": 0.9513323464100666,
        "volume": 76.62038181118236,
        "wsc": 0.8482886216466234,
        "threshold": 0.560171677125465
      },
      "0.1": {
        "coverage": 0.8989637305699482,
        "volume": 31.120251663192963,
        "wsc": 0.7539315448658649,
        "threshold": 0.3847122554738035
      }
    },
    "Kernel": {
      "params": {
        "lengthscale": 2.301965541626058,
        "gamma": 0.37309018737250677
      },
      "0.01": {
        "coverage": 0.9855662472242783,
        "volume": 255.7755493400435,
        "wsc": 0.937095282146161,
        "threshold": 0.05663637045669695
      },
      "0.02": {
        "coverage": 0.9770540340488527,
        "volume": 130.83520317932786,
        "wsc": 0.9037927844588344,
        "threshold": 0.029165438125747355
      },
      "0.05": {
        "coverage": 0.9485566247224279,
        "volume": 45.71704047118507,
        "wsc": 0.8214616096207216,
        "threshold": 0.010522824967807034
      },
      "0.1": {
        "coverage": 0.9011843079200592,
        "volume": 16.12792050113813,
        "wsc": 0.7224791859389454,
        "threshold": 0.0041233670302665785
      }
    }
  },
  "elapsed_s": 5885.29687833786
}