{
  "dataset": "house",
  "seed": 49,
  "model": "MLP",
  "split": [
    0.5,
    0.25,
    0.25
  ],
  "alphas": [
    0.01,
    0.02,
    0.05,
    0.1
  ],
  "result": {
    "seed": 49,
    "model": "MLP",
    "model_rmse": 0.5875022100993595,
    "meta": {
      "n_train": 10806,
      "n_cal": 5403,
      "n_test": 5404,
      "d": 4,
      "p": 15,
      "elapsed": 5897.363726854324
    },
    "Mahal": {
      "params": {},
      "0.01": {
        "coverage": 0.9925980754996299,
        "volume": 780.1571797252875,
        "wsc": 0.9685476410730804,
        "threshold": 36.879021433612806
      },
      "0.02": {
        "coverage": 0.9822353811991118,
        "volume": 304.72293958719723,
        "wsc": 0.9296947271045328,
        "threshold": 23.048406692882985
      },
      "0.05": {
        "coverage": 0.9518874907475944,
        "volume": 84.04065678416389,
        "wsc": 0.8427382053654024,
        "threshold": 12.104115323478823
      },
      "0.1": {
        "coverage": 0.9095114729829755,
        "volume": 34.22532295621481,
        "wsc": 0.7502312673450509,
        "threshold": 7.724352977462777
      }
    },
    "Bonferroni": {
      "params": {},
      "0.01": {
        "coverage": 0.9920429311621022,
        "volume": 1717.7083765231605,
        "wsc": 0.9666975023126735,
        "threshold": 5.515366432377676
      },
      "0.02": {
        "coverage": 0.9814951887490747,
        "volume": 598.7215368657932,
        "wsc": 0.9306197964847364,
        "threshold": 4.171243903232493
      },
      "0.05": {
        "coverage": 0.9548482605477424,
        "volume": 168.27356156500866,
        "wsc": 0.8603145235892692,
        "threshold": 3.051045517149676
      },
      "0.1": {
        "coverage": 0.9082161361954109,
        "volume": 62.2838591040115,
        "wsc": 0.7659574468085106,
        "threshold": 2.3675726272342175
      }
    },
    "Density": {
      "params": {
        "lengthscale": 2.2854612842202044
      },
      "0.01": {
        "coverage": 0.9927831236121392,
        "volume": 1054.1760469642609,
        "wsc": 0.967622571692877,
        "threshold": 1.355237745011336
      },
      "0.02": {
        "coverage": 0.9835307179866766,
        "volume": 307.5783564646332,
        "wsc": 0.9333950046253469,
        "threshold": 0.9488602526892308
      },
      "0.05": {
        "coverage": 0.9542931162102146,
        "volume": 90.58551530187457,
        "wsc": 0.8519888991674376,
        "threshold": 0.6021580845847222
      },
      "0.1": {
        "coverage": 0.9034048852701703,
        "volume": 33.315092438627374,
        "wsc": 0.7465309898242368,
        "threshold": 0.394373421420817
      }
    },
    "Kernel": {
      "params": {
        "lengthscale": 2.2854612842202044,
        "gamma": 0.480693396450351
      },
      "0.01": {
        "coverage": 0.9887120651369357,
        "volume": 305.8398261553359,
        "wsc": 0.9537465309898242,
        "threshold": 0.07413443360451902
      },
      "0.02": {
        "coverage": 0.9803849000740192,
        "volume": 164.7358545402758,
        "wsc": 0.9222941720629048,
        "threshold": 0.04211195533305949
      },
      "0.05": {
        "coverage": 0.9526276831976314,
        "volume": 51.549445217536295,
        "wsc": 0.8353376503237743,
        "threshold": 0.014068246003428198
      },
      "0.1": {
        "coverage": 0.9030347890451518,
        "volume": 17.931120748217527,
        "wsc": 0.7113783533765032,
        "threshold": 0.005481873748809205
      }
    }
  },
  "elapsed_s": 5897.364431619644
}