{
  "dataset": "house",
  "seed": 16,
  "model": "Ridge",
  "split": [
    0.5,
    0.25,
    0.25
  ],
  "alphas": [
    0.01,
    0.02,
    0.05,
    0.1
  ],
  "result": {
    "seed": 16,
    "model": "Ridge",
    "model_rmse": 0.68803974193962,
    "meta": {
      "n_train": 10806,
      "n_cal": 5403,
      "n_test": 5404,
      "d": 4,
      "p": 15,
      "elapsed": 5908.289839982986
    },
    "Mahal": {
      "params": {},
      "0.01": {
        "coverage": 0.9927831236121392,
        "volume": 1507.8184500273612,
        "wsc": 0.9703977798334875,
        "threshold": 42.67519431775997
      },
      "0.02": {
        "coverage": 0.981680236861584,
        "volume": 488.3361903480909,
        "wsc": 0.9250693802035153,
        "threshold": 24.28624859470739
      },
      "0.05": {
        "coverage": 0.9463360473723168,
        "volume": 83.23810611592847,
        "wsc": 0.8177613320999075,
        "threshold": 10.026793617419052
      },
      "0.1": {
        "coverage": 0.8978534418948927,
        "volume": 35.173508275330015,
        "wsc": 0.7187789084181314,
        "threshold": 6.517916983121295
      }
    },
    "Bonferroni": {
      "params": {},
      "0.01": {
        "coverage": 0.9922279792746114,
        "volume": 1923.450426339977,
        "wsc": 0.967622571692877,
        "threshold": 6.033509083399488
      },
      "0.02": {
        "coverage": 0.9827905255366395,
        "volume": 800.7754118530057,
        "wsc": 0.9296947271045328,
        "threshold": 4.4229925125438445
      },
      "0.05": {
        "coverage": 0.9459659511472983,
        "volume": 154.59358691990784,
        "wsc": 0.8251618871415356,
        "threshold": 2.714952236132497
      },
      "0.1": {
        "coverage": 0.8974833456698742,
        "volume": 60.19573295996411,
        "wsc": 0.730804810360777,
        "threshold": 2.1459483408460662
      }
    },
    "Density": {
      "params": {
        "lengthscale": 2.933306593913779
      },
      "0.01": {
        "coverage": 0.9925980754996299,
        "volume": 1156.2315224163895,
        "wsc": 0.967622571692877,
        "threshold": 1.0882936420262708
      },
      "0.02": {
        "coverage": 0.9803849000740192,
        "volume": 375.99275490314665,
        "wsc": 0.9195189639222942,
        "threshold": 0.7156909840292439
      },
      "0.05": {
        "coverage": 0.9459659511472983,
        "volume": 105.00435440488123,
        "wsc": 0.8362627197039778,
        "threshold": 0.4270867905092142
      },
      "0.1": {
        "coverage": 0.9000740192450037,
        "volume": 54.6004196817652,
        "wsc": 0.7520814061054579,
        "threshold": 0.32279452625151756
      }
    },
    "Kernel": {
      "params": {
        "lengthscale": 2.933306593913779,
        "gamma": 0.3472488983952476
      },
      "0.01": {
        "coverage": 0.9876017764618801,
        "volume": 333.88955965867734,
        "wsc": 0.9491211840888066,
        "threshold": 0.037879056844150924
      },
      "0.02": {
        "coverage": 0.9766839378238342,
        "volume": 165.95330261383367,
        "wsc": 0.906567992599445,
        "threshold": 0.019549578602749175
      },
      "0.05": {
        "coverage": 0.9448556624722427,
        "volume": 51.09566301300325,
        "wsc": 0.8103607770582794,
        "threshold": 0.006505089640430141
      },
      "0.1": {
        "coverage": 0.8980384900074019,
        "volume": 20.290696503358692,
        "wsc": 0.7095282146160962,
        "threshold": 0.00292255920580181
      }
    }
  },
  "elapsed_s": 5908.290639638901
}