{
  "dataset": "house",
  "seed": 4,
  "model": "Ridge",
  "split": [
    0.5,
    0.25,
    0.25
  ],
  "alphas": [
    0.01,
    0.02,
    0.05,
    0.1
  ],
  "result": {
    "seed": 4,
    "model": "Ridge",
    "model_rmse": 0.7015287218391313,
    "meta": {
      "n_train": 10806,
      "n_cal": 5403,
      "n_test": 5404,
      "d": 4,
      "p": 15,
      "elapsed": 5768.124612569809
    },
    "Mahal": {
      "params": {},
      "0.01": {
        "coverage": 0.9901924500370096,
        "volume": 1386.368561624913,
        "wsc": 0.9555966697502313,
        "threshold": 35.2220431025046
      },
      "0.02": {
        "coverage": 0.9826054774241303,
        "volume": 608.7106397735829,
        "wsc": 0.9204440333024977,
        "threshold": 23.338913798896805
      },
      "0.05": {
        "coverage": 0.9522575869726129,
        "volume": 120.2424241948238,
        "wsc": 0.8233117483811286,
        "threshold": 10.37299229278728
      },
      "0.1": {
        "coverage": 0.9071058475203553,
        "volume": 46.46161327817669,
        "wsc": 0.7326549491211841,
        "threshold": 6.44796002477238
      }
    },
    "Bonferroni": {
      "params": {},
      "0.01": {
        "coverage": 0.9914877868245744,
        "volume": 2034.275283854833,
        "wsc": 0.9611470860314524,
        "threshold": 5.493557069887373
      },
      "0.02": {
        "coverage": 0.982420429311621,
        "volume": 940.060728669637,
        "wsc": 0.9213691026827012,
        "threshold": 4.2448678452611475
      },
      "0.05": {
        "coverage": 0.9570688378978535,
        "volume": 230.30099787029732,
        "wsc": 0.8427382053654024,
        "threshold": 2.775279136237185
      },
      "0.1": {
        "coverage": 0.906180606957809,
        "volume": 78.29474420120019,
        "wsc": 0.7409805735430157,
        "threshold": 2.1264756308522004
      }
    },
    "Density": {
      "params": {
        "lengthscale": 2.9585718911912693
      },
      "0.01": {
        "coverage": 0.9905625462620281,
        "volume": 1187.725638700963,
        "wsc": 0.9555966697502313,
        "threshold": 1.0930068933941026
      },
      "0.02": {
        "coverage": 0.982420429311621,
        "volume": 477.7956734686722,
        "wsc": 0.9195189639222942,
        "threshold": 0.7739989437820065
      },
      "0.05": {
        "coverage": 0.9509622501850481,
        "volume": 118.12960151179577,
        "wsc": 0.8307123034227567,
        "threshold": 0.4427427309564359
      },
      "0.1": {
        "coverage": 0.904700222057735,
        "volume": 57.78804250876341,
        "wsc": 0.7391304347826086,
        "threshold": 0.32443736632028464
      }
    },
    "Kernel": {
      "params": {
        "lengthscale": 2.9585718911912693,
        "gamma": 0.3768463980485379
      },
      "0.01": {
        "coverage": 0.9881569207994079,
        "volume": 408.4185945628421,
        "wsc": 0.9435707678075855,
        "threshold": 0.043658418149895455
      },
      "0.02": {
        "coverage": 0.9789045151739453,
        "volume": 201.8194677419129,
        "wsc": 0.9056429232192414,
        "threshold": 0.021821187416242616
      },
      "0.05": {
        "coverage": 0.9528127313101407,
        "volume": 68.11996309326699,
        "wsc": 0.820536540240518,
        "threshold": 0.007844549048726434
      },
      "0.1": {
        "coverage": 0.9059955588452998,
        "volume": 25.574449811832075,
        "wsc": 0.7261794634597595,
        "threshold": 0.0032980715437221394
      }
    }
  },
  "elapsed_s": 5768.125219106674
}