{
  "dataset": "house",
  "seed": 5,
  "model": "Ridge",
  "split": [
    0.5,
    0.25,
    0.25
  ],
  "alphas": [
    0.01,
    0.02,
    0.05,
    0.1
  ],
  "result": {
    "seed": 5,
    "model": "Ridge",
    "model_rmse": 0.7154413688619168,
    "meta": {
      "n_train": 10806,
      "n_cal": 5403,
      "n_test": 5404,
      "d": 4,
      "p": 15,
      "elapsed": 5877.8403561115265
    },
    "Mahal": {
      "params": {},
      "0.01": {
        "coverage": 0.9872316802368616,
        "volume": 1543.0232784033535,
        "wsc": 0.9454209065679926,
        "threshold": 43.736582287979566
      },
      "0.02": {
        "coverage": 0.9785344189489267,
        "volume": 436.28187748778026,
        "wsc": 0.9130434782608695,
        "threshold": 23.256384048575924
      },
      "0.05": {
        "coverage": 0.9481865284974094,
        "volume": 85.49695044908793,
        "wsc": 0.8149861239592969,
        "threshold": 10.295179334215305
      },
      "0.1": {
        "coverage": 0.9043301258327165,
        "volume": 34.34125960146452,
        "wsc": 0.7067530064754857,
        "threshold": 6.524792640033078
      }
    },
    "Bonferroni": {
      "params": {},
      "0.01": {
        "coverage": 0.9877868245743894,
        "volume": 1909.9785416341917,
        "wsc": 0.9481961147086031,
        "threshold": 6.1002394111877125
      },
      "0.02": {
        "coverage": 0.9789045151739453,
        "volume": 644.505490852393,
        "wsc": 0.913968547641073,
        "threshold": 4.243514200155896
      },
      "0.05": {
        "coverage": 0.9481865284974094,
        "volume": 156.97037735034618,
        "wsc": 0.8149861239592969,
        "threshold": 2.737284090687916
      },
      "0.1": {
        "coverage": 0.9048852701702442,
        "volume": 58.73467860264492,
        "wsc": 0.7160037002775208,
        "threshold": 2.1479810460944826
      }
    },
    "Density": {
      "params": {
        "lengthscale": 2.9531902488095145
      },
      "0.01": {
        "coverage": 0.9876017764618801,
        "volume": 989.1523152668744,
        "wsc": 0.9472710453283997,
        "threshold": 1.0259513871868433
      },
      "0.02": {
        "coverage": 0.9790895632864545,
        "volume": 342.3760664996647,
        "wsc": 0.9158186864014801,
        "threshold": 0.6839876486577476
      },
      "0.05": {
        "coverage": 0.9529977794226498,
        "volume": 118.52000638975723,
        "wsc": 0.8399629972247918,
        "threshold": 0.4449730147911081
      },
      "0.1": {
        "coverage": 0.9039600296076981,
        "volume": 56.36224496029919,
        "wsc": 0.7382053654024052,
        "threshold": 0.32346870247228904
      }
    },
    "Kernel": {
      "params": {
        "lengthscale": 2.9531902488095145,
        "gamma": 0.36109691831953733
      },
      "0.01": {
        "coverage": 0.9870466321243523,
        "volume": 361.99948191278156,
        "wsc": 0.9444958371877891,
        "threshold": 0.039023032211860806
      },
      "0.02": {
        "coverage": 0.9770540340488527,
        "volume": 178.72898304157414,
        "wsc": 0.9037927844588344,
        "threshold": 0.019387484003330218
      },
      "0.05": {
        "coverage": 0.9498519615099926,
        "volume": 57.70097537276571,
        "wsc": 0.818686401480111,
        "threshold": 0.006825662127936494
      },
      "0.1": {
        "coverage": 0.9067357512953368,
        "volume": 24.029363606044576,
        "wsc": 0.7141535615171137,
        "threshold": 0.003167392723593548
      }
    }
  },
  "elapsed_s": 5877.841708421707
}