{
  "dataset": "house",
  "seed": 2,
  "model": "Ridge",
  "split": [
    0.5,
    0.25,
    0.25
  ],
  "alphas": [
    0.01,
    0.02,
    0.05,
    0.1
  ],
  "result": {
    "seed": 2,
    "model": "Ridge",
    "model_rmse": 0.7250796482922494,
    "meta": {
      "n_train": 10806,
      "n_cal": 5403,
      "n_test": 5404,
      "d": 4,
      "p": 15,
      "elapsed": 5916.07279586792
    },
    "Mahal": {
      "params": {},
      "0.01": {
        "coverage": 0.9896373056994818,
        "volume": 1551.983427086068,
        "wsc": 0.9546716003700277,
        "threshold": 42.72108119993425
      },
      "0.02": {
        "coverage": 0.9803849000740192,
        "volume": 481.6169280297492,
        "wsc": 0.9148936170212766,
        "threshold": 23.798499052266845
      },
      "0.05": {
        "coverage": 0.9529977794226498,
        "volume": 111.79654850489402,
        "wsc": 0.8214616096207216,
        "threshold": 11.46602524585734
      },
      "0.1": {
        "coverage": 0.8985936343449297,
        "volume": 37.95831149479247,
        "wsc": 0.700277520814061,
        "threshold": 6.681164094294828
      }
    },
    "Bonferroni": {
      "params": {},
      "0.01": {
        "coverage": 0.9898223538119911,
        "volume": 2208.041606272188,
        "wsc": 0.9546716003700277,
        "threshold": 6.106047599648134
      },
      "0.02": {
        "coverage": 0.980940044411547,
        "volume": 806.2049812082248,
        "wsc": 0.9204440333024977,
        "threshold": 4.359593734325583
      },
      "0.05": {
        "coverage": 0.9507772020725389,
        "volume": 194.92439892873116,
        "wsc": 0.818686401480111,
        "threshold": 2.8500781059997133
      },
      "0.1": {
        "coverage": 0.9037749814951888,
        "volume": 72.03788158158265,
        "wsc": 0.7224791859389454,
        "threshold": 2.2116317126025185
      }
    },
    "Density": {
      "params": {
        "lengthscale": 2.9205560448150116
      },
      "0.01": {
        "coverage": 0.9907475943745374,
        "volume": 1306.7766140177957,
        "wsc": 0.9574468085106383,
        "threshold": 1.1332220356564056
      },
      "0.02": {
        "coverage": 0.9818652849740933,
        "volume": 403.52599781078897,
        "wsc": 0.9232192414431082,
        "threshold": 0.738702094866131
      },
      "0.05": {
        "coverage": 0.9509622501850481,
        "volume": 124.62220262041332,
        "wsc": 0.8251618871415356,
        "threshold": 0.45920411959251806
      },
      "0.1": {
        "coverage": 0.9011843079200592,
        "volume": 59.04107025537576,
        "wsc": 0.7335800185013877,
        "threshold": 0.33435319437273026
      }
    },
    "Kernel": {
      "params": {
        "lengthscale": 2.9205560448150116,
        "gamma": 0.30170021923234536
      },
      "0.01": {
        "coverage": 0.9863064396743153,
        "volume": 347.51196267198713,
        "wsc": 0.9444958371877891,
        "threshold": 0.03338414376622251
      },
      "0.02": {
        "coverage": 0.9796447076239823,
        "volume": 207.32413452093496,
        "wsc": 0.9121184088806661,
        "threshold": 0.01997546479646284
      },
      "0.05": {
        "coverage": 0.9498519615099926,
        "volume": 64.87297277354551,
        "wsc": 0.8085106382978723,
        "threshold": 0.006707159851833484
      },
      "0.1": {
        "coverage": 0.9015544041450777,
        "volume": 24.618959915988057,
        "wsc": 0.7104532839962997,
        "threshold": 0.0028318895084059248
      }
    }
  },
  "elapsed_s": 5916.073491096497
}