{
  "dataset": "house",
  "seed": 23,
  "model": "MLP",
  "split": [
    0.5,
    0.25,
    0.25
  ],
  "alphas": [
    0.01,
    0.02,
    0.05,
    0.1
  ],
  "result": {
    "seed": 23,
    "model": "MLP",
    "model_rmse": 0.5995295888112614,
    "meta": {
      "n_train": 10806,
      "n_cal": 5403,
      "n_test": 5404,
      "d": 4,
      "p": 15,
      "elapsed": 5753.543696880341
    },
    "Mahal": {
      "params": {},
      "0.01": {
        "coverage": 0.9922279792746114,
        "volume": 900.2788043017256,
        "wsc": 0.9648473635522664,
        "threshold": 40.00093074822182
      },
      "0.02": {
        "coverage": 0.9839008142116951,
        "volume": 312.48992304912343,
        "wsc": 0.9296947271045328,
        "threshold": 23.56674445014979
      },
      "0.05": {
        "coverage": 0.9541080680977054,
        "volume": 82.77816857778178,
        "wsc": 0.8436632747456059,
        "threshold": 12.129404816018033
      },
      "0.1": {
        "coverage": 0.9050703182827535,
        "volume": 31.11512567056487,
        "wsc": 0.7372802960222017,
        "threshold": 7.436479133234852
      }
    },
    "Bonferroni": {
      "params": {},
      "0.01": {
        "coverage": 0.9920429311621022,
        "volume": 1792.7912346176545,
        "wsc": 0.9648473635522664,
        "threshold": 5.710475939823449
      },
      "0.02": {
        "coverage": 0.9837157660991858,
        "volume": 677.2592188656477,
        "wsc": 0.9296947271045328,
        "threshold": 4.335299109408825
      },
      "0.05": {
        "coverage": 0.9526276831976314,
        "volume": 155.48093242804575,
        "wsc": 0.845513413506013,
        "threshold": 2.9925311980182623
      },
      "0.1": {
        "coverage": 0.9052553663952627,
        "volume": 57.30083801842585,
        "wsc": 0.7502312673450509,
        "threshold": 2.340607952607618
      }
    },
    "Density": {
      "params": {
        "lengthscale": 2.3494769326489413
      },
      "0.01": {
        "coverage": 0.9925980754996299,
        "volume": 962.5841996388001,
        "wsc": 0.96577243293247,
        "threshold": 1.2878775258279358
      },
      "0.02": {
        "coverage": 0.9820503330866025,
        "volume": 308.9528415719089,
        "wsc": 0.9232192414431082,
        "threshold": 0.912168367736289
      },
      "0.05": {
        "coverage": 0.9552183567727609,
        "volume": 94.40225714697216,
        "wsc": 0.8501387604070305,
        "threshold": 0.5902909058116267
      },
      "0.1": {
        "coverage": 0.9058105107327905,
        "volume": 38.93574473584348,
        "wsc": 0.7567067530064755,
        "threshold": 0.40623455155295946
      }
    },
    "Kernel": {
      "params": {
        "lengthscale": 2.3494769326489413,
        "gamma": 0.48483911044693934
      },
      "0.01": {
        "coverage": 0.9907475943745374,
        "volume": 368.61209822828823,
        "wsc": 0.9592969472710453,
        "threshold": 0.0807341072182914
      },
      "0.02": {
        "coverage": 0.9803849000740192,
        "volume": 170.7233047363008,
        "wsc": 0.9176688251618872,
        "threshold": 0.03980735165182644
      },
      "0.05": {
        "coverage": 0.9520725388601037,
        "volume": 51.36111700432073,
        "wsc": 0.8288621646623496,
        "threshold": 0.013076130922040682
      },
      "0.1": {
        "coverage": 0.9085862324204294,
        "volume": 20.024721212994095,
        "wsc": 0.7215541165587419,
        "threshold": 0.005521195894800005
      }
    }
  },
  "elapsed_s": 5753.544917106628
}