{
  "dataset": "house",
  "seed": 24,
  "model": "Ridge",
  "split": [
    0.5,
    0.25,
    0.25
  ],
  "alphas": [
    0.01,
    0.02,
    0.05,
    0.1
  ],
  "result": {
    "seed": 24,
    "model": "Ridge",
    "model_rmse": 0.7064581360017005,
    "meta": {
      "n_train": 10806,
      "n_cal": 5403,
      "n_test": 5404,
      "d": 4,
      "p": 15,
      "elapsed": 5713.900022268295
    },
    "Mahal": {
      "params": {},
      "0.01": {
        "coverage": 0.9909326424870466,
        "volume": 1717.916190673421,
        "wsc": 0.9602220166512488,
        "threshold": 43.26168510581472
      },
      "0.02": {
        "coverage": 0.9850111028867505,
        "volume": 629.0195144221227,
        "wsc": 0.9343200740055504,
        "threshold": 26.177881953316238
      },
      "0.05": {
        "coverage": 0.9570688378978535,
        "volume": 107.95625544853948,
        "wsc": 0.8427382053654024,
        "threshold": 10.84491997277622
      },
      "0.1": {
        "coverage": 0.9122871946706144,
        "volume": 39.567557502095845,
        "wsc": 0.7419056429232193,
        "threshold": 6.565564414656559
      }
    },
    "Bonferroni": {
      "params": {},
      "0.01": {
        "coverage": 0.9916728349370837,
        "volume": 2082.8769630425486,
        "wsc": 0.9629972247918593,
        "threshold": 6.18430940970227
      },
      "0.02": {
        "coverage": 0.9851961509992598,
        "volume": 923.3222403562685,
        "wsc": 0.9380203515263644,
        "threshold": 4.5885450452586385
      },
      "0.05": {
        "coverage": 0.9591043671354552,
        "volume": 213.63190702671483,
        "wsc": 0.851063829787234,
        "threshold": 2.8728293198550734
      },
      "0.1": {
        "coverage": 0.9135825314581791,
        "volume": 69.8495539851479,
        "wsc": 0.7604070305272895,
        "threshold": 2.1630351528113003
      }
    },
    "Density": {
      "params": {
        "lengthscale": 2.9539135458188372
      },
      "0.01": {
        "coverage": 0.9916728349370837,
        "volume": 1181.249289204766,
        "wsc": 0.9629972247918593,
        "threshold": 1.1032299725323984
      },
      "0.02": {
        "coverage": 0.984641006661732,
        "volume": 487.66853673390494,
        "wsc": 0.9333950046253469,
        "threshold": 0.7844355329006337
      },
      "0.05": {
        "coverage": 0.9615099925980755,
        "volume": 130.56455364672283,
        "wsc": 0.8593894542090657,
        "threshold": 0.4626372945415518
      },
      "0.1": {
        "coverage": 0.9072908956328646,
        "volume": 60.59088886913506,
        "wsc": 0.7641073080481036,
        "threshold": 0.3295708562138771
      }
    },
    "Kernel": {
      "params": {
        "lengthscale": 2.9539135458188372,
        "gamma": 0.31852855982768996
      },
      "0.01": {
        "coverage": 0.9914877868245744,
        "volume": 442.6287301574832,
        "wsc": 0.9629972247918593,
        "threshold": 0.0411039126648513
      },
      "0.02": {
        "coverage": 0.9848260547742413,
        "volume": 231.30528387014957,
        "wsc": 0.9315448658649399,
        "threshold": 0.021480196101246265
      },
      "0.05": {
        "coverage": 0.9589193190229459,
        "volume": 73.56046667909943,
        "wsc": 0.8445883441258094,
        "threshold": 0.007272237348273745
      },
      "0.1": {
        "coverage": 0.9143227239082161,
        "volume": 27.689117793330666,
        "wsc": 0.7520814061054579,
        "threshold": 0.0029823884958951087
      }
    }
  },
  "elapsed_s": 5713.901624441147
}