{
  "dataset": "house",
  "seed": 15,
  "model": "Ridge",
  "split": [
    0.5,
    0.25,
    0.25
  ],
  "alphas": [
    0.01,
    0.02,
    0.05,
    0.1
  ],
  "result": {
    "seed": 15,
    "model": "Ridge",
    "model_rmse": 0.6757930314563904,
    "meta": {
      "n_train": 10806,
      "n_cal": 5403,
      "n_test": 5404,
      "d": 4,
      "p": 15,
      "elapsed": 5876.893801450729
    },
    "Mahal": {
      "params": {},
      "0.01": {
        "coverage": 0.9892672094744633,
        "volume": 1278.7801725637082,
        "wsc": 0.9518963922294172,
        "threshold": 37.10762144078485
      },
      "0.02": {
        "coverage": 0.9790895632864545,
        "volume": 436.4816198768345,
        "wsc": 0.9111933395004626,
        "threshold": 21.679444536473905
      },
      "0.05": {
        "coverage": 0.9507772020725389,
        "volume": 98.63920828368992,
        "wsc": 0.8353376503237743,
        "threshold": 10.305995757629992
      },
      "0.1": {
        "coverage": 0.9006291635825314,
        "volume": 39.18729132383142,
        "wsc": 0.727104532839963,
        "threshold": 6.495877004659727
      }
    },
    "Bonferroni": {
      "params": {},
      "0.01": {
        "coverage": 0.9901924500370096,
        "volume": 1993.6772087625102,
        "wsc": 0.9555966697502313,
        "threshold": 5.69053315688412
      },
      "0.02": {
        "coverage": 0.9783493708364175,
        "volume": 728.3824259996101,
        "wsc": 0.9093432007400555,
        "threshold": 4.073573242237463
      },
      "0.05": {
        "coverage": 0.9515173945225759,
        "volume": 185.83650584779977,
        "wsc": 0.8418131359851989,
        "threshold": 2.755708016160996
      },
      "0.1": {
        "coverage": 0.899518874907476,
        "volume": 68.6690502625895,
        "wsc": 0.7391304347826086,
        "threshold": 2.1426035183178684
      }
    },
    "Density": {
      "params": {
        "lengthscale": 2.9219388174746923
      },
      "0.01": {
        "coverage": 0.9896373056994818,
        "volume": 1073.0783108063351,
        "wsc": 0.9500462534690102,
        "threshold": 1.0579021996350138
      },
      "0.02": {
        "coverage": 0.9796447076239823,
        "volume": 339.3999797916496,
        "wsc": 0.9158186864014801,
        "threshold": 0.6901726948965654
      },
      "0.05": {
        "coverage": 0.9500370096225018,
        "volume": 110.59200304971388,
        "wsc": 0.8464384828862165,
        "threshold": 0.4407416656253101
      },
      "0.1": {
        "coverage": 0.8980384900074019,
        "volume": 53.49219495093022,
        "wsc": 0.7493061979648473,
        "threshold": 0.32312269132561944
      }
    },
    "Kernel": {
      "params": {
        "lengthscale": 2.9219388174746923,
        "gamma": 0.40327581041912813
      },
      "0.01": {
        "coverage": 0.9887120651369357,
        "volume": 356.51392787727946,
        "wsc": 0.9509713228492137,
        "threshold": 0.041588037608577495
      },
      "0.02": {
        "coverage": 0.9801998519615099,
        "volume": 194.79333849074624,
        "wsc": 0.9167437557816837,
        "threshold": 0.023685668229737885
      },
      "0.05": {
        "coverage": 0.9520725388601037,
        "volume": 58.84141444602325,
        "wsc": 0.8251618871415356,
        "threshold": 0.007771661733245295
      },
      "0.1": {
        "coverage": 0.8980384900074019,
        "volume": 23.42282822103855,
        "wsc": 0.7243293246993524,
        "threshold": 0.003326266844825391
      }
    }
  },
  "elapsed_s": 5876.894480466843
}