{
  "dataset": "house",
  "seed": 26,
  "model": "MLP",
  "split": [
    0.5,
    0.25,
    0.25
  ],
  "alphas": [
    0.01,
    0.02,
    0.05,
    0.1
  ],
  "result": {
    "seed": 26,
    "model": "MLP",
    "model_rmse": 0.5683253939257276,
    "meta": {
      "n_train": 10806,
      "n_cal": 5403,
      "n_test": 5404,
      "d": 4,
      "p": 15,
      "elapsed": 5762.387926578522
    },
    "Mahal": {
      "params": {},
      "0.01": {
        "coverage": 0.9938934122871946,
        "volume": 801.1181737795758,
        "wsc": 0.9740980573543015,
        "threshold": 36.495109232112455
      },
      "0.02": {
        "coverage": 0.985381199111769,
        "volume": 298.81525827765216,
        "wsc": 0.9444958371877891,
        "threshold": 22.28885509564302
      },
      "0.05": {
        "coverage": 0.9565136935603257,
        "volume": 86.09840328914945,
        "wsc": 0.8603145235892692,
        "threshold": 11.964207169397204
      },
      "0.1": {
        "coverage": 0.8924870466321243,
        "volume": 31.320686103639165,
        "wsc": 0.72895467160037,
        "threshold": 7.216091133434834
      }
    },
    "Bonferroni": {
      "params": {},
      "0.01": {
        "coverage": 0.9927831236121392,
        "volume": 1679.333389952482,
        "wsc": 0.9703977798334875,
        "threshold": 5.441122364354453
      },
      "0.02": {
        "coverage": 0.9837157660991858,
        "volume": 580.0644866739885,
        "wsc": 0.9398704902867715,
        "threshold": 4.0661231240263165
      },
      "0.05": {
        "coverage": 0.9541080680977054,
        "volume": 176.5715424889814,
        "wsc": 0.8603145235892692,
        "threshold": 3.0059342352135734
      },
      "0.1": {
        "coverage": 0.8937823834196891,
        "volume": 59.61074311791083,
        "wsc": 0.7465309898242368,
        "threshold": 2.302932470622277
      }
    },
    "Density": {
      "params": {
        "lengthscale": 2.2772301072446286
      },
      "0.01": {
        "coverage": 0.9929681717246485,
        "volume": 927.9921273937975,
        "wsc": 0.9685476410730804,
        "threshold": 1.310104765916903
      },
      "0.02": {
        "coverage": 0.9840858623242043,
        "volume": 288.1979140827006,
        "wsc": 0.9333950046253469,
        "threshold": 0.9222320322716276
      },
      "0.05": {
        "coverage": 0.9579940784603997,
        "volume": 89.03933353274105,
        "wsc": 0.8741905642923219,
        "threshold": 0.5982472989441165
      },
      "0.1": {
        "coverage": 0.8978534418948927,
        "volume": 32.700637192759466,
        "wsc": 0.7530064754856615,
        "threshold": 0.39591426217196407
      }
    },
    "Kernel": {
      "params": {
        "lengthscale": 2.2772301072446286,
        "gamma": 0.4521451417348148
      },
      "0.01": {
        "coverage": 0.9916728349370837,
        "volume": 346.85678904703207,
        "wsc": 0.9639222941720629,
        "threshold": 0.08022874955400468
      },
      "0.02": {
        "coverage": 0.9837157660991858,
        "volume": 179.07019639212734,
        "wsc": 0.9343200740055504,
        "threshold": 0.04293052540890327
      },
      "0.05": {
        "coverage": 0.9559585492227979,
        "volume": 50.845623870367056,
        "wsc": 0.8529139685476411,
        "threshold": 0.013051577083798605
      },
      "0.1": {
        "coverage": 0.8921169504071058,
        "volume": 16.91549031256751,
        "wsc": 0.7076780758556892,
        "threshold": 0.004822732585597606
      }
    }
  },
  "elapsed_s": 5762.38888669014
}