{
  "dataset": "house",
  "seed": 20,
  "model": "MLP",
  "split": [
    0.5,
    0.25,
    0.25
  ],
  "alphas": [
    0.01,
    0.02,
    0.05,
    0.1
  ],
  "result": {
    "seed": 20,
    "model": "MLP",
    "model_rmse": 0.5953963856504636,
    "meta": {
      "n_train": 10806,
      "n_cal": 5403,
      "n_test": 5404,
      "d": 4,
      "p": 15,
      "elapsed": 5711.089314222336
    },
    "Mahal": {
      "params": {},
      "0.01": {
        "coverage": 0.9900074019245003,
        "volume": 747.1140098532369,
        "wsc": 0.9546716003700277,
        "threshold": 35.18121633531832
      },
      "0.02": {
        "coverage": 0.981680236861584,
        "volume": 323.05902324063476,
        "wsc": 0.9222941720629048,
        "threshold": 23.134405737231166
      },
      "0.05": {
        "coverage": 0.9522575869726129,
        "volume": 86.03461434184885,
        "wsc": 0.8288621646623496,
        "threshold": 11.938616957958827
      },
      "0.1": {
        "coverage": 0.902479644707624,
        "volume": 33.59975023585125,
        "wsc": 0.7224791859389454,
        "threshold": 7.460800630048739
      }
    },
    "Bonferroni": {
      "params": {},
      "0.01": {
        "coverage": 0.9913027387120651,
        "volume": 1338.3973334048487,
        "wsc": 0.9602220166512488,
        "threshold": 5.5840321498389525
      },
      "0.02": {
        "coverage": 0.9813101406365655,
        "volume": 547.9609452612269,
        "wsc": 0.9241443108233117,
        "threshold": 4.156350135563862
      },
      "0.05": {
        "coverage": 0.9529977794226498,
        "volume": 163.82041868167738,
        "wsc": 0.8371877890841813,
        "threshold": 2.980963056536557
      },
      "0.1": {
        "coverage": 0.905440414507772,
        "volume": 60.45753546585713,
        "wsc": 0.7493061979648473,
        "threshold": 2.3291288989504846
      }
    },
    "Density": {
      "params": {
        "lengthscale": 2.3985516477668543
      },
      "0.01": {
        "coverage": 0.9903774981495189,
        "volume": 828.9250089193242,
        "wsc": 0.9546716003700277,
        "threshold": 1.232664289690045
      },
      "0.02": {
        "coverage": 0.9822353811991118,
        "volume": 306.2742036242354,
        "wsc": 0.9195189639222942,
        "threshold": 0.8868189822736866
      },
      "0.05": {
        "coverage": 0.9528127313101407,
        "volume": 91.80482496499461,
        "wsc": 0.8464384828862165,
        "threshold": 0.5640448082809961
      },
      "0.1": {
        "coverage": 0.8998889711324944,
        "volume": 36.48101760558362,
        "wsc": 0.7428307123034228,
        "threshold": 0.38447770176275337
      }
    },
    "Kernel": {
      "params": {
        "lengthscale": 2.3985516477668543,
        "gamma": 0.4120277940919813
      },
      "0.01": {
        "coverage": 0.9881569207994079,
        "volume": 317.0865806975884,
        "wsc": 0.9472710453283997,
        "threshold": 0.0655499576914573
      },
      "0.02": {
        "coverage": 0.9792746113989638,
        "volume": 155.27376518602964,
        "wsc": 0.910268270120259,
        "threshold": 0.032509348459907814
      },
      "0.05": {
        "coverage": 0.9517024426350851,
        "volume": 53.86112504975317,
        "wsc": 0.8177613320999075,
        "threshold": 0.011768412784118993
      },
      "0.1": {
        "coverage": 0.8997039230199851,
        "volume": 18.785429663252568,
        "wsc": 0.7039777983348752,
        "threshold": 0.0045794160519268936
      }
    }
  },
  "elapsed_s": 5711.089883804321
}