{
  "dataset": "house",
  "seed": 38,
  "model": "Ridge",
  "split": [
    0.5,
    0.25,
    0.25
  ],
  "alphas": [
    0.01,
    0.02,
    0.05,
    0.1
  ],
  "result": {
    "seed": 38,
    "model": "Ridge",
    "model_rmse": 0.7249973987807521,
    "meta": {
      "n_train": 10806,
      "n_cal": 5403,
      "n_test": 5404,
      "d": 4,
      "p": 15,
      "elapsed": 5902.771849870682
    },
    "Mahal": {
      "params": {},
      "0.01": {
        "coverage": 0.9914877868245744,
        "volume": 1602.804200514072,
        "wsc": 0.9611470860314524,
        "threshold": 35.88088518747968
      },
      "0.02": {
        "coverage": 0.9805699481865285,
        "volume": 507.59453507291335,
        "wsc": 0.9204440333024977,
        "threshold": 20.192095030740816
      },
      "0.05": {
        "coverage": 0.9491117690599555,
        "volume": 116.30586152075614,
        "wsc": 0.818686401480111,
        "threshold": 9.665486397436828
      },
      "0.1": {
        "coverage": 0.8989637305699482,
        "volume": 47.46656517716484,
        "wsc": 0.7141535615171137,
        "threshold": 6.174713557628306
      }
    },
    "Bonferroni": {
      "params": {},
      "0.01": {
        "coverage": 0.9914877868245744,
        "volume": 2315.568205144305,
        "wsc": 0.9620721554116559,
        "threshold": 5.4285213219364
      },
      "0.02": {
        "coverage": 0.981680236861584,
        "volume": 919.0268819436928,
        "wsc": 0.9232192414431082,
        "threshold": 4.000152727665356
      },
      "0.05": {
        "coverage": 0.9491117690599555,
        "volume": 221.1465673053647,
        "wsc": 0.8223866790009251,
        "threshold": 2.680247353447186
      },
      "0.1": {
        "coverage": 0.8984085862324205,
        "volume": 81.76267518974991,
        "wsc": 0.7252543940795559,
        "threshold": 2.089166994772926
      }
    },
    "Density": {
      "params": {
        "lengthscale": 2.9597456843712244
      },
      "0.01": {
        "coverage": 0.9913027387120651,
        "volume": 1141.7948904757363,
        "wsc": 0.9602220166512488,
        "threshold": 1.0574258284846387
      },
      "0.02": {
        "coverage": 0.979459659511473,
        "volume": 476.79380071172926,
        "wsc": 0.9084181313598519,
        "threshold": 0.7700841783491784
      },
      "0.05": {
        "coverage": 0.9494818652849741,
        "volume": 125.87188189329109,
        "wsc": 0.8362627197039778,
        "threshold": 0.4496720818165629
      },
      "0.1": {
        "coverage": 0.9008142116950407,
        "volume": 59.54292504637314,
        "wsc": 0.7493061979648473,
        "threshold": 0.3251914470929371
      }
    },
    "Kernel": {
      "params": {
        "lengthscale": 2.9597456843712244,
        "gamma": 0.4397883453486012
      },
      "0.01": {
        "coverage": 0.9894522575869726,
        "volume": 485.89188759476053,
        "wsc": 0.9509713228492137,
        "threshold": 0.05593474669506042
      },
      "0.02": {
        "coverage": 0.9781643227239082,
        "volume": 220.51600682832293,
        "wsc": 0.9084181313598519,
        "threshold": 0.026250299899837595
      },
      "0.05": {
        "coverage": 0.9507772020725389,
        "volume": 68.04047814174561,
        "wsc": 0.8251618871415356,
        "threshold": 0.008784662780618823
      },
      "0.1": {
        "coverage": 0.9000740192450037,
        "volume": 24.65191198339503,
        "wsc": 0.7113783533765032,
        "threshold": 0.0035988983581248233
      }
    }
  },
  "elapsed_s": 5902.772513866425
}