{
  "dataset": "house",
  "seed": 20,
  "model": "Ridge",
  "split": [
    0.5,
    0.25,
    0.25
  ],
  "alphas": [
    0.01,
    0.02,
    0.05,
    0.1
  ],
  "result": {
    "seed": 20,
    "model": "Ridge",
    "model_rmse": 0.7166297629930853,
    "meta": {
      "n_train": 10806,
      "n_cal": 5403,
      "n_test": 5404,
      "d": 4,
      "p": 15,
      "elapsed": 5707.309396505356
    },
    "Mahal": {
      "params": {},
      "0.01": {
        "coverage": 0.9892672094744633,
        "volume": 1189.0562562292569,
        "wsc": 0.9518963922294172,
        "threshold": 32.38985088971288
      },
      "0.02": {
        "coverage": 0.9801998519615099,
        "volume": 534.4620234581557,
        "wsc": 0.9111933395004626,
        "threshold": 21.715316987743268
      },
      "0.05": {
        "coverage": 0.9492968171724648,
        "volume": 125.2335317734015,
        "wsc": 0.81313598519889,
        "threshold": 10.51158149765037
      },
      "0.1": {
        "coverage": 0.9048852701702442,
        "volume": 46.09358099886776,
        "wsc": 0.7067530064754857,
        "threshold": 6.377169676778185
      }
    },
    "Bonferroni": {
      "params": {},
      "0.01": {
        "coverage": 0.9896373056994818,
        "volume": 1612.8777209300742,
        "wsc": 0.9528214616096207,
        "threshold": 5.148024483917329
      },
      "0.02": {
        "coverage": 0.9803849000740192,
        "volume": 861.941416923313,
        "wsc": 0.913968547641073,
        "threshold": 4.185237106629386
      },
      "0.05": {
        "coverage": 0.9509622501850481,
        "volume": 231.7446288721745,
        "wsc": 0.8242368177613321,
        "threshold": 2.7723816148012674
      },
      "0.1": {
        "coverage": 0.9011843079200592,
        "volume": 80.36760769938033,
        "wsc": 0.7067530064754857,
        "threshold": 2.1268231238650825
      }
    },
    "Density": {
      "params": {
        "lengthscale": 2.9837946349661175
      },
      "0.01": {
        "coverage": 0.9870466321243523,
        "volume": 1041.0873511133595,
        "wsc": 0.938945420906568,
        "threshold": 1.0364047319379806
      },
      "0.02": {
        "coverage": 0.9776091783863805,
        "volume": 425.2570371126368,
        "wsc": 0.8982423681776133,
        "threshold": 0.7342996470365106
      },
      "0.05": {
        "coverage": 0.9502220577350111,
        "volume": 127.98153560787803,
        "wsc": 0.818686401480111,
        "threshold": 0.4501525917594493
      },
      "0.1": {
        "coverage": 0.8989637305699482,
        "volume": 58.712087895071,
        "wsc": 0.723404255319149,
        "threshold": 0.324056676961535
      }
    },
    "Kernel": {
      "params": {
        "lengthscale": 2.9837946349661175,
        "gamma": 0.41784645867786924
      },
      "0.01": {
        "coverage": 0.9881569207994079,
        "volume": 430.4299082928193,
        "wsc": 0.9444958371877891,
        "threshold": 0.048755479818022994
      },
      "0.02": {
        "coverage": 0.9764988897113249,
        "volume": 212.98121431860358,
        "wsc": 0.8917668825161887,
        "threshold": 0.02392113641464226
      },
      "0.05": {
        "coverage": 0.9505921539600296,
        "volume": 69.69268262754923,
        "wsc": 0.8038852913968547,
        "threshold": 0.008545935186995757
      },
      "0.1": {
        "coverage": 0.9030347890451518,
        "volume": 25.95840810418838,
        "wsc": 0.7095282146160962,
        "threshold": 0.0035793448368175414
      }
    }
  },
  "elapsed_s": 5707.310015916824
}