{
  "dataset": "house",
  "seed": 18,
  "model": "Ridge",
  "split": [
    0.5,
    0.25,
    0.25
  ],
  "alphas": [
    0.01,
    0.02,
    0.05,
    0.1
  ],
  "result": {
    "seed": 18,
    "model": "Ridge",
    "model_rmse": 0.6906733939559738,
    "meta": {
      "n_train": 10806,
      "n_cal": 5403,
      "n_test": 5404,
      "d": 4,
      "p": 15,
      "elapsed": 5762.961939334869
    },
    "Mahal": {
      "params": {},
      "0.01": {
        "coverage": 0.9935233160621761,
        "volume": 1465.2688219355698,
        "wsc": 0.9722479185938946,
        "threshold": 36.473976246928636
      },
      "0.02": {
        "coverage": 0.9842709104367136,
        "volume": 572.8517725698456,
        "wsc": 0.9315448658649399,
        "threshold": 22.805814483842763
      },
      "0.05": {
        "coverage": 0.9526276831976314,
        "volume": 113.11877089715284,
        "wsc": 0.8325624421831638,
        "threshold": 10.134254240964902
      },
      "0.1": {
        "coverage": 0.9041450777202072,
        "volume": 46.06968722789651,
        "wsc": 0.7178538390379279,
        "threshold": 6.467435236104056
      }
    },
    "Bonferroni": {
      "params": {},
      "0.01": {
        "coverage": 0.9929681717246485,
        "volume": 2061.3087569622103,
        "wsc": 0.969472710453284,
        "threshold": 5.554832659045451
      },
      "0.02": {
        "coverage": 0.9861213915618061,
        "volume": 947.1862083063522,
        "wsc": 0.9417206290471786,
        "threshold": 4.292360000003808
      },
      "0.05": {
        "coverage": 0.9555884529977794,
        "volume": 216.74611614752524,
        "wsc": 0.8436632747456059,
        "threshold": 2.745350686394317
      },
      "0.1": {
        "coverage": 0.9022945965951147,
        "volume": 79.37545401923906,
        "wsc": 0.7252543940795559,
        "threshold": 2.136901097275494
      }
    },
    "Density": {
      "params": {
        "lengthscale": 2.9467909761690767
      },
      "0.01": {
        "coverage": 0.9946336047372317,
        "volume": 1251.4673892311125,
        "wsc": 0.9768732654949122,
        "threshold": 1.1164358942077401
      },
      "0.02": {
        "coverage": 0.9859363434492968,
        "volume": 503.72685654109154,
        "wsc": 0.9380203515263644,
        "threshold": 0.7964923061084976
      },
      "0.05": {
        "coverage": 0.9513323464100666,
        "volume": 121.72280099111674,
        "wsc": 0.8316373728029602,
        "threshold": 0.4474028266454185
      },
      "0.1": {
        "coverage": 0.9011843079200592,
        "volume": 59.260464207597146,
        "wsc": 0.7428307123034228,
        "threshold": 0.32488099106359963
      }
    },
    "Kernel": {
      "params": {
        "lengthscale": 2.9467909761690767,
        "gamma": 0.44831295547877664
      },
      "0.01": {
        "coverage": 0.9925980754996299,
        "volume": 479.5578829034833,
        "wsc": 0.967622571692877,
        "threshold": 0.0545633861676745
      },
      "0.02": {
        "coverage": 0.9829755736491488,
        "volume": 228.70149520117118,
        "wsc": 0.9278445883441259,
        "threshold": 0.02694553895402271
      },
      "0.05": {
        "coverage": 0.9535529237601776,
        "volume": 67.65246894287779,
        "wsc": 0.8288621646623496,
        "threshold": 0.008626353794853782
      },
      "0.1": {
        "coverage": 0.9052553663952627,
        "volume": 26.57037806955009,
        "wsc": 0.7280296022201665,
        "threshold": 0.0038651442976532
      }
    }
  },
  "elapsed_s": 5762.962612628937
}