{
  "dataset": "house",
  "seed": 15,
  "model": "MLP",
  "split": [
    0.5,
    0.25,
    0.25
  ],
  "alphas": [
    0.01,
    0.02,
    0.05,
    0.1
  ],
  "result": {
    "seed": 15,
    "model": "MLP",
    "model_rmse": 0.5659483917331323,
    "meta": {
      "n_train": 10806,
      "n_cal": 5403,
      "n_test": 5404,
      "d": 4,
      "p": 15,
      "elapsed": 5879.045391559601
    },
    "Mahal": {
      "params": {},
      "0.01": {
        "coverage": 0.9907475943745374,
        "volume": 685.1375941855612,
        "wsc": 0.9592969472710453,
        "threshold": 36.99521814797816
      },
      "0.02": {
        "coverage": 0.9813101406365655,
        "volume": 251.93703601587544,
        "wsc": 0.9296947271045328,
        "threshold": 22.433792636175465
      },
      "0.05": {
        "coverage": 0.9492968171724648,
        "volume": 68.67956095232196,
        "wsc": 0.84736355226642,
        "threshold": 11.713062171350286
      },
      "0.1": {
        "coverage": 0.8972982975573649,
        "volume": 27.424791771416988,
        "wsc": 0.7419056429232193,
        "threshold": 7.401646896494117
      }
    },
    "Bonferroni": {
      "params": {},
      "0.01": {
        "coverage": 0.9907475943745374,
        "volume": 1310.028242894469,
        "wsc": 0.9611470860314524,
        "threshold": 5.46856375652581
      },
      "0.02": {
        "coverage": 0.9811250925240562,
        "volume": 532.1925751968968,
        "wsc": 0.9306197964847364,
        "threshold": 4.1848425405937455
      },
      "0.05": {
        "coverage": 0.9463360473723168,
        "volume": 130.572846501907,
        "wsc": 0.8464384828862165,
        "threshold": 2.9377798132652493
      },
      "0.1": {
        "coverage": 0.9000740192450037,
        "volume": 53.893474390628064,
        "wsc": 0.757631822386679,
        "threshold": 2.3535173903540922
      }
    },
    "Density": {
      "params": {
        "lengthscale": 2.28707308150909
      },
      "0.01": {
        "coverage": 0.9890821613619541,
        "volume": 576.9014900441559,
        "wsc": 0.9518963922294172,
        "threshold": 1.1522125508904906
      },
      "0.02": {
        "coverage": 0.9792746113989638,
        "volume": 240.378058367534,
        "wsc": 0.9213691026827012,
        "threshold": 0.8685281636607857
      },
      "0.05": {
        "coverage": 0.9476313841598816,
        "volume": 74.99748620763656,
        "wsc": 0.8399629972247918,
        "threshold": 0.5520104938853233
      },
      "0.1": {
        "coverage": 0.8915618060695781,
        "volume": 31.019826101091486,
        "wsc": 0.7456059204440333,
        "threshold": 0.3865296610182673
      }
    },
    "Kernel": {
      "params": {
        "lengthscale": 2.28707308150909,
        "gamma": 0.4073568546291493
      },
      "0.01": {
        "coverage": 0.9876017764618801,
        "volume": 281.75245159713694,
        "wsc": 0.9491211840888066,
        "threshold": 0.06502054016108474
      },
      "0.02": {
        "coverage": 0.9770540340488527,
        "volume": 148.78108954568773,
        "wsc": 0.913968547641073,
        "threshold": 0.03500244129356267
      },
      "0.05": {
        "coverage": 0.9513323464100666,
        "volume": 50.558952772971836,
        "wsc": 0.8353376503237743,
        "threshold": 0.011911196615097245
      },
      "0.1": {
        "coverage": 0.8926720947446336,
        "volume": 16.07297920089559,
        "wsc": 0.7095282146160962,
        "threshold": 0.004480323037208608
      }
    }
  },
  "elapsed_s": 5879.046641588211
}