{
  "dataset": "house",
  "seed": 6,
  "model": "MLP",
  "split": [
    0.5,
    0.25,
    0.25
  ],
  "alphas": [
    0.01,
    0.02,
    0.05,
    0.1
  ],
  "result": {
    "seed": 6,
    "model": "MLP",
    "model_rmse": 0.5901030822888946,
    "meta": {
      "n_train": 10806,
      "n_cal": 5403,
      "n_test": 5404,
      "d": 4,
      "p": 15,
      "elapsed": 5850.886224269867
    },
    "Mahal": {
      "params": {},
      "0.01": {
        "coverage": 0.9907475943745374,
        "volume": 833.7229813223779,
        "wsc": 0.9574468085106383,
        "threshold": 44.7269429255687
      },
      "0.02": {
        "coverage": 0.9792746113989638,
        "volume": 260.5181783206695,
        "wsc": 0.9204440333024977,
        "threshold": 25.00214935553271
      },
      "0.05": {
        "coverage": 0.9507772020725389,
        "volume": 67.90776244304031,
        "wsc": 0.8288621646623496,
        "threshold": 12.764918291151385
      },
      "0.1": {
        "coverage": 0.8993338267949667,
        "volume": 24.01122471838172,
        "wsc": 0.7298797409805735,
        "threshold": 7.5904143661247145
      }
    },
    "Bonferroni": {
      "params": {},
      "0.01": {
        "coverage": 0.9911176905995559,
        "volume": 1436.603383956219,
        "wsc": 0.9602220166512488,
        "threshold": 6.147457750676604
      },
      "0.02": {
        "coverage": 0.9789045151739453,
        "volume": 526.5463469334985,
        "wsc": 0.9213691026827012,
        "threshold": 4.395025260606717
      },
      "0.05": {
        "coverage": 0.9496669133974833,
        "volume": 122.62209576089849,
        "wsc": 0.8408880666049954,
        "threshold": 3.0291965431123224
      },
      "0.1": {
        "coverage": 0.8963730569948186,
        "volume": 44.775359756609646,
        "wsc": 0.7372802960222017,
        "threshold": 2.3604569313002255
      }
    },
    "Density": {
      "params": {
        "lengthscale": 2.3193738378671345
      },
      "0.01": {
        "coverage": 0.9914877868245744,
        "volume": 730.5412285066536,
        "wsc": 0.9611470860314524,
        "threshold": 1.2144973469085307
      },
      "0.02": {
        "coverage": 0.9805699481865285,
        "volume": 237.4258992646624,
        "wsc": 0.9269195189639223,
        "threshold": 0.8474442492894431
      },
      "0.05": {
        "coverage": 0.9494818652849741,
        "volume": 83.40554179911153,
        "wsc": 0.8529139685476411,
        "threshold": 0.5686302658430732
      },
      "0.1": {
        "coverage": 0.8998889711324944,
        "volume": 36.347240703418585,
        "wsc": 0.7604070305272895,
        "threshold": 0.401902593718378
      }
    },
    "Kernel": {
      "params": {
        "lengthscale": 2.3193738378671345,
        "gamma": 0.33770252371317633
      },
      "0.01": {
        "coverage": 0.9876017764618801,
        "volume": 293.060866966432,
        "wsc": 0.9444958371877891,
        "threshold": 0.05643025123526685
      },
      "0.02": {
        "coverage": 0.9796447076239823,
        "volume": 150.0877564602122,
        "wsc": 0.9204440333024977,
        "threshold": 0.029491040559961032
      },
      "0.05": {
        "coverage": 0.9533678756476683,
        "volume": 53.00802150337234,
        "wsc": 0.8418131359851989,
        "threshold": 0.010806090796276457
      },
      "0.1": {
        "coverage": 0.8945225758697262,
        "volume": 16.637325923182352,
        "wsc": 0.7169287696577243,
        "threshold": 0.0037501812548152488
      }
    }
  },
  "elapsed_s": 5850.88680267334
}