{
  "dataset": "house",
  "seed": 37,
  "model": "Ridge",
  "split": [
    0.5,
    0.25,
    0.25
  ],
  "alphas": [
    0.01,
    0.02,
    0.05,
    0.1
  ],
  "result": {
    "seed": 37,
    "model": "Ridge",
    "model_rmse": 0.673651240041343,
    "meta": {
      "n_train": 10806,
      "n_cal": 5403,
      "n_test": 5404,
      "d": 4,
      "p": 15,
      "elapsed": 5898.7220594882965
    },
    "Mahal": {
      "params": {},
      "0.01": {
        "coverage": 0.9887120651369357,
        "volume": 1329.3956815807992,
        "wsc": 0.9481961147086031,
        "threshold": 39.85010589988418
      },
      "0.02": {
        "coverage": 0.9792746113989638,
        "volume": 383.4316160515562,
        "wsc": 0.9111933395004626,
        "threshold": 21.40160321597634
      },
      "0.05": {
        "coverage": 0.9511472982975574,
        "volume": 84.09099655909003,
        "wsc": 0.8223866790009251,
        "threshold": 10.022523833493977
      },
      "0.1": {
        "coverage": 0.9058105107327905,
        "volume": 34.38958887509108,
        "wsc": 0.723404255319149,
        "threshold": 6.409377330514264
      }
    },
    "Bonferroni": {
      "params": {},
      "0.01": {
        "coverage": 0.9890821613619541,
        "volume": 1586.081173716102,
        "wsc": 0.9500462534690102,
        "threshold": 5.802584211971719
      },
      "0.02": {
        "coverage": 0.9800148038490007,
        "volume": 553.0487168936095,
        "wsc": 0.9158186864014801,
        "threshold": 4.027338293784868
      },
      "0.05": {
        "coverage": 0.9500370096225018,
        "volume": 159.09446319351164,
        "wsc": 0.8196114708603145,
        "threshold": 2.71479469139427
      },
      "0.1": {
        "coverage": 0.90840118430792,
        "volume": 61.189090615970706,
        "wsc": 0.7437557816836263,
        "threshold": 2.134853713494028
      }
    },
    "Density": {
      "params": {
        "lengthscale": 2.932610269022713
      },
      "0.01": {
        "coverage": 0.9883419689119171,
        "volume": 811.3633829389887,
        "wsc": 0.9463459759481961,
        "threshold": 0.9736058600089227
      },
      "0.02": {
        "coverage": 0.9783493708364175,
        "volume": 305.84648736028055,
        "wsc": 0.9084181313598519,
        "threshold": 0.6634425720454481
      },
      "0.05": {
        "coverage": 0.9492968171724648,
        "volume": 110.24781160428363,
        "wsc": 0.8325624421831638,
        "threshold": 0.4346561535193596
      },
      "0.1": {
        "coverage": 0.901739452257587,
        "volume": 54.756318843727946,
        "wsc": 0.7456059204440333,
        "threshold": 0.3210306304225677
      }
    },
    "Kernel": {
      "params": {
        "lengthscale": 2.932610269022713,
        "gamma": 0.38196609203838716
      },
      "0.01": {
        "coverage": 0.9868615840118431,
        "volume": 333.175163922358,
        "wsc": 0.940795559666975,
        "threshold": 0.04033315572363515
      },
      "0.02": {
        "coverage": 0.9789045151739453,
        "volume": 174.30690808787034,
        "wsc": 0.9084181313598519,
        "threshold": 0.020997572912143186
      },
      "0.05": {
        "coverage": 0.9522575869726129,
        "volume": 58.14942922908676,
        "wsc": 0.8214616096207216,
        "threshold": 0.007359391820124425
      },
      "0.1": {
        "coverage": 0.9019245003700962,
        "volume": 22.422804463246198,
        "wsc": 0.7187789084181314,
        "threshold": 0.0031960039131153353
      }
    }
  },
  "elapsed_s": 5898.722938776016
}