{
  "dataset": "house",
  "seed": 11,
  "model": "MLP",
  "split": [
    0.5,
    0.25,
    0.25
  ],
  "alphas": [
    0.01,
    0.02,
    0.05,
    0.1
  ],
  "result": {
    "seed": 11,
    "model": "MLP",
    "model_rmse": 0.5808569802659449,
    "meta": {
      "n_train": 10806,
      "n_cal": 5403,
      "n_test": 5404,
      "d": 4,
      "p": 15,
      "elapsed": 5704.194188117981
    },
    "Mahal": {
      "params": {},
      "0.01": {
        "coverage": 0.9900074019245003,
        "volume": 772.1624344364022,
        "wsc": 0.9555966697502313,
        "threshold": 40.2568185350653
      },
      "0.02": {
        "coverage": 0.9803849000740192,
        "volume": 278.2828947210822,
        "wsc": 0.9195189639222942,
        "threshold": 24.16731325257373
      },
      "0.05": {
        "coverage": 0.9505921539600296,
        "volume": 71.76619469724749,
        "wsc": 0.8344125809435707,
        "threshold": 12.272840065709078
      },
      "0.1": {
        "coverage": 0.8980384900074019,
        "volume": 27.18906985079749,
        "wsc": 0.7197039777983348,
        "threshold": 7.55409236059138
      }
    },
    "Bonferroni": {
      "params": {},
      "0.01": {
        "coverage": 0.9905625462620281,
        "volume": 1632.5892497974469,
        "wsc": 0.9574468085106383,
        "threshold": 5.746524611175614
      },
      "0.02": {
        "coverage": 0.9796447076239823,
        "volume": 566.2683245516927,
        "wsc": 0.9176688251618872,
        "threshold": 4.296886054105922
      },
      "0.05": {
        "coverage": 0.9504071058475203,
        "volume": 136.31863562713738,
        "wsc": 0.8427382053654024,
        "threshold": 3.0222526070431144
      },
      "0.1": {
        "coverage": 0.8978534418948927,
        "volume": 50.26638414287565,
        "wsc": 0.7400555041628122,
        "threshold": 2.344809183388053
      }
    },
    "Density": {
      "params": {
        "lengthscale": 2.2934095298696855
      },
      "0.01": {
        "coverage": 0.9901924500370096,
        "volume": 756.0580488597402,
        "wsc": 0.9565217391304348,
        "threshold": 1.2372589819603157
      },
      "0.02": {
        "coverage": 0.9785344189489267,
        "volume": 258.79472804137544,
        "wsc": 0.910268270120259,
        "threshold": 0.8872832760531723
      },
      "0.05": {
        "coverage": 0.9491117690599555,
        "volume": 87.83264289428094,
        "wsc": 0.8482886216466234,
        "threshold": 0.5926210702145714
      },
      "0.1": {
        "coverage": 0.8998889711324944,
        "volume": 36.39416773980932,
        "wsc": 0.7474560592044404,
        "threshold": 0.4120730181961345
      }
    },
    "Kernel": {
      "params": {
        "lengthscale": 2.2934095298696855,
        "gamma": 0.47779188376417026
      },
      "0.01": {
        "coverage": 0.9887120651369357,
        "volume": 368.88226356089643,
        "wsc": 0.9509713228492137,
        "threshold": 0.0837141561124436
      },
      "0.02": {
        "coverage": 0.9781643227239082,
        "volume": 172.40123487019332,
        "wsc": 0.910268270120259,
        "threshold": 0.0410949083052414
      },
      "0.05": {
        "coverage": 0.9505921539600296,
        "volume": 52.32867085948123,
        "wsc": 0.8251618871415356,
        "threshold": 0.013440017010410992
      },
      "0.1": {
        "coverage": 0.8958179126572909,
        "volume": 17.581365173939684,
        "wsc": 0.7067530064754857,
        "threshold": 0.005032199508586635
      }
    }
  },
  "elapsed_s": 5704.194853067398
}