{
  "dataset": "house",
  "seed": 0,
  "model": "Ridge",
  "split": [
    0.5,
    0.25,
    0.25
  ],
  "alphas": [
    0.01,
    0.02,
    0.05,
    0.1
  ],
  "result": {
    "seed": 0,
    "model": "Ridge",
    "model_rmse": 0.6863756969515842,
    "meta": {
      "n_train": 10806,
      "n_cal": 5403,
      "n_test": 5404,
      "d": 4,
      "p": 15,
      "elapsed": 5921.909154415131
    },
    "Mahal": {
      "params": {},
      "0.01": {
        "coverage": 0.9905625462620281,
        "volume": 1258.619892687691,
        "wsc": 0.9583718778908418,
        "threshold": 36.712217397031665
      },
      "0.02": {
        "coverage": 0.9796447076239823,
        "volume": 442.5434274450328,
        "wsc": 0.913968547641073,
        "threshold": 21.769139790777825
      },
      "0.05": {
        "coverage": 0.9539230199851961,
        "volume": 101.62001713146793,
        "wsc": 0.8362627197039778,
        "threshold": 10.431648685004973
      },
      "0.1": {
        "coverage": 0.904700222057735,
        "volume": 39.61135160605977,
        "wsc": 0.730804810360777,
        "threshold": 6.512881125557186
      }
    },
    "Bonferroni": {
      "params": {},
      "0.01": {
        "coverage": 0.9907475943745374,
        "volume": 1683.3245706844789,
        "wsc": 0.9592969472710453,
        "threshold": 5.526015826911759
      },
      "0.02": {
        "coverage": 0.9822353811991118,
        "volume": 784.1763330767674,
        "wsc": 0.9269195189639223,
        "threshold": 4.192436435625996
      },
      "0.05": {
        "coverage": 0.9539230199851961,
        "volume": 196.9619390063045,
        "wsc": 0.8353376503237743,
        "threshold": 2.7888542782610672
      },
      "0.1": {
        "coverage": 0.903219837157661,
        "volume": 66.96919203896006,
        "wsc": 0.7446808510638298,
        "threshold": 2.1349813582827335
      }
    },
    "Density": {
      "params": {
        "lengthscale": 2.9556160347966487
      },
      "0.01": {
        "coverage": 0.9900074019245003,
        "volume": 1022.5293764438213,
        "wsc": 0.9546716003700277,
        "threshold": 1.0340157770842544
      },
      "0.02": {
        "coverage": 0.9798297557364914,
        "volume": 374.3632677810292,
        "wsc": 0.9158186864014801,
        "threshold": 0.7042202270817932
      },
      "0.05": {
        "coverage": 0.9528127313101407,
        "volume": 122.39092102843611,
        "wsc": 0.8408880666049954,
        "threshold": 0.4491106718966355
      },
      "0.1": {
        "coverage": 0.9041450777202072,
        "volume": 58.46855301308661,
        "wsc": 0.7567067530064755,
        "threshold": 0.32698989275618445
      }
    },
    "Kernel": {
      "params": {
        "lengthscale": 2.9556160347966487,
        "gamma": 0.35740785660097635
      },
      "0.01": {
        "coverage": 0.9890821613619541,
        "volume": 406.18734470764156,
        "wsc": 0.9509713228492137,
        "threshold": 0.04184903370604749
      },
      "0.02": {
        "coverage": 0.981680236861584,
        "volume": 219.44750030055044,
        "wsc": 0.9213691026827012,
        "threshold": 0.022681597162913566
      },
      "0.05": {
        "coverage": 0.9542931162102146,
        "volume": 64.25751865794666,
        "wsc": 0.8260869565217391,
        "threshold": 0.007229631004355848
      },
      "0.1": {
        "coverage": 0.9071058475203553,
        "volume": 24.526933390064993,
        "wsc": 0.7280296022201665,
        "threshold": 0.0031051346851712846
      }
    }
  },
  "elapsed_s": 5921.909826755524
}