{
  "dataset": "house",
  "seed": 41,
  "model": "MLP",
  "split": [
    0.5,
    0.25,
    0.25
  ],
  "alphas": [
    0.01,
    0.02,
    0.05,
    0.1
  ],
  "result": {
    "seed": 41,
    "model": "MLP",
    "model_rmse": 0.6332660004125331,
    "meta": {
      "n_train": 10806,
      "n_cal": 5403,
      "n_test": 5404,
      "d": 4,
      "p": 15,
      "elapsed": 5902.160452842712
    },
    "Mahal": {
      "params": {},
      "0.01": {
        "coverage": 0.985381199111769,
        "volume": 622.3320680098387,
        "wsc": 0.937095282146161,
        "threshold": 32.954140590089914
      },
      "0.02": {
        "coverage": 0.9768689859363434,
        "volume": 277.4976882429637,
        "wsc": 0.9074930619796485,
        "threshold": 22.005365418595225
      },
      "0.05": {
        "coverage": 0.9476313841598816,
        "volume": 81.97203650527995,
        "wsc": 0.8122109158186864,
        "threshold": 11.96001604979038
      },
      "0.1": {
        "coverage": 0.9015544041450777,
        "volume": 32.19206663819978,
        "wsc": 0.7113783533765032,
        "threshold": 7.495029198583933
      }
    },
    "Bonferroni": {
      "params": {},
      "0.01": {
        "coverage": 0.9850111028867505,
        "volume": 1231.240959579894,
        "wsc": 0.9352451433857539,
        "threshold": 5.040132320768129
      },
      "0.02": {
        "coverage": 0.9763138415988157,
        "volume": 548.4366977376125,
        "wsc": 0.9047178538390379,
        "threshold": 4.039032529966449
      },
      "0.05": {
        "coverage": 0.9515173945225759,
        "volume": 175.55858759530832,
        "wsc": 0.8344125809435707,
        "threshold": 3.0329537769630077
      },
      "0.1": {
        "coverage": 0.9015544041450777,
        "volume": 60.563796134196046,
        "wsc": 0.7363552266419982,
        "threshold": 2.32859321182174
      }
    },
    "Density": {
      "params": {
        "lengthscale": 2.3308344260711875
      },
      "0.01": {
        "coverage": 0.9874167283493709,
        "volume": 703.6863530645769,
        "wsc": 0.940795559666975,
        "threshold": 1.1892763928898498
      },
      "0.02": {
        "coverage": 0.9798297557364914,
        "volume": 300.90845082447566,
        "wsc": 0.913968547641073,
        "threshold": 0.905932172726171
      },
      "0.05": {
        "coverage": 0.9492968171724648,
        "volume": 92.67980285393848,
        "wsc": 0.8344125809435707,
        "threshold": 0.579131831860508
      },
      "0.1": {
        "coverage": 0.8993338267949667,
        "volume": 36.52933066516809,
        "wsc": 0.72895467160037,
        "threshold": 0.391179048207214
      }
    },
    "Kernel": {
      "params": {
        "lengthscale": 2.3308344260711875,
        "gamma": 0.4471499055396656
      },
      "0.01": {
        "coverage": 0.9859363434492968,
        "volume": 340.66657693023654,
        "wsc": 0.938945420906568,
        "threshold": 0.0715153124006492
      },
      "0.02": {
        "coverage": 0.9759437453737971,
        "volume": 173.20863588410768,
        "wsc": 0.8963922294172063,
        "threshold": 0.03639594606687673
      },
      "0.05": {
        "coverage": 0.9483715766099186,
        "volume": 56.01673509951508,
        "wsc": 0.8159111933395005,
        "threshold": 0.012331438157522091
      },
      "0.1": {
        "coverage": 0.8984085862324205,
        "volume": 19.258140852766438,
        "wsc": 0.6938020351526365,
        "threshold": 0.004850923623911618
      }
    }
  },
  "elapsed_s": 5902.1616468429565
}