{
  "dataset": "house",
  "seed": 16,
  "model": "MLP",
  "split": [
    0.5,
    0.25,
    0.25
  ],
  "alphas": [
    0.01,
    0.02,
    0.05,
    0.1
  ],
  "result": {
    "seed": 16,
    "model": "MLP",
    "model_rmse": 0.5869588785864353,
    "meta": {
      "n_train": 10806,
      "n_cal": 5403,
      "n_test": 5404,
      "d": 4,
      "p": 15,
      "elapsed": 5904.035985946655
    },
    "Mahal": {
      "params": {},
      "0.01": {
        "coverage": 0.9900074019245003,
        "volume": 789.2377305808794,
        "wsc": 0.9565217391304348,
        "threshold": 43.98992350614408
      },
      "0.02": {
        "coverage": 0.9757586972612879,
        "volume": 217.81393776811177,
        "wsc": 0.9056429232192414,
        "threshold": 23.109583614593248
      },
      "0.05": {
        "coverage": 0.9400444115470022,
        "volume": 55.66545213762497,
        "wsc": 0.8011100832562442,
        "threshold": 11.6826713001453
      },
      "0.1": {
        "coverage": 0.8969282013323464,
        "volume": 23.036821714797654,
        "wsc": 0.7178538390379279,
        "threshold": 7.515546528640257
      }
    },
    "Bonferroni": {
      "params": {},
      "0.01": {
        "coverage": 0.9896373056994818,
        "volume": 1056.0891587509877,
        "wsc": 0.9537465309898242,
        "threshold": 5.914727050150614
      },
      "0.02": {
        "coverage": 0.9770540340488527,
        "volume": 391.7606682839623,
        "wsc": 0.910268270120259,
        "threshold": 4.250188279226669
      },
      "0.05": {
        "coverage": 0.9437453737971873,
        "volume": 109.6978099949918,
        "wsc": 0.8270120259019427,
        "threshold": 2.959723976273947
      },
      "0.1": {
        "coverage": 0.8961880088823094,
        "volume": 42.4488399877577,
        "wsc": 0.7335800185013877,
        "threshold": 2.34091772164437
      }
    },
    "Density": {
      "params": {
        "lengthscale": 2.3812200089642457
      },
      "0.01": {
        "coverage": 0.9901924500370096,
        "volume": 620.7040745804412,
        "wsc": 0.9565217391304348,
        "threshold": 1.1381333588602747
      },
      "0.02": {
        "coverage": 0.9772390821613619,
        "volume": 208.80790115760306,
        "wsc": 0.9121184088806661,
        "threshold": 0.7806831769427462
      },
      "0.05": {
        "coverage": 0.9415247964470762,
        "volume": 74.11403182666375,
        "wsc": 0.8297872340425532,
        "threshold": 0.520799447772778
      },
      "0.1": {
        "coverage": 0.8958179126572909,
        "volume": 35.22959825009182,
        "wsc": 0.7437557816836263,
        "threshold": 0.3800839885841588
      }
    },
    "Kernel": {
      "params": {
        "lengthscale": 2.3812200089642457,
        "gamma": 0.3774711878342053
      },
      "0.01": {
        "coverage": 0.9879718726868986,
        "volume": 270.3146350436457,
        "wsc": 0.9509713228492137,
        "threshold": 0.05625126466301457
      },
      "0.02": {
        "coverage": 0.9727979274611399,
        "volume": 120.46638665796102,
        "wsc": 0.9000925069380203,
        "threshold": 0.026096818299763593
      },
      "0.05": {
        "coverage": 0.9400444115470022,
        "volume": 41.288335574813495,
        "wsc": 0.8038852913968547,
        "threshold": 0.009427661650187182
      },
      "0.1": {
        "coverage": 0.8930421909696521,
        "volume": 15.282486684745715,
        "wsc": 0.7086031452358927,
        "threshold": 0.0038448056377635527
      }
    }
  },
  "elapsed_s": 5904.036927938461
}