{
  "dataset": "house",
  "seed": 36,
  "model": "Ridge",
  "split": [
    0.5,
    0.25,
    0.25
  ],
  "alphas": [
    0.01,
    0.02,
    0.05,
    0.1
  ],
  "result": {
    "seed": 36,
    "model": "Ridge",
    "model_rmse": 0.7017554339684687,
    "meta": {
      "n_train": 10806,
      "n_cal": 5403,
      "n_test": 5404,
      "d": 4,
      "p": 15,
      "elapsed": 5848.195019245148
    },
    "Mahal": {
      "params": {},
      "0.01": {
        "coverage": 0.9916728349370837,
        "volume": 1486.1305340061788,
        "wsc": 0.9620721554116559,
        "threshold": 38.7045249855797
      },
      "0.02": {
        "coverage": 0.978719467061436,
        "volume": 469.98643377113297,
        "wsc": 0.9037927844588344,
        "threshold": 21.76586465131353
      },
      "0.05": {
        "coverage": 0.944300518134715,
        "volume": 95.80902691526109,
        "wsc": 0.8001850138760407,
        "threshold": 9.82735122463685
      },
      "0.1": {
        "coverage": 0.887120651369356,
        "volume": 38.42082056024703,
        "wsc": 0.6919518963922294,
        "threshold": 6.223240447057666
      }
    },
    "Bonferroni": {
      "params": {},
      "0.01": {
        "coverage": 0.9903774981495189,
        "volume": 1709.3355570115818,
        "wsc": 0.9555966697502313,
        "threshold": 5.518584183624848
      },
      "0.02": {
        "coverage": 0.9790895632864545,
        "volume": 766.2587113349161,
        "wsc": 0.9074930619796485,
        "threshold": 4.099227854845374
      },
      "0.05": {
        "coverage": 0.9444855662472242,
        "volume": 174.78251469271805,
        "wsc": 0.8103607770582794,
        "threshold": 2.670069287056722
      },
      "0.1": {
        "coverage": 0.8910066617320503,
        "volume": 67.38602976104794,
        "wsc": 0.7178538390379279,
        "threshold": 2.101742560304167
      }
    },
    "Density": {
      "params": {
        "lengthscale": 2.92622476807908
      },
      "0.01": {
        "coverage": 0.9916728349370837,
        "volume": 1167.2289863401518,
        "wsc": 0.9602220166512488,
        "threshold": 1.1175152533740491
      },
      "0.02": {
        "coverage": 0.9789045151739453,
        "volume": 375.91109518784583,
        "wsc": 0.902867715078631,
        "threshold": 0.7195169457239692
      },
      "0.05": {
        "coverage": 0.9417098445595855,
        "volume": 108.5195854276876,
        "wsc": 0.816836262719704,
        "threshold": 0.4325357574434131
      },
      "0.1": {
        "coverage": 0.8904515173945226,
        "volume": 53.60465075783361,
        "wsc": 0.7160037002775208,
        "threshold": 0.3195439820702327
      }
    },
    "Kernel": {
      "params": {
        "lengthscale": 2.92622476807908,
        "gamma": 0.4692398668212583
      },
      "0.01": {
        "coverage": 0.9868615840118431,
        "volume": 370.45937819676107,
        "wsc": 0.938945420906568,
        "threshold": 0.04839740609681668
      },
      "0.02": {
        "coverage": 0.9776091783863805,
        "volume": 186.31769270389745,
        "wsc": 0.8982423681776133,
        "threshold": 0.025307662805152495
      },
      "0.05": {
        "coverage": 0.9411547002220577,
        "volume": 53.04310050982488,
        "wsc": 0.7872340425531915,
        "threshold": 0.007834883765815853
      },
      "0.1": {
        "coverage": 0.8856402664692821,
        "volume": 21.619684548336206,
        "wsc": 0.6799259944495837,
        "threshold": 0.0036125661408508
      }
    }
  },
  "elapsed_s": 5848.195917367935
}