{
  "dataset": "house",
  "seed": 31,
  "model": "MLP",
  "split": [
    0.5,
    0.25,
    0.25
  ],
  "alphas": [
    0.01,
    0.02,
    0.05,
    0.1
  ],
  "result": {
    "seed": 31,
    "model": "MLP",
    "model_rmse": 0.6068786572674192,
    "meta": {
      "n_train": 10806,
      "n_cal": 5403,
      "n_test": 5404,
      "d": 2,
      "p": 17,
      "elapsed": 5891.537399053574
    },
    "Mahal": {
      "params": {},
      "0.01": {
        "coverage": 0.9922279792746114,
        "volume": 17.16758293924144,
        "wsc": 0.9666975023126735,
        "threshold": 17.53242991998926
      },
      "0.02": {
        "coverage": 0.9783493708364175,
        "volume": 10.644817605515057,
        "wsc": 0.9278445883441259,
        "threshold": 10.871042204384239
      },
      "0.05": {
        "coverage": 0.9459659511472983,
        "volume": 6.632423343718858,
        "wsc": 0.8677150786308974,
        "threshold": 6.77337618725899
      },
      "0.1": {
        "coverage": 0.8948926720947447,
        "volume": 4.340512770725812,
        "wsc": 0.7835337650323775,
        "threshold": 4.432757729430909
      }
    },
    "Bonferroni": {
      "params": {},
      "0.01": {
        "coverage": 0.9918578830495929,
        "volume": 20.323205346353554,
        "wsc": 0.967622571692877,
        "threshold": 3.9561612467522114
      },
      "0.02": {
        "coverage": 0.9781643227239082,
        "volume": 12.503951352810763,
        "wsc": 0.9306197964847364,
        "threshold": 3.1040553283415173
      },
      "0.05": {
        "coverage": 0.9435603256846781,
        "volume": 7.688485853947801,
        "wsc": 0.8677150786308974,
        "threshold": 2.432735562329232
      },
      "0.1": {
        "coverage": 0.8928571428571429,
        "volume": 4.96254007717258,
        "wsc": 0.7918593894542091,
        "threshold": 1.9554561453255184
      }
    },
    "Density": {
      "params": {
        "lengthscale": 0.8276478029147649
      },
      "0.01": {
        "coverage": 0.9903774981495189,
        "volume": 16.106328631762572,
        "wsc": 0.9639222941720629,
        "threshold": 1.4566910185227016
      },
      "0.02": {
        "coverage": 0.9770540340488527,
        "volume": 11.752509494956502,
        "wsc": 0.9352451433857539,
        "threshold": 1.3565571605384752
      },
      "0.05": {
        "coverage": 0.939859363434493,
        "volume": 7.428216094269638,
        "wsc": 0.8751156336725254,
        "threshold": 1.1513371476608156
      },
      "0.1": {
        "coverage": 0.8917468541820873,
        "volume": 4.99562789941877,
        "wsc": 0.7927844588344126,
        "threshold": 0.9492552110547979
      }
    },
    "Kernel": {
      "params": {
        "lengthscale": 0.8276478029147649,
        "gamma": 7.1998117929951295
      },
      "0.01": {
        "coverage": 0.9901924500370096,
        "volume": 13.624979435706797,
        "wsc": 0.9602220166512488,
        "threshold": 0.3161797457927903
      },
      "0.02": {
        "coverage": 0.978719467061436,
        "volume": 9.73446896781687,
        "wsc": 0.9287696577243293,
        "threshold": 0.18745646747012878
      },
      "0.05": {
        "coverage": 0.9439304219096966,
        "volume": 5.992695385095823,
        "wsc": 0.8519888991674376,
        "threshold": 0.08335731349762679
      },
      "0.1": {
        "coverage": 0.8956328645447816,
        "volume": 3.9806708256373176,
        "wsc": 0.7770582793709528,
        "threshold": 0.04382024764708916
      }
    }
  },
  "elapsed_s": 5891.538138151169
}