{
  "dataset": "house",
  "seed": 7,
  "model": "MLP",
  "split": [
    0.5,
    0.25,
    0.25
  ],
  "alphas": [
    0.01,
    0.02,
    0.05,
    0.1
  ],
  "result": {
    "seed": 7,
    "model": "MLP",
    "model_rmse": 0.5744298019412217,
    "meta": {
      "n_train": 10806,
      "n_cal": 5403,
      "n_test": 5404,
      "d": 2,
      "p": 17,
      "elapsed": 5893.690495729446
    },
    "Mahal": {
      "params": {},
      "0.01": {
        "coverage": 0.9922279792746114,
        "volume": 16.369359388173166,
        "wsc": 0.967622571692877,
        "threshold": 18.357028046006008
      },
      "0.02": {
        "coverage": 0.9831606217616581,
        "volume": 11.716829145040196,
        "wsc": 0.9417206290471786,
        "threshold": 13.139558862710466
      },
      "0.05": {
        "coverage": 0.9494818652849741,
        "volume": 6.647942174215104,
        "wsc": 0.8603145235892692,
        "threshold": 7.455176347857811
      },
      "0.1": {
        "coverage": 0.8952627683197631,
        "volume": 3.9675126445183344,
        "wsc": 0.7631822386679001,
        "threshold": 4.449272519542052
      }
    },
    "Bonferroni": {
      "params": {},
      "0.01": {
        "coverage": 0.993338267949667,
        "volume": 19.95005510566488,
        "wsc": 0.9740980573543015,
        "threshold": 4.098199831277823
      },
      "0.02": {
        "coverage": 0.985381199111769,
        "volume": 14.287712551931667,
        "wsc": 0.9546716003700277,
        "threshold": 3.467767031524319
      },
      "0.05": {
        "coverage": 0.9485566247224279,
        "volume": 7.667745497625271,
        "wsc": 0.8658649398704903,
        "threshold": 2.5330256403639724
      },
      "0.1": {
        "coverage": 0.8939674315321984,
        "volume": 4.528347371941856,
        "wsc": 0.7761332099907493,
        "threshold": 1.9456182773881787
      }
    },
    "Density": {
      "params": {
        "lengthscale": 0.7747081773078665
      },
      "0.01": {
        "coverage": 0.9920429311621022,
        "volume": 16.837815654355833,
        "wsc": 0.9740980573543015,
        "threshold": 1.4903584191250312
      },
      "0.02": {
        "coverage": 0.9839008142116951,
        "volume": 12.756541845192062,
        "wsc": 0.9555966697502313,
        "threshold": 1.4252178033592227
      },
      "0.05": {
        "coverage": 0.9476313841598816,
        "volume": 7.336216827599682,
        "wsc": 0.8741905642923219,
        "threshold": 1.2069000029176147
      },
      "0.1": {
        "coverage": 0.8939674315321984,
        "volume": 4.611591119432527,
        "wsc": 0.7844588344125809,
        "threshold": 0.9736186356018737
      }
    },
    "Kernel": {
      "params": {
        "lengthscale": 0.7747081773078665,
        "gamma": 6.592618304400883
      },
      "0.01": {
        "coverage": 0.9914877868245744,
        "volume": 14.280722005569034,
        "wsc": 0.9648473635522664,
        "threshold": 0.3394147443238896
      },
      "0.02": {
        "coverage": 0.981680236861584,
        "volume": 10.192136245612163,
        "wsc": 0.9324699352451434,
        "threshold": 0.20603355483747654
      },
      "0.05": {
        "coverage": 0.9483715766099186,
        "volume": 6.084185868719721,
        "wsc": 0.8501387604070305,
        "threshold": 0.09450843023073188
      },
      "0.1": {
        "coverage": 0.8960029607698001,
        "volume": 3.712783629634603,
        "wsc": 0.7548566142460684,
        "threshold": 0.04499689343683591
      }
    }
  },
  "elapsed_s": 5893.69113612175
}