{
  "dataset": "house",
  "seed": 3,
  "model": "MLP",
  "split": [
    0.5,
    0.25,
    0.25
  ],
  "alphas": [
    0.01,
    0.02,
    0.05,
    0.1
  ],
  "result": {
    "seed": 3,
    "model": "MLP",
    "model_rmse": 0.6030685938144715,
    "meta": {
      "n_train": 10806,
      "n_cal": 5403,
      "n_test": 5404,
      "d": 2,
      "p": 17,
      "elapsed": 5899.668108224869
    },
    "Mahal": {
      "params": {},
      "0.01": {
        "coverage": 0.9877868245743894,
        "volume": 15.298483473339441,
        "wsc": 0.9500462534690102,
        "threshold": 16.13253951475492
      },
      "0.02": {
        "coverage": 0.9783493708364175,
        "volume": 10.723492811446063,
        "wsc": 0.9185938945420906,
        "threshold": 11.308125528803222
      },
      "0.05": {
        "coverage": 0.9509622501850481,
        "volume": 6.924365798641065,
        "wsc": 0.8566142460684552,
        "threshold": 7.301874401856011
      },
      "0.1": {
        "coverage": 0.8997039230199851,
        "volume": 4.292246942032382,
        "wsc": 0.7530064754856615,
        "threshold": 4.526255397804354
      }
    },
    "Bonferroni": {
      "params": {},
      "0.01": {
        "coverage": 0.9874167283493709,
        "volume": 17.835647102078745,
        "wsc": 0.9509713228492137,
        "threshold": 3.760006945624316
      },
      "0.02": {
        "coverage": 0.9770540340488527,
        "volume": 12.595967373043763,
        "wsc": 0.9195189639222942,
        "threshold": 3.1597690025771024
      },
      "0.05": {
        "coverage": 0.9480014803849001,
        "volume": 7.785810031416596,
        "wsc": 0.8575393154486587,
        "threshold": 2.484867840879433
      },
      "0.1": {
        "coverage": 0.8993338267949667,
        "volume": 4.939374104557367,
        "wsc": 0.7604070305272895,
        "threshold": 1.9781514049040727
      }
    },
    "Density": {
      "params": {
        "lengthscale": 0.8390498945230999
      },
      "0.01": {
        "coverage": 0.9888971132494448,
        "volume": 14.908200665952133,
        "wsc": 0.9620721554116559,
        "threshold": 1.4273789603095604
      },
      "0.02": {
        "coverage": 0.9789045151739453,
        "volume": 11.855004583341328,
        "wsc": 0.9380203515263644,
        "threshold": 1.3488914363551252
      },
      "0.05": {
        "coverage": 0.9502220577350111,
        "volume": 7.774675253599598,
        "wsc": 0.8751156336725254,
        "threshold": 1.160549369160131
      },
      "0.1": {
        "coverage": 0.8971132494448557,
        "volume": 5.120197562280124,
        "wsc": 0.7816836262719704,
        "threshold": 0.946306374809576
      }
    },
    "Kernel": {
      "params": {
        "lengthscale": 0.8390498945230999,
        "gamma": 6.777523289926346
      },
      "0.01": {
        "coverage": 0.9881569207994079,
        "volume": 13.150439303140535,
        "wsc": 0.9537465309898242,
        "threshold": 0.28372696356188704
      },
      "0.02": {
        "coverage": 0.9801998519615099,
        "volume": 10.156317550744468,
        "wsc": 0.9269195189639223,
        "threshold": 0.18386456298696296
      },
      "0.05": {
        "coverage": 0.9496669133974833,
        "volume": 6.33048790320324,
        "wsc": 0.8464384828862165,
        "threshold": 0.08253135913185172
      },
      "0.1": {
        "coverage": 0.8939674315321984,
        "volume": 3.9481121775794055,
        "wsc": 0.7261794634597595,
        "threshold": 0.03994005680521411
      }
    }
  },
  "elapsed_s": 5899.668839931488
}