{
  "dataset": "house",
  "seed": 22,
  "model": "Ridge",
  "split": [
    0.5,
    0.25,
    0.25
  ],
  "alphas": [
    0.01,
    0.02,
    0.05,
    0.1
  ],
  "result": {
    "seed": 22,
    "model": "Ridge",
    "model_rmse": 0.7832048643053426,
    "meta": {
      "n_train": 10806,
      "n_cal": 5403,
      "n_test": 5404,
      "d": 2,
      "p": 17,
      "elapsed": 5741.34183216095
    },
    "Mahal": {
      "params": {},
      "0.01": {
        "coverage": 0.9900074019245003,
        "volume": 23.53497539755899,
        "wsc": 0.9509713228492137,
        "threshold": 15.549872760891736
      },
      "0.02": {
        "coverage": 0.9814951887490747,
        "volume": 13.855087563615392,
        "wsc": 0.9185938945420906,
        "threshold": 9.154241509323116
      },
      "0.05": {
        "coverage": 0.9504071058475203,
        "volume": 8.418507789241326,
        "wsc": 0.8427382053654024,
        "threshold": 5.562220599255694
      },
      "0.1": {
        "coverage": 0.8945225758697262,
        "volume": 5.786949263390746,
        "wsc": 0.7363552266419982,
        "threshold": 3.823514713713933
      }
    },
    "Bonferroni": {
      "params": {},
      "0.01": {
        "coverage": 0.9903774981495189,
        "volume": 27.359215639570717,
        "wsc": 0.9528214616096207,
        "threshold": 3.8099358542172705
      },
      "0.02": {
        "coverage": 0.9811250925240562,
        "volume": 16.050979596791365,
        "wsc": 0.9185938945420906,
        "threshold": 2.782081154382101
      },
      "0.05": {
        "coverage": 0.9494818652849741,
        "volume": 9.304447686277985,
        "wsc": 0.849213691026827,
        "threshold": 2.119416613379151
      },
      "0.1": {
        "coverage": 0.8963730569948186,
        "volume": 6.573260058551706,
        "wsc": 0.7622571692876966,
        "threshold": 1.7817745481968874
      }
    },
    "Density": {
      "params": {
        "lengthscale": 1.134772088071979
      },
      "0.01": {
        "coverage": 0.9918578830495929,
        "volume": 20.245589604287137,
        "wsc": 0.9602220166512488,
        "threshold": 1.3247418113243692
      },
      "0.02": {
        "coverage": 0.984641006661732,
        "volume": 14.509636871310905,
        "wsc": 0.9352451433857539,
        "threshold": 1.1665493400143947
      },
      "0.05": {
        "coverage": 0.9542931162102146,
        "volume": 9.51674087306195,
        "wsc": 0.8704902867715079,
        "threshold": 0.9472216415926045
      },
      "0.1": {
        "coverage": 0.8972982975573649,
        "volume": 6.866103555619301,
        "wsc": 0.7659574468085106,
        "threshold": 0.7850537317773084
      }
    },
    "Kernel": {
      "params": {
        "lengthscale": 1.134772088071979,
        "gamma": 9.30433017117854
      },
      "0.01": {
        "coverage": 0.9920429311621022,
        "volume": 16.32657541921964,
        "wsc": 0.9611470860314524,
        "threshold": 0.2587740208491222
      },
      "0.02": {
        "coverage": 0.9814951887490747,
        "volume": 11.595880772668425,
        "wsc": 0.9204440333024977,
        "threshold": 0.14967348695992244
      },
      "0.05": {
        "coverage": 0.9498519615099926,
        "volume": 7.7087319723069045,
        "wsc": 0.8464384828862165,
        "threshold": 0.0721288175034314
      },
      "0.1": {
        "coverage": 0.8948926720947447,
        "volume": 5.138033345479824,
        "wsc": 0.72895467160037,
        "threshold": 0.03628407851214856
      }
    }
  },
  "elapsed_s": 5741.34250330925
}