{
  "dataset": "house",
  "seed": 27,
  "model": "Ridge",
  "split": [
    0.5,
    0.25,
    0.25
  ],
  "alphas": [
    0.01,
    0.02,
    0.05,
    0.1
  ],
  "result": {
    "seed": 27,
    "model": "Ridge",
    "model_rmse": 0.7631869555973039,
    "meta": {
      "n_train": 10806,
      "n_cal": 5403,
      "n_test": 5404,
      "d": 2,
      "p": 17,
      "elapsed": 5883.5168244838715
    },
    "Mahal": {
      "params": {},
      "0.01": {
        "coverage": 0.9914877868245744,
        "volume": 22.263813389589206,
        "wsc": 0.9602220166512488,
        "threshold": 14.094442625382436
      },
      "0.02": {
        "coverage": 0.985381199111769,
        "volume": 14.195119535917858,
        "wsc": 0.9361702127659575,
        "threshold": 8.986434370357927
      },
      "0.05": {
        "coverage": 0.9579940784603997,
        "volume": 8.798947506136729,
        "wsc": 0.8843663274745606,
        "threshold": 5.570306336064928
      },
      "0.1": {
        "coverage": 0.909141376757957,
        "volume": 6.063737643138915,
        "wsc": 0.7909343200740055,
        "threshold": 3.8387405073453165
      }
    },
    "Bonferroni": {
      "params": {},
      "0.01": {
        "coverage": 0.9925980754996299,
        "volume": 26.728444162602123,
        "wsc": 0.9639222941720629,
        "threshold": 3.6162967999551574
      },
      "0.02": {
        "coverage": 0.9842709104367136,
        "volume": 16.350784396766187,
        "wsc": 0.937095282146161,
        "threshold": 2.762148330887975
      },
      "0.05": {
        "coverage": 0.9581791265729089,
        "volume": 9.87279806636613,
        "wsc": 0.8825161887141536,
        "threshold": 2.145852673378224
      },
      "0.1": {
        "coverage": 0.909141376757957,
        "volume": 6.853316893825304,
        "wsc": 0.8085106382978723,
        "threshold": 1.7873274881966437
      }
    },
    "Density": {
      "params": {
        "lengthscale": 1.148361265413424
      },
      "0.01": {
        "coverage": 0.9920429311621022,
        "volume": 19.285923407149244,
        "wsc": 0.9629972247918593,
        "threshold": 1.296104931965218
      },
      "0.02": {
        "coverage": 0.9820503330866025,
        "volume": 13.892313613568557,
        "wsc": 0.938945420906568,
        "threshold": 1.1344853931833188
      },
      "0.05": {
        "coverage": 0.9548482605477424,
        "volume": 9.506997690755318,
        "wsc": 0.8881700554528651,
        "threshold": 0.936144996505321
      },
      "0.1": {
        "coverage": 0.90840118430792,
        "volume": 7.114761712868029,
        "wsc": 0.8177613320999075,
        "threshold": 0.7914676931248328
      }
    },
    "Kernel": {
      "params": {
        "lengthscale": 1.148361265413424,
        "gamma": 8.846203260913569
      },
      "0.01": {
        "coverage": 0.9927831236121392,
        "volume": 15.912554593765652,
        "wsc": 0.9648473635522664,
        "threshold": 0.24147891145069542
      },
      "0.02": {
        "coverage": 0.9803849000740192,
        "volume": 11.19272907866567,
        "wsc": 0.9278445883441259,
        "threshold": 0.12818733052685746
      },
      "0.05": {
        "coverage": 0.9568837897853442,
        "volume": 7.824204777421085,
        "wsc": 0.8769657724329325,
        "threshold": 0.06744277548558672
      },
      "0.1": {
        "coverage": 0.9109918578830496,
        "volume": 5.387335753269515,
        "wsc": 0.7816836262719704,
        "threshold": 0.03604479280860335
      }
    }
  },
  "elapsed_s": 5883.5174832344055
}