{
  "dataset": "house",
  "seed": 24,
  "model": "MLP",
  "split": [
    0.5,
    0.25,
    0.25
  ],
  "alphas": [
    0.01,
    0.02,
    0.05,
    0.1
  ],
  "result": {
    "seed": 24,
    "model": "MLP",
    "model_rmse": 0.5943923691943453,
    "meta": {
      "n_train": 10806,
      "n_cal": 5403,
      "n_test": 5404,
      "d": 2,
      "p": 17,
      "elapsed": 5907.095754861832
    },
    "Mahal": {
      "params": {},
      "0.01": {
        "coverage": 0.9929681717246485,
        "volume": 18.29808599540846,
        "wsc": 0.9685476410730804,
        "threshold": 18.53412450011449
      },
      "0.02": {
        "coverage": 0.9859363434492968,
        "volume": 12.230358485188209,
        "wsc": 0.9463459759481961,
        "threshold": 12.388125561459837
      },
      "0.05": {
        "coverage": 0.9541080680977054,
        "volume": 6.716376533914726,
        "wsc": 0.8649398704902868,
        "threshold": 6.803015293537215
      },
      "0.1": {
        "coverage": 0.9011843079200592,
        "volume": 4.2720487533538485,
        "wsc": 0.7761332099907493,
        "threshold": 4.327156593596042
      }
    },
    "Bonferroni": {
      "params": {},
      "0.01": {
        "coverage": 0.9929681717246485,
        "volume": 21.591367534601268,
        "wsc": 0.9685476410730804,
        "threshold": 4.048340191726126
      },
      "0.02": {
        "coverage": 0.9863064396743153,
        "volume": 15.149644180532855,
        "wsc": 0.9491211840888066,
        "threshold": 3.39095517206171
      },
      "0.05": {
        "coverage": 0.9559585492227979,
        "volume": 7.907727689959885,
        "wsc": 0.8788159111933395,
        "threshold": 2.44861644553315
      },
      "0.1": {
        "coverage": 0.9037749814951888,
        "volume": 4.983826417479822,
        "wsc": 0.7955596669750231,
        "threshold": 1.9379638921938875
      }
    },
    "Density": {
      "params": {
        "lengthscale": 0.8503300608847103
      },
      "0.01": {
        "coverage": 0.9938934122871946,
        "volume": 17.819920173936115,
        "wsc": 0.9759481961147086,
        "threshold": 1.4702292342733567
      },
      "0.02": {
        "coverage": 0.9888971132494448,
        "volume": 13.956780279562286,
        "wsc": 0.9666975023126735,
        "threshold": 1.4012383974777702
      },
      "0.05": {
        "coverage": 0.9531828275351591,
        "volume": 7.551002120633188,
        "wsc": 0.8908418131359852,
        "threshold": 1.131856451355437
      },
      "0.1": {
        "coverage": 0.9028497409326425,
        "volume": 4.969046556803776,
        "wsc": 0.8029602220166513,
        "threshold": 0.916317391459436
      }
    },
    "Kernel": {
      "params": {
        "lengthscale": 0.8503300608847103,
        "gamma": 6.950620561043667
      },
      "0.01": {
        "coverage": 0.9925980754996299,
        "volume": 14.246350753778408,
        "wsc": 0.967622571692877,
        "threshold": 0.29945973468877407
      },
      "0.02": {
        "coverage": 0.9826054774241303,
        "volume": 10.360682333908082,
        "wsc": 0.9361702127659575,
        "threshold": 0.18511017053913706
      },
      "0.05": {
        "coverage": 0.9541080680977054,
        "volume": 6.404988943067756,
        "wsc": 0.8649398704902868,
        "threshold": 0.08773846803505003
      },
      "0.1": {
        "coverage": 0.9039600296076981,
        "volume": 4.045090023861458,
        "wsc": 0.7696577243293247,
        "threshold": 0.04261162878339033
      }
    }
  },
  "elapsed_s": 5907.09641289711
}