{
  "dataset": "house",
  "seed": 33,
  "model": "MLP",
  "split": [
    0.5,
    0.25,
    0.25
  ],
  "alphas": [
    0.01,
    0.02,
    0.05,
    0.1
  ],
  "result": {
    "seed": 33,
    "model": "MLP",
    "model_rmse": 0.5878301070144233,
    "meta": {
      "n_train": 10806,
      "n_cal": 5403,
      "n_test": 5404,
      "d": 2,
      "p": 17,
      "elapsed": 5889.302737951279
    },
    "Mahal": {
      "params": {},
      "0.01": {
        "coverage": 0.9931532198371577,
        "volume": 16.72655791634756,
        "wsc": 0.9685476410730804,
        "threshold": 18.164075771692133
      },
      "0.02": {
        "coverage": 0.9855662472242783,
        "volume": 10.490977139745791,
        "wsc": 0.9417206290471786,
        "threshold": 11.392595215252951
      },
      "0.05": {
        "coverage": 0.9542931162102146,
        "volume": 6.367292787355243,
        "wsc": 0.8741905642923219,
        "threshold": 6.914512192435845
      },
      "0.1": {
        "coverage": 0.9117320503330866,
        "volume": 4.3385077062775,
        "wsc": 0.8001850138760407,
        "threshold": 4.711368776948148
      }
    },
    "Bonferroni": {
      "params": {},
      "0.01": {
        "coverage": 0.9925980754996299,
        "volume": 19.918515802893083,
        "wsc": 0.96577243293247,
        "threshold": 4.0252084965659725
      },
      "0.02": {
        "coverage": 0.985381199111769,
        "volume": 12.76589301435922,
        "wsc": 0.9454209065679926,
        "threshold": 3.2247538757838408
      },
      "0.05": {
        "coverage": 0.9561435973353072,
        "volume": 7.492862765188741,
        "wsc": 0.8843663274745606,
        "threshold": 2.470290934968975
      },
      "0.1": {
        "coverage": 0.9119170984455959,
        "volume": 5.036092559691986,
        "wsc": 0.8112858464384829,
        "threshold": 2.0223176809118066
      }
    },
    "Density": {
      "params": {
        "lengthscale": 0.8477138338329957
      },
      "0.01": {
        "coverage": 0.9922279792746114,
        "volume": 15.75259122588967,
        "wsc": 0.96577243293247,
        "threshold": 1.4380605868343044
      },
      "0.02": {
        "coverage": 0.9822353811991118,
        "volume": 11.681165969085603,
        "wsc": 0.9463459759481961,
        "threshold": 1.3359032102922452
      },
      "0.05": {
        "coverage": 0.9576239822353811,
        "volume": 7.752815440619261,
        "wsc": 0.9037927844588344,
        "threshold": 1.1475374513060967
      },
      "0.1": {
        "coverage": 0.9100666173205033,
        "volume": 5.322878375426023,
        "wsc": 0.8325624421831638,
        "threshold": 0.9538462427533152
      }
    },
    "Kernel": {
      "params": {
        "lengthscale": 0.8477138338329957,
        "gamma": 6.8200027351343735
      },
      "0.01": {
        "coverage": 0.9907475943745374,
        "volume": 12.835839480881628,
        "wsc": 0.9592969472710453,
        "threshold": 0.27103234310733554
      },
      "0.02": {
        "coverage": 0.9842709104367136,
        "volume": 9.798868903723244,
        "wsc": 0.9426456984273821,
        "threshold": 0.1751241760482285
      },
      "0.05": {
        "coverage": 0.9529977794226498,
        "volume": 5.883245556428531,
        "wsc": 0.8677150786308974,
        "threshold": 0.0744740911292823
      },
      "0.1": {
        "coverage": 0.9121021465581051,
        "volume": 4.07927368519324,
        "wsc": 0.793709528214616,
        "threshold": 0.04217049018805727
      }
    }
  },
  "elapsed_s": 5889.303482532501
}