{
  "dataset": "house",
  "seed": 40,
  "model": "MLP",
  "split": [
    0.5,
    0.25,
    0.25
  ],
  "alphas": [
    0.01,
    0.02,
    0.05,
    0.1
  ],
  "result": {
    "seed": 40,
    "model": "MLP",
    "model_rmse": 0.591891945140757,
    "meta": {
      "n_train": 10806,
      "n_cal": 5403,
      "n_test": 5404,
      "d": 2,
      "p": 17,
      "elapsed": 5678.102890491486
    },
    "Mahal": {
      "params": {},
      "0.01": {
        "coverage": 0.9896373056994818,
        "volume": 18.0987269256628,
        "wsc": 0.9537465309898242,
        "threshold": 18.697865034322778
      },
      "0.02": {
        "coverage": 0.9792746113989638,
        "volume": 12.19291919535194,
        "wsc": 0.9296947271045328,
        "threshold": 12.596552145655682
      },
      "0.05": {
        "coverage": 0.9509622501850481,
        "volume": 7.095368571869441,
        "wsc": 0.8649398704902868,
        "threshold": 7.330252811178419
      },
      "0.1": {
        "coverage": 0.9022945965951147,
        "volume": 4.39910409635549,
        "wsc": 0.786308973172988,
        "threshold": 4.544731516389745
      }
    },
    "Bonferroni": {
      "params": {},
      "0.01": {
        "coverage": 0.9881569207994079,
        "volume": 21.113964471685115,
        "wsc": 0.9518963922294172,
        "threshold": 4.043224754223108
      },
      "0.02": {
        "coverage": 0.9785344189489267,
        "volume": 14.5159745717884,
        "wsc": 0.9315448658649399,
        "threshold": 3.351213261638717
      },
      "0.05": {
        "coverage": 0.9529977794226498,
        "volume": 8.360029872161116,
        "wsc": 0.8751156336725254,
        "threshold": 2.5425656481929564
      },
      "0.1": {
        "coverage": 0.9013693560325685,
        "volume": 4.987864585044845,
        "wsc": 0.788159111933395,
        "threshold": 1.9629447020147142
      }
    },
    "Density": {
      "params": {
        "lengthscale": 0.8022425740655386
      },
      "0.01": {
        "coverage": 0.9903774981495189,
        "volume": 18.735007389405883,
        "wsc": 0.9639222941720629,
        "threshold": 1.495806922766326
      },
      "0.02": {
        "coverage": 0.9800148038490007,
        "volume": 13.412325922601077,
        "wsc": 0.940795559666975,
        "threshold": 1.4191593264768854
      },
      "0.05": {
        "coverage": 0.9544781643227239,
        "volume": 8.203485974566236,
        "wsc": 0.8917668825161887,
        "threshold": 1.228694688050382
      },
      "0.1": {
        "coverage": 0.901739452257587,
        "volume": 5.070718536879915,
        "wsc": 0.8020351526364478,
        "threshold": 0.9873390026231841
      }
    },
    "Kernel": {
      "params": {
        "lengthscale": 0.8022425740655386,
        "gamma": 6.180281233388492
      },
      "0.01": {
        "coverage": 0.9888971132494448,
        "volume": 15.569646321864262,
        "wsc": 0.9555966697502313,
        "threshold": 0.333982978531674
      },
      "0.02": {
        "coverage": 0.981680236861584,
        "volume": 11.25576131765338,
        "wsc": 0.9361702127659575,
        "threshold": 0.2020431962435646
      },
      "0.05": {
        "coverage": 0.9513323464100666,
        "volume": 6.699171863882301,
        "wsc": 0.8621646623496763,
        "threshold": 0.09030873317534073
      },
      "0.1": {
        "coverage": 0.9035899333826795,
        "volume": 4.1317385741789385,
        "wsc": 0.7752081406105458,
        "threshold": 0.04422733215993118
      }
    }
  },
  "elapsed_s": 5678.103648662567
}