{
  "dataset": "house",
  "seed": 7,
  "model": "Ridge",
  "split": [
    0.5,
    0.25,
    0.25
  ],
  "alphas": [
    0.01,
    0.02,
    0.05,
    0.1
  ],
  "result": {
    "seed": 7,
    "model": "Ridge",
    "model_rmse": 0.7550688128001494,
    "meta": {
      "n_train": 10806,
      "n_cal": 5403,
      "n_test": 5404,
      "d": 2,
      "p": 17,
      "elapsed": 5770.663832426071
    },
    "Mahal": {
      "params": {},
      "0.01": {
        "coverage": 0.9896373056994818,
        "volume": 19.975973184170066,
        "wsc": 0.9509713228492137,
        "threshold": 12.760666066247868
      },
      "0.02": {
        "coverage": 0.9839008142116951,
        "volume": 13.824636700701621,
        "wsc": 0.9269195189639223,
        "threshold": 8.831187887489008
      },
      "0.05": {
        "coverage": 0.9542931162102146,
        "volume": 8.626189833358296,
        "wsc": 0.8566142460684552,
        "threshold": 5.510416282235353
      },
      "0.1": {
        "coverage": 0.9067357512953368,
        "volume": 6.076493692600984,
        "wsc": 0.7752081406105458,
        "threshold": 3.881668550015331
      }
    },
    "Bonferroni": {
      "params": {},
      "0.01": {
        "coverage": 0.9905625462620281,
        "volume": 21.302390207596115,
        "wsc": 0.9555966697502313,
        "threshold": 3.4305867757714528
      },
      "0.02": {
        "coverage": 0.9833456698741673,
        "volume": 16.01671305874009,
        "wsc": 0.9296947271045328,
        "threshold": 2.7522673610755324
      },
      "0.05": {
        "coverage": 0.9559585492227979,
        "volume": 9.642164530357825,
        "wsc": 0.8677150786308974,
        "threshold": 2.1252246380519453
      },
      "0.1": {
        "coverage": 0.9106217616580311,
        "volume": 6.974202304593867,
        "wsc": 0.8066604995374653,
        "threshold": 1.8084131305150735
      }
    },
    "Density": {
      "params": {
        "lengthscale": 1.14779811796254
      },
      "0.01": {
        "coverage": 0.9913027387120651,
        "volume": 18.144208515120685,
        "wsc": 0.9602220166512488,
        "threshold": 1.2727114403378785
      },
      "0.02": {
        "coverage": 0.9829755736491488,
        "volume": 13.88205042575139,
        "wsc": 0.9361702127659575,
        "threshold": 1.134821333503725
      },
      "0.05": {
        "coverage": 0.9539230199851961,
        "volume": 9.61041316731976,
        "wsc": 0.876040703052729,
        "threshold": 0.9425073205431607
      },
      "0.1": {
        "coverage": 0.9043301258327165,
        "volume": 7.133806850350738,
        "wsc": 0.7918593894542091,
        "threshold": 0.7952891042884421
      }
    },
    "Kernel": {
      "params": {
        "lengthscale": 1.14779811796254,
        "gamma": 8.85908884238402
      },
      "0.01": {
        "coverage": 0.9913027387120651,
        "volume": 15.168134761623278,
        "wsc": 0.9583718778908418,
        "threshold": 0.2207882523223247
      },
      "0.02": {
        "coverage": 0.9822353811991118,
        "volume": 11.430953092194018,
        "wsc": 0.9259944495837188,
        "threshold": 0.1334908856228666
      },
      "0.05": {
        "coverage": 0.9539230199851961,
        "volume": 7.943235408575958,
        "wsc": 0.8575393154486587,
        "threshold": 0.06913397718927086
      },
      "0.1": {
        "coverage": 0.9030347890451518,
        "volume": 5.391797602505091,
        "wsc": 0.7539315448658649,
        "threshold": 0.03572439341149423
      }
    }
  },
  "elapsed_s": 5770.664450883865
}