{
  "dataset": "house",
  "seed": 35,
  "model": "Ridge",
  "split": [
    0.5,
    0.25,
    0.25
  ],
  "alphas": [
    0.01,
    0.02,
    0.05,
    0.1
  ],
  "result": {
    "seed": 35,
    "model": "Ridge",
    "model_rmse": 0.7664928379643634,
    "meta": {
      "n_train": 10806,
      "n_cal": 5403,
      "n_test": 5404,
      "d": 2,
      "p": 17,
      "elapsed": 5904.125811815262
    },
    "Mahal": {
      "params": {},
      "0.01": {
        "coverage": 0.993338267949667,
        "volume": 25.722217221628725,
        "wsc": 0.9666975023126735,
        "threshold": 16.587024638851755
      },
      "0.02": {
        "coverage": 0.9850111028867505,
        "volume": 14.6763919528229,
        "wsc": 0.9306197964847364,
        "threshold": 9.464101513232794
      },
      "0.05": {
        "coverage": 0.9498519615099926,
        "volume": 8.366510235793758,
        "wsc": 0.8621646623496763,
        "threshold": 5.395161320137906
      },
      "0.1": {
        "coverage": 0.9022945965951147,
        "volume": 6.042372692172094,
        "wsc": 0.7779833487511564,
        "threshold": 3.8964364486397587
      }
    },
    "Bonferroni": {
      "params": {},
      "0.01": {
        "coverage": 0.9929681717246485,
        "volume": 23.296902155701254,
        "wsc": 0.96577243293247,
        "threshold": 3.835883925502417
      },
      "0.02": {
        "coverage": 0.9826054774241303,
        "volume": 16.401209267102473,
        "wsc": 0.9250693802035153,
        "threshold": 2.7807228219311324
      },
      "0.05": {
        "coverage": 0.9485566247224279,
        "volume": 9.26772073634159,
        "wsc": 0.8621646623496763,
        "threshold": 2.088982070882095
      },
      "0.1": {
        "coverage": 0.9034048852701703,
        "volume": 7.0098587286944465,
        "wsc": 0.7955596669750231,
        "threshold": 1.8154554193083874
      }
    },
    "Density": {
      "params": {
        "lengthscale": 1.1495696189270788
      },
      "0.01": {
        "coverage": 0.9929681717246485,
        "volume": 19.79545378886052,
        "wsc": 0.9648473635522664,
        "threshold": 1.3112260496923913
      },
      "0.02": {
        "coverage": 0.9844559585492227,
        "volume": 14.086726659388827,
        "wsc": 0.9324699352451434,
        "threshold": 1.1382829480659056
      },
      "0.05": {
        "coverage": 0.9472612879348631,
        "volume": 9.350285645948652,
        "wsc": 0.8658649398704903,
        "threshold": 0.9246892896652935
      },
      "0.1": {
        "coverage": 0.9009992598075499,
        "volume": 7.192393535441021,
        "wsc": 0.7872340425531915,
        "threshold": 0.7951346382079284
      }
    },
    "Kernel": {
      "params": {
        "lengthscale": 1.1495696189270788,
        "gamma": 9.411968610161155
      },
      "0.01": {
        "coverage": 0.9922279792746114,
        "volume": 15.223163564085768,
        "wsc": 0.9620721554116559,
        "threshold": 0.22055075688924977
      },
      "0.02": {
        "coverage": 0.984641006661732,
        "volume": 11.829354167016033,
        "wsc": 0.9352451433857539,
        "threshold": 0.1450971465308843
      },
      "0.05": {
        "coverage": 0.9491117690599555,
        "volume": 7.692079849380468,
        "wsc": 0.8603145235892692,
        "threshold": 0.06880186030046348
      },
      "0.1": {
        "coverage": 0.9048852701702442,
        "volume": 5.479035684629385,
        "wsc": 0.7650323774283071,
        "threshold": 0.03856078333167584
      }
    }
  },
  "elapsed_s": 5904.126520395279
}