{
  "dataset": "house",
  "seed": 12,
  "model": "MLP",
  "split": [
    0.5,
    0.25,
    0.25
  ],
  "alphas": [
    0.01,
    0.02,
    0.05,
    0.1
  ],
  "result": {
    "seed": 12,
    "model": "MLP",
    "model_rmse": 0.5774871347223489,
    "meta": {
      "n_train": 10806,
      "n_cal": 5403,
      "n_test": 5404,
      "d": 2,
      "p": 17,
      "elapsed": 5885.985203266144
    },
    "Mahal": {
      "params": {},
      "0.01": {
        "coverage": 0.9879718726868986,
        "volume": 13.528746943319213,
        "wsc": 0.9481961147086031,
        "threshold": 16.240475308374375
      },
      "0.02": {
        "coverage": 0.975018504811251,
        "volume": 9.11382330346342,
        "wsc": 0.9121184088806661,
        "threshold": 10.940615782445139
      },
      "0.05": {
        "coverage": 0.9500370096225018,
        "volume": 5.790354327638992,
        "wsc": 0.8667900092506938,
        "threshold": 6.95098421744061
      },
      "0.1": {
        "coverage": 0.9011843079200592,
        "volume": 3.865012235786758,
        "wsc": 0.7807585568917669,
        "threshold": 4.6397228098687044
      }
    },
    "Bonferroni": {
      "params": {},
      "0.01": {
        "coverage": 0.9872316802368616,
        "volume": 15.917488635359481,
        "wsc": 0.9472710453283997,
        "threshold": 3.7750390045235083
      },
      "0.02": {
        "coverage": 0.9768689859363434,
        "volume": 11.041636335096968,
        "wsc": 0.9222941720629048,
        "threshold": 3.1443675891297627
      },
      "0.05": {
        "coverage": 0.9485566247224279,
        "volume": 6.679459282915299,
        "wsc": 0.8677150786308974,
        "threshold": 2.4487993640253523
      },
      "0.1": {
        "coverage": 0.9022945965951147,
        "volume": 4.4636008766636515,
        "wsc": 0.793709528214616,
        "threshold": 1.9977889805425706
      }
    },
    "Density": {
      "params": {
        "lengthscale": 0.8174193757068585
      },
      "0.01": {
        "coverage": 0.9885270170244264,
        "volume": 13.541481449898164,
        "wsc": 0.9592969472710453,
        "threshold": 1.418451412734014
      },
      "0.02": {
        "coverage": 0.9759437453737971,
        "volume": 10.378066760778943,
        "wsc": 0.9333950046253469,
        "threshold": 1.3201248432933488
      },
      "0.05": {
        "coverage": 0.9485566247224279,
        "volume": 6.848349563019548,
        "wsc": 0.876040703052729,
        "threshold": 1.1246392662979057
      },
      "0.1": {
        "coverage": 0.8969282013323464,
        "volume": 4.727807137676106,
        "wsc": 0.8075855689176689,
        "threshold": 0.9327424300680863
      }
    },
    "Kernel": {
      "params": {
        "lengthscale": 0.8174193757068585,
        "gamma": 7.780392175498204
      },
      "0.01": {
        "coverage": 0.9851961509992598,
        "volume": 11.020174829695533,
        "wsc": 0.9435707678075855,
        "threshold": 0.27232243458972516
      },
      "0.02": {
        "coverage": 0.9744633604737232,
        "volume": 8.291817915868084,
        "wsc": 0.9185938945420906,
        "threshold": 0.16877815327999554
      },
      "0.05": {
        "coverage": 0.9504071058475203,
        "volume": 5.464334623306585,
        "wsc": 0.8612395929694727,
        "threshold": 0.08282762021001383
      },
      "0.1": {
        "coverage": 0.906180606957809,
        "volume": 3.654731867604312,
        "wsc": 0.7798334875115633,
        "threshold": 0.043719221027236285
      }
    }
  },
  "elapsed_s": 5885.9857795238495
}