{
  "dataset": "house",
  "seed": 45,
  "model": "MLP",
  "split": [
    0.5,
    0.25,
    0.25
  ],
  "alphas": [
    0.01,
    0.02,
    0.05,
    0.1
  ],
  "result": {
    "seed": 45,
    "model": "MLP",
    "model_rmse": 0.5840824383698668,
    "meta": {
      "n_train": 10806,
      "n_cal": 5403,
      "n_test": 5404,
      "d": 2,
      "p": 17,
      "elapsed": 5661.346272230148
    },
    "Mahal": {
      "params": {},
      "0.01": {
        "coverage": 0.9913027387120651,
        "volume": 16.84953834922806,
        "wsc": 0.9629972247918593,
        "threshold": 17.78944338982357
      },
      "0.02": {
        "coverage": 0.9811250925240562,
        "volume": 10.886305938782114,
        "wsc": 0.9361702127659575,
        "threshold": 11.49356850071426
      },
      "0.05": {
        "coverage": 0.9498519615099926,
        "volume": 6.581929207767489,
        "wsc": 0.8630897317298798,
        "threshold": 6.949083981447498
      },
      "0.1": {
        "coverage": 0.9034048852701703,
        "volume": 4.1497425401022445,
        "wsc": 0.7752081406105458,
        "threshold": 4.381224486359506
      }
    },
    "Bonferroni": {
      "params": {},
      "0.01": {
        "coverage": 0.9894522575869726,
        "volume": 18.540198740071673,
        "wsc": 0.9583718778908418,
        "threshold": 3.832320756259788
      },
      "0.02": {
        "coverage": 0.9800148038490007,
        "volume": 12.76024143208319,
        "wsc": 0.9333950046253469,
        "threshold": 3.1776869210259227
      },
      "0.05": {
        "coverage": 0.9455958549222798,
        "volume": 7.5222495988830165,
        "wsc": 0.8584643848288621,
        "threshold": 2.4341763020393987
      },
      "0.1": {
        "coverage": 0.9015544041450777,
        "volume": 4.704651567772726,
        "wsc": 0.7853839037927844,
        "threshold": 1.9218464822989993
      }
    },
    "Density": {
      "params": {
        "lengthscale": 0.8294347649521805
      },
      "0.01": {
        "coverage": 0.9903774981495189,
        "volume": 16.078190525807724,
        "wsc": 0.967622571692877,
        "threshold": 1.4527922518235745
      },
      "0.02": {
        "coverage": 0.978719467061436,
        "volume": 12.126244084217618,
        "wsc": 0.9481961147086031,
        "threshold": 1.364519500252471
      },
      "0.05": {
        "coverage": 0.9515173945225759,
        "volume": 7.793454635487503,
        "wsc": 0.8899167437557817,
        "threshold": 1.1687502499951208
      },
      "0.1": {
        "coverage": 0.9019245003700962,
        "volume": 4.949091779453294,
        "wsc": 0.8029602220166513,
        "threshold": 0.9375489934062737
      }
    },
    "Kernel": {
      "params": {
        "lengthscale": 0.8294347649521805,
        "gamma": 6.301003407525715
      },
      "0.01": {
        "coverage": 0.9900074019245003,
        "volume": 13.295804689613952,
        "wsc": 0.9620721554116559,
        "threshold": 0.2884746473598197
      },
      "0.02": {
        "coverage": 0.9818652849740933,
        "volume": 10.020803803325471,
        "wsc": 0.9352451433857539,
        "threshold": 0.18008683999880243
      },
      "0.05": {
        "coverage": 0.9500370096225018,
        "volume": 6.033823006187111,
        "wsc": 0.8556891766882516,
        "threshold": 0.0765687476772615
      },
      "0.1": {
        "coverage": 0.9043301258327165,
        "volume": 3.9025960168965046,
        "wsc": 0.7733580018501388,
        "threshold": 0.038579617861281015
      }
    }
  },
  "elapsed_s": 5661.3468952178955
}