{
  "dataset": "house",
  "seed": 4,
  "model": "MLP",
  "split": [
    0.5,
    0.25,
    0.25
  ],
  "alphas": [
    0.01,
    0.02,
    0.05,
    0.1
  ],
  "result": {
    "seed": 4,
    "model": "MLP",
    "model_rmse": 0.6082233211323813,
    "meta": {
      "n_train": 10806,
      "n_cal": 5403,
      "n_test": 5404,
      "d": 2,
      "p": 17,
      "elapsed": 5925.558328151703
    },
    "Mahal": {
      "params": {},
      "0.01": {
        "coverage": 0.9866765358993338,
        "volume": 15.124140569875035,
        "wsc": 0.9463459759481961,
        "threshold": 15.756473627835058
      },
      "0.02": {
        "coverage": 0.9785344189489267,
        "volume": 10.322245748698458,
        "wsc": 0.9241443108233117,
        "threshold": 10.753813888992685
      },
      "0.05": {
        "coverage": 0.9492968171724648,
        "volume": 6.670931143640348,
        "wsc": 0.8593894542090657,
        "threshold": 6.9498395728506015
      },
      "0.1": {
        "coverage": 0.8982235381199112,
        "volume": 4.392116388171328,
        "wsc": 0.7678075855689177,
        "threshold": 4.575748666238133
      }
    },
    "Bonferroni": {
      "params": {},
      "0.01": {
        "coverage": 0.9866765358993338,
        "volume": 17.918091580171872,
        "wsc": 0.9481961147086031,
        "threshold": 3.7404657989842516
      },
      "0.02": {
        "coverage": 0.9777942264988897,
        "volume": 12.449534240248427,
        "wsc": 0.9241443108233117,
        "threshold": 3.118823063514895
      },
      "0.05": {
        "coverage": 0.9498519615099926,
        "volume": 7.8826013002345015,
        "wsc": 0.8667900092506938,
        "threshold": 2.4828858959648223
      },
      "0.1": {
        "coverage": 0.8917468541820873,
        "volume": 4.8859312222142055,
        "wsc": 0.7696577243293247,
        "threshold": 1.9539100090627501
      }
    },
    "Density": {
      "params": {
        "lengthscale": 0.8401565998901809
      },
      "0.01": {
        "coverage": 0.9870466321243523,
        "volume": 14.89991841605786,
        "wsc": 0.9546716003700277,
        "threshold": 1.4245690542706158
      },
      "0.02": {
        "coverage": 0.9777942264988897,
        "volume": 11.632847030409083,
        "wsc": 0.9333950046253469,
        "threshold": 1.3381008460886274
      },
      "0.05": {
        "coverage": 0.9489267209474463,
        "volume": 7.7696025828120225,
        "wsc": 0.8806660499537465,
        "threshold": 1.1558687604908868
      },
      "0.1": {
        "coverage": 0.8993338267949667,
        "volume": 5.099188078548636,
        "wsc": 0.8057354301572618,
        "threshold": 0.9405863887527314
      }
    },
    "Kernel": {
      "params": {
        "lengthscale": 0.8401565998901809,
        "gamma": 6.968211655617644
      },
      "0.01": {
        "coverage": 0.9872316802368616,
        "volume": 12.638331336151255,
        "wsc": 0.9509713228492137,
        "threshold": 0.2763708512484104
      },
      "0.02": {
        "coverage": 0.977979274611399,
        "volume": 9.504579084283518,
        "wsc": 0.9250693802035153,
        "threshold": 0.17040994018398803
      },
      "0.05": {
        "coverage": 0.9500370096225018,
        "volume": 6.169181642571957,
        "wsc": 0.8519888991674376,
        "threshold": 0.08162123338306926
      },
      "0.1": {
        "coverage": 0.8980384900074019,
        "volume": 4.059621381347925,
        "wsc": 0.757631822386679,
        "threshold": 0.04241642812888689
      }
    }
  },
  "elapsed_s": 5925.559006214142
}