{
  "dataset": "house",
  "seed": 23,
  "model": "Ridge",
  "split": [
    0.5,
    0.25,
    0.25
  ],
  "alphas": [
    0.01,
    0.02,
    0.05,
    0.1
  ],
  "result": {
    "seed": 23,
    "model": "Ridge",
    "model_rmse": 0.7814135842233332,
    "meta": {
      "n_train": 10806,
      "n_cal": 5403,
      "n_test": 5404,
      "d": 2,
      "p": 17,
      "elapsed": 5879.558312177658
    },
    "Mahal": {
      "params": {},
      "0.01": {
        "coverage": 0.9913027387120651,
        "volume": 24.02558113307833,
        "wsc": 0.9574468085106383,
        "threshold": 14.43988121421472
      },
      "0.02": {
        "coverage": 0.985381199111769,
        "volume": 15.764881674298259,
        "wsc": 0.9315448658649399,
        "threshold": 9.475026534096994
      },
      "0.05": {
        "coverage": 0.9559585492227979,
        "volume": 9.099771420619916,
        "wsc": 0.8667900092506938,
        "threshold": 5.4691546340723916
      },
      "0.1": {
        "coverage": 0.9048852701702442,
        "volume": 6.418176723454628,
        "wsc": 0.7779833487511564,
        "threshold": 3.857459637924193
      }
    },
    "Bonferroni": {
      "params": {},
      "0.01": {
        "coverage": 0.9914877868245744,
        "volume": 27.372521068942614,
        "wsc": 0.9574468085106383,
        "threshold": 3.5996622710677704
      },
      "0.02": {
        "coverage": 0.9857512953367875,
        "volume": 19.29580699445412,
        "wsc": 0.9352451433857539,
        "threshold": 2.913781500439062
      },
      "0.05": {
        "coverage": 0.9570688378978535,
        "volume": 10.32173147656447,
        "wsc": 0.8695652173913043,
        "threshold": 2.1271077698836542
      },
      "0.1": {
        "coverage": 0.9071058475203553,
        "volume": 7.327083905604712,
        "wsc": 0.7992599444958371,
        "threshold": 1.7928953644722647
      }
    },
    "Density": {
      "params": {
        "lengthscale": 1.178767853786061
      },
      "0.01": {
        "coverage": 0.9907475943745374,
        "volume": 20.313787980345136,
        "wsc": 0.9555966697502313,
        "threshold": 1.2960030181144533
      },
      "0.02": {
        "coverage": 0.9833456698741673,
        "volume": 14.53723693974373,
        "wsc": 0.9315448658649399,
        "threshold": 1.131007030537354
      },
      "0.05": {
        "coverage": 0.9552183567727609,
        "volume": 10.073115049536462,
        "wsc": 0.8723404255319149,
        "threshold": 0.9388460599172723
      },
      "0.1": {
        "coverage": 0.9039600296076981,
        "volume": 7.437375169226929,
        "wsc": 0.7890841813135985,
        "threshold": 0.787413788113897
      }
    },
    "Kernel": {
      "params": {
        "lengthscale": 1.178767853786061,
        "gamma": 8.513033387601933
      },
      "0.01": {
        "coverage": 0.9894522575869726,
        "volume": 16.141532184924085,
        "wsc": 0.9500462534690102,
        "threshold": 0.21873146143397384
      },
      "0.02": {
        "coverage": 0.981680236861584,
        "volume": 11.942441307802312,
        "wsc": 0.9213691026827012,
        "threshold": 0.12756695699260398
      },
      "0.05": {
        "coverage": 0.9585492227979274,
        "volume": 8.55061608431673,
        "wsc": 0.8741905642923219,
        "threshold": 0.07070333517650504
      },
      "0.1": {
        "coverage": 0.9048852701702442,
        "volume": 5.559288317278712,
        "wsc": 0.7520814061054579,
        "threshold": 0.034288630289437974
      }
    }
  },
  "elapsed_s": 5879.559015274048
}