{
  "dataset": "house",
  "seed": 5,
  "model": "MLP",
  "split": [
    0.5,
    0.25,
    0.25
  ],
  "alphas": [
    0.01,
    0.02,
    0.05,
    0.1
  ],
  "result": {
    "seed": 5,
    "model": "MLP",
    "model_rmse": 0.5960956632974711,
    "meta": {
      "n_train": 10806,
      "n_cal": 5403,
      "n_test": 5404,
      "d": 2,
      "p": 17,
      "elapsed": 5905.755648612976
    },
    "Mahal": {
      "params": {},
      "0.01": {
        "coverage": 0.9909326424870466,
        "volume": 14.611109889276436,
        "wsc": 0.9620721554116559,
        "threshold": 15.037415260496942
      },
      "0.02": {
        "coverage": 0.9837157660991858,
        "volume": 10.35021295007667,
        "wsc": 0.9380203515263644,
        "threshold": 10.65219900091953
      },
      "0.05": {
        "coverage": 0.9541080680977054,
        "volume": 6.634255804266808,
        "wsc": 0.8769657724329325,
        "threshold": 6.827822131865607
      },
      "0.1": {
        "coverage": 0.909141376757957,
        "volume": 4.390035616910763,
        "wsc": 0.8020351526364478,
        "threshold": 4.518122790131733
      }
    },
    "Bonferroni": {
      "params": {},
      "0.01": {
        "coverage": 0.9903774981495189,
        "volume": 17.158889373539143,
        "wsc": 0.9620721554116559,
        "threshold": 3.641077895827682
      },
      "0.02": {
        "coverage": 0.9839008142116951,
        "volume": 12.721413897499277,
        "wsc": 0.940795559666975,
        "threshold": 3.138038343146432
      },
      "0.05": {
        "coverage": 0.9529977794226498,
        "volume": 7.631067568617428,
        "wsc": 0.876040703052729,
        "threshold": 2.4330169269130373
      },
      "0.1": {
        "coverage": 0.9063656550703183,
        "volume": 4.997324533722763,
        "wsc": 0.8075855689176689,
        "threshold": 1.967660152292512
      }
    },
    "Density": {
      "params": {
        "lengthscale": 0.8537534540614238
      },
      "0.01": {
        "coverage": 0.9903774981495189,
        "volume": 14.84162351243509,
        "wsc": 0.96577243293247,
        "threshold": 1.41879818346456
      },
      "0.02": {
        "coverage": 0.9818652849740933,
        "volume": 11.42340448209302,
        "wsc": 0.9444958371877891,
        "threshold": 1.322913238780917
      },
      "0.05": {
        "coverage": 0.9502220577350111,
        "volume": 7.22000652082375,
        "wsc": 0.8973172987974098,
        "threshold": 1.10654911083694
      },
      "0.1": {
        "coverage": 0.9037749814951888,
        "volume": 5.100890361078723,
        "wsc": 0.8251618871415356,
        "threshold": 0.9274377154364566
      }
    },
    "Kernel": {
      "params": {
        "lengthscale": 0.8537534540614238,
        "gamma": 7.5384617362569175
      },
      "0.01": {
        "coverage": 0.9887120651369357,
        "volume": 11.647640900146534,
        "wsc": 0.9574468085106383,
        "threshold": 0.25817976639925033
      },
      "0.02": {
        "coverage": 0.9785344189489267,
        "volume": 8.633219250973628,
        "wsc": 0.9259944495837188,
        "threshold": 0.1545637018308661
      },
      "0.05": {
        "coverage": 0.9541080680977054,
        "volume": 5.958705958251052,
        "wsc": 0.8723404255319149,
        "threshold": 0.08169480198683778
      },
      "0.1": {
        "coverage": 0.903219837157661,
        "volume": 3.8984020669819213,
        "wsc": 0.7844588344125809,
        "threshold": 0.041910373303458606
      }
    }
  },
  "elapsed_s": 5905.756199121475
}