{
  "dataset": "house",
  "seed": 31,
  "model": "Ridge",
  "split": [
    0.5,
    0.25,
    0.25
  ],
  "alphas": [
    0.01,
    0.02,
    0.05,
    0.1
  ],
  "result": {
    "seed": 31,
    "model": "Ridge",
    "model_rmse": 0.7719913890860066,
    "meta": {
      "n_train": 10806,
      "n_cal": 5403,
      "n_test": 5404,
      "d": 2,
      "p": 17,
      "elapsed": 5905.492927312851
    },
    "Mahal": {
      "params": {},
      "0.01": {
        "coverage": 0.9916728349370837,
        "volume": 22.38283227517934,
        "wsc": 0.9592969472710453,
        "threshold": 13.600459046138306
      },
      "0.02": {
        "coverage": 0.9835307179866766,
        "volume": 14.205135617839698,
        "wsc": 0.9241443108233117,
        "threshold": 8.631453018995623
      },
      "0.05": {
        "coverage": 0.9535529237601776,
        "volume": 8.787899224995659,
        "wsc": 0.8640148011100832,
        "threshold": 5.3397828318483604
      },
      "0.1": {
        "coverage": 0.9026646928201333,
        "volume": 6.294762525430992,
        "wsc": 0.782608695652174,
        "threshold": 3.824880554871797
      }
    },
    "Bonferroni": {
      "params": {},
      "0.01": {
        "coverage": 0.9913027387120651,
        "volume": 22.923702126140174,
        "wsc": 0.9574468085106383,
        "threshold": 3.514282309107663
      },
      "0.02": {
        "coverage": 0.9814951887490747,
        "volume": 15.938167730654774,
        "wsc": 0.9204440333024977,
        "threshold": 2.6695617670381955
      },
      "0.05": {
        "coverage": 0.9507772020725389,
        "volume": 9.77083618509614,
        "wsc": 0.8714153561517114,
        "threshold": 2.0891593360842378
      },
      "0.1": {
        "coverage": 0.8993338267949667,
        "volume": 7.1448436240962945,
        "wsc": 0.7909343200740055,
        "threshold": 1.7870199540066638
      }
    },
    "Density": {
      "params": {
        "lengthscale": 1.151620527472411
      },
      "0.01": {
        "coverage": 0.9901924500370096,
        "volume": 18.56034310231382,
        "wsc": 0.9509713228492137,
        "threshold": 1.2813569980744806
      },
      "0.02": {
        "coverage": 0.9805699481865285,
        "volume": 14.02248399433666,
        "wsc": 0.9278445883441259,
        "threshold": 1.1371075753325532
      },
      "0.05": {
        "coverage": 0.9494818652849741,
        "volume": 9.548036970510733,
        "wsc": 0.8695652173913043,
        "threshold": 0.9350985629988023
      },
      "0.1": {
        "coverage": 0.8974833456698742,
        "volume": 7.1476480897344326,
        "wsc": 0.7816836262719704,
        "threshold": 0.791470542698491
      }
    },
    "Kernel": {
      "params": {
        "lengthscale": 1.151620527472411,
        "gamma": 9.058544881719417
      },
      "0.01": {
        "coverage": 0.9896373056994818,
        "volume": 15.483065279043599,
        "wsc": 0.9491211840888066,
        "threshold": 0.23178182228004487
      },
      "0.02": {
        "coverage": 0.9800148038490007,
        "volume": 11.587350900376764,
        "wsc": 0.9185938945420906,
        "threshold": 0.1382544319536715
      },
      "0.05": {
        "coverage": 0.9509622501850481,
        "volume": 7.896440415117284,
        "wsc": 0.8575393154486587,
        "threshold": 0.06902060123860027
      },
      "0.1": {
        "coverage": 0.9050703182827535,
        "volume": 5.478523624102621,
        "wsc": 0.7705827937095282,
        "threshold": 0.03677444568705319
      }
    }
  },
  "elapsed_s": 5905.4936237335205
}