{
  "dataset": "house",
  "seed": 6,
  "model": "Ridge",
  "split": [
    0.5,
    0.25,
    0.25
  ],
  "alphas": [
    0.01,
    0.02,
    0.05,
    0.1
  ],
  "result": {
    "seed": 6,
    "model": "Ridge",
    "model_rmse": 0.7715669666603442,
    "meta": {
      "n_train": 10806,
      "n_cal": 5403,
      "n_test": 5404,
      "d": 2,
      "p": 17,
      "elapsed": 5812.415786027908
    },
    "Mahal": {
      "params": {},
      "0.01": {
        "coverage": 0.9907475943745374,
        "volume": 23.228486137652066,
        "wsc": 0.9574468085106383,
        "threshold": 15.191215767628696
      },
      "0.02": {
        "coverage": 0.9796447076239823,
        "volume": 13.340572874265254,
        "wsc": 0.913968547641073,
        "threshold": 8.724611659829106
      },
      "0.05": {
        "coverage": 0.9474463360473723,
        "volume": 8.180741603558268,
        "wsc": 0.8482886216466234,
        "threshold": 5.350129582376314
      },
      "0.1": {
        "coverage": 0.9028497409326425,
        "volume": 5.98927050426577,
        "wsc": 0.7678075855689177,
        "threshold": 3.9169276887793054
      }
    },
    "Bonferroni": {
      "params": {},
      "0.01": {
        "coverage": 0.9909326424870466,
        "volume": 20.743284910861863,
        "wsc": 0.9583718778908418,
        "threshold": 3.6312180082202152
      },
      "0.02": {
        "coverage": 0.9790895632864545,
        "volume": 15.315285161442612,
        "wsc": 0.9148936170212766,
        "threshold": 2.7139494535708018
      },
      "0.05": {
        "coverage": 0.9496669133974833,
        "volume": 9.42219394178873,
        "wsc": 0.8519888991674376,
        "threshold": 2.1229515846233227
      },
      "0.1": {
        "coverage": 0.9034048852701703,
        "volume": 6.826233448792335,
        "wsc": 0.7927844588344126,
        "threshold": 1.8054670905050896
      }
    },
    "Density": {
      "params": {
        "lengthscale": 1.1508441733285475
      },
      "0.01": {
        "coverage": 0.9914877868245744,
        "volume": 18.600820308008544,
        "wsc": 0.9602220166512488,
        "threshold": 1.2875300812202028
      },
      "0.02": {
        "coverage": 0.9811250925240562,
        "volume": 13.802967864189615,
        "wsc": 0.9296947271045328,
        "threshold": 1.12854077391911
      },
      "0.05": {
        "coverage": 0.9518874907475944,
        "volume": 9.479145150259223,
        "wsc": 0.8732654949121184,
        "threshold": 0.9323812334503857
      },
      "0.1": {
        "coverage": 0.8963730569948186,
        "volume": 7.100843358564683,
        "wsc": 0.7835337650323775,
        "threshold": 0.7882925786737153
      }
    },
    "Kernel": {
      "params": {
        "lengthscale": 1.1508441733285475,
        "gamma": 8.880424053057903
      },
      "0.01": {
        "coverage": 0.9920429311621022,
        "volume": 15.535903151413669,
        "wsc": 0.9620721554116559,
        "threshold": 0.234822147311072
      },
      "0.02": {
        "coverage": 0.9801998519615099,
        "volume": 11.230802467839426,
        "wsc": 0.9269195189639223,
        "threshold": 0.13176096648889363
      },
      "0.05": {
        "coverage": 0.9494818652849741,
        "volume": 7.6460168038065985,
        "wsc": 0.8519888991674376,
        "threshold": 0.06547914340570983
      },
      "0.1": {
        "coverage": 0.903219837157661,
        "volume": 5.383248057503415,
        "wsc": 0.7502312673450509,
        "threshold": 0.03572826381323861
      }
    }
  },
  "elapsed_s": 5812.41640329361
}