{
  "dataset": "house",
  "seed": 0,
  "model": "MLP",
  "split": [
    0.5,
    0.25,
    0.25
  ],
  "alphas": [
    0.01,
    0.02,
    0.05,
    0.1
  ],
  "result": {
    "seed": 0,
    "model": "MLP",
    "model_rmse": 0.5984212178067898,
    "meta": {
      "n_train": 10806,
      "n_cal": 5403,
      "n_test": 5404,
      "d": 2,
      "p": 17,
      "elapsed": 5946.944711446762
    },
    "Mahal": {
      "params": {},
      "0.01": {
        "coverage": 0.9905625462620281,
        "volume": 17.310151846379448,
        "wsc": 0.9574468085106383,
        "threshold": 18.163492056350858
      },
      "0.02": {
        "coverage": 0.9807549962990377,
        "volume": 11.567019960387501,
        "wsc": 0.9259944495837188,
        "threshold": 12.137240448881082
      },
      "0.05": {
        "coverage": 0.9529977794226498,
        "volume": 6.743187330670497,
        "wsc": 0.8649398704902868,
        "threshold": 7.075606880983939
      },
      "0.1": {
        "coverage": 0.9021095484826055,
        "volume": 4.339366093424062,
        "wsc": 0.7789084181313598,
        "threshold": 4.55328423846216
      }
    },
    "Bonferroni": {
      "params": {},
      "0.01": {
        "coverage": 0.9911176905995559,
        "volume": 20.715922955203812,
        "wsc": 0.9611470860314524,
        "threshold": 4.036280689855709
      },
      "0.02": {
        "coverage": 0.9796447076239823,
        "volume": 13.57346167973208,
        "wsc": 0.9259944495837188,
        "threshold": 3.266131958166416
      },
      "0.05": {
        "coverage": 0.9548482605477424,
        "volume": 7.860368919774942,
        "wsc": 0.876040703052729,
        "threshold": 2.4885043824331117
      },
      "0.1": {
        "coverage": 0.901739452257587,
        "volume": 4.957756277703334,
        "wsc": 0.793709528214616,
        "threshold": 1.9749197987408937
      }
    },
    "Density": {
      "params": {
        "lengthscale": 0.8353198422591527
      },
      "0.01": {
        "coverage": 0.9901924500370096,
        "volume": 16.528587356988552,
        "wsc": 0.9620721554116559,
        "threshold": 1.4583372867200313
      },
      "0.02": {
        "coverage": 0.981680236861584,
        "volume": 12.348011482015206,
        "wsc": 0.9454209065679926,
        "threshold": 1.3684082220923692
      },
      "0.05": {
        "coverage": 0.9531828275351591,
        "volume": 7.760788182016754,
        "wsc": 0.8852913968547641,
        "threshold": 1.1644014621250511
      },
      "0.1": {
        "coverage": 0.9000740192450037,
        "volume": 5.173003390934261,
        "wsc": 0.8140610545790934,
        "threshold": 0.957248130707115
      }
    },
    "Kernel": {
      "params": {
        "lengthscale": 0.8353198422591527,
        "gamma": 6.114255543836762
      },
      "0.01": {
        "coverage": 0.9901924500370096,
        "volume": 14.694323937289349,
        "wsc": 0.9602220166512488,
        "threshold": 0.3088253879936729
      },
      "0.02": {
        "coverage": 0.9801998519615099,
        "volume": 10.142213644130837,
        "wsc": 0.9287696577243293,
        "threshold": 0.17189772066569403
      },
      "0.05": {
        "coverage": 0.9518874907475944,
        "volume": 6.286104484769333,
        "wsc": 0.8593894542090657,
        "threshold": 0.07785525005557699
      },
      "0.1": {
        "coverage": 0.9035899333826795,
        "volume": 4.029483542510579,
        "wsc": 0.7789084181313598,
        "threshold": 0.03884371025257413
      }
    }
  },
  "elapsed_s": 5946.94521355629
}