{
  "dataset": "house",
  "seed": 2,
  "model": "Ridge",
  "split": [
    0.5,
    0.25,
    0.25
  ],
  "alphas": [
    0.01,
    0.02,
    0.05,
    0.1
  ],
  "result": {
    "seed": 2,
    "model": "Ridge",
    "model_rmse": 0.7817446110417112,
    "meta": {
      "n_train": 10806,
      "n_cal": 5403,
      "n_test": 5404,
      "d": 2,
      "p": 17,
      "elapsed": 5907.488699913025
    },
    "Mahal": {
      "params": {},
      "0.01": {
        "coverage": 0.9914877868245744,
        "volume": 24.552729832580663,
        "wsc": 0.9592969472710453,
        "threshold": 16.497939175690195
      },
      "0.02": {
        "coverage": 0.9790895632864545,
        "volume": 13.994200766043498,
        "wsc": 0.9121184088806661,
        "threshold": 9.403250661937339
      },
      "0.05": {
        "coverage": 0.9492968171724648,
        "volume": 8.558763617295158,
        "wsc": 0.8390379278445883,
        "threshold": 5.750967918437949
      },
      "0.1": {
        "coverage": 0.8935973353071799,
        "volume": 5.970736245226255,
        "wsc": 0.7483811285846439,
        "threshold": 4.011971136387405
      }
    },
    "Bonferroni": {
      "params": {},
      "0.01": {
        "coverage": 0.9896373056994818,
        "volume": 22.43901897702251,
        "wsc": 0.9509713228492137,
        "threshold": 3.7622422232432933
      },
      "0.02": {
        "coverage": 0.9789045151739453,
        "volume": 15.921025054721277,
        "wsc": 0.9130434782608695,
        "threshold": 2.822451003620025
      },
      "0.05": {
        "coverage": 0.9505921539600296,
        "volume": 9.725237169416417,
        "wsc": 0.8529139685476411,
        "threshold": 2.1846174176963284
      },
      "0.1": {
        "coverage": 0.8904515173945226,
        "volume": 6.714068537199963,
        "wsc": 0.7641073080481036,
        "threshold": 1.8159576940747701
      }
    },
    "Density": {
      "params": {
        "lengthscale": 1.1361199711763352
      },
      "0.01": {
        "coverage": 0.9894522575869726,
        "volume": 18.63303650770573,
        "wsc": 0.9500462534690102,
        "threshold": 1.294603477134261
      },
      "0.02": {
        "coverage": 0.9764988897113249,
        "volume": 13.484272195729277,
        "wsc": 0.913968547641073,
        "threshold": 1.1285343508069445
      },
      "0.05": {
        "coverage": 0.9478164322723909,
        "volume": 9.54759101913574,
        "wsc": 0.8640148011100832,
        "threshold": 0.9483359053770912
      },
      "0.1": {
        "coverage": 0.8923019985196151,
        "volume": 7.106164659030226,
        "wsc": 0.7641073080481036,
        "threshold": 0.8005215858602405
      }
    },
    "Kernel": {
      "params": {
        "lengthscale": 1.1361199711763352,
        "gamma": 8.709945424232723
      },
      "0.01": {
        "coverage": 0.9883419689119171,
        "volume": 15.25287371939058,
        "wsc": 0.9454209065679926,
        "threshold": 0.22453621774419283
      },
      "0.02": {
        "coverage": 0.9774241302738712,
        "volume": 11.160267551100764,
        "wsc": 0.9111933395004626,
        "threshold": 0.12885353642414005
      },
      "0.05": {
        "coverage": 0.9496669133974833,
        "volume": 7.996519729121565,
        "wsc": 0.8529139685476411,
        "threshold": 0.07107437947182926
      },
      "0.1": {
        "coverage": 0.8937823834196891,
        "volume": 5.36061199313329,
        "wsc": 0.7363552266419982,
        "threshold": 0.03607877353242169
      }
    }
  },
  "elapsed_s": 5907.489381074905
}