{
  "dataset": "house",
  "seed": 35,
  "model": "MLP",
  "split": [
    0.5,
    0.25,
    0.25
  ],
  "alphas": [
    0.01,
    0.02,
    0.05,
    0.1
  ],
  "result": {
    "seed": 35,
    "model": "MLP",
    "model_rmse": 0.605899884242979,
    "meta": {
      "n_train": 10806,
      "n_cal": 5403,
      "n_test": 5404,
      "d": 2,
      "p": 17,
      "elapsed": 5915.828129053116
    },
    "Mahal": {
      "params": {},
      "0.01": {
        "coverage": 0.9918578830495929,
        "volume": 16.635900700742255,
        "wsc": 0.9620721554116559,
        "threshold": 16.87616590876982
      },
      "0.02": {
        "coverage": 0.9855662472242783,
        "volume": 11.064186122326287,
        "wsc": 0.9435707678075855,
        "threshold": 11.223981436578066
      },
      "0.05": {
        "coverage": 0.9531828275351591,
        "volume": 6.736694469924107,
        "wsc": 0.8677150786308974,
        "threshold": 6.833989670668016
      },
      "0.1": {
        "coverage": 0.9030347890451518,
        "volume": 4.540334108545786,
        "wsc": 0.7807585568917669,
        "threshold": 4.605908214735043
      }
    },
    "Bonferroni": {
      "params": {},
      "0.01": {
        "coverage": 0.9916728349370837,
        "volume": 19.077825190872826,
        "wsc": 0.9611470860314524,
        "threshold": 3.8494859060290594
      },
      "0.02": {
        "coverage": 0.9857512953367875,
        "volume": 13.819603124569063,
        "wsc": 0.9435707678075855,
        "threshold": 3.238982505240984
      },
      "0.05": {
        "coverage": 0.9537379718726869,
        "volume": 7.762046107905943,
        "wsc": 0.8732654949121184,
        "threshold": 2.4287860654392066
      },
      "0.1": {
        "coverage": 0.9076609918578831,
        "volume": 5.291748380660438,
        "wsc": 0.7946345975948196,
        "threshold": 2.005310405531112
      }
    },
    "Density": {
      "params": {
        "lengthscale": 0.8707963275564703
      },
      "0.01": {
        "coverage": 0.9929681717246485,
        "volume": 16.184757822252283,
        "wsc": 0.9722479185938946,
        "threshold": 1.4288720296918411
      },
      "0.02": {
        "coverage": 0.9835307179866766,
        "volume": 11.79528989838759,
        "wsc": 0.9537465309898242,
        "threshold": 1.315870947074842
      },
      "0.05": {
        "coverage": 0.9541080680977054,
        "volume": 8.077137116111889,
        "wsc": 0.8945420906567992,
        "threshold": 1.1390631423728286
      },
      "0.1": {
        "coverage": 0.9039600296076981,
        "volume": 5.464282119416985,
        "wsc": 0.8085106382978723,
        "threshold": 0.9390922166988831
      }
    },
    "Kernel": {
      "params": {
        "lengthscale": 0.8707963275564703,
        "gamma": 7.236105636878018
      },
      "0.01": {
        "coverage": 0.993338267949667,
        "volume": 12.743492953839962,
        "wsc": 0.9703977798334875,
        "threshold": 0.26046560561630994
      },
      "0.02": {
        "coverage": 0.9863064396743153,
        "volume": 10.024142605659142,
        "wsc": 0.9454209065679926,
        "threshold": 0.17556799183998836
      },
      "0.05": {
        "coverage": 0.9541080680977054,
        "volume": 6.078743393466669,
        "wsc": 0.8649398704902868,
        "threshold": 0.07645977129170071
      },
      "0.1": {
        "coverage": 0.9011843079200592,
        "volume": 4.0558951827024625,
        "wsc": 0.7696577243293247,
        "threshold": 0.04064887805085152
      }
    }
  },
  "elapsed_s": 5915.828886508942
}