{
  "dataset": "house",
  "seed": 47,
  "model": "MLP",
  "split": [
    0.5,
    0.25,
    0.25
  ],
  "alphas": [
    0.01,
    0.02,
    0.05,
    0.1
  ],
  "result": {
    "seed": 47,
    "model": "MLP",
    "model_rmse": 0.5936383670033436,
    "meta": {
      "n_train": 10806,
      "n_cal": 5403,
      "n_test": 5404,
      "d": 2,
      "p": 17,
      "elapsed": 5675.046277046204
    },
    "Mahal": {
      "params": {},
      "0.01": {
        "coverage": 0.9894522575869726,
        "volume": 16.253475648285004,
        "wsc": 0.9528214616096207,
        "threshold": 17.398347455198877
      },
      "0.02": {
        "coverage": 0.9805699481865285,
        "volume": 10.696296893449999,
        "wsc": 0.9306197964847364,
        "threshold": 11.44972889880594
      },
      "0.05": {
        "coverage": 0.9470762398223538,
        "volume": 6.629144239893036,
        "wsc": 0.8538390379278445,
        "threshold": 7.096091772128696
      },
      "0.1": {
        "coverage": 0.9006291635825314,
        "volume": 4.3482182806999905,
        "wsc": 0.7715078630897317,
        "threshold": 4.6545006185583695
      }
    },
    "Bonferroni": {
      "params": {},
      "0.01": {
        "coverage": 0.9898223538119911,
        "volume": 18.533990130826602,
        "wsc": 0.9546716003700277,
        "threshold": 3.8750408347383907
      },
      "0.02": {
        "coverage": 0.9813101406365655,
        "volume": 13.227303535770309,
        "wsc": 0.9352451433857539,
        "threshold": 3.273448638940803
      },
      "0.05": {
        "coverage": 0.9481865284974094,
        "volume": 7.815581754071053,
        "wsc": 0.8667900092506938,
        "threshold": 2.5136618565146183
      },
      "0.1": {
        "coverage": 0.8984085862324205,
        "volume": 4.989336411402794,
        "wsc": 0.7816836262719704,
        "threshold": 2.00912663089166
      }
    },
    "Density": {
      "params": {
        "lengthscale": 0.8221960438555318
      },
      "0.01": {
        "coverage": 0.9905625462620281,
        "volume": 15.766831206791563,
        "wsc": 0.9639222941720629,
        "threshold": 1.4542006366100535
      },
      "0.02": {
        "coverage": 0.9818652849740933,
        "volume": 12.347345017376819,
        "wsc": 0.938945420906568,
        "threshold": 1.3792255901877604
      },
      "0.05": {
        "coverage": 0.9459659511472983,
        "volume": 7.548603567531683,
        "wsc": 0.877890841813136,
        "threshold": 1.1658014741670655
      },
      "0.1": {
        "coverage": 0.8923019985196151,
        "volume": 4.919158910836189,
        "wsc": 0.7927844588344126,
        "threshold": 0.945995568554595
      }
    },
    "Kernel": {
      "params": {
        "lengthscale": 0.8221960438555318,
        "gamma": 6.577655722368482
      },
      "0.01": {
        "coverage": 0.9876017764618801,
        "volume": 13.056051949251236,
        "wsc": 0.9481961147086031,
        "threshold": 0.2793345505359745
      },
      "0.02": {
        "coverage": 0.9792746113989638,
        "volume": 9.520769582984354,
        "wsc": 0.9287696577243293,
        "threshold": 0.16580826882881922
      },
      "0.05": {
        "coverage": 0.9476313841598816,
        "volume": 6.23450841345993,
        "wsc": 0.849213691026827,
        "threshold": 0.08230679171173813
      },
      "0.1": {
        "coverage": 0.9008142116950407,
        "volume": 4.11829036956292,
        "wsc": 0.7622571692876966,
        "threshold": 0.04332555681126831
      }
    }
  },
  "elapsed_s": 5675.046962976456
}