{
  "dataset": "house",
  "seed": 11,
  "model": "MLP",
  "split": [
    0.5,
    0.25,
    0.25
  ],
  "alphas": [
    0.01,
    0.02,
    0.05,
    0.1
  ],
  "result": {
    "seed": 11,
    "model": "MLP",
    "model_rmse": 0.6018864160514616,
    "meta": {
      "n_train": 10806,
      "n_cal": 5403,
      "n_test": 5404,
      "d": 2,
      "p": 17,
      "elapsed": 5903.140557765961
    },
    "Mahal": {
      "params": {},
      "0.01": {
        "coverage": 0.9913027387120651,
        "volume": 17.858521061220063,
        "wsc": 0.9602220166512488,
        "threshold": 19.227152953154608
      },
      "0.02": {
        "coverage": 0.9807549962990377,
        "volume": 11.459194741262056,
        "wsc": 0.9278445883441259,
        "threshold": 12.337398447213749
      },
      "0.05": {
        "coverage": 0.9537379718726869,
        "volume": 7.027595086938346,
        "wsc": 0.8603145235892692,
        "threshold": 7.566172202401302
      },
      "0.1": {
        "coverage": 0.8967431532198371,
        "volume": 4.201229846631999,
        "wsc": 0.759481961147086,
        "threshold": 4.523201477638661
      }
    },
    "Bonferroni": {
      "params": {},
      "0.01": {
        "coverage": 0.9909326424870466,
        "volume": 20.69868659119293,
        "wsc": 0.9602220166512488,
        "threshold": 4.08640854796267
      },
      "0.02": {
        "coverage": 0.9818652849740933,
        "volume": 13.73901642223632,
        "wsc": 0.9352451433857539,
        "threshold": 3.3277148479709884
      },
      "0.05": {
        "coverage": 0.9533678756476683,
        "volume": 7.997805286583231,
        "wsc": 0.8649398704902868,
        "threshold": 2.543303374072008
      },
      "0.1": {
        "coverage": 0.8919319022945966,
        "volume": 4.681788849195489,
        "wsc": 0.7668825161887142,
        "threshold": 1.9446481030764795
      }
    },
    "Density": {
      "params": {
        "lengthscale": 0.8056903167852063
      },
      "0.01": {
        "coverage": 0.9900074019245003,
        "volume": 17.651921988547723,
        "wsc": 0.9620721554116559,
        "threshold": 1.4862358658218628
      },
      "0.02": {
        "coverage": 0.9837157660991858,
        "volume": 13.451948152711335,
        "wsc": 0.9472710453283997,
        "threshold": 1.419498992455197
      },
      "0.05": {
        "coverage": 0.9476313841598816,
        "volume": 7.763877811712389,
        "wsc": 0.8714153561517114,
        "threshold": 1.1992056930833803
      },
      "0.1": {
        "coverage": 0.8971132494448557,
        "volume": 4.941168373755542,
        "wsc": 0.7872340425531915,
        "threshold": 0.9713232980031772
      }
    },
    "Kernel": {
      "params": {
        "lengthscale": 0.8056903167852063,
        "gamma": 6.741812782767347
      },
      "0.01": {
        "coverage": 0.9890821613619541,
        "volume": 14.249677091909861,
        "wsc": 0.9555966697502313,
        "threshold": 0.3108585390008489
      },
      "0.02": {
        "coverage": 0.9805699481865285,
        "volume": 10.887075690848532,
        "wsc": 0.9287696577243293,
        "threshold": 0.20908333712787597
      },
      "0.05": {
        "coverage": 0.9489267209474463,
        "volume": 6.529453401785635,
        "wsc": 0.845513413506013,
        "threshold": 0.09415943743024688
      },
      "0.1": {
        "coverage": 0.8971132494448557,
        "volume": 4.044793460155497,
        "wsc": 0.7520814061054579,
        "threshold": 0.045922203595815954
      }
    }
  },
  "elapsed_s": 5903.14133477211
}