{
  "dataset": "house",
  "seed": 28,
  "model": "Ridge",
  "split": [
    0.5,
    0.25,
    0.25
  ],
  "alphas": [
    0.01,
    0.02,
    0.05,
    0.1
  ],
  "result": {
    "seed": 28,
    "model": "Ridge",
    "model_rmse": 0.7627006575596732,
    "meta": {
      "n_train": 10806,
      "n_cal": 5403,
      "n_test": 5404,
      "d": 2,
      "p": 17,
      "elapsed": 5864.623426198959
    },
    "Mahal": {
      "params": {},
      "0.01": {
        "coverage": 0.9881569207994079,
        "volume": 22.063619930253548,
        "wsc": 0.9435707678075855,
        "threshold": 14.263512937202831
      },
      "0.02": {
        "coverage": 0.978719467061436,
        "volume": 13.331782111282207,
        "wsc": 0.9074930619796485,
        "threshold": 8.61862410707588
      },
      "0.05": {
        "coverage": 0.9524426350851222,
        "volume": 8.580675405802968,
        "wsc": 0.8501387604070305,
        "threshold": 5.547166559590127
      },
      "0.1": {
        "coverage": 0.8989637305699482,
        "volume": 6.009088109325802,
        "wsc": 0.7437557816836263,
        "threshold": 3.8847073263183836
      }
    },
    "Bonferroni": {
      "params": {},
      "0.01": {
        "coverage": 0.9879718726868986,
        "volume": 23.004245297491003,
        "wsc": 0.9426456984273821,
        "threshold": 3.5723926273870594
      },
      "0.02": {
        "coverage": 0.978719467061436,
        "volume": 15.869701672000065,
        "wsc": 0.9084181313598519,
        "threshold": 2.7383273059574202
      },
      "0.05": {
        "coverage": 0.9507772020725389,
        "volume": 9.563237485144475,
        "wsc": 0.8538390379278445,
        "threshold": 2.1247961636256574
      },
      "0.1": {
        "coverage": 0.8972982975573649,
        "volume": 6.82854871559537,
        "wsc": 0.7678075855689177,
        "threshold": 1.7939392179770268
      }
    },
    "Density": {
      "params": {
        "lengthscale": 1.145347525117737
      },
      "0.01": {
        "coverage": 0.9877868245743894,
        "volume": 18.54192377828622,
        "wsc": 0.9435707678075855,
        "threshold": 1.2785699491582114
      },
      "0.02": {
        "coverage": 0.9790895632864545,
        "volume": 13.498553870626152,
        "wsc": 0.9222941720629048,
        "threshold": 1.1209407865206185
      },
      "0.05": {
        "coverage": 0.9467061435973353,
        "volume": 9.362660282010424,
        "wsc": 0.8538390379278445,
        "threshold": 0.9290693219705728
      },
      "0.1": {
        "coverage": 0.8982235381199112,
        "volume": 7.048808338662743,
        "wsc": 0.7650323774283071,
        "threshold": 0.7892111016983799
      }
    },
    "Kernel": {
      "params": {
        "lengthscale": 1.145347525117737,
        "gamma": 9.054582301387091
      },
      "0.01": {
        "coverage": 0.9885270170244264,
        "volume": 15.546526344705073,
        "wsc": 0.9463459759481961,
        "threshold": 0.23275373517966677
      },
      "0.02": {
        "coverage": 0.9813101406365655,
        "volume": 11.483774630163591,
        "wsc": 0.9213691026827012,
        "threshold": 0.13724229109017108
      },
      "0.05": {
        "coverage": 0.9491117690599555,
        "volume": 7.824012123748409,
        "wsc": 0.845513413506013,
        "threshold": 0.06926274586699052
      },
      "0.1": {
        "coverage": 0.9008142116950407,
        "volume": 5.355703223974839,
        "wsc": 0.730804810360777,
        "threshold": 0.03625591084539145
      }
    }
  },
  "elapsed_s": 5864.624103069305
}