{
  "dataset": "house",
  "seed": 19,
  "model": "MLP",
  "split": [
    0.5,
    0.25,
    0.25
  ],
  "alphas": [
    0.01,
    0.02,
    0.05,
    0.1
  ],
  "result": {
    "seed": 19,
    "model": "MLP",
    "model_rmse": 0.590017829501733,
    "meta": {
      "n_train": 10806,
      "n_cal": 5403,
      "n_test": 5404,
      "d": 2,
      "p": 17,
      "elapsed": 5933.291780471802
    },
    "Mahal": {
      "params": {},
      "0.01": {
        "coverage": 0.9901924500370096,
        "volume": 16.220908741525907,
        "wsc": 0.9592969472710453,
        "threshold": 17.470349928822287
      },
      "0.02": {
        "coverage": 0.9798297557364914,
        "volume": 10.713785963087316,
        "wsc": 0.9324699352451434,
        "threshold": 11.539032295920071
      },
      "0.05": {
        "coverage": 0.9485566247224279,
        "volume": 6.591287382164338,
        "wsc": 0.8640148011100832,
        "threshold": 7.098991732383642
      },
      "0.1": {
        "coverage": 0.9037749814951888,
        "volume": 4.332331003408966,
        "wsc": 0.788159111933395,
        "threshold": 4.666035660707409
      }
    },
    "Bonferroni": {
      "params": {},
      "0.01": {
        "coverage": 0.9885270170244264,
        "volume": 18.56325486206991,
        "wsc": 0.9565217391304348,
        "threshold": 3.8803180614660824
      },
      "0.02": {
        "coverage": 0.9768689859363434,
        "volume": 12.53934988839777,
        "wsc": 0.9278445883441259,
        "threshold": 3.186600307400183
      },
      "0.05": {
        "coverage": 0.9485566247224279,
        "volume": 7.700933559602718,
        "wsc": 0.8695652173913043,
        "threshold": 2.4938594038801547
      },
      "0.1": {
        "coverage": 0.9043301258327165,
        "volume": 4.934624008505037,
        "wsc": 0.7946345975948196,
        "threshold": 1.9962679657684745
      }
    },
    "Density": {
      "params": {
        "lengthscale": 0.814520553485828
      },
      "0.01": {
        "coverage": 0.9905625462620281,
        "volume": 15.57480381107849,
        "wsc": 0.9685476410730804,
        "threshold": 1.4574978104701417
      },
      "0.02": {
        "coverage": 0.9772390821613619,
        "volume": 11.57371611722413,
        "wsc": 0.9333950046253469,
        "threshold": 1.3641081635538992
      },
      "0.05": {
        "coverage": 0.9491117690599555,
        "volume": 7.556198590743242,
        "wsc": 0.8843663274745606,
        "threshold": 1.1772070682645477
      },
      "0.1": {
        "coverage": 0.9008142116950407,
        "volume": 4.990180555943199,
        "wsc": 0.8094357076780758,
        "threshold": 0.9638684022604995
      }
    },
    "Kernel": {
      "params": {
        "lengthscale": 0.814520553485828,
        "gamma": 6.564209566795707
      },
      "0.01": {
        "coverage": 0.9922279792746114,
        "volume": 15.079198756797826,
        "wsc": 0.9703977798334875,
        "threshold": 0.35093225829637364
      },
      "0.02": {
        "coverage": 0.9790895632864545,
        "volume": 10.001025437457908,
        "wsc": 0.9324699352451434,
        "threshold": 0.18336829226030496
      },
      "0.05": {
        "coverage": 0.9461509992598075,
        "volume": 6.230802298963953,
        "wsc": 0.8556891766882516,
        "threshold": 0.08266337180339897
      },
      "0.1": {
        "coverage": 0.9041450777202072,
        "volume": 4.062149082120997,
        "wsc": 0.7752081406105458,
        "threshold": 0.04285914744612402
      }
    }
  },
  "elapsed_s": 5933.292400598526
}