{
  "dataset": "house",
  "seed": 49,
  "model": "MLP",
  "split": [
    0.5,
    0.25,
    0.25
  ],
  "alphas": [
    0.01,
    0.02,
    0.05,
    0.1
  ],
  "result": {
    "seed": 49,
    "model": "MLP",
    "model_rmse": 0.5750986142410689,
    "meta": {
      "n_train": 10806,
      "n_cal": 5403,
      "n_test": 5404,
      "d": 2,
      "p": 17,
      "elapsed": 5693.525030136108
    },
    "Mahal": {
      "params": {},
      "0.01": {
        "coverage": 0.9916728349370837,
        "volume": 17.504659998620408,
        "wsc": 0.96577243293247,
        "threshold": 18.484324619957828
      },
      "0.02": {
        "coverage": 0.9829755736491488,
        "volume": 10.985121931799736,
        "wsc": 0.9352451433857539,
        "threshold": 11.599914525229718
      },
      "0.05": {
        "coverage": 0.9552183567727609,
        "volume": 6.456276169451443,
        "wsc": 0.8732654949121184,
        "threshold": 6.817607686275759
      },
      "0.1": {
        "coverage": 0.9071058475203553,
        "volume": 4.260464601266694,
        "wsc": 0.7798334875115633,
        "threshold": 4.4989054759052385
      }
    },
    "Bonferroni": {
      "params": {},
      "0.01": {
        "coverage": 0.9925980754996299,
        "volume": 20.251553142592698,
        "wsc": 0.9685476410730804,
        "threshold": 4.00084555102123
      },
      "0.02": {
        "coverage": 0.9822353811991118,
        "volume": 13.053406092822136,
        "wsc": 0.9361702127659575,
        "threshold": 3.212198904869834
      },
      "0.05": {
        "coverage": 0.9565136935603257,
        "volume": 7.632935701424102,
        "wsc": 0.8788159111933395,
        "threshold": 2.4571929200805696
      },
      "0.1": {
        "coverage": 0.9115470022205774,
        "volume": 4.913278847282976,
        "wsc": 0.7974098057354302,
        "threshold": 1.9730642194830719
      }
    },
    "Density": {
      "params": {
        "lengthscale": 0.8267968844592801
      },
      "0.01": {
        "coverage": 0.9922279792746114,
        "volume": 15.88510178183641,
        "wsc": 0.9703977798334875,
        "threshold": 1.4532246166829408
      },
      "0.02": {
        "coverage": 0.9844559585492227,
        "volume": 11.874352836352612,
        "wsc": 0.9537465309898242,
        "threshold": 1.3611987300086081
      },
      "0.05": {
        "coverage": 0.9529977794226498,
        "volume": 7.264609192081394,
        "wsc": 0.8889916743755781,
        "threshold": 1.1395689881313895
      },
      "0.1": {
        "coverage": 0.9124722427831237,
        "volume": 4.9843822006490335,
        "wsc": 0.8149861239592969,
        "threshold": 0.9483076167166213
      }
    },
    "Kernel": {
      "params": {
        "lengthscale": 0.8267968844592801,
        "gamma": 6.9990843539398675
      },
      "0.01": {
        "coverage": 0.9916728349370837,
        "volume": 13.766853056231424,
        "wsc": 0.9639222941720629,
        "threshold": 0.312645474645534
      },
      "0.02": {
        "coverage": 0.9827905255366395,
        "volume": 9.8583964024048,
        "wsc": 0.9380203515263644,
        "threshold": 0.18496406261206258
      },
      "0.05": {
        "coverage": 0.956698741672835,
        "volume": 6.127141186666693,
        "wsc": 0.8741905642923219,
        "threshold": 0.08474927948367739
      },
      "0.1": {
        "coverage": 0.9067357512953368,
        "volume": 3.9387173499066948,
        "wsc": 0.7715078630897317,
        "threshold": 0.0427996631313138
      }
    }
  },
  "elapsed_s": 5693.525648593903
}