{
  "dataset": "house",
  "seed": 49,
  "model": "Ridge",
  "split": [
    0.5,
    0.25,
    0.25
  ],
  "alphas": [
    0.01,
    0.02,
    0.05,
    0.1
  ],
  "result": {
    "seed": 49,
    "model": "Ridge",
    "model_rmse": 0.7581944454671457,
    "meta": {
      "n_train": 10806,
      "n_cal": 5403,
      "n_test": 5404,
      "d": 2,
      "p": 17,
      "elapsed": 5683.345256567001
    },
    "Mahal": {
      "params": {},
      "0.01": {
        "coverage": 0.9914877868245744,
        "volume": 23.44114804193759,
        "wsc": 0.9583718778908418,
        "threshold": 14.009210534418196
      },
      "0.02": {
        "coverage": 0.9833456698741673,
        "volume": 13.75975831466002,
        "wsc": 0.9259944495837188,
        "threshold": 8.223289695023404
      },
      "0.05": {
        "coverage": 0.9548482605477424,
        "volume": 8.897550945408094,
        "wsc": 0.8649398704902868,
        "threshold": 5.317472685720495
      },
      "0.1": {
        "coverage": 0.9096965210954848,
        "volume": 6.426963315791313,
        "wsc": 0.786308973172988,
        "threshold": 3.8409672609388434
      }
    },
    "Bonferroni": {
      "params": {},
      "0.01": {
        "coverage": 0.9918578830495929,
        "volume": 26.52027737613233,
        "wsc": 0.9602220166512488,
        "threshold": 3.602253122415023
      },
      "0.02": {
        "coverage": 0.9837157660991858,
        "volume": 16.3714073018749,
        "wsc": 0.9306197964847364,
        "threshold": 2.689443882450062
      },
      "0.05": {
        "coverage": 0.9561435973353072,
        "volume": 9.997919036390703,
        "wsc": 0.876040703052729,
        "threshold": 2.1002167375479237
      },
      "0.1": {
        "coverage": 0.9085862324204294,
        "volume": 7.281335642157868,
        "wsc": 0.81313598519889,
        "threshold": 1.7906214666131994
      }
    },
    "Density": {
      "params": {
        "lengthscale": 1.1483914596464935
      },
      "0.01": {
        "coverage": 0.9907475943745374,
        "volume": 19.48999150971736,
        "wsc": 0.9565217391304348,
        "threshold": 1.3002383152466155
      },
      "0.02": {
        "coverage": 0.9807549962990377,
        "volume": 14.004455773717547,
        "wsc": 0.9278445883441259,
        "threshold": 1.1371261367654195
      },
      "0.05": {
        "coverage": 0.9548482605477424,
        "volume": 9.735985084158598,
        "wsc": 0.879740980573543,
        "threshold": 0.9468316304633118
      },
      "0.1": {
        "coverage": 0.9041450777202072,
        "volume": 7.190515218665945,
        "wsc": 0.786308973172988,
        "threshold": 0.7947085432632788
      }
    },
    "Kernel": {
      "params": {
        "lengthscale": 1.1483914596464935,
        "gamma": 7.660674876141943
      },
      "0.01": {
        "coverage": 0.9913027387120651,
        "volume": 16.530744508512004,
        "wsc": 0.9602220166512488,
        "threshold": 0.22991812037046458
      },
      "0.02": {
        "coverage": 0.9822353811991118,
        "volume": 11.798447314302265,
        "wsc": 0.9259944495837188,
        "threshold": 0.12761157171929544
      },
      "0.05": {
        "coverage": 0.9552183567727609,
        "volume": 8.003170658339736,
        "wsc": 0.8593894542090657,
        "threshold": 0.06228748551297503
      },
      "0.1": {
        "coverage": 0.9100666173205033,
        "volume": 5.569575852826327,
        "wsc": 0.7752081406105458,
        "threshold": 0.03317905874379953
      }
    }
  },
  "elapsed_s": 5683.345871686935
}