{
  "dataset": "house",
  "seed": 14,
  "model": "MLP",
  "split": [
    0.5,
    0.25,
    0.25
  ],
  "alphas": [
    0.01,
    0.02,
    0.05,
    0.1
  ],
  "result": {
    "seed": 14,
    "model": "MLP",
    "model_rmse": 0.5843975291814524,
    "meta": {
      "n_train": 10806,
      "n_cal": 5403,
      "n_test": 5404,
      "d": 3,
      "p": 16,
      "elapsed": 2863.936700105667
    },
    "Mahal": {
      "params": {},
      "0.01": {
        "coverage": 0.9887120651369357,
        "volume": 70.20598964801847,
        "wsc": 0.9537465309898242,
        "threshold": 22.27720190867366
      },
      "0.02": {
        "coverage": 0.9796447076239823,
        "volume": 42.9144559504516,
        "wsc": 0.9176688251618872,
        "threshold": 16.045266619244398
      },
      "0.05": {
        "coverage": 0.9455958549222798,
        "volume": 21.256210533851746,
        "wsc": 0.8334875115633672,
        "threshold": 10.044656567716297
      },
      "0.1": {
        "coverage": 0.8941524796447077,
        "volume": 10.942337366265287,
        "wsc": 0.7206290471785384,
        "threshold": 6.4518549880883205
      }
    },
    "Bonferroni": {
      "params": {},
      "0.01": {
        "coverage": 0.9892672094744633,
        "volume": 104.05273352809681,
        "wsc": 0.9555966697502313,
        "threshold": 4.247129786678632
      },
      "0.02": {
        "coverage": 0.9807549962990377,
        "volume": 60.99617528848893,
        "wsc": 0.9278445883441259,
        "threshold": 3.5517293817309508
      },
      "0.05": {
        "coverage": 0.945780903034789,
        "volume": 29.029383064274995,
        "wsc": 0.8482886216466234,
        "threshold": 2.7664205822419237
      },
      "0.1": {
        "coverage": 0.8934122871946706,
        "volume": 14.391581341025221,
        "wsc": 0.7465309898242368,
        "threshold": 2.1927509244119707
      }
    },
    "Density": {
      "params": {
        "lengthscale": 1.6419435240335123
      },
      "0.01": {
        "coverage": 0.9876017764618801,
        "volume": 65.47984844879807,
        "wsc": 0.9509713228492137,
        "threshold": 1.1424495197972615
      },
      "0.02": {
        "coverage": 0.9776091783863805,
        "volume": 46.860663144977245,
        "wsc": 0.9333950046253469,
        "threshold": 1.0044827177632811
      },
      "0.05": {
        "coverage": 0.9474463360473723,
        "volume": 25.412405649396288,
        "wsc": 0.8686401480111008,
        "threshold": 0.7589206636610432
      },
      "0.1": {
        "coverage": 0.8897113249444856,
        "volume": 14.00009093328818,
        "wsc": 0.755781683626272,
        "threshold": 0.5643918868843115
      }
    },
    "Kernel": {
      "params": {
        "lengthscale": 1.6419435240335123,
        "gamma": 0.8977991549734003
      },
      "0.01": {
        "coverage": 0.9890821613619541,
        "volume": 53.971507783622386,
        "wsc": 0.9555966697502313,
        "threshold": 0.07207154252305305
      },
      "0.02": {
        "coverage": 0.9759437453737971,
        "volume": 35.80044357545025,
        "wsc": 0.9158186864014801,
        "threshold": 0.0400958114764255
      },
      "0.05": {
        "coverage": 0.9448556624722427,
        "volume": 19.072230807114003,
        "wsc": 0.8362627197039778,
        "threshold": 0.016966834322474297
      },
      "0.1": {
        "coverage": 0.8958179126572909,
        "volume": 10.299398588453121,
        "wsc": 0.7224791859389454,
        "threshold": 0.00794648354726353
      }
    }
  },
  "elapsed_s": 2863.937435865402
}