{
  "dataset": "house",
  "seed": 5,
  "model": "MLP",
  "split": [
    0.5,
    0.25,
    0.25
  ],
  "alphas": [
    0.01,
    0.02,
    0.05,
    0.1
  ],
  "result": {
    "seed": 5,
    "model": "MLP",
    "model_rmse": 0.5629927643328597,
    "meta": {
      "n_train": 10806,
      "n_cal": 5403,
      "n_test": 5404,
      "d": 3,
      "p": 16,
      "elapsed": 675.8224663734436
    },
    "Mahal": {
      "params": {},
      "0.01": {
        "coverage": 0.9901924500370096,
        "volume": 66.51739496803607,
        "wsc": 0.9583718778908418,
        "threshold": 21.42764991108125
      },
      "0.02": {
        "coverage": 0.9813101406365655,
        "volume": 42.055858068358596,
        "wsc": 0.9287696577243293,
        "threshold": 15.784665610931242
      },
      "0.05": {
        "coverage": 0.956698741672835,
        "volume": 20.910923347537956,
        "wsc": 0.8603145235892692,
        "threshold": 9.906795400676119
      },
      "0.1": {
        "coverage": 0.90840118430792,
        "volume": 10.793266236386476,
        "wsc": 0.7465309898242368,
        "threshold": 6.374600616656758
      }
    },
    "Bonferroni": {
      "params": {},
      "0.01": {
        "coverage": 0.9913027387120651,
        "volume": 104.16092726801833,
        "wsc": 0.9620721554116559,
        "threshold": 4.225714255929603
      },
      "0.02": {
        "coverage": 0.9814951887490747,
        "volume": 61.531453928824135,
        "wsc": 0.938945420906568,
        "threshold": 3.547942085271909
      },
      "0.05": {
        "coverage": 0.9552183567727609,
        "volume": 27.021880273285987,
        "wsc": 0.8686401480111008,
        "threshold": 2.7141002631644024
      },
      "0.1": {
        "coverage": 0.906180606957809,
        "volume": 14.649405390342944,
        "wsc": 0.7641073080481036,
        "threshold": 2.194027490839857
      }
    },
    "Density": {
      "params": {
        "lengthscale": 1.6276203742711088
      },
      "0.01": {
        "coverage": 0.9903774981495189,
        "volume": 73.69648611911903,
        "wsc": 0.9620721554116559,
        "threshold": 1.203161130355508
      },
      "0.02": {
        "coverage": 0.9805699481865285,
        "volume": 46.12636444383437,
        "wsc": 0.940795559666975,
        "threshold": 1.0074187820424017
      },
      "0.05": {
        "coverage": 0.956698741672835,
        "volume": 24.12262168794165,
        "wsc": 0.8825161887141536,
        "threshold": 0.7566449720328612
      },
      "0.1": {
        "coverage": 0.9078460399703923,
        "volume": 13.780121725912613,
        "wsc": 0.786308973172988,
        "threshold": 0.5720006819999144
      }
    },
    "Kernel": {
      "params": {
        "lengthscale": 1.6276203742711088,
        "gamma": 1.102396341713565
      },
      "0.01": {
        "coverage": 0.9879718726868986,
        "volume": 50.853094369174286,
        "wsc": 0.9491211840888066,
        "threshold": 0.07884755305897986
      },
      "0.02": {
        "coverage": 0.9805699481865285,
        "volume": 35.245501303266096,
        "wsc": 0.9259944495837188,
        "threshold": 0.04724441607424213
      },
      "0.05": {
        "coverage": 0.9550333086602517,
        "volume": 18.324104517252973,
        "wsc": 0.8547641073080481,
        "threshold": 0.019979319917533957
      },
      "0.1": {
        "coverage": 0.9109918578830496,
        "volume": 10.283230621272422,
        "wsc": 0.7520814061054579,
        "threshold": 0.009638795000513949
      }
    }
  },
  "elapsed_s": 675.8234348297119
}