{
  "dataset": "house",
  "seed": 18,
  "model": "MLP",
  "split": [
    0.5,
    0.25,
    0.25
  ],
  "alphas": [
    0.01,
    0.02,
    0.05,
    0.1
  ],
  "result": {
    "seed": 18,
    "model": "MLP",
    "model_rmse": 0.5826226016345131,
    "meta": {
      "n_train": 10806,
      "n_cal": 5403,
      "n_test": 5404,
      "d": 3,
      "p": 16,
      "elapsed": 2923.909371137619
    },
    "Mahal": {
      "params": {},
      "0.01": {
        "coverage": 0.9922279792746114,
        "volume": 80.12908268606506,
        "wsc": 0.96577243293247,
        "threshold": 23.522524521300276
      },
      "0.02": {
        "coverage": 0.9861213915618061,
        "volume": 51.87543634151001,
        "wsc": 0.9454209065679926,
        "threshold": 17.60347161954428
      },
      "0.05": {
        "coverage": 0.9609548482605478,
        "volume": 24.15844986379525,
        "wsc": 0.8686401480111008,
        "threshold": 10.576367315893062
      },
      "0.1": {
        "coverage": 0.9102516654330126,
        "volume": 12.199490866403803,
        "wsc": 0.7539315448658649,
        "threshold": 6.7068452648858505
      }
    },
    "Bonferroni": {
      "params": {},
      "0.01": {
        "coverage": 0.9913027387120651,
        "volume": 107.06540941296971,
        "wsc": 0.96577243293247,
        "threshold": 4.190398133674595
      },
      "0.02": {
        "coverage": 0.9822353811991118,
        "volume": 70.63839438511035,
        "wsc": 0.9333950046253469,
        "threshold": 3.6485757850396383
      },
      "0.05": {
        "coverage": 0.9585492227979274,
        "volume": 33.1035615219468,
        "wsc": 0.8704902867715079,
        "threshold": 2.8504791808051313
      },
      "0.1": {
        "coverage": 0.9100666173205033,
        "volume": 16.693668759583787,
        "wsc": 0.7696577243293247,
        "threshold": 2.259193669354677
      }
    },
    "Density": {
      "params": {
        "lengthscale": 1.6675723280278085
      },
      "0.01": {
        "coverage": 0.9916728349370837,
        "volume": 74.9659783427272,
        "wsc": 0.969472710453284,
        "threshold": 1.1757758389463706
      },
      "0.02": {
        "coverage": 0.9829755736491488,
        "volume": 54.1739293155895,
        "wsc": 0.9444958371877891,
        "threshold": 1.0389412726549014
      },
      "0.05": {
        "coverage": 0.9583641746854182,
        "volume": 29.30532894376102,
        "wsc": 0.8871415356151712,
        "threshold": 0.7989395854491451
      },
      "0.1": {
        "coverage": 0.9071058475203553,
        "volume": 15.825969075774106,
        "wsc": 0.7927844588344126,
        "threshold": 0.5877782652534652
      }
    },
    "Kernel": {
      "params": {
        "lengthscale": 1.6675723280278085,
        "gamma": 0.976360702801015
      },
      "0.01": {
        "coverage": 0.9892672094744633,
        "volume": 57.69930035798607,
        "wsc": 0.9592969472710453,
        "threshold": 0.07423411381281522
      },
      "0.02": {
        "coverage": 0.9837157660991858,
        "volume": 40.378050066087106,
        "wsc": 0.9380203515263644,
        "threshold": 0.044014997338041616
      },
      "0.05": {
        "coverage": 0.9592894152479645,
        "volume": 22.778481007683144,
        "wsc": 0.8723404255319149,
        "threshold": 0.020071871579816783
      },
      "0.1": {
        "coverage": 0.9132124352331606,
        "volume": 11.607529732472939,
        "wsc": 0.7604070305272895,
        "threshold": 0.009025020366649105
      }
    }
  },
  "elapsed_s": 2923.910079240799
}