{
  "dataset": "house",
  "seed": 43,
  "model": "Ridge",
  "split": [
    0.5,
    0.25,
    0.25
  ],
  "alphas": [
    0.01,
    0.02,
    0.05,
    0.1
  ],
  "result": {
    "seed": 43,
    "model": "Ridge",
    "model_rmse": 0.720384561511099,
    "meta": {
      "n_train": 10806,
      "n_cal": 5403,
      "n_test": 5404,
      "d": 3,
      "p": 16,
      "elapsed": 2917.139308452606
    },
    "Mahal": {
      "params": {},
      "0.01": {
        "coverage": 0.9914877868245744,
        "volume": 126.2167758737971,
        "wsc": 0.9602220166512488,
        "threshold": 22.737910161642127
      },
      "0.02": {
        "coverage": 0.9800148038490007,
        "volume": 65.210560735142,
        "wsc": 0.913968547641073,
        "threshold": 14.640338376955592
      },
      "0.05": {
        "coverage": 0.9470762398223538,
        "volume": 26.95095264442727,
        "wsc": 0.8075855689176689,
        "threshold": 8.12310197733404
      },
      "0.1": {
        "coverage": 0.8948926720947447,
        "volume": 16.02083890097425,
        "wsc": 0.7076780758556892,
        "threshold": 5.742874517537259
      }
    },
    "Bonferroni": {
      "params": {},
      "0.01": {
        "coverage": 0.9918578830495929,
        "volume": 184.7858189069936,
        "wsc": 0.9629972247918593,
        "threshold": 4.233836680236273
      },
      "0.02": {
        "coverage": 0.9807549962990377,
        "volume": 88.85377225743639,
        "wsc": 0.9204440333024977,
        "threshold": 3.3162944651152575
      },
      "0.05": {
        "coverage": 0.9502220577350111,
        "volume": 37.269448621529314,
        "wsc": 0.8297872340425532,
        "threshold": 2.4864341577759297
      },
      "0.1": {
        "coverage": 0.8969282013323464,
        "volume": 20.39951582426489,
        "wsc": 0.7224791859389454,
        "threshold": 2.0317079254321686
      }
    },
    "Density": {
      "params": {
        "lengthscale": 2.102063025017464
      },
      "0.01": {
        "coverage": 0.9911176905995559,
        "volume": 101.0066753016793,
        "wsc": 0.9611470860314524,
        "threshold": 1.0159820687569763
      },
      "0.02": {
        "coverage": 0.9807549962990377,
        "volume": 61.47425349423863,
        "wsc": 0.9213691026827012,
        "threshold": 0.8168178443794969
      },
      "0.05": {
        "coverage": 0.9459659511472983,
        "volume": 34.558794371095075,
        "wsc": 0.8501387604070305,
        "threshold": 0.6178726633829378
      },
      "0.1": {
        "coverage": 0.9006291635825314,
        "volume": 22.18751031976783,
        "wsc": 0.7705827937095282,
        "threshold": 0.4933026423979009
      }
    },
    "Kernel": {
      "params": {
        "lengthscale": 2.102063025017464,
        "gamma": 0.8781808608118075
      },
      "0.01": {
        "coverage": 0.9900074019245003,
        "volume": 76.67903111248503,
        "wsc": 0.9555966697502313,
        "threshold": 0.055661106727927484
      },
      "0.02": {
        "coverage": 0.978719467061436,
        "volume": 47.2521904078717,
        "wsc": 0.906567992599445,
        "threshold": 0.028275827902248828
      },
      "0.05": {
        "coverage": 0.9415247964470762,
        "volume": 24.2539405993033,
        "wsc": 0.8085106382978723,
        "threshold": 0.011564638001424045
      },
      "0.1": {
        "coverage": 0.8935973353071799,
        "volume": 14.986396611162082,
        "wsc": 0.7076780758556892,
        "threshold": 0.0061699761009874655
      }
    }
  },
  "elapsed_s": 2917.140130996704
}