{
  "dataset": "house",
  "seed": 40,
  "model": "Ridge",
  "split": [
    0.5,
    0.25,
    0.25
  ],
  "alphas": [
    0.01,
    0.02,
    0.05,
    0.1
  ],
  "result": {
    "seed": 40,
    "model": "Ridge",
    "model_rmse": 0.7236096629613455,
    "meta": {
      "n_train": 10806,
      "n_cal": 5403,
      "n_test": 5404,
      "d": 3,
      "p": 16,
      "elapsed": 857.7661564350128
    },
    "Mahal": {
      "params": {},
      "0.01": {
        "coverage": 0.9916728349370837,
        "volume": 151.59492022058723,
        "wsc": 0.9592969472710453,
        "threshold": 23.06807515830398
      },
      "0.02": {
        "coverage": 0.9801998519615099,
        "volume": 73.12058274004026,
        "wsc": 0.9148936170212766,
        "threshold": 14.18778791293616
      },
      "0.05": {
        "coverage": 0.9548482605477424,
        "volume": 30.759701441196768,
        "wsc": 0.8381128584643849,
        "threshold": 7.965438137009407
      },
      "0.1": {
        "coverage": 0.9106217616580311,
        "volume": 18.33868498756036,
        "wsc": 0.7391304347826086,
        "threshold": 5.642441332409721
      }
    },
    "Bonferroni": {
      "params": {},
      "0.01": {
        "coverage": 0.9922279792746114,
        "volume": 220.4388383710796,
        "wsc": 0.9629972247918593,
        "threshold": 4.26882801685703
      },
      "0.02": {
        "coverage": 0.9813101406365655,
        "volume": 100.57518128114693,
        "wsc": 0.9222941720629048,
        "threshold": 3.2912725146673982
      },
      "0.05": {
        "coverage": 0.9559585492227979,
        "volume": 43.65775796617553,
        "wsc": 0.8547641073080481,
        "threshold": 2.4782843289516054
      },
      "0.1": {
        "coverage": 0.9050703182827535,
        "volume": 22.398920670979926,
        "wsc": 0.7502312673450509,
        "threshold": 1.9899859890842908
      }
    },
    "Density": {
      "params": {
        "lengthscale": 2.1359613690975237
      },
      "0.01": {
        "coverage": 0.9922279792746114,
        "volume": 128.29655640755473,
        "wsc": 0.9620721554116559,
        "threshold": 1.0964873899160044
      },
      "0.02": {
        "coverage": 0.9801998519615099,
        "volume": 67.28350748718424,
        "wsc": 0.9158186864014801,
        "threshold": 0.828605892625755
      },
      "0.05": {
        "coverage": 0.9565136935603257,
        "volume": 39.184169937282725,
        "wsc": 0.8677150786308974,
        "threshold": 0.6323133372182125
      },
      "0.1": {
        "coverage": 0.9109918578830496,
        "volume": 23.935554786167483,
        "wsc": 0.7761332099907493,
        "threshold": 0.4928256522075425
      }
    },
    "Kernel": {
      "params": {
        "lengthscale": 2.1359613690975237,
        "gamma": 1.0529203545845356
      },
      "0.01": {
        "coverage": 0.9920429311621022,
        "volume": 87.65010561872256,
        "wsc": 0.9620721554116559,
        "threshold": 0.06856643865756341
      },
      "0.02": {
        "coverage": 0.9805699481865285,
        "volume": 52.140226126222984,
        "wsc": 0.9176688251618872,
        "threshold": 0.03260994025014366
      },
      "0.05": {
        "coverage": 0.9557735011102887,
        "volume": 29.66075608630177,
        "wsc": 0.849213691026827,
        "threshold": 0.015298652410598836
      },
      "0.1": {
        "coverage": 0.9132124352331606,
        "volume": 16.853406424637733,
        "wsc": 0.759481961147086,
        "threshold": 0.007666466087478903
      }
    }
  },
  "elapsed_s": 857.7669079303741
}