{
  "dataset": "house",
  "seed": 35,
  "model": "Ridge",
  "split": [
    0.5,
    0.25,
    0.25
  ],
  "alphas": [
    0.01,
    0.02,
    0.05,
    0.1
  ],
  "result": {
    "seed": 35,
    "model": "Ridge",
    "model_rmse": 0.709750034693568,
    "meta": {
      "n_train": 10806,
      "n_cal": 5403,
      "n_test": 5404,
      "d": 3,
      "p": 16,
      "elapsed": 2906.411728620529
    },
    "Mahal": {
      "params": {},
      "0.01": {
        "coverage": 0.9922279792746114,
        "volume": 124.31323335353703,
        "wsc": 0.9648473635522664,
        "threshold": 22.108368957894537
      },
      "0.02": {
        "coverage": 0.9835307179866766,
        "volume": 69.17068635870294,
        "wsc": 0.9306197964847364,
        "threshold": 14.956380962855988
      },
      "0.05": {
        "coverage": 0.9537379718726869,
        "volume": 28.467673950366486,
        "wsc": 0.8362627197039778,
        "threshold": 8.275224489919115
      },
      "0.1": {
        "coverage": 0.902479644707624,
        "volume": 16.62169194690307,
        "wsc": 0.727104532839963,
        "threshold": 5.780897666262174
      }
    },
    "Bonferroni": {
      "params": {},
      "0.01": {
        "coverage": 0.9929681717246485,
        "volume": 191.30153465749632,
        "wsc": 0.967622571692877,
        "threshold": 4.249056288779027
      },
      "0.02": {
        "coverage": 0.985381199111769,
        "volume": 101.74726620879005,
        "wsc": 0.9361702127659575,
        "threshold": 3.4455824476387398
      },
      "0.05": {
        "coverage": 0.9535529237601776,
        "volume": 37.88861155818617,
        "wsc": 0.8436632747456059,
        "threshold": 2.483947060315234
      },
      "0.1": {
        "coverage": 0.9000740192450037,
        "volume": 20.530090245611103,
        "wsc": 0.7372802960222017,
        "threshold": 2.0214359214837523
      }
    },
    "Density": {
      "params": {
        "lengthscale": 2.11832950099853
      },
      "0.01": {
        "coverage": 0.9903774981495189,
        "volume": 90.60682637500413,
        "wsc": 0.9574468085106383,
        "threshold": 0.9612299379231203
      },
      "0.02": {
        "coverage": 0.9851961509992598,
        "volume": 63.36190289000787,
        "wsc": 0.9380203515263644,
        "threshold": 0.8202058956843467
      },
      "0.05": {
        "coverage": 0.9524426350851222,
        "volume": 35.29021773353015,
        "wsc": 0.8612395929694727,
        "threshold": 0.6162275397689218
      },
      "0.1": {
        "coverage": 0.898778682457439,
        "volume": 22.29824861025003,
        "wsc": 0.757631822386679,
        "threshold": 0.4874975938218612
      }
    },
    "Kernel": {
      "params": {
        "lengthscale": 2.11832950099853,
        "gamma": 0.884543729612091
      },
      "0.01": {
        "coverage": 0.9913027387120651,
        "volume": 71.60520308507304,
        "wsc": 0.9611470860314524,
        "threshold": 0.04989316995183925
      },
      "0.02": {
        "coverage": 0.981680236861584,
        "volume": 46.420236201709166,
        "wsc": 0.9213691026827012,
        "threshold": 0.026946528044383487
      },
      "0.05": {
        "coverage": 0.9524426350851222,
        "volume": 27.310925467173348,
        "wsc": 0.8371877890841813,
        "threshold": 0.013102645091873338
      },
      "0.1": {
        "coverage": 0.9013693560325685,
        "volume": 15.503518234545236,
        "wsc": 0.7354301572617946,
        "threshold": 0.006313050215780944
      }
    }
  },
  "elapsed_s": 2906.412483692169
}