{
  "dataset": "house",
  "seed": 39,
  "model": "MLP",
  "split": [
    0.5,
    0.25,
    0.25
  ],
  "alphas": [
    0.01,
    0.02,
    0.05,
    0.1
  ],
  "result": {
    "seed": 39,
    "model": "MLP",
    "model_rmse": 0.5889287845554868,
    "meta": {
      "n_train": 10806,
      "n_cal": 5403,
      "n_test": 5404,
      "d": 3,
      "p": 16,
      "elapsed": 2927.7756793498993
    },
    "Mahal": {
      "params": {},
      "0.01": {
        "coverage": 0.9920429311621022,
        "volume": 87.10000573081605,
        "wsc": 0.96577243293247,
        "threshold": 24.86408070009529
      },
      "0.02": {
        "coverage": 0.981680236861584,
        "volume": 49.29404053755576,
        "wsc": 0.9287696577243293,
        "threshold": 17.012046569502083
      },
      "0.05": {
        "coverage": 0.9452257586972613,
        "volume": 20.468188733507567,
        "wsc": 0.8307123034227567,
        "threshold": 9.468471861750801
      },
      "0.1": {
        "coverage": 0.8939674315321984,
        "volume": 11.092947492370064,
        "wsc": 0.7335800185013877,
        "threshold": 6.293973680585613
      }
    },
    "Bonferroni": {
      "params": {},
      "0.01": {
        "coverage": 0.9909326424870466,
        "volume": 120.24390975003213,
        "wsc": 0.9639222941720629,
        "threshold": 4.388797513916681
      },
      "0.02": {
        "coverage": 0.981680236861584,
        "volume": 75.04597236860421,
        "wsc": 0.9352451433857539,
        "threshold": 3.736119913653309
      },
      "0.05": {
        "coverage": 0.9500370096225018,
        "volume": 30.190908424151118,
        "wsc": 0.8538390379278445,
        "threshold": 2.7608449302507245
      },
      "0.1": {
        "coverage": 0.8956328645447816,
        "volume": 15.313810453517418,
        "wsc": 0.757631822386679,
        "threshold": 2.1948557654701895
      }
    },
    "Density": {
      "params": {
        "lengthscale": 1.6419445100163137
      },
      "0.01": {
        "coverage": 0.9900074019245003,
        "volume": 75.59456986776392,
        "wsc": 0.9602220166512488,
        "threshold": 1.1956266108405054
      },
      "0.02": {
        "coverage": 0.982420429311621,
        "volume": 53.00462416223352,
        "wsc": 0.940795559666975,
        "threshold": 1.0491682851840842
      },
      "0.05": {
        "coverage": 0.9515173945225759,
        "volume": 28.46571365705677,
        "wsc": 0.8741905642923219,
        "threshold": 0.8062753069655638
      },
      "0.1": {
        "coverage": 0.8989637305699482,
        "volume": 15.032293315790726,
        "wsc": 0.7779833487511564,
        "threshold": 0.5870902036572142
      }
    },
    "Kernel": {
      "params": {
        "lengthscale": 1.6419445100163137,
        "gamma": 1.0494264051261257
      },
      "0.01": {
        "coverage": 0.9916728349370837,
        "volume": 66.26480318797545,
        "wsc": 0.96577243293247,
        "threshold": 0.09795755175516326
      },
      "0.02": {
        "coverage": 0.9811250925240562,
        "volume": 40.780283835562884,
        "wsc": 0.9324699352451434,
        "threshold": 0.050945512429766325
      },
      "0.05": {
        "coverage": 0.9465210954848261,
        "volume": 19.702590446795096,
        "wsc": 0.8316373728029602,
        "threshold": 0.019653291941584387
      },
      "0.1": {
        "coverage": 0.8952627683197631,
        "volume": 10.452226036621836,
        "wsc": 0.7400555041628122,
        "threshold": 0.00909653618632562
      }
    }
  },
  "elapsed_s": 2927.7764196395874
}