{
  "dataset": "house",
  "seed": 34,
  "model": "Ridge",
  "split": [
    0.5,
    0.25,
    0.25
  ],
  "alphas": [
    0.01,
    0.02,
    0.05,
    0.1
  ],
  "result": {
    "seed": 34,
    "model": "Ridge",
    "model_rmse": 0.7071097958580813,
    "meta": {
      "n_train": 10806,
      "n_cal": 5403,
      "n_test": 5404,
      "d": 3,
      "p": 16,
      "elapsed": 662.6148681640625
    },
    "Mahal": {
      "params": {},
      "0.01": {
        "coverage": 0.9942635085122131,
        "volume": 138.90952168422345,
        "wsc": 0.9740980573543015,
        "threshold": 23.401421531858915
      },
      "0.02": {
        "coverage": 0.9839008142116951,
        "volume": 71.37787599554704,
        "wsc": 0.9324699352451434,
        "threshold": 15.012855668104862
      },
      "0.05": {
        "coverage": 0.9518874907475944,
        "volume": 28.286792637316214,
        "wsc": 0.8196114708603145,
        "threshold": 8.099844851375728
      },
      "0.1": {
        "coverage": 0.8960029607698001,
        "volume": 16.521591142583016,
        "wsc": 0.7178538390379279,
        "threshold": 5.659640027262276
      }
    },
    "Bonferroni": {
      "params": {},
      "0.01": {
        "coverage": 0.9946336047372317,
        "volume": 210.11652716005307,
        "wsc": 0.9759481961147086,
        "threshold": 4.369210839953269
      },
      "0.02": {
        "coverage": 0.9833456698741673,
        "volume": 97.22353515282794,
        "wsc": 0.9343200740055504,
        "threshold": 3.369655309811316
      },
      "0.05": {
        "coverage": 0.9554034048852702,
        "volume": 39.229011241485594,
        "wsc": 0.8464384828862165,
        "threshold": 2.495902418509965
      },
      "0.1": {
        "coverage": 0.9000740192450037,
        "volume": 21.026417810803324,
        "wsc": 0.7354301572617946,
        "threshold": 2.0265222814737793
      }
    },
    "Density": {
      "params": {
        "lengthscale": 2.1156137753716084
      },
      "0.01": {
        "coverage": 0.9935233160621761,
        "volume": 107.24534324698304,
        "wsc": 0.9703977798334875,
        "threshold": 1.0337959720572305
      },
      "0.02": {
        "coverage": 0.9835307179866766,
        "volume": 65.19250762537638,
        "wsc": 0.9324699352451434,
        "threshold": 0.8318713314681015
      },
      "0.05": {
        "coverage": 0.9492968171724648,
        "volume": 35.0717142374185,
        "wsc": 0.8538390379278445,
        "threshold": 0.6186722904245033
      },
      "0.1": {
        "coverage": 0.901739452257587,
        "volume": 22.41987363236633,
        "wsc": 0.7705827937095282,
        "threshold": 0.4906804587689977
      }
    },
    "Kernel": {
      "params": {
        "lengthscale": 2.1156137753716084,
        "gamma": 0.825840639400456
      },
      "0.01": {
        "coverage": 0.9929681717246485,
        "volume": 80.41439754370865,
        "wsc": 0.969472710453284,
        "threshold": 0.05435926710767251
      },
      "0.02": {
        "coverage": 0.9835307179866766,
        "volume": 50.49201011709914,
        "wsc": 0.9306197964847364,
        "threshold": 0.028333034762902328
      },
      "0.05": {
        "coverage": 0.9517024426350851,
        "volume": 26.706365215916097,
        "wsc": 0.8344125809435707,
        "threshold": 0.011932302754832452
      },
      "0.1": {
        "coverage": 0.901739452257587,
        "volume": 15.807879618128634,
        "wsc": 0.7317298797409806,
        "threshold": 0.006157049169921618
      }
    }
  },
  "elapsed_s": 662.6156239509583
}