{
  "dataset": "house",
  "seed": 29,
  "model": "Ridge",
  "split": [
    0.5,
    0.25,
    0.25
  ],
  "alphas": [
    0.01,
    0.02,
    0.05,
    0.1
  ],
  "result": {
    "seed": 29,
    "model": "Ridge",
    "model_rmse": 0.7258125193881302,
    "meta": {
      "n_train": 10806,
      "n_cal": 5403,
      "n_test": 5404,
      "d": 3,
      "p": 16,
      "elapsed": 2904.5713200569153
    },
    "Mahal": {
      "params": {},
      "0.01": {
        "coverage": 0.9909326424870466,
        "volume": 138.52924075619663,
        "wsc": 0.9602220166512488,
        "threshold": 23.46119165150691
      },
      "0.02": {
        "coverage": 0.978719467061436,
        "volume": 71.13799980240267,
        "wsc": 0.9130434782608695,
        "threshold": 15.044930915152726
      },
      "0.05": {
        "coverage": 0.945040710584752,
        "volume": 28.559510873452634,
        "wsc": 0.8029602220166513,
        "threshold": 8.187593540649539
      },
      "0.1": {
        "coverage": 0.8869356032568467,
        "volume": 16.641393476575537,
        "wsc": 0.6947271045328399,
        "threshold": 5.711921420293489
      }
    },
    "Bonferroni": {
      "params": {},
      "0.01": {
        "coverage": 0.9903774981495189,
        "volume": 192.85391891839325,
        "wsc": 0.9592969472710453,
        "threshold": 4.247522085169215
      },
      "0.02": {
        "coverage": 0.9783493708364175,
        "volume": 100.3105660477804,
        "wsc": 0.9148936170212766,
        "threshold": 3.418091352617333
      },
      "0.05": {
        "coverage": 0.9472612879348631,
        "volume": 40.04217404797925,
        "wsc": 0.8223866790009251,
        "threshold": 2.506570416669171
      },
      "0.1": {
        "coverage": 0.8935973353071799,
        "volume": 21.13311258013295,
        "wsc": 0.7160037002775208,
        "threshold": 2.0312070105825644
      }
    },
    "Density": {
      "params": {
        "lengthscale": 2.108066880704656
      },
      "0.01": {
        "coverage": 0.9914877868245744,
        "volume": 115.17870247111142,
        "wsc": 0.9629972247918593,
        "threshold": 1.0699870914237124
      },
      "0.02": {
        "coverage": 0.9781643227239082,
        "volume": 64.19518404687591,
        "wsc": 0.9121184088806661,
        "threshold": 0.8305597061517328
      },
      "0.05": {
        "coverage": 0.9448556624722427,
        "volume": 36.02284173270947,
        "wsc": 0.8307123034227567,
        "threshold": 0.6267497658106723
      },
      "0.1": {
        "coverage": 0.8902664692820134,
        "volume": 22.086277342541514,
        "wsc": 0.7335800185013877,
        "threshold": 0.4881641635702122
      }
    },
    "Kernel": {
      "params": {
        "lengthscale": 2.108066880704656,
        "gamma": 0.8297837369222689
      },
      "0.01": {
        "coverage": 0.9868615840118431,
        "volume": 73.56025918821055,
        "wsc": 0.9444958371877891,
        "threshold": 0.049980225950539664
      },
      "0.02": {
        "coverage": 0.9757586972612879,
        "volume": 49.98716820333593,
        "wsc": 0.8982423681776133,
        "threshold": 0.028797289268339254
      },
      "0.05": {
        "coverage": 0.9433752775721688,
        "volume": 27.299379117526875,
        "wsc": 0.8103607770582794,
        "threshold": 0.012543275998932263
      },
      "0.1": {
        "coverage": 0.8913767579570688,
        "volume": 15.676321432234078,
        "wsc": 0.7012025901942646,
        "threshold": 0.0062380954043621106
      }
    }
  },
  "elapsed_s": 2904.5720920562744
}