{
  "dataset": "house",
  "seed": 8,
  "model": "Ridge",
  "split": [
    0.5,
    0.25,
    0.25
  ],
  "alphas": [
    0.01,
    0.02,
    0.05,
    0.1
  ],
  "result": {
    "seed": 8,
    "model": "Ridge",
    "model_rmse": 0.7150775605689818,
    "meta": {
      "n_train": 10806,
      "n_cal": 5403,
      "n_test": 5404,
      "d": 3,
      "p": 16,
      "elapsed": 636.1099789142609
    },
    "Mahal": {
      "params": {},
      "0.01": {
        "coverage": 0.9900074019245003,
        "volume": 116.44829132399165,
        "wsc": 0.9528214616096207,
        "threshold": 20.158157132835218
      },
      "0.02": {
        "coverage": 0.9757586972612879,
        "volume": 59.34145381784804,
        "wsc": 0.8973172987974098,
        "threshold": 12.860786656625834
      },
      "0.05": {
        "coverage": 0.9470762398223538,
        "volume": 28.434148062258426,
        "wsc": 0.818686401480111,
        "threshold": 7.875090613549575
      },
      "0.1": {
        "coverage": 0.8954478164322723,
        "volume": 16.720202770136627,
        "wsc": 0.7095282146160962,
        "threshold": 5.527428148957197
      }
    },
    "Bonferroni": {
      "params": {},
      "0.01": {
        "coverage": 0.9892672094744633,
        "volume": 160.82680876190247,
        "wsc": 0.9500462534690102,
        "threshold": 3.9327709944273535
      },
      "0.02": {
        "coverage": 0.9752035529237602,
        "volume": 81.92224881011423,
        "wsc": 0.902867715078631,
        "threshold": 3.1358193629441367
      },
      "0.05": {
        "coverage": 0.9474463360473723,
        "volume": 38.42365715286946,
        "wsc": 0.8251618871415356,
        "threshold": 2.4306780990151484
      },
      "0.1": {
        "coverage": 0.8937823834196891,
        "volume": 20.833317579877072,
        "wsc": 0.7076780758556892,
        "threshold": 1.9902134412861625
      }
    },
    "Density": {
      "params": {
        "lengthscale": 2.105642115393233
      },
      "0.01": {
        "coverage": 0.9887120651369357,
        "volume": 90.25201864498253,
        "wsc": 0.9463459759481961,
        "threshold": 0.9646284684869254
      },
      "0.02": {
        "coverage": 0.9766839378238342,
        "volume": 55.81835088632402,
        "wsc": 0.9000925069380203,
        "threshold": 0.7754975728898438
      },
      "0.05": {
        "coverage": 0.9485566247224279,
        "volume": 35.352610338305915,
        "wsc": 0.8381128584643849,
        "threshold": 0.6185807062735788
      },
      "0.1": {
        "coverage": 0.8969282013323464,
        "volume": 22.3806983107672,
        "wsc": 0.7446808510638298,
        "threshold": 0.4871406481296307
      }
    },
    "Kernel": {
      "params": {
        "lengthscale": 2.105642115393233,
        "gamma": 1.0241146721092063
      },
      "0.01": {
        "coverage": 0.9872316802368616,
        "volume": 67.23695352116843,
        "wsc": 0.940795559666975,
        "threshold": 0.05304773236670858
      },
      "0.02": {
        "coverage": 0.9761287934863064,
        "volume": 44.80289725416364,
        "wsc": 0.8963922294172063,
        "threshold": 0.02998705875909415
      },
      "0.05": {
        "coverage": 0.9480014803849001,
        "volume": 26.376616366782322,
        "wsc": 0.8214616096207216,
        "threshold": 0.014235688358284844
      },
      "0.1": {
        "coverage": 0.8948926720947447,
        "volume": 15.50345061792218,
        "wsc": 0.7067530064754857,
        "threshold": 0.007214863811934521
      }
    }
  },
  "elapsed_s": 636.1108679771423
}