{
  "dataset": "house",
  "seed": 0,
  "model": "MLP",
  "split": [
    0.5,
    0.25,
    0.25
  ],
  "alphas": [
    0.01,
    0.02,
    0.05,
    0.1
  ],
  "result": {
    "seed": 0,
    "model": "MLP",
    "model_rmse": 0.5798215283187419,
    "meta": {
      "n_train": 10806,
      "n_cal": 5403,
      "n_test": 5404,
      "d": 3,
      "p": 16,
      "elapsed": 2946.418698787689
    },
    "Mahal": {
      "params": {},
      "0.01": {
        "coverage": 0.9913027387120651,
        "volume": 77.25323144716097,
        "wsc": 0.9602220166512488,
        "threshold": 24.007649275092565
      },
      "0.02": {
        "coverage": 0.9792746113989638,
        "volume": 42.12914777786454,
        "wsc": 0.9167437557816837,
        "threshold": 16.024838108737885
      },
      "0.05": {
        "coverage": 0.9461509992598075,
        "volume": 20.179245433125914,
        "wsc": 0.8260869565217391,
        "threshold": 9.810138748085732
      },
      "0.1": {
        "coverage": 0.9059955588452998,
        "volume": 11.396205713866303,
        "wsc": 0.7530064754856615,
        "threshold": 6.702632193822256
      }
    },
    "Bonferroni": {
      "params": {},
      "0.01": {
        "coverage": 0.9920429311621022,
        "volume": 114.68194295259234,
        "wsc": 0.9629972247918593,
        "threshold": 4.383078263438758
      },
      "0.02": {
        "coverage": 0.980940044411547,
        "volume": 64.00699825338121,
        "wsc": 0.9278445883441259,
        "threshold": 3.6062078202757855
      },
      "0.05": {
        "coverage": 0.9524426350851222,
        "volume": 28.835532869099147,
        "wsc": 0.8482886216466234,
        "threshold": 2.767260625944723
      },
      "0.1": {
        "coverage": 0.901739452257587,
        "volume": 15.378325092406934,
        "wsc": 0.7668825161887142,
        "threshold": 2.238871578809645
      }
    },
    "Density": {
      "params": {
        "lengthscale": 1.635946247803767
      },
      "0.01": {
        "coverage": 0.9894522575869726,
        "volume": 70.69023373606305,
        "wsc": 0.9565217391304348,
        "threshold": 1.1738012685028465
      },
      "0.02": {
        "coverage": 0.9814951887490747,
        "volume": 49.95217906414582,
        "wsc": 0.937095282146161,
        "threshold": 1.0287007073166914
      },
      "0.05": {
        "coverage": 0.9465210954848261,
        "volume": 25.35311662742083,
        "wsc": 0.8593894542090657,
        "threshold": 0.7622120005392302
      },
      "0.1": {
        "coverage": 0.9030347890451518,
        "volume": 15.009120135966645,
        "wsc": 0.788159111933395,
        "threshold": 0.5896800422801926
      }
    },
    "Kernel": {
      "params": {
        "lengthscale": 1.635946247803767,
        "gamma": 0.9828468553467984
      },
      "0.01": {
        "coverage": 0.9903774981495189,
        "volume": 58.96641194130236,
        "wsc": 0.9602220166512488,
        "threshold": 0.08470833187199737
      },
      "0.02": {
        "coverage": 0.9761287934863064,
        "volume": 36.1539260310808,
        "wsc": 0.9084181313598519,
        "threshold": 0.04263087473694549
      },
      "0.05": {
        "coverage": 0.9452257586972613,
        "volume": 18.419572699694733,
        "wsc": 0.8288621646623496,
        "threshold": 0.017347957887979527
      },
      "0.1": {
        "coverage": 0.9089563286454478,
        "volume": 10.982283026317058,
        "wsc": 0.7530064754856615,
        "threshold": 0.009178624711555415
      }
    }
  },
  "elapsed_s": 2946.419275999069
}