{
  "dataset": "house",
  "seed": 5,
  "model": "Ridge",
  "split": [
    0.5,
    0.25,
    0.25
  ],
  "alphas": [
    0.01,
    0.02,
    0.05,
    0.1
  ],
  "result": {
    "seed": 5,
    "model": "Ridge",
    "model_rmse": 0.7191211564888157,
    "meta": {
      "n_train": 10806,
      "n_cal": 5403,
      "n_test": 5404,
      "d": 3,
      "p": 16,
      "elapsed": 2906.0531318187714
    },
    "Mahal": {
      "params": {},
      "0.01": {
        "coverage": 0.9900074019245003,
        "volume": 116.88096805603334,
        "wsc": 0.9518963922294172,
        "threshold": 20.50381200789308
      },
      "0.02": {
        "coverage": 0.9805699481865285,
        "volume": 64.18514214219852,
        "wsc": 0.9195189639222942,
        "threshold": 13.74975889808961
      },
      "0.05": {
        "coverage": 0.9517024426350851,
        "volume": 28.230467684695146,
        "wsc": 0.8214616096207216,
        "threshold": 7.952142001949692
      },
      "0.1": {
        "coverage": 0.9035899333826795,
        "volume": 17.049812425542317,
        "wsc": 0.723404255319149,
        "threshold": 5.681789610395502
      }
    },
    "Bonferroni": {
      "params": {},
      "0.01": {
        "coverage": 0.9901924500370096,
        "volume": 174.97489705515716,
        "wsc": 0.9546716003700277,
        "threshold": 4.066882145823738
      },
      "0.02": {
        "coverage": 0.9811250925240562,
        "volume": 87.99486859772944,
        "wsc": 0.9250693802035153,
        "threshold": 3.2349282640647115
      },
      "0.05": {
        "coverage": 0.9535529237601776,
        "volume": 39.29899873038674,
        "wsc": 0.8334875115633672,
        "threshold": 2.475259339273142
      },
      "0.1": {
        "coverage": 0.9022945965951147,
        "volume": 21.267757967296117,
        "wsc": 0.7354301572617946,
        "threshold": 2.010708498467564
      }
    },
    "Density": {
      "params": {
        "lengthscale": 2.123010004020683
      },
      "0.01": {
        "coverage": 0.9896373056994818,
        "volume": 92.75638882357752,
        "wsc": 0.9528214616096207,
        "threshold": 0.9679491792714248
      },
      "0.02": {
        "coverage": 0.9790895632864545,
        "volume": 59.348948529320786,
        "wsc": 0.9158186864014801,
        "threshold": 0.7915060350105857
      },
      "0.05": {
        "coverage": 0.9565136935603257,
        "volume": 35.815628519080825,
        "wsc": 0.8593894542090657,
        "threshold": 0.6216853571836095
      },
      "0.1": {
        "coverage": 0.90840118430792,
        "volume": 23.138355198879292,
        "wsc": 0.7678075855689177,
        "threshold": 0.4935130128296141
      }
    },
    "Kernel": {
      "params": {
        "lengthscale": 2.123010004020683,
        "gamma": 1.0900238451843751
      },
      "0.01": {
        "coverage": 0.9898223538119911,
        "volume": 69.96362783463881,
        "wsc": 0.9537465309898242,
        "threshold": 0.05505628907210094
      },
      "0.02": {
        "coverage": 0.9790895632864545,
        "volume": 46.106656103978295,
        "wsc": 0.913968547641073,
        "threshold": 0.030681428862599235
      },
      "0.05": {
        "coverage": 0.9526276831976314,
        "volume": 26.70400974588535,
        "wsc": 0.8307123034227567,
        "threshold": 0.014581608400007358
      },
      "0.1": {
        "coverage": 0.9050703182827535,
        "volume": 16.27584160148764,
        "wsc": 0.7280296022201665,
        "threshold": 0.007754275674077144
      }
    }
  },
  "elapsed_s": 2906.053812980652
}