{
  "dataset": "house",
  "seed": 19,
  "model": "MLP",
  "split": [
    0.5,
    0.25,
    0.25
  ],
  "alphas": [
    0.01,
    0.02,
    0.05,
    0.1
  ],
  "result": {
    "seed": 19,
    "model": "MLP",
    "model_rmse": 0.5736462834062345,
    "meta": {
      "n_train": 10806,
      "n_cal": 5403,
      "n_test": 5404,
      "d": 3,
      "p": 16,
      "elapsed": 2893.3061237335205
    },
    "Mahal": {
      "params": {},
      "0.01": {
        "coverage": 0.9864914877868246,
        "volume": 65.96013543759639,
        "wsc": 0.9426456984273821,
        "threshold": 21.656080120818352
      },
      "0.02": {
        "coverage": 0.9800148038490007,
        "volume": 41.512004920733496,
        "wsc": 0.9222941720629048,
        "threshold": 15.904058449734404
      },
      "0.05": {
        "coverage": 0.9511472982975574,
        "volume": 19.81943430860712,
        "wsc": 0.8436632747456059,
        "threshold": 9.715227915310338
      },
      "0.1": {
        "coverage": 0.8974833456698742,
        "volume": 10.514104900165236,
        "wsc": 0.7363552266419982,
        "threshold": 6.366592121742645
      }
    },
    "Bonferroni": {
      "params": {},
      "0.01": {
        "coverage": 0.9876017764618801,
        "volume": 92.50708330625648,
        "wsc": 0.9500462534690102,
        "threshold": 4.097131400740454
      },
      "0.02": {
        "coverage": 0.9818652849740933,
        "volume": 58.662654666835046,
        "wsc": 0.9306197964847364,
        "threshold": 3.521753403155759
      },
      "0.05": {
        "coverage": 0.9500370096225018,
        "volume": 28.124513316956378,
        "wsc": 0.851063829787234,
        "threshold": 2.745668530360026
      },
      "0.1": {
        "coverage": 0.9045151739452257,
        "volume": 15.190531984979163,
        "wsc": 0.7613320999074931,
        "threshold": 2.2298657517080267
      }
    },
    "Density": {
      "params": {
        "lengthscale": 1.6634721029814787
      },
      "0.01": {
        "coverage": 0.9900074019245003,
        "volume": 65.55873476089873,
        "wsc": 0.9602220166512488,
        "threshold": 1.126609005342054
      },
      "0.02": {
        "coverage": 0.9783493708364175,
        "volume": 43.64069352859966,
        "wsc": 0.9278445883441259,
        "threshold": 0.9569718992102962
      },
      "0.05": {
        "coverage": 0.9467061435973353,
        "volume": 24.055826061458806,
        "wsc": 0.8667900092506938,
        "threshold": 0.7266994316127445
      },
      "0.1": {
        "coverage": 0.9041450777202072,
        "volume": 14.573715932121246,
        "wsc": 0.7909343200740055,
        "threshold": 0.5666665285318119
      }
    },
    "Kernel": {
      "params": {
        "lengthscale": 1.6634721029814787,
        "gamma": 0.9667422026706094
      },
      "0.01": {
        "coverage": 0.9903774981495189,
        "volume": 55.00006990576567,
        "wsc": 0.9592969472710453,
        "threshold": 0.07591599104173609
      },
      "0.02": {
        "coverage": 0.980940044411547,
        "volume": 36.96298930418133,
        "wsc": 0.9250693802035153,
        "threshold": 0.04276283191562796
      },
      "0.05": {
        "coverage": 0.9491117690599555,
        "volume": 18.883765990911048,
        "wsc": 0.8464384828862165,
        "threshold": 0.01685906068907471
      },
      "0.1": {
        "coverage": 0.8978534418948927,
        "volume": 10.141068893881425,
        "wsc": 0.7372802960222017,
        "threshold": 0.00801894088708665
      }
    }
  },
  "elapsed_s": 2893.3073019981384
}