{
  "dataset": "house",
  "seed": 44,
  "model": "Ridge",
  "split": [
    0.5,
    0.25,
    0.25
  ],
  "alphas": [
    0.01,
    0.02,
    0.05,
    0.1
  ],
  "result": {
    "seed": 44,
    "model": "Ridge",
    "model_rmse": 0.7140493282874811,
    "meta": {
      "n_train": 10806,
      "n_cal": 5403,
      "n_test": 5404,
      "d": 3,
      "p": 16,
      "elapsed": 682.2826025485992
    },
    "Mahal": {
      "params": {},
      "0.01": {
        "coverage": 0.9901924500370096,
        "volume": 128.86921072796687,
        "wsc": 0.9555966697502313,
        "threshold": 21.935044425168353
      },
      "0.02": {
        "coverage": 0.9801998519615099,
        "volume": 68.50636448160195,
        "wsc": 0.9185938945420906,
        "threshold": 14.394381864747945
      },
      "0.05": {
        "coverage": 0.9489267209474463,
        "volume": 28.400621155077687,
        "wsc": 0.8177613320999075,
        "threshold": 8.00308872535316
      },
      "0.1": {
        "coverage": 0.8989637305699482,
        "volume": 17.263018437222538,
        "wsc": 0.7095282146160962,
        "threshold": 5.742710132060286
      }
    },
    "Bonferroni": {
      "params": {},
      "0.01": {
        "coverage": 0.9883419689119171,
        "volume": 178.840733991378,
        "wsc": 0.9491211840888066,
        "threshold": 4.1021834805411554
      },
      "0.02": {
        "coverage": 0.9798297557364914,
        "volume": 90.44316244882666,
        "wsc": 0.9195189639222942,
        "threshold": 3.26333479029361
      },
      "0.05": {
        "coverage": 0.9480014803849001,
        "volume": 38.32596026616261,
        "wsc": 0.8196114708603145,
        "threshold": 2.4501097258474482
      },
      "0.1": {
        "coverage": 0.9035899333826795,
        "volume": 21.907618738174516,
        "wsc": 0.7335800185013877,
        "threshold": 2.0269566083162225
      }
    },
    "Density": {
      "params": {
        "lengthscale": 2.116060368494344
      },
      "0.01": {
        "coverage": 0.9916728349370837,
        "volume": 109.60820466951509,
        "wsc": 0.9629972247918593,
        "threshold": 1.0405136616699462
      },
      "0.02": {
        "coverage": 0.9785344189489267,
        "volume": 60.584133897549634,
        "wsc": 0.9121184088806661,
        "threshold": 0.8053468721602494
      },
      "0.05": {
        "coverage": 0.9513323464100666,
        "volume": 35.26994643239241,
        "wsc": 0.8519888991674376,
        "threshold": 0.6152902171671435
      },
      "0.1": {
        "coverage": 0.899518874907476,
        "volume": 22.77781970838439,
        "wsc": 0.7567067530064755,
        "threshold": 0.49039536503556314
      }
    },
    "Kernel": {
      "params": {
        "lengthscale": 2.116060368494344,
        "gamma": 0.97016140442766
      },
      "0.01": {
        "coverage": 0.9898223538119911,
        "volume": 73.3402078352706,
        "wsc": 0.9528214616096207,
        "threshold": 0.05481542540994377
      },
      "0.02": {
        "coverage": 0.9792746113989638,
        "volume": 46.38047445962173,
        "wsc": 0.910268270120259,
        "threshold": 0.0286312644255648
      },
      "0.05": {
        "coverage": 0.948741672834937,
        "volume": 27.132948734647993,
        "wsc": 0.8297872340425532,
        "threshold": 0.013689864438534743
      },
      "0.1": {
        "coverage": 0.8960029607698001,
        "volume": 16.08840751084691,
        "wsc": 0.6975023126734505,
        "threshold": 0.007108423653863049
      }
    }
  },
  "elapsed_s": 682.2835402488708
}