{
  "dataset": "house",
  "seed": 14,
  "model": "Ridge",
  "split": [
    0.5,
    0.25,
    0.25
  ],
  "alphas": [
    0.01,
    0.02,
    0.05,
    0.1
  ],
  "result": {
    "seed": 14,
    "model": "Ridge",
    "model_rmse": 0.7134769130631076,
    "meta": {
      "n_train": 10806,
      "n_cal": 5403,
      "n_test": 5404,
      "d": 3,
      "p": 16,
      "elapsed": 2877.932275533676
    },
    "Mahal": {
      "params": {},
      "0.01": {
        "coverage": 0.9903774981495189,
        "volume": 121.05252610692021,
        "wsc": 0.9537465309898242,
        "threshold": 20.749433985650356
      },
      "0.02": {
        "coverage": 0.9822353811991118,
        "volume": 68.4837189990163,
        "wsc": 0.9232192414431082,
        "threshold": 14.193251800182084
      },
      "0.05": {
        "coverage": 0.9509622501850481,
        "volume": 28.82277648244127,
        "wsc": 0.8251618871415356,
        "threshold": 7.97102600037148
      },
      "0.1": {
        "coverage": 0.9009992598075499,
        "volume": 16.987197370547154,
        "wsc": 0.7215541165587419,
        "threshold": 5.603226413995602
      }
    },
    "Bonferroni": {
      "params": {},
      "0.01": {
        "coverage": 0.9916728349370837,
        "volume": 186.95908961015195,
        "wsc": 0.9620721554116559,
        "threshold": 4.142339146853625
      },
      "0.02": {
        "coverage": 0.9811250925240562,
        "volume": 89.19137624094597,
        "wsc": 0.9241443108233117,
        "threshold": 3.2313983995080906
      },
      "0.05": {
        "coverage": 0.9470762398223538,
        "volume": 37.85563163103167,
        "wsc": 0.8214616096207216,
        "threshold": 2.4305361139582677
      },
      "0.1": {
        "coverage": 0.8978534418948927,
        "volume": 21.26375031357682,
        "wsc": 0.7326549491211841,
        "threshold": 2.0025137109971554
      }
    },
    "Density": {
      "params": {
        "lengthscale": 2.1068517169457834
      },
      "0.01": {
        "coverage": 0.9900074019245003,
        "volume": 93.62712189430366,
        "wsc": 0.9518963922294172,
        "threshold": 0.9814397636135357
      },
      "0.02": {
        "coverage": 0.9801998519615099,
        "volume": 61.57759460231527,
        "wsc": 0.9185938945420906,
        "threshold": 0.8156111397244146
      },
      "0.05": {
        "coverage": 0.9544781643227239,
        "volume": 36.658148964155636,
        "wsc": 0.8630897317298798,
        "threshold": 0.6304835456812495
      },
      "0.1": {
        "coverage": 0.9015544041450777,
        "volume": 22.402202144761777,
        "wsc": 0.7567067530064755,
        "threshold": 0.4901323611610281
      }
    },
    "Kernel": {
      "params": {
        "lengthscale": 2.1068517169457834,
        "gamma": 0.9287120572122113
      },
      "0.01": {
        "coverage": 0.9920429311621022,
        "volume": 81.47098623020649,
        "wsc": 0.9602220166512488,
        "threshold": 0.06312952279766294
      },
      "0.02": {
        "coverage": 0.9800148038490007,
        "volume": 48.017368346423325,
        "wsc": 0.913968547641073,
        "threshold": 0.029680878445687568
      },
      "0.05": {
        "coverage": 0.9502220577350111,
        "volume": 26.82951482159217,
        "wsc": 0.8344125809435707,
        "threshold": 0.013252446483364329
      },
      "0.1": {
        "coverage": 0.8980384900074019,
        "volume": 15.02756417164144,
        "wsc": 0.7123034227567068,
        "threshold": 0.0065556718846757536
      }
    }
  },
  "elapsed_s": 2877.9329583644867
}