{
  "dataset": "house",
  "seed": 41,
  "model": "MLP",
  "split": [
    0.5,
    0.25,
    0.25
  ],
  "alphas": [
    0.01,
    0.02,
    0.05,
    0.1
  ],
  "result": {
    "seed": 41,
    "model": "MLP",
    "model_rmse": 0.5687238762281757,
    "meta": {
      "n_train": 10806,
      "n_cal": 5403,
      "n_test": 5404,
      "d": 3,
      "p": 16,
      "elapsed": 2906.9183156490326
    },
    "Mahal": {
      "params": {},
      "0.01": {
        "coverage": 0.9903774981495189,
        "volume": 85.70511767964902,
        "wsc": 0.9565217391304348,
        "threshold": 25.624625314094292
      },
      "0.02": {
        "coverage": 0.9790895632864545,
        "volume": 47.71247056820404,
        "wsc": 0.9158186864014801,
        "threshold": 17.341006065274108
      },
      "0.05": {
        "coverage": 0.9480014803849001,
        "volume": 20.637466667034236,
        "wsc": 0.8149861239592969,
        "threshold": 9.91799633125021
      },
      "0.1": {
        "coverage": 0.9063656550703183,
        "volume": 11.088131043928712,
        "wsc": 0.7335800185013877,
        "threshold": 6.55478704570426
      }
    },
    "Bonferroni": {
      "params": {},
      "0.01": {
        "coverage": 0.9914877868245744,
        "volume": 132.77519571283761,
        "wsc": 0.9611470860314524,
        "threshold": 4.596801556050186
      },
      "0.02": {
        "coverage": 0.981680236861584,
        "volume": 71.61693607173956,
        "wsc": 0.9296947271045328,
        "threshold": 3.7251956114171194
      },
      "0.05": {
        "coverage": 0.9504071058475203,
        "volume": 30.137899165871662,
        "wsc": 0.8316373728029602,
        "threshold": 2.796527303050645
      },
      "0.1": {
        "coverage": 0.9035899333826795,
        "volume": 14.62604124516083,
        "wsc": 0.7437557816836263,
        "threshold": 2.191947491601652
      }
    },
    "Density": {
      "params": {
        "lengthscale": 1.628244388397704
      },
      "0.01": {
        "coverage": 0.9916728349370837,
        "volume": 86.0114570494271,
        "wsc": 0.9639222941720629,
        "threshold": 1.260360333831875
      },
      "0.02": {
        "coverage": 0.9813101406365655,
        "volume": 53.13222370202379,
        "wsc": 0.9324699352451434,
        "threshold": 1.061766936943501
      },
      "0.05": {
        "coverage": 0.9509622501850481,
        "volume": 26.326203168050437,
        "wsc": 0.8584643848288621,
        "threshold": 0.7843282525573032
      },
      "0.1": {
        "coverage": 0.9050703182827535,
        "volume": 14.585776850817647,
        "wsc": 0.7761332099907493,
        "threshold": 0.585565357802654
      }
    },
    "Kernel": {
      "params": {
        "lengthscale": 1.628244388397704,
        "gamma": 1.1026067137338784
      },
      "0.01": {
        "coverage": 0.9877868245743894,
        "volume": 63.359379865192004,
        "wsc": 0.9481961147086031,
        "threshold": 0.09519724958171602
      },
      "0.02": {
        "coverage": 0.9755736491487786,
        "volume": 36.68757397902925,
        "wsc": 0.9047178538390379,
        "threshold": 0.04659013475581394
      },
      "0.05": {
        "coverage": 0.9491117690599555,
        "volume": 19.69264420001122,
        "wsc": 0.8233117483811286,
        "threshold": 0.02065222384798233
      },
      "0.1": {
        "coverage": 0.9071058475203553,
        "volume": 11.005601120469723,
        "wsc": 0.7372802960222017,
        "threshold": 0.010205750985893634
      }
    }
  },
  "elapsed_s": 2906.919273853302
}