{
  "dataset": "house",
  "seed": 3,
  "model": "Ridge",
  "split": [
    0.5,
    0.25,
    0.25
  ],
  "alphas": [
    0.01,
    0.02,
    0.05,
    0.1
  ],
  "result": {
    "seed": 3,
    "model": "Ridge",
    "model_rmse": 0.7149686127105485,
    "meta": {
      "n_train": 10806,
      "n_cal": 5403,
      "n_test": 5404,
      "d": 3,
      "p": 16,
      "elapsed": 669.7834413051605
    },
    "Mahal": {
      "params": {},
      "0.01": {
        "coverage": 0.9937083641746854,
        "volume": 137.42108061698735,
        "wsc": 0.9703977798334875,
        "threshold": 23.446659048254805
      },
      "0.02": {
        "coverage": 0.9798297557364914,
        "volume": 62.355599464916104,
        "wsc": 0.9195189639222942,
        "threshold": 13.845087381918788
      },
      "0.05": {
        "coverage": 0.9452257586972613,
        "volume": 26.74008746283177,
        "wsc": 0.8122109158186864,
        "threshold": 7.873248230287918
      },
      "0.1": {
        "coverage": 0.9045151739452257,
        "volume": 17.033959858714688,
        "wsc": 0.7326549491211841,
        "threshold": 5.828934049438595
      }
    },
    "Bonferroni": {
      "params": {},
      "0.01": {
        "coverage": 0.9925980754996299,
        "volume": 187.16179200415823,
        "wsc": 0.9648473635522664,
        "threshold": 4.2088699806450665
      },
      "0.02": {
        "coverage": 0.9798297557364914,
        "volume": 88.80188660167308,
        "wsc": 0.9222941720629048,
        "threshold": 3.2847772716642756
      },
      "0.05": {
        "coverage": 0.9476313841598816,
        "volume": 36.56892147307633,
        "wsc": 0.8270120259019427,
        "threshold": 2.4488352606077153
      },
      "0.1": {
        "coverage": 0.8947076239822354,
        "volume": 20.38751716686975,
        "wsc": 0.7197039777983348,
        "threshold": 2.0062441827024995
      }
    },
    "Density": {
      "params": {
        "lengthscale": 2.114645434768184
      },
      "0.01": {
        "coverage": 0.9929681717246485,
        "volume": 97.61747825404287,
        "wsc": 0.969472710453284,
        "threshold": 0.9941240574221236
      },
      "0.02": {
        "coverage": 0.9789045151739453,
        "volume": 56.52968917666823,
        "wsc": 0.9195189639222942,
        "threshold": 0.7786522162234323
      },
      "0.05": {
        "coverage": 0.9533678756476683,
        "volume": 35.797264909341045,
        "wsc": 0.8640148011100832,
        "threshold": 0.622993685074686
      },
      "0.1": {
        "coverage": 0.8985936343449297,
        "volume": 22.570954489257087,
        "wsc": 0.7622571692876966,
        "threshold": 0.4909832778701898
      }
    },
    "Kernel": {
      "params": {
        "lengthscale": 2.114645434768184,
        "gamma": 0.8844601779700227
      },
      "0.01": {
        "coverage": 0.9900074019245003,
        "volume": 72.5415628741754,
        "wsc": 0.9555966697502313,
        "threshold": 0.05113919922445976
      },
      "0.02": {
        "coverage": 0.9783493708364175,
        "volume": 46.316931473292904,
        "wsc": 0.9158186864014801,
        "threshold": 0.02743839792115861
      },
      "0.05": {
        "coverage": 0.9459659511472983,
        "volume": 25.59035308902432,
        "wsc": 0.8242368177613321,
        "threshold": 0.012185067896606781
      },
      "0.1": {
        "coverage": 0.904700222057735,
        "volume": 15.932954276216057,
        "wsc": 0.7345050878815911,
        "threshold": 0.006652266614390762
      }
    }
  },
  "elapsed_s": 669.7842745780945
}