{
  "dataset": "house",
  "seed": 37,
  "model": "Ridge",
  "split": [
    0.5,
    0.25,
    0.25
  ],
  "alphas": [
    0.01,
    0.02,
    0.05,
    0.1
  ],
  "result": {
    "seed": 37,
    "model": "Ridge",
    "model_rmse": 0.7042626949337966,
    "meta": {
      "n_train": 10806,
      "n_cal": 5403,
      "n_test": 5404,
      "d": 3,
      "p": 16,
      "elapsed": 2950.466356754303
    },
    "Mahal": {
      "params": {},
      "0.01": {
        "coverage": 0.9903774981495189,
        "volume": 113.42269475006816,
        "wsc": 0.9546716003700277,
        "threshold": 20.167587792005676
      },
      "0.02": {
        "coverage": 0.981680236861584,
        "volume": 66.50358363298287,
        "wsc": 0.9222941720629048,
        "threshold": 14.128108265512145
      },
      "0.05": {
        "coverage": 0.9528127313101407,
        "volume": 28.535417570689138,
        "wsc": 0.8344125809435707,
        "threshold": 8.037299216487419
      },
      "0.1": {
        "coverage": 0.9087712805329385,
        "volume": 17.36418486202565,
        "wsc": 0.7428307123034228,
        "threshold": 5.771520587571551
      }
    },
    "Bonferroni": {
      "params": {},
      "0.01": {
        "coverage": 0.9918578830495929,
        "volume": 169.8095487483732,
        "wsc": 0.9629972247918593,
        "threshold": 4.035589838222453
      },
      "0.02": {
        "coverage": 0.9814951887490747,
        "volume": 87.48466544877382,
        "wsc": 0.9241443108233117,
        "threshold": 3.2362279978574895
      },
      "0.05": {
        "coverage": 0.9518874907475944,
        "volume": 38.918016287697476,
        "wsc": 0.8418131359851989,
        "threshold": 2.457645505824435
      },
      "0.1": {
        "coverage": 0.9093264248704663,
        "volume": 21.74936035944592,
        "wsc": 0.7539315448658649,
        "threshold": 2.0325064352819915
      }
    },
    "Density": {
      "params": {
        "lengthscale": 2.1143895327078615
      },
      "0.01": {
        "coverage": 0.9903774981495189,
        "volume": 93.36729633556484,
        "wsc": 0.9574468085106383,
        "threshold": 0.9776977222695259
      },
      "0.02": {
        "coverage": 0.980940044411547,
        "volume": 60.47168831486047,
        "wsc": 0.9204440333024977,
        "threshold": 0.8064898252075448
      },
      "0.05": {
        "coverage": 0.9498519615099926,
        "volume": 34.62086025634166,
        "wsc": 0.84736355226642,
        "threshold": 0.6121304607563712
      },
      "0.1": {
        "coverage": 0.9056254626202813,
        "volume": 22.352399914032098,
        "wsc": 0.7539315448658649,
        "threshold": 0.4899232470138583
      }
    },
    "Kernel": {
      "params": {
        "lengthscale": 2.1143895327078615,
        "gamma": 0.9969318224611451
      },
      "0.01": {
        "coverage": 0.9907475943745374,
        "volume": 72.10915362654343,
        "wsc": 0.9574468085106383,
        "threshold": 0.055659468833435144
      },
      "0.02": {
        "coverage": 0.9789045151739453,
        "volume": 45.93883441327698,
        "wsc": 0.913968547641073,
        "threshold": 0.029063823279122807
      },
      "0.05": {
        "coverage": 0.9522575869726129,
        "volume": 26.413931218761533,
        "wsc": 0.8418131359851989,
        "threshold": 0.013664332553668838
      },
      "0.1": {
        "coverage": 0.9028497409326425,
        "volume": 15.786856683967999,
        "wsc": 0.7252543940795559,
        "threshold": 0.007160952819930465
      }
    }
  },
  "elapsed_s": 2950.46701669693
}