{
  "dataset": "house",
  "seed": 38,
  "model": "MLP",
  "split": [
    0.5,
    0.25,
    0.25
  ],
  "alphas": [
    0.01,
    0.02,
    0.05,
    0.1
  ],
  "result": {
    "seed": 38,
    "model": "MLP",
    "model_rmse": 0.5880858532857478,
    "meta": {
      "n_train": 10806,
      "n_cal": 5403,
      "n_test": 5404,
      "d": 3,
      "p": 16,
      "elapsed": 2948.2829122543335
    },
    "Mahal": {
      "params": {},
      "0.01": {
        "coverage": 0.9872316802368616,
        "volume": 77.23894916017696,
        "wsc": 0.9444958371877891,
        "threshold": 24.36820948885355
      },
      "0.02": {
        "coverage": 0.9740932642487047,
        "volume": 46.734822859333605,
        "wsc": 0.8954671600370028,
        "threshold": 17.432504358511466
      },
      "0.05": {
        "coverage": 0.9444855662472242,
        "volume": 21.146558321596235,
        "wsc": 0.81313598519889,
        "threshold": 10.27446407999651
      },
      "0.1": {
        "coverage": 0.8958179126572909,
        "volume": 11.225044034885947,
        "wsc": 0.7058279370952821,
        "threshold": 6.735834646867642
      }
    },
    "Bonferroni": {
      "params": {},
      "0.01": {
        "coverage": 0.9868615840118431,
        "volume": 105.89886127585103,
        "wsc": 0.9426456984273821,
        "threshold": 4.324545797352628
      },
      "0.02": {
        "coverage": 0.9761287934863064,
        "volume": 68.55417467983304,
        "wsc": 0.9074930619796485,
        "threshold": 3.7309512206415074
      },
      "0.05": {
        "coverage": 0.9439304219096966,
        "volume": 29.079263003337957,
        "wsc": 0.8233117483811286,
        "threshold": 2.8076439146296943
      },
      "0.1": {
        "coverage": 0.8956328645447816,
        "volume": 15.054341970849508,
        "wsc": 0.7243293246993524,
        "threshold": 2.2412446480953263
      }
    },
    "Density": {
      "params": {
        "lengthscale": 1.5982423345282488
      },
      "0.01": {
        "coverage": 0.9868615840118431,
        "volume": 78.36748669077862,
        "wsc": 0.9472710453283997,
        "threshold": 1.2454116926560932
      },
      "0.02": {
        "coverage": 0.9783493708364175,
        "volume": 51.35082257488672,
        "wsc": 0.9259944495837188,
        "threshold": 1.0698232910375516
      },
      "0.05": {
        "coverage": 0.9385640266469282,
        "volume": 24.9352801748261,
        "wsc": 0.8233117483811286,
        "threshold": 0.7831807543711661
      },
      "0.1": {
        "coverage": 0.8904515173945226,
        "volume": 14.03243505393634,
        "wsc": 0.7391304347826086,
        "threshold": 0.5890385226438145
      }
    },
    "Kernel": {
      "params": {
        "lengthscale": 1.5982423345282488,
        "gamma": 1.0528889917818447
      },
      "0.01": {
        "coverage": 0.9863064396743153,
        "volume": 62.71953702554572,
        "wsc": 0.9426456984273821,
        "threshold": 0.09375854199158248
      },
      "0.02": {
        "coverage": 0.9737231680236862,
        "volume": 40.04222029581084,
        "wsc": 0.8945420906567992,
        "threshold": 0.05039044942166329
      },
      "0.05": {
        "coverage": 0.9446706143597335,
        "volume": 20.37051214523235,
        "wsc": 0.8159111933395005,
        "threshold": 0.020865160164607918
      },
      "0.1": {
        "coverage": 0.8932272390821614,
        "volume": 10.752564691931942,
        "wsc": 0.700277520814061,
        "threshold": 0.00963993573625913
      }
    }
  },
  "elapsed_s": 2948.283893585205
}