{
  "dataset": "house",
  "seed": 2,
  "model": "MLP",
  "split": [
    0.5,
    0.25,
    0.25
  ],
  "alphas": [
    0.01,
    0.02,
    0.05,
    0.1
  ],
  "result": {
    "seed": 2,
    "model": "MLP",
    "model_rmse": 0.5850505747955397,
    "meta": {
      "n_train": 10806,
      "n_cal": 5403,
      "n_test": 5404,
      "d": 3,
      "p": 16,
      "elapsed": 666.1056392192841
    },
    "Mahal": {
      "params": {},
      "0.01": {
        "coverage": 0.9914877868245744,
        "volume": 78.30305037114901,
        "wsc": 0.9620721554116559,
        "threshold": 23.968055433819647
      },
      "0.02": {
        "coverage": 0.9800148038490007,
        "volume": 43.00136022650412,
        "wsc": 0.9259944495837188,
        "threshold": 16.073180023976125
      },
      "0.05": {
        "coverage": 0.9467061435973353,
        "volume": 20.3799264424691,
        "wsc": 0.8353376503237743,
        "threshold": 9.770469231279243
      },
      "0.1": {
        "coverage": 0.899518874907476,
        "volume": 11.294588688694226,
        "wsc": 0.7317298797409806,
        "threshold": 6.592153224102954
      }
    },
    "Bonferroni": {
      "params": {},
      "0.01": {
        "coverage": 0.9907475943745374,
        "volume": 107.11673257724145,
        "wsc": 0.9611470860314524,
        "threshold": 4.276696943010056
      },
      "0.02": {
        "coverage": 0.9796447076239823,
        "volume": 61.99547276528012,
        "wsc": 0.9287696577243293,
        "threshold": 3.5583760899397925
      },
      "0.05": {
        "coverage": 0.9500370096225018,
        "volume": 30.937093708001335,
        "wsc": 0.8519888991674376,
        "threshold": 2.823924028568746
      },
      "0.1": {
        "coverage": 0.8967431532198371,
        "volume": 15.06115247565847,
        "wsc": 0.7567067530064755,
        "threshold": 2.209258681052369
      }
    },
    "Density": {
      "params": {
        "lengthscale": 1.6488146790655367
      },
      "0.01": {
        "coverage": 0.9911176905995559,
        "volume": 76.97887822217099,
        "wsc": 0.969472710453284,
        "threshold": 1.2057779621627471
      },
      "0.02": {
        "coverage": 0.9783493708364175,
        "volume": 47.54074703600889,
        "wsc": 0.9315448658649399,
        "threshold": 1.0064479505496138
      },
      "0.05": {
        "coverage": 0.9491117690599555,
        "volume": 26.978215512355405,
        "wsc": 0.8704902867715079,
        "threshold": 0.7777278891373444
      },
      "0.1": {
        "coverage": 0.8945225758697262,
        "volume": 14.927427603378206,
        "wsc": 0.7733580018501388,
        "threshold": 0.575797108183956
      }
    },
    "Kernel": {
      "params": {
        "lengthscale": 1.6488146790655367,
        "gamma": 1.0429012987502206
      },
      "0.01": {
        "coverage": 0.9913027387120651,
        "volume": 61.82753920474211,
        "wsc": 0.96577243293247,
        "threshold": 0.09118445836259666
      },
      "0.02": {
        "coverage": 0.9789045151739453,
        "volume": 36.98270188736951,
        "wsc": 0.9241443108233117,
        "threshold": 0.044505269836164256
      },
      "0.05": {
        "coverage": 0.9444855662472242,
        "volume": 19.30613970036915,
        "wsc": 0.8334875115633672,
        "threshold": 0.01856667276340855
      },
      "0.1": {
        "coverage": 0.9009992598075499,
        "volume": 11.263988079049138,
        "wsc": 0.7354301572617946,
        "threshold": 0.009368398041965782
      }
    }
  },
  "elapsed_s": 666.1064884662628
}