{
  "dataset": "blog_data",
  "seed": 44,
  "model": "Ridge",
  "split": [
    0.5,
    0.25,
    0.25
  ],
  "alphas": [
    0.01,
    0.02,
    0.05,
    0.1
  ],
  "result": {
    "seed": 44,
    "model": "Ridge",
    "model_rmse": 0.8068100107578603,
    "meta": {
      "n_train": 26198,
      "n_cal": 13099,
      "n_test": 13100,
      "d": 3,
      "p": 278,
      "elapsed": 3132.818899869919
    },
    "Mahal": {
      "params": {},
      "0.01": {
        "coverage": 0.9900763358778626,
        "volume": 311.609804955345,
        "wsc": 0.9637404580152672,
        "threshold": 34.11730437707842
      },
      "0.02": {
        "coverage": 0.9796946564885496,
        "volume": 106.31178030339815,
        "wsc": 0.9221374045801527,
        "threshold": 16.657950261717655
      },
      "0.05": {
        "coverage": 0.9490076335877863,
        "volume": 26.592906411077063,
        "wsc": 0.8404580152671756,
        "threshold": 6.613192590547404
      },
      "0.1": {
        "coverage": 0.8926717557251909,
        "volume": 12.792970825357143,
        "wsc": 0.7454198473282443,
        "threshold": 4.060207602267281
      }
    },
    "Bonferroni": {
      "params": {},
      "0.01": {
        "coverage": 0.9903053435114504,
        "volume": 566.2883012155013,
        "wsc": 0.9648854961832061,
        "threshold": 5.725631022455695
      },
      "0.02": {
        "coverage": 0.980381679389313,
        "volume": 171.6487575050811,
        "wsc": 0.9263358778625954,
        "threshold": 3.850882871935545
      },
      "0.05": {
        "coverage": 0.9494656488549619,
        "volume": 35.934497556268774,
        "wsc": 0.8408396946564886,
        "threshold": 2.2968052779428403
      },
      "0.1": {
        "coverage": 0.8972519083969466,
        "volume": 17.62267140430715,
        "wsc": 0.7629770992366413,
        "threshold": 1.848371034367589
      }
    },
    "Density": {
      "params": {
        "lengthscale": 1.8346688757311505
      },
      "0.01": {
        "coverage": 0.9899236641221374,
        "volume": 296.50883017833553,
        "wsc": 0.9610687022900763,
        "threshold": 1.5541871921102681
      },
      "0.02": {
        "coverage": 0.9787786259541985,
        "volume": 101.03500854005706,
        "wsc": 0.9183206106870229,
        "threshold": 1.1791715793289679
      },
      "0.05": {
        "coverage": 0.9494656488549619,
        "volume": 26.753971810728874,
        "wsc": 0.8454198473282443,
        "threshold": 0.6789371471133352
      },
      "0.1": {
        "coverage": 0.89793893129771,
        "volume": 15.45675648310739,
        "wsc": 0.7786259541984732,
        "threshold": 0.5125624916787603
      }
    },
    "Kernel": {
      "params": {
        "lengthscale": 1.8346688757311505,
        "gamma": 1.541757182815306
      },
      "0.01": {
        "coverage": 0.989236641221374,
        "volume": 106.35134516482012,
        "wsc": 0.9553435114503817,
        "threshold": 0.103223183427931
      },
      "0.02": {
        "coverage": 0.9777099236641221,
        "volume": 51.022063995989846,
        "wsc": 0.9141221374045801,
        "threshold": 0.04462626738559905
      },
      "0.05": {
        "coverage": 0.9494656488549619,
        "volume": 17.62267140430715,
        "wsc": 0.8282442748091603,
        "threshold": 0.013337514090286162
      },
      "0.1": {
        "coverage": 0.8974809160305344,
        "volume": 7.506864215521901,
        "wsc": 0.7209923664122138,
        "threshold": 0.005054406585357232
      }
    }
  },
  "elapsed_s": 3132.822840690613
}