{
  "dataset": "blog_data",
  "seed": 35,
  "model": "Ridge",
  "split": [
    0.5,
    0.25,
    0.25
  ],
  "alphas": [
    0.01,
    0.02,
    0.05,
    0.1
  ],
  "result": {
    "seed": 35,
    "model": "Ridge",
    "model_rmse": 0.801853127054741,
    "meta": {
      "n_train": 26198,
      "n_cal": 13099,
      "n_test": 13100,
      "d": 3,
      "p": 278,
      "elapsed": 16292.410018444061
    },
    "Mahal": {
      "params": {},
      "0.01": {
        "coverage": 0.9895419847328244,
        "volume": 317.3695403775213,
        "wsc": 0.9648854961832061,
        "threshold": 33.370849275947
      },
      "0.02": {
        "coverage": 0.9793129770992366,
        "volume": 101.699904022605,
        "wsc": 0.933206106870229,
        "threshold": 15.626826591452605
      },
      "0.05": {
        "coverage": 0.9499236641221374,
        "volume": 29.025955798415552,
        "wsc": 0.8549618320610687,
        "threshold": 6.7740456219924985
      },
      "0.1": {
        "coverage": 0.9009160305343511,
        "volume": 14.533604126107322,
        "wsc": 0.7629770992366413,
        "threshold": 4.271423655508329
      }
    },
    "Bonferroni": {
      "params": {},
      "0.01": {
        "coverage": 0.989618320610687,
        "volume": 561.1880871224321,
        "wsc": 0.9648854961832061,
        "threshold": 5.622521527479733
      },
      "0.02": {
        "coverage": 0.9788549618320611,
        "volume": 158.28322988285422,
        "wsc": 0.932824427480916,
        "threshold": 3.717576604793478
      },
      "0.05": {
        "coverage": 0.9499236641221374,
        "volume": 40.0076728640567,
        "wsc": 0.8576335877862595,
        "threshold": 2.343529832100582
      },
      "0.1": {
        "coverage": 0.9019847328244275,
        "volume": 20.417708909932387,
        "wsc": 0.7786259541984732,
        "threshold": 1.874306269607993
      }
    },
    "Density": {
      "params": {
        "lengthscale": 1.8243390924324707
      },
      "0.01": {
        "coverage": 0.9901526717557252,
        "volume": 293.9874168044994,
        "wsc": 0.9633587786259542,
        "threshold": 1.5599116764448437
      },
      "0.02": {
        "coverage": 0.9790839694656489,
        "volume": 100.13414673733732,
        "wsc": 0.9263358778625954,
        "threshold": 1.1824936911256816
      },
      "0.05": {
        "coverage": 0.9499236641221374,
        "volume": 27.70646310413122,
        "wsc": 0.8629770992366412,
        "threshold": 0.6990696650111707
      },
      "0.1": {
        "coverage": 0.9029007633587787,
        "volume": 15.17532418981461,
        "wsc": 0.7931297709923664,
        "threshold": 0.52896998018463
      }
    },
    "Kernel": {
      "params": {
        "lengthscale": 1.8243390924324707,
        "gamma": 1.6131390089391928
      },
      "0.01": {
        "coverage": 0.9890076335877862,
        "volume": 96.66221650603124,
        "wsc": 0.9557251908396946,
        "threshold": 0.10220566615927151
      },
      "0.02": {
        "coverage": 0.9783969465648855,
        "volume": 49.94061233375354,
        "wsc": 0.9217557251908397,
        "threshold": 0.04798089484582269
      },
      "0.05": {
        "coverage": 0.9490076335877863,
        "volume": 17.152714917578333,
        "wsc": 0.8492366412213741,
        "threshold": 0.013947799657654778
      },
      "0.1": {
        "coverage": 0.9016030534351145,
        "volume": 8.139492065446019,
        "wsc": 0.7400763358778626,
        "threshold": 0.005577189884667886
      }
    }
  },
  "elapsed_s": 16292.413475751877
}