{
  "dataset": "blog_data",
  "seed": 3,
  "model": "Ridge",
  "split": [
    0.5,
    0.25,
    0.25
  ],
  "alphas": [
    0.01,
    0.02,
    0.05,
    0.1
  ],
  "result": {
    "seed": 3,
    "model": "Ridge",
    "model_rmse": 0.741513328059208,
    "meta": {
      "n_train": 26198,
      "n_cal": 13099,
      "n_test": 13100,
      "d": 3,
      "p": 278,
      "elapsed": 15807.204610586166
    },
    "Mahal": {
      "params": {},
      "0.01": {
        "coverage": 0.9910687022900764,
        "volume": 248.79584646879428,
        "wsc": 0.9656488549618321,
        "threshold": 29.691519551406746
      },
      "0.02": {
        "coverage": 0.9816030534351146,
        "volume": 95.17224560171641,
        "wsc": 0.932824427480916,
        "threshold": 15.646260322403638
      },
      "0.05": {
        "coverage": 0.9482442748091603,
        "volume": 27.233670081061934,
        "wsc": 0.8389312977099237,
        "threshold": 6.794243725041505
      },
      "0.1": {
        "coverage": 0.9006870229007634,
        "volume": 13.491465384898692,
        "wsc": 0.7583969465648855,
        "threshold": 4.253793692376149
      }
    },
    "Bonferroni": {
      "params": {},
      "0.01": {
        "coverage": 0.9912977099236642,
        "volume": 428.8568923216454,
        "wsc": 0.966412213740458,
        "threshold": 5.288935606468781
      },
      "0.02": {
        "coverage": 0.9825954198473282,
        "volume": 152.8860901646815,
        "wsc": 0.9358778625954198,
        "threshold": 3.74624133046616
      },
      "0.05": {
        "coverage": 0.95,
        "volume": 36.96648747265433,
        "wsc": 0.8454198473282443,
        "threshold": 2.3477269108017644
      },
      "0.1": {
        "coverage": 0.8977099236641222,
        "volume": 18.118142625486136,
        "wsc": 0.7699351392598245,
        "threshold": 1.8665169098686323
      }
    },
    "Density": {
      "params": {
        "lengthscale": 1.8332027552315129
      },
      "0.01": {
        "coverage": 0.9905343511450382,
        "volume": 244.66338190234552,
        "wsc": 0.9622137404580152,
        "threshold": 1.5119556150569344
      },
      "0.02": {
        "coverage": 0.9810687022900764,
        "volume": 95.15447701294354,
        "wsc": 0.9286259541984733,
        "threshold": 1.1546995507121656
      },
      "0.05": {
        "coverage": 0.9509160305343511,
        "volume": 27.108757479946508,
        "wsc": 0.8545801526717557,
        "threshold": 0.6776996439838711
      },
      "0.1": {
        "coverage": 0.896793893129771,
        "volume": 14.969145544482249,
        "wsc": 0.7862595419847328,
        "threshold": 0.5163093577828697
      }
    },
    "Kernel": {
      "params": {
        "lengthscale": 1.8332027552315129,
        "gamma": 1.5221575409140808
      },
      "0.01": {
        "coverage": 0.9890076335877862,
        "volume": 84.84037063168445,
        "wsc": 0.9545801526717558,
        "threshold": 0.08292957285609473
      },
      "0.02": {
        "coverage": 0.9801526717557252,
        "volume": 46.732942187651894,
        "wsc": 0.9244274809160306,
        "threshold": 0.041848309516783234
      },
      "0.05": {
        "coverage": 0.950381679389313,
        "volume": 17.1141145706733,
        "wsc": 0.8354961832061069,
        "threshold": 0.01290994899647034
      },
      "0.1": {
        "coverage": 0.9016793893129771,
        "volume": 7.804036244227025,
        "wsc": 0.7309160305343512,
        "threshold": 0.0051955866083197196
      }
    }
  },
  "elapsed_s": 15807.207930803299
}