{
  "dataset": "blog_data",
  "seed": 32,
  "model": "MLP",
  "split": [
    0.5,
    0.25,
    0.25
  ],
  "alphas": [
    0.01,
    0.02,
    0.05,
    0.1
  ],
  "result": {
    "seed": 32,
    "model": "MLP",
    "model_rmse": 0.6237060851535282,
    "meta": {
      "n_train": 26198,
      "n_cal": 13099,
      "n_test": 13100,
      "d": 3,
      "p": 278,
      "elapsed": 15975.998507738113
    },
    "Mahal": {
      "params": {},
      "0.01": {
        "coverage": 0.989236641221374,
        "volume": 108.13396005887935,
        "wsc": 0.9610687022900763,
        "threshold": 39.11983721943116
      },
      "0.02": {
        "coverage": 0.9801526717557252,
        "volume": 42.10593078436398,
        "wsc": 0.9362595419847328,
        "threshold": 20.8601686451722
      },
      "0.05": {
        "coverage": 0.9469465648854962,
        "volume": 11.410056962780917,
        "wsc": 0.8564885496183207,
        "threshold": 8.735360690584956
      },
      "0.1": {
        "coverage": 0.8983969465648854,
        "volume": 4.695352440976266,
        "wsc": 0.7641221374045801,
        "threshold": 4.83282532108775
      }
    },
    "Bonferroni": {
      "params": {},
      "0.01": {
        "coverage": 0.9888549618320611,
        "volume": 184.38776616862165,
        "wsc": 0.9610687022900763,
        "threshold": 5.996441764355163
      },
      "0.02": {
        "coverage": 0.9787786259541985,
        "volume": 60.53432983149372,
        "wsc": 0.933969465648855,
        "threshold": 4.144445722641727
      },
      "0.05": {
        "coverage": 0.9481679389312977,
        "volume": 16.037153612780717,
        "wsc": 0.8618320610687022,
        "threshold": 2.6949853043849594
      },
      "0.1": {
        "coverage": 0.898473282442748,
        "volume": 6.497812239661154,
        "wsc": 0.7702290076335878,
        "threshold": 2.008613250921884
      }
    },
    "Density": {
      "params": {
        "lengthscale": 0.8720851181835481
      },
      "0.01": {
        "coverage": 0.9897709923664122,
        "volume": 138.6858284100323,
        "wsc": 0.9603053435114504,
        "threshold": 1.706888924826839
      },
      "0.02": {
        "coverage": 0.9795419847328244,
        "volume": 52.041748484824126,
        "wsc": 0.9293893129770993,
        "threshold": 1.6445640664191563
      },
      "0.05": {
        "coverage": 0.9474809160305343,
        "volume": 9.341839481336553,
        "wsc": 0.8488549618320611,
        "threshold": 1.1289193344499606
      },
      "0.1": {
        "coverage": 0.8968702290076336,
        "volume": 2.8835276200320012,
        "wsc": 0.7461832061068703,
        "threshold": 0.686828647923203
      }
    },
    "Kernel": {
      "params": {
        "lengthscale": 0.8720851181835481,
        "gamma": 1.6486545169933835
      },
      "0.01": {
        "coverage": 0.9890076335877862,
        "volume": 44.91193019145733,
        "wsc": 0.9599236641221374,
        "threshold": 0.25163096221486847
      },
      "0.02": {
        "coverage": 0.9780916030534351,
        "volume": 22.17946244723245,
        "wsc": 0.9248091603053435,
        "threshold": 0.12869900086965214
      },
      "0.05": {
        "coverage": 0.9464885496183206,
        "volume": 6.43856167212625,
        "wsc": 0.8412213740458016,
        "threshold": 0.035651983012097446
      },
      "0.1": {
        "coverage": 0.8977862595419848,
        "volume": 2.3107721338612612,
        "wsc": 0.7400763358778626,
        "threshold": 0.011292632265336177
      }
    }
  },
  "elapsed_s": 15976.002685308456
}