{
  "dataset": "blog_data",
  "seed": 18,
  "model": "Ridge",
  "split": [
    0.5,
    0.25,
    0.25
  ],
  "alphas": [
    0.01,
    0.02,
    0.05,
    0.1
  ],
  "result": {
    "seed": 18,
    "model": "Ridge",
    "model_rmse": 0.8302919993649552,
    "meta": {
      "n_train": 26198,
      "n_cal": 13099,
      "n_test": 13100,
      "d": 3,
      "p": 278,
      "elapsed": 15891.431704998016
    },
    "Mahal": {
      "params": {},
      "0.01": {
        "coverage": 0.9874809160305343,
        "volume": 298.8578585633796,
        "wsc": 0.9538167938931298,
        "threshold": 32.63319457135438
      },
      "0.02": {
        "coverage": 0.9783206106870229,
        "volume": 93.88288435441358,
        "wsc": 0.9248091603053435,
        "threshold": 15.080211047125976
      },
      "0.05": {
        "coverage": 0.9477862595419847,
        "volume": 27.529523361780505,
        "wsc": 0.8412213740458016,
        "threshold": 6.656035021455332
      },
      "0.1": {
        "coverage": 0.9006106870229008,
        "volume": 14.195881480252307,
        "wsc": 0.751145038167939,
        "threshold": 4.28014071063947
      }
    },
    "Bonferroni": {
      "params": {},
      "0.01": {
        "coverage": 0.9877862595419847,
        "volume": 532.4853139277631,
        "wsc": 0.9549618320610687,
        "threshold": 5.580525763949047
      },
      "0.02": {
        "coverage": 0.9778625954198473,
        "volume": 153.6348322624895,
        "wsc": 0.9221374045801527,
        "threshold": 3.692497991118877
      },
      "0.05": {
        "coverage": 0.9467175572519084,
        "volume": 36.16744369749571,
        "wsc": 0.8377862595419847,
        "threshold": 2.309699442409504
      },
      "0.1": {
        "coverage": 0.8977862595419848,
        "volume": 18.041829056820255,
        "wsc": 0.7580152671755725,
        "threshold": 1.8546686416078657
      }
    },
    "Density": {
      "params": {
        "lengthscale": 1.8406124758241915
      },
      "0.01": {
        "coverage": 0.9877862595419847,
        "volume": 268.97965270315154,
        "wsc": 0.9545801526717558,
        "threshold": 1.531240919024177
      },
      "0.02": {
        "coverage": 0.9787022900763359,
        "volume": 100.23548681877384,
        "wsc": 0.9229007633587786,
        "threshold": 1.1784741444541897
      },
      "0.05": {
        "coverage": 0.9493893129770993,
        "volume": 26.671744193906108,
        "wsc": 0.8450381679389313,
        "threshold": 0.6703657029285756
      },
      "0.1": {
        "coverage": 0.9013740458015267,
        "volume": 15.388618901405511,
        "wsc": 0.7854961832061069,
        "threshold": 0.5108032972701584
      }
    },
    "Kernel": {
      "params": {
        "lengthscale": 1.8406124758241915,
        "gamma": 1.5975188674099052
      },
      "0.01": {
        "coverage": 0.9868702290076335,
        "volume": 90.20914528410128,
        "wsc": 0.9484732824427481,
        "threshold": 0.09535094454097671
      },
      "0.02": {
        "coverage": 0.9758015267175573,
        "volume": 45.1604296979541,
        "wsc": 0.9133587786259542,
        "threshold": 0.042962235491861685
      },
      "0.05": {
        "coverage": 0.9485496183206107,
        "volume": 17.650829665495976,
        "wsc": 0.832824427480916,
        "threshold": 0.013613019350933005
      },
      "0.1": {
        "coverage": 0.8969465648854962,
        "volume": 7.792059298533825,
        "wsc": 0.7209923664122138,
        "threshold": 0.005275406343717037
      }
    }
  },
  "elapsed_s": 15891.435112714767
}