{
  "dataset": "blog_data",
  "seed": 15,
  "model": "MLP",
  "split": [
    0.5,
    0.25,
    0.25
  ],
  "alphas": [
    0.01,
    0.02,
    0.05,
    0.1
  ],
  "result": {
    "seed": 15,
    "model": "MLP",
    "model_rmse": 0.5021739562547102,
    "meta": {
      "n_train": 26198,
      "n_cal": 13099,
      "n_test": 13100,
      "d": 3,
      "p": 278,
      "elapsed": 16081.513554096222
    },
    "Mahal": {
      "params": {},
      "0.01": {
        "coverage": 0.9902290076335878,
        "volume": 85.17250339958765,
        "wsc": 0.9618320610687023,
        "threshold": 34.91030541271503
      },
      "0.02": {
        "coverage": 0.9809923664122138,
        "volume": 32.75559514528908,
        "wsc": 0.9366412213740458,
        "threshold": 18.46195564266167
      },
      "0.05": {
        "coverage": 0.9499236641221374,
        "volume": 10.189423755113795,
        "wsc": 0.8564885496183207,
        "threshold": 8.475925342435731
      },
      "0.1": {
        "coverage": 0.899618320610687,
        "volume": 4.417296592990302,
        "wsc": 0.7557251908396947,
        "threshold": 4.855028089788011
      }
    },
    "Bonferroni": {
      "params": {},
      "0.01": {
        "coverage": 0.9902290076335878,
        "volume": 145.92588140979382,
        "wsc": 0.9618320610687023,
        "threshold": 5.693789837124747
      },
      "0.02": {
        "coverage": 0.9812977099236642,
        "volume": 52.1163862177835,
        "wsc": 0.9377862595419847,
        "threshold": 4.025246172361285
      },
      "0.05": {
        "coverage": 0.9494656488549619,
        "volume": 14.80031181558407,
        "wsc": 0.8618320610687022,
        "threshold": 2.650841002121337
      },
      "0.1": {
        "coverage": 0.89793893129771,
        "volume": 6.194616724818395,
        "wsc": 0.7572519083969466,
        "threshold": 1.961853305498721
      }
    },
    "Density": {
      "params": {
        "lengthscale": 0.8832606367414376
      },
      "0.01": {
        "coverage": 0.9899236641221374,
        "volume": 109.16620970742837,
        "wsc": 0.9587786259541985,
        "threshold": 1.6949077380674142
      },
      "0.02": {
        "coverage": 0.9806870229007634,
        "volume": 39.05946952834593,
        "wsc": 0.9290076335877863,
        "threshold": 1.575539308898577
      },
      "0.05": {
        "coverage": 0.9505343511450381,
        "volume": 9.607219950466853,
        "wsc": 0.849618320610687,
        "threshold": 1.0753074951408776
      },
      "0.1": {
        "coverage": 0.899618320610687,
        "volume": 3.449696738970723,
        "wsc": 0.7389312977099237,
        "threshold": 0.6986805672333559
      }
    },
    "Kernel": {
      "params": {
        "lengthscale": 0.8832606367414376,
        "gamma": 1.7677434569892432
      },
      "0.01": {
        "coverage": 0.9886259541984733,
        "volume": 38.57725385515647,
        "wsc": 0.9572519083969465,
        "threshold": 0.21339420088099004
      },
      "0.02": {
        "coverage": 0.9806870229007634,
        "volume": 21.58842475355872,
        "wsc": 0.9305343511450381,
        "threshold": 0.12004284495596189
      },
      "0.05": {
        "coverage": 0.9492366412213741,
        "volume": 8.234759957543016,
        "wsc": 0.8442748091603054,
        "threshold": 0.03472814847665844
      },
      "0.1": {
        "coverage": 0.899618320610687,
        "volume": 2.9674810657812674,
        "wsc": 0.7263358778625955,
        "threshold": 0.012033085446314077
      }
    }
  },
  "elapsed_s": 16081.51773095131
}