{
  "dataset": "blog_data",
  "seed": 40,
  "model": "Ridge",
  "split": [
    0.5,
    0.25,
    0.25
  ],
  "alphas": [
    0.01,
    0.02,
    0.05,
    0.1
  ],
  "result": {
    "seed": 40,
    "model": "Ridge",
    "model_rmse": 0.7883110219089299,
    "meta": {
      "n_train": 26198,
      "n_cal": 13099,
      "n_test": 13100,
      "d": 3,
      "p": 278,
      "elapsed": 3177.0460546016693
    },
    "Mahal": {
      "params": {},
      "0.01": {
        "coverage": 0.9880916030534351,
        "volume": 277.9754900928061,
        "wsc": 0.9580152671755725,
        "threshold": 30.356999217724344
      },
      "0.02": {
        "coverage": 0.9788549618320611,
        "volume": 107.90888332924833,
        "wsc": 0.9225190839694657,
        "threshold": 16.154467066537745
      },
      "0.05": {
        "coverage": 0.9522900763358778,
        "volume": 28.690333530245603,
        "wsc": 0.8454198473282443,
        "threshold": 6.679514562961786
      },
      "0.1": {
        "coverage": 0.9013740458015267,
        "volume": 13.542728609359349,
        "wsc": 0.7541984732824427,
        "threshold": 4.049411886619019
      }
    },
    "Bonferroni": {
      "params": {},
      "0.01": {
        "coverage": 0.9881679389312977,
        "volume": 465.6804704236061,
        "wsc": 0.9583969465648855,
        "threshold": 5.307203560312593
      },
      "0.02": {
        "coverage": 0.9783206106870229,
        "volume": 165.73571953405173,
        "wsc": 0.9229007633587786,
        "threshold": 3.7785375998799298
      },
      "0.05": {
        "coverage": 0.9516793893129771,
        "volume": 38.5860992719646,
        "wsc": 0.8473282442748091,
        "threshold": 2.314516005424373
      },
      "0.1": {
        "coverage": 0.9021374045801527,
        "volume": 20.45624805478373,
        "wsc": 0.7709923664122137,
        "threshold": 1.8262813057398901
      }
    },
    "Density": {
      "params": {
        "lengthscale": 1.840680437720983
      },
      "0.01": {
        "coverage": 0.9871755725190839,
        "volume": 259.5135782636289,
        "wsc": 0.9530534351145038,
        "threshold": 1.5311531737672786
      },
      "0.02": {
        "coverage": 0.9787786259541985,
        "volume": 115.27697433225185,
        "wsc": 0.9190839694656489,
        "threshold": 1.233584078548511
      },
      "0.05": {
        "coverage": 0.9501526717557252,
        "volume": 28.398085534876238,
        "wsc": 0.8484732824427481,
        "threshold": 0.6757633291485913
      },
      "0.1": {
        "coverage": 0.9018320610687023,
        "volume": 16.846321927468956,
        "wsc": 0.7793893129770992,
        "threshold": 0.5087765330157583
      }
    },
    "Kernel": {
      "params": {
        "lengthscale": 1.840680437720983,
        "gamma": 1.801512119378419
      },
      "0.01": {
        "coverage": 0.9882442748091603,
        "volume": 102.12079911270466,
        "wsc": 0.9526717557251908,
        "threshold": 0.10428648869657016
      },
      "0.02": {
        "coverage": 0.9784732824427481,
        "volume": 53.58734784547267,
        "wsc": 0.9183206106870229,
        "threshold": 0.04996004550239581
      },
      "0.05": {
        "coverage": 0.9492366412213741,
        "volume": 19.49360108749979,
        "wsc": 0.833969465648855,
        "threshold": 0.014582904178768208
      },
      "0.1": {
        "coverage": 0.9039694656488549,
        "volume": 9.385807931018418,
        "wsc": 0.7240458015267176,
        "threshold": 0.006084025044689682
      }
    }
  },
  "elapsed_s": 3177.050411462784
}