{
  "dataset": "blog_data",
  "seed": 16,
  "model": "Ridge",
  "split": [
    0.5,
    0.25,
    0.25
  ],
  "alphas": [
    0.01,
    0.02,
    0.05,
    0.1
  ],
  "result": {
    "seed": 16,
    "model": "Ridge",
    "model_rmse": 0.7412568974165864,
    "meta": {
      "n_train": 26198,
      "n_cal": 13099,
      "n_test": 13100,
      "d": 3,
      "p": 278,
      "elapsed": 15887.014295101166
    },
    "Mahal": {
      "params": {},
      "0.01": {
        "coverage": 0.9898473282442748,
        "volume": 280.9599975500364,
        "wsc": 0.9637404580152672,
        "threshold": 30.566508127520184
      },
      "0.02": {
        "coverage": 0.980381679389313,
        "volume": 99.95523161703863,
        "wsc": 0.9305343511450381,
        "threshold": 15.346871426150281
      },
      "0.05": {
        "coverage": 0.950381679389313,
        "volume": 29.554435171683807,
        "wsc": 0.8477099236641221,
        "threshold": 6.811319891829921
      },
      "0.1": {
        "coverage": 0.9009160305343511,
        "volume": 14.880880917002427,
        "wsc": 0.7599236641221374,
        "threshold": 4.310906422309193
      }
    },
    "Bonferroni": {
      "params": {},
      "0.01": {
        "coverage": 0.9900763358778626,
        "volume": 507.9970380926739,
        "wsc": 0.9652671755725191,
        "threshold": 5.433904854939158
      },
      "0.02": {
        "coverage": 0.9802290076335878,
        "volume": 158.2171813076329,
        "wsc": 0.9301526717557251,
        "threshold": 3.6946890189612276
      },
      "0.05": {
        "coverage": 0.9501526717557252,
        "volume": 40.37170052126467,
        "wsc": 0.850763358778626,
        "threshold": 2.343696477520872
      },
      "0.1": {
        "coverage": 0.9006870229007634,
        "volume": 21.333695852707354,
        "wsc": 0.7755725190839695,
        "threshold": 1.8782218753957558
      }
    },
    "Density": {
      "params": {
        "lengthscale": 1.8235046999375355
      },
      "0.01": {
        "coverage": 0.9908396946564886,
        "volume": 286.9845868185937,
        "wsc": 0.9656488549618321,
        "threshold": 1.552108394805184
      },
      "0.02": {
        "coverage": 0.9795419847328244,
        "volume": 99.31762971428869,
        "wsc": 0.9213740458015267,
        "threshold": 1.1860723901365586
      },
      "0.05": {
        "coverage": 0.9502290076335878,
        "volume": 27.339595011241272,
        "wsc": 0.8526717557251908,
        "threshold": 0.6833672031274258
      },
      "0.1": {
        "coverage": 0.9030534351145039,
        "volume": 16.81187988392699,
        "wsc": 0.7954198473282442,
        "threshold": 0.5222390789974972
      }
    },
    "Kernel": {
      "params": {
        "lengthscale": 1.8235046999375355,
        "gamma": 1.5352647579820613
      },
      "0.01": {
        "coverage": 0.9900763358778626,
        "volume": 97.06831612981846,
        "wsc": 0.9599236641221374,
        "threshold": 0.09658314046299345
      },
      "0.02": {
        "coverage": 0.9813740458015268,
        "volume": 50.22694045322188,
        "wsc": 0.9293893129770993,
        "threshold": 0.04618488980574908
      },
      "0.05": {
        "coverage": 0.9499236641221374,
        "volume": 17.762620677362865,
        "wsc": 0.8362595419847328,
        "threshold": 0.0130780265384595
      },
      "0.1": {
        "coverage": 0.905648854961832,
        "volume": 8.834932739001632,
        "wsc": 0.7442748091603053,
        "threshold": 0.005400614663404003
      }
    }
  },
  "elapsed_s": 15887.017708063126
}