{
  "dataset": "blog_data",
  "seed": 27,
  "model": "Ridge",
  "split": [
    0.5,
    0.25,
    0.25
  ],
  "alphas": [
    0.01,
    0.02,
    0.05,
    0.1
  ],
  "result": {
    "seed": 27,
    "model": "Ridge",
    "model_rmse": 0.723170834052906,
    "meta": {
      "n_train": 26198,
      "n_cal": 13099,
      "n_test": 13100,
      "d": 3,
      "p": 278,
      "elapsed": 16128.336443424225
    },
    "Mahal": {
      "params": {},
      "0.01": {
        "coverage": 0.9906870229007634,
        "volume": 273.81230964432876,
        "wsc": 0.966030534351145,
        "threshold": 34.45940659748554
      },
      "0.02": {
        "coverage": 0.9817557251908396,
        "volume": 104.68416952002747,
        "wsc": 0.933969465648855,
        "threshold": 18.152083895804772
      },
      "0.05": {
        "coverage": 0.9509923664122137,
        "volume": 25.54287290262647,
        "wsc": 0.8438931297709924,
        "threshold": 7.087922772991918
      },
      "0.1": {
        "coverage": 0.8966412213740458,
        "volume": 12.255284458103574,
        "wsc": 0.7473282442748092,
        "threshold": 4.343982625075693
      }
    },
    "Bonferroni": {
      "params": {},
      "0.01": {
        "coverage": 0.9904580152671756,
        "volume": 484.8914025873341,
        "wsc": 0.9652671755725191,
        "threshold": 5.680460203673027
      },
      "0.02": {
        "coverage": 0.9822137404580152,
        "volume": 172.8082854040162,
        "wsc": 0.9366412213740458,
        "threshold": 4.045127769800747
      },
      "0.05": {
        "coverage": 0.9496183206106871,
        "volume": 36.27922421767885,
        "wsc": 0.8435114503816794,
        "threshold": 2.410461040807825
      },
      "0.1": {
        "coverage": 0.8997709923664122,
        "volume": 17.672246901526332,
        "wsc": 0.7645038167938931,
        "threshold": 1.8962136171149282
      }
    },
    "Density": {
      "params": {
        "lengthscale": 1.8213752033418158
      },
      "0.01": {
        "coverage": 0.9906870229007634,
        "volume": 239.52466874796025,
        "wsc": 0.9656488549618321,
        "threshold": 1.4983477313460172
      },
      "0.02": {
        "coverage": 0.9819083969465648,
        "volume": 101.76877389242603,
        "wsc": 0.9320610687022901,
        "threshold": 1.191502716848924
      },
      "0.05": {
        "coverage": 0.9495419847328245,
        "volume": 29.210325457068322,
        "wsc": 0.850381679389313,
        "threshold": 0.6903006920082828
      },
      "0.1": {
        "coverage": 0.899236641221374,
        "volume": 16.562254534157738,
        "wsc": 0.7877862595419848,
        "threshold": 0.5215377553886273
      }
    },
    "Kernel": {
      "params": {
        "lengthscale": 1.8213752033418158,
        "gamma": 1.6493707759852432
      },
      "0.01": {
        "coverage": 0.9893893129770992,
        "volume": 91.7496322606516,
        "wsc": 0.9576335877862595,
        "threshold": 0.0929611689391288
      },
      "0.02": {
        "coverage": 0.9796946564885496,
        "volume": 49.33623969698839,
        "wsc": 0.9221374045801527,
        "threshold": 0.04481914920569946
      },
      "0.05": {
        "coverage": 0.9477099236641221,
        "volume": 17.0588300669279,
        "wsc": 0.833587786259542,
        "threshold": 0.013809143748836157
      },
      "0.1": {
        "coverage": 0.897557251908397,
        "volume": 7.82836722249431,
        "wsc": 0.7232824427480916,
        "threshold": 0.005491745354166936
      }
    }
  },
  "elapsed_s": 16128.34054851532
}