{
  "dataset": "blog_data",
  "seed": 39,
  "model": "MLP",
  "split": [
    0.5,
    0.25,
    0.25
  ],
  "alphas": [
    0.01,
    0.02,
    0.05,
    0.1
  ],
  "result": {
    "seed": 39,
    "model": "MLP",
    "model_rmse": 0.48932411647564944,
    "meta": {
      "n_train": 26198,
      "n_cal": 13099,
      "n_test": 13100,
      "d": 3,
      "p": 278,
      "elapsed": 2634.715698480606
    },
    "Mahal": {
      "params": {},
      "0.01": {
        "coverage": 0.991679389312977,
        "volume": 98.70888860651756,
        "wsc": 0.9683206106870229,
        "threshold": 35.55207568607878
      },
      "0.02": {
        "coverage": 0.980763358778626,
        "volume": 38.21120739093154,
        "wsc": 0.9358778625954198,
        "threshold": 18.883737766939618
      },
      "0.05": {
        "coverage": 0.9523664122137404,
        "volume": 12.037572901116848,
        "wsc": 0.8694656488549618,
        "threshold": 8.742857649354326
      },
      "0.1": {
        "coverage": 0.900381679389313,
        "volume": 5.025123849015041,
        "wsc": 0.7545801526717557,
        "threshold": 4.883433749825427
      }
    },
    "Bonferroni": {
      "params": {},
      "0.01": {
        "coverage": 0.99206106870229,
        "volume": 156.0243911807479,
        "wsc": 0.9702290076335878,
        "threshold": 5.6121438220336755
      },
      "0.02": {
        "coverage": 0.981526717557252,
        "volume": 61.46275424603555,
        "wsc": 0.9396946564885497,
        "threshold": 4.088280557503223
      },
      "0.05": {
        "coverage": 0.9503053435114504,
        "volume": 16.58408776725048,
        "wsc": 0.8687022900763359,
        "threshold": 2.6564005121099235
      },
      "0.1": {
        "coverage": 0.8993893129770992,
        "volume": 6.8830893518671905,
        "wsc": 0.7610687022900763,
        "threshold": 1.9818991840228668
      }
    },
    "Density": {
      "params": {
        "lengthscale": 0.9089855140019594
      },
      "0.01": {
        "coverage": 0.99206106870229,
        "volume": 145.83834284459545,
        "wsc": 0.966412213740458,
        "threshold": 1.705829535565944
      },
      "0.02": {
        "coverage": 0.9822137404580152,
        "volume": 45.54849732175201,
        "wsc": 0.9362595419847328,
        "threshold": 1.5910275093719528
      },
      "0.05": {
        "coverage": 0.9487022900763359,
        "volume": 9.37763180153718,
        "wsc": 0.851526717557252,
        "threshold": 1.0596064896796664
      },
      "0.1": {
        "coverage": 0.9001526717557252,
        "volume": 3.4877399064830397,
        "wsc": 0.7545801526717557,
        "threshold": 0.6823763996114619
      }
    },
    "Kernel": {
      "params": {
        "lengthscale": 0.9089855140019594,
        "gamma": 1.669403390093097
      },
      "0.01": {
        "coverage": 0.9890076335877862,
        "volume": 50.09872753087227,
        "wsc": 0.9576335877862595,
        "threshold": 0.24881402278516665
      },
      "0.02": {
        "coverage": 0.9789312977099237,
        "volume": 23.397884273293503,
        "wsc": 0.9259541984732824,
        "threshold": 0.11827051758067816
      },
      "0.05": {
        "coverage": 0.9490839694656489,
        "volume": 7.876286808680242,
        "wsc": 0.8465648854961833,
        "threshold": 0.0327093823221018
      },
      "0.1": {
        "coverage": 0.9002290076335878,
        "volume": 3.349154214834707,
        "wsc": 0.7477099236641221,
        "threshold": 0.011116267986064778
      }
    }
  },
  "elapsed_s": 2634.719499349594
}