{
  "dataset": "blog_data",
  "seed": 41,
  "model": "MLP",
  "split": [
    0.5,
    0.25,
    0.25
  ],
  "alphas": [
    0.01,
    0.02,
    0.05,
    0.1
  ],
  "result": {
    "seed": 41,
    "model": "MLP",
    "model_rmse": 0.5657068838634556,
    "meta": {
      "n_train": 26198,
      "n_cal": 13099,
      "n_test": 13100,
      "d": 3,
      "p": 278,
      "elapsed": 2948.061148405075
    },
    "Mahal": {
      "params": {},
      "0.01": {
        "coverage": 0.9902290076335878,
        "volume": 106.4976185329805,
        "wsc": 0.9641221374045802,
        "threshold": 32.80166220219461
      },
      "0.02": {
        "coverage": 0.980763358778626,
        "volume": 42.7167648745022,
        "wsc": 0.9358778625954198,
        "threshold": 17.840272778778278
      },
      "0.05": {
        "coverage": 0.9511450381679389,
        "volume": 13.041159324350106,
        "wsc": 0.8648854961832061,
        "threshold": 8.088724706522658
      },
      "0.1": {
        "coverage": 0.8974809160305344,
        "volume": 5.121255499631689,
        "wsc": 0.7530534351145038,
        "threshold": 4.337640446620324
      }
    },
    "Bonferroni": {
      "params": {},
      "0.01": {
        "coverage": 0.9902290076335878,
        "volume": 174.38234159729302,
        "wsc": 0.9637404580152672,
        "threshold": 5.4696050592669945
      },
      "0.02": {
        "coverage": 0.9801526717557252,
        "volume": 59.16543732765298,
        "wsc": 0.934732824427481,
        "threshold": 3.902746523403476
      },
      "0.05": {
        "coverage": 0.9506870229007633,
        "volume": 16.27757247052654,
        "wsc": 0.8664122137404581,
        "threshold": 2.5673637887544682
      },
      "0.1": {
        "coverage": 0.9012977099236641,
        "volume": 5.520220229135087,
        "wsc": 0.766030534351145,
        "threshold": 1.8682616156753131
      }
    },
    "Density": {
      "params": {
        "lengthscale": 0.9171983055362619
      },
      "0.01": {
        "coverage": 0.9903053435114504,
        "volume": 126.6819770532283,
        "wsc": 0.9622137404580152,
        "threshold": 1.7013625894611986
      },
      "0.02": {
        "coverage": 0.9795419847328244,
        "volume": 41.33087966429348,
        "wsc": 0.9263358778625954,
        "threshold": 1.585926025085805
      },
      "0.05": {
        "coverage": 0.9525954198473282,
        "volume": 8.351102397922311,
        "wsc": 0.8580152671755725,
        "threshold": 1.08632646877087
      },
      "0.1": {
        "coverage": 0.8949618320610687,
        "volume": 2.9724262772265853,
        "wsc": 0.7305343511450382,
        "threshold": 0.671007729891974
      }
    },
    "Kernel": {
      "params": {
        "lengthscale": 0.9171983055362619,
        "gamma": 1.630511792536703
      },
      "0.01": {
        "coverage": 0.9877099236641221,
        "volume": 41.33087966429348,
        "wsc": 0.9530534351145038,
        "threshold": 0.21127985561868945
      },
      "0.02": {
        "coverage": 0.9779389312977099,
        "volume": 21.373160374343545,
        "wsc": 0.9206106870229007,
        "threshold": 0.1104115943644496
      },
      "0.05": {
        "coverage": 0.9505343511450381,
        "volume": 6.511028988210616,
        "wsc": 0.851145038167939,
        "threshold": 0.03310041711044245
      },
      "0.1": {
        "coverage": 0.8987022900763358,
        "volume": 2.689338060347863,
        "wsc": 0.73206106870229,
        "threshold": 0.010688586926495876
      }
    }
  },
  "elapsed_s": 2948.064884185791
}