{
  "dataset": "blog_data",
  "seed": 4,
  "model": "MLP",
  "split": [
    0.5,
    0.25,
    0.25
  ],
  "alphas": [
    0.01,
    0.02,
    0.05,
    0.1
  ],
  "result": {
    "seed": 4,
    "model": "MLP",
    "model_rmse": 0.53856413284963,
    "meta": {
      "n_train": 26198,
      "n_cal": 13099,
      "n_test": 13100,
      "d": 3,
      "p": 278,
      "elapsed": 2510.5794491767883
    },
    "Mahal": {
      "params": {},
      "0.01": {
        "coverage": 0.9887786259541985,
        "volume": 75.66090003862263,
        "wsc": 0.9633587786259542,
        "threshold": 33.310429180005144
      },
      "0.02": {
        "coverage": 0.9794656488549618,
        "volume": 31.680626877441572,
        "wsc": 0.9366412213740458,
        "threshold": 18.643541072771253
      },
      "0.05": {
        "coverage": 0.9527480916030534,
        "volume": 10.594725973463632,
        "wsc": 0.8729007633587786,
        "threshold": 8.982399740676316
      },
      "0.1": {
        "coverage": 0.9022900763358779,
        "volume": 4.420901284459893,
        "wsc": 0.7702290076335878,
        "threshold": 5.015794918896328
      }
    },
    "Bonferroni": {
      "params": {},
      "0.01": {
        "coverage": 0.9885496183206107,
        "volume": 127.16275842147036,
        "wsc": 0.9637404580152672,
        "threshold": 5.483796678139144
      },
      "0.02": {
        "coverage": 0.979236641221374,
        "volume": 48.90433443885489,
        "wsc": 0.9377862595419847,
        "threshold": 3.993709306980479
      },
      "0.05": {
        "coverage": 0.9525190839694656,
        "volume": 15.165322190905666,
        "wsc": 0.8744274809160305,
        "threshold": 2.7024695722361582
      },
      "0.1": {
        "coverage": 0.9049618320610687,
        "volume": 6.510365587004958,
        "wsc": 0.7847328244274809,
        "threshold": 2.007200093682392
      }
    },
    "Density": {
      "params": {
        "lengthscale": 0.8897694312590312
      },
      "0.01": {
        "coverage": 0.9886259541984733,
        "volume": 99.68518601749355,
        "wsc": 0.9568702290076336,
        "threshold": 1.6996843687208738
      },
      "0.02": {
        "coverage": 0.9785496183206107,
        "volume": 34.46664134296742,
        "wsc": 0.9293893129770993,
        "threshold": 1.540158466102687
      },
      "0.05": {
        "coverage": 0.9483206106870229,
        "volume": 9.305993162601204,
        "wsc": 0.851526717557252,
        "threshold": 1.035407422685029
      },
      "0.1": {
        "coverage": 0.9006106870229008,
        "volume": 3.676441743249858,
        "wsc": 0.7576335877862596,
        "threshold": 0.6780105304338035
      }
    },
    "Kernel": {
      "params": {
        "lengthscale": 0.8897694312590312,
        "gamma": 1.7750499163637259
      },
      "0.01": {
        "coverage": 0.9883206106870229,
        "volume": 42.355672583691074,
        "wsc": 0.9583969465648855,
        "threshold": 0.23858793937573278
      },
      "0.02": {
        "coverage": 0.9789312977099237,
        "volume": 22.403316872928823,
        "wsc": 0.9297709923664123,
        "threshold": 0.12020353525521704
      },
      "0.05": {
        "coverage": 0.9483969465648855,
        "volume": 7.7741424362470966,
        "wsc": 0.851145038167939,
        "threshold": 0.03227697153975432
      },
      "0.1": {
        "coverage": 0.8999236641221374,
        "volume": 3.2168865253436256,
        "wsc": 0.7473282442748092,
        "threshold": 0.011425402489979027
      }
    }
  },
  "elapsed_s": 2510.5830368995667
}