{
  "dataset": "blog_data",
  "seed": 17,
  "model": "MLP",
  "split": [
    0.5,
    0.25,
    0.25
  ],
  "alphas": [
    0.01,
    0.02,
    0.05,
    0.1
  ],
  "result": {
    "seed": 17,
    "model": "MLP",
    "model_rmse": 0.7349473891380172,
    "meta": {
      "n_train": 26198,
      "n_cal": 13099,
      "n_test": 13100,
      "d": 3,
      "p": 278,
      "elapsed": 16152.874935626984
    },
    "Mahal": {
      "params": {},
      "0.01": {
        "coverage": 0.9902290076335878,
        "volume": 123.54929110708063,
        "wsc": 0.9625954198473282,
        "threshold": 31.780957537927435
      },
      "0.02": {
        "coverage": 0.9808396946564886,
        "volume": 43.70105067243487,
        "wsc": 0.9324427480916031,
        "threshold": 15.895275459435561
      },
      "0.05": {
        "coverage": 0.9529770992366412,
        "volume": 12.351045507213641,
        "wsc": 0.8656488549618321,
        "threshold": 6.845564824364638
      },
      "0.1": {
        "coverage": 0.9004580152671756,
        "volume": 4.976303226654548,
        "wsc": 0.767557251908397,
        "threshold": 3.734318561889997
      }
    },
    "Bonferroni": {
      "params": {},
      "0.01": {
        "coverage": 0.9899236641221374,
        "volume": 187.31857151170595,
        "wsc": 0.9614503816793893,
        "threshold": 5.209931743902556
      },
      "0.02": {
        "coverage": 0.9809923664122138,
        "volume": 62.026017056856276,
        "wsc": 0.933969465648855,
        "threshold": 3.6641886335844975
      },
      "0.05": {
        "coverage": 0.9521374045801527,
        "volume": 16.871076639464906,
        "wsc": 0.867175572519084,
        "threshold": 2.311532229072431
      },
      "0.1": {
        "coverage": 0.898854961832061,
        "volume": 4.962081364548503,
        "wsc": 0.7710797405570393,
        "threshold": 1.7119368702011348
      }
    },
    "Density": {
      "params": {
        "lengthscale": 0.9016718158365122
      },
      "0.01": {
        "coverage": 0.9904580152671756,
        "volume": 126.5330747959868,
        "wsc": 0.9625954198473282,
        "threshold": 1.7016116587091157
      },
      "0.02": {
        "coverage": 0.9819847328244274,
        "volume": 49.372709577257595,
        "wsc": 0.934732824427481,
        "threshold": 1.6156040219975218
      },
      "0.05": {
        "coverage": 0.9516793893129771,
        "volume": 8.187434251505028,
        "wsc": 0.8534351145038168,
        "threshold": 1.0959629963590807
      },
      "0.1": {
        "coverage": 0.903206106870229,
        "volume": 1.4886244093645506,
        "wsc": 0.75,
        "threshold": 0.7042641248610099
      }
    },
    "Kernel": {
      "params": {
        "lengthscale": 0.9016718158365122,
        "gamma": 1.742898610386105
      },
      "0.01": {
        "coverage": 0.9890076335877862,
        "volume": 47.387877031438194,
        "wsc": 0.9576335877862595,
        "threshold": 0.24497904978490787
      },
      "0.02": {
        "coverage": 0.9796946564885496,
        "volume": 22.577470208695683,
        "wsc": 0.9282442748091603,
        "threshold": 0.1298785217307992
      },
      "0.05": {
        "coverage": 0.9529770992366412,
        "volume": 6.450705773913053,
        "wsc": 0.8538167938931298,
        "threshold": 0.036297411778528986
      },
      "0.1": {
        "coverage": 0.9015267175572519,
        "volume": 1.4886244093645506,
        "wsc": 0.7404580152671756,
        "threshold": 0.012124848862663604
      }
    }
  },
  "elapsed_s": 16152.878375768661
}