{
  "dataset": "blog_data",
  "seed": 15,
  "model": "Ridge",
  "split": [
    0.5,
    0.25,
    0.25
  ],
  "alphas": [
    0.01,
    0.02,
    0.05,
    0.1
  ],
  "result": {
    "seed": 15,
    "model": "Ridge",
    "model_rmse": 0.7368064991810664,
    "meta": {
      "n_train": 26198,
      "n_cal": 13099,
      "n_test": 13100,
      "d": 3,
      "p": 278,
      "elapsed": 15917.91745018959
    },
    "Mahal": {
      "params": {},
      "0.01": {
        "coverage": 0.990763358778626,
        "volume": 281.9009126767004,
        "wsc": 0.9633587786259542,
        "threshold": 33.80371082229939
      },
      "0.02": {
        "coverage": 0.9800763358778626,
        "volume": 94.44267819597196,
        "wsc": 0.9240458015267176,
        "threshold": 16.305930467122355
      },
      "0.05": {
        "coverage": 0.9533587786259542,
        "volume": 25.844178816706783,
        "wsc": 0.8435114503816794,
        "threshold": 6.872929377973537
      },
      "0.1": {
        "coverage": 0.9014503816793893,
        "volume": 12.285139997761005,
        "wsc": 0.7534351145038168,
        "threshold": 4.186201508156122
      }
    },
    "Bonferroni": {
      "params": {},
      "0.01": {
        "coverage": 0.9909160305343512,
        "volume": 480.80048818115176,
        "wsc": 0.9637404580152672,
        "threshold": 5.59632820127172
      },
      "0.02": {
        "coverage": 0.979618320610687,
        "volume": 142.0991497054376,
        "wsc": 0.9244274809160306,
        "threshold": 3.733043615622091
      },
      "0.05": {
        "coverage": 0.9511450381679389,
        "volume": 35.37535237408791,
        "wsc": 0.8412213740458016,
        "threshold": 2.326764447591657
      },
      "0.1": {
        "coverage": 0.9016030534351145,
        "volume": 17.82352623456349,
        "wsc": 0.768320610687023,
        "threshold": 1.8686881364333185
      }
    },
    "Density": {
      "params": {
        "lengthscale": 1.8133401621317817
      },
      "0.01": {
        "coverage": 0.9908396946564886,
        "volume": 269.14611414571027,
        "wsc": 0.9641221374045802,
        "threshold": 1.541536862087111
      },
      "0.02": {
        "coverage": 0.9789312977099237,
        "volume": 85.80289001334071,
        "wsc": 0.917557251908397,
        "threshold": 1.127483691020686
      },
      "0.05": {
        "coverage": 0.9508396946564885,
        "volume": 27.822089732001547,
        "wsc": 0.85,
        "threshold": 0.6869208216774926
      },
      "0.1": {
        "coverage": 0.8967175572519084,
        "volume": 16.13898564532121,
        "wsc": 0.7797709923664122,
        "threshold": 0.5210083654247017
      }
    },
    "Kernel": {
      "params": {
        "lengthscale": 1.8133401621317817,
        "gamma": 1.7359972023071466
      },
      "0.01": {
        "coverage": 0.989618320610687,
        "volume": 96.69806382440773,
        "wsc": 0.9553435114503817,
        "threshold": 0.10245647194571852
      },
      "0.02": {
        "coverage": 0.9793129770992366,
        "volume": 50.86225779131532,
        "wsc": 0.916793893129771,
        "threshold": 0.04946346216810092
      },
      "0.05": {
        "coverage": 0.9504580152671755,
        "volume": 17.25295603498143,
        "wsc": 0.8320610687022901,
        "threshold": 0.01463243150377884
      },
      "0.1": {
        "coverage": 0.8994656488549618,
        "volume": 8.12383284166842,
        "wsc": 0.7217557251908397,
        "threshold": 0.005723102001647174
      }
    }
  },
  "elapsed_s": 15917.920669794083
}