{
  "dataset": "blog_data",
  "seed": 26,
  "model": "MLP",
  "split": [
    0.5,
    0.25,
    0.25
  ],
  "alphas": [
    0.01,
    0.02,
    0.05,
    0.1
  ],
  "result": {
    "seed": 26,
    "model": "MLP",
    "model_rmse": 0.48693207948572753,
    "meta": {
      "n_train": 26198,
      "n_cal": 13099,
      "n_test": 13100,
      "d": 3,
      "p": 278,
      "elapsed": 15995.79957318306
    },
    "Mahal": {
      "params": {},
      "0.01": {
        "coverage": 0.9912213740458016,
        "volume": 89.53053872950528,
        "wsc": 0.9702290076335878,
        "threshold": 35.71068066889525
      },
      "0.02": {
        "coverage": 0.9819083969465648,
        "volume": 38.73025402584779,
        "wsc": 0.9450381679389313,
        "threshold": 20.426042287158708
      },
      "0.05": {
        "coverage": 0.9496183206106871,
        "volume": 12.226116133586899,
        "wsc": 0.8709923664122138,
        "threshold": 9.469847984953638
      },
      "0.1": {
        "coverage": 0.8998473282442748,
        "volume": 5.199310495151945,
        "wsc": 0.7583969465648855,
        "threshold": 5.355267455322399
      }
    },
    "Bonferroni": {
      "params": {},
      "0.01": {
        "coverage": 0.9914503816793893,
        "volume": 145.64566807861667,
        "wsc": 0.9709923664122138,
        "threshold": 5.64387253172418
      },
      "0.02": {
        "coverage": 0.9813740458015268,
        "volume": 60.54460757485665,
        "wsc": 0.9438931297709924,
        "threshold": 4.207323268229711
      },
      "0.05": {
        "coverage": 0.9499236641221374,
        "volume": 17.248846135093004,
        "wsc": 0.8721374045801527,
        "threshold": 2.8146449105645504
      },
      "0.1": {
        "coverage": 0.9016030534351145,
        "volume": 6.786668487716962,
        "wsc": 0.7687022900763358,
        "threshold": 2.081625160148362
      }
    },
    "Density": {
      "params": {
        "lengthscale": 0.9069221566635679
      },
      "0.01": {
        "coverage": 0.990763358778626,
        "volume": 117.65970463459833,
        "wsc": 0.966030534351145,
        "threshold": 1.6934684202883399
      },
      "0.02": {
        "coverage": 0.9819083969465648,
        "volume": 41.67506448747302,
        "wsc": 0.935902327355971,
        "threshold": 1.5755368554352713
      },
      "0.05": {
        "coverage": 0.9502290076335878,
        "volume": 9.319007475671052,
        "wsc": 0.8583969465648855,
        "threshold": 1.07442727740192
      },
      "0.1": {
        "coverage": 0.9004580152671756,
        "volume": 3.4729220406227523,
        "wsc": 0.7522900763358779,
        "threshold": 0.7085622146444938
      }
    },
    "Kernel": {
      "params": {
        "lengthscale": 0.9069221566635679,
        "gamma": 1.7432832871057888
      },
      "0.01": {
        "coverage": 0.9908396946564886,
        "volume": 44.43893161146863,
        "wsc": 0.966793893129771,
        "threshold": 0.22790549753333822
      },
      "0.02": {
        "coverage": 0.9812213740458016,
        "volume": 20.895414277746895,
        "wsc": 0.9377862595419847,
        "threshold": 0.10742064170606437
      },
      "0.05": {
        "coverage": 0.9487786259541985,
        "volume": 7.59701696386227,
        "wsc": 0.851526717557252,
        "threshold": 0.03335824451417351
      },
      "0.1": {
        "coverage": 0.8977099236641222,
        "volume": 2.7349261069904176,
        "wsc": 0.7381679389312977,
        "threshold": 0.011861851876781248
      }
    }
  },
  "elapsed_s": 15995.804005384445
}