{
  "dataset": "blog_data",
  "seed": 37,
  "model": "MLP",
  "split": [
    0.5,
    0.25,
    0.25
  ],
  "alphas": [
    0.01,
    0.02,
    0.05,
    0.1
  ],
  "result": {
    "seed": 37,
    "model": "MLP",
    "model_rmse": 0.5491790594273973,
    "meta": {
      "n_train": 26198,
      "n_cal": 13099,
      "n_test": 13100,
      "d": 3,
      "p": 278,
      "elapsed": 16426.52266049385
    },
    "Mahal": {
      "params": {},
      "0.01": {
        "coverage": 0.9896946564885496,
        "volume": 83.30932011100931,
        "wsc": 0.9625954198473282,
        "threshold": 32.20651197450769
      },
      "0.02": {
        "coverage": 0.9803053435114504,
        "volume": 38.18301423331178,
        "wsc": 0.934732824427481,
        "threshold": 19.1452674927102
      },
      "0.05": {
        "coverage": 0.9506870229007633,
        "volume": 12.427310569160262,
        "wsc": 0.8614503816793894,
        "threshold": 9.058703956526953
      },
      "0.1": {
        "coverage": 0.9040458015267175,
        "volume": 5.277299828264719,
        "wsc": 0.7656488549618321,
        "threshold": 5.1178687630152115
      }
    },
    "Bonferroni": {
      "params": {},
      "0.01": {
        "coverage": 0.9901526717557252,
        "volume": 137.69321715602422,
        "wsc": 0.9652671755725191,
        "threshold": 5.379683924804538
      },
      "0.02": {
        "coverage": 0.9804580152671756,
        "volume": 59.367727686836524,
        "wsc": 0.9358778625954198,
        "threshold": 4.051856131367702
      },
      "0.05": {
        "coverage": 0.9506106870229007,
        "volume": 17.95998484643794,
        "wsc": 0.8614503816793894,
        "threshold": 2.7325068799704773
      },
      "0.1": {
        "coverage": 0.9030534351145039,
        "volume": 7.002915902057592,
        "wsc": 0.7732824427480917,
        "threshold": 2.0287304659598893
      }
    },
    "Density": {
      "params": {
        "lengthscale": 0.876730742778479
      },
      "0.01": {
        "coverage": 0.9905343511450382,
        "volume": 128.25129096617877,
        "wsc": 0.9610687022900763,
        "threshold": 1.6975335332609403
      },
      "0.02": {
        "coverage": 0.980381679389313,
        "volume": 45.95317110400325,
        "wsc": 0.9278625954198473,
        "threshold": 1.6110181608334444
      },
      "0.05": {
        "coverage": 0.9509923664122137,
        "volume": 9.737563800486413,
        "wsc": 0.8526717557251908,
        "threshold": 1.1062785186631898
      },
      "0.1": {
        "coverage": 0.9008396946564885,
        "volume": 3.1965816650553127,
        "wsc": 0.7461832061068703,
        "threshold": 0.71664409185819
      }
    },
    "Kernel": {
      "params": {
        "lengthscale": 0.876730742778479,
        "gamma": 1.8085347283783426
      },
      "0.01": {
        "coverage": 0.9880152671755725,
        "volume": 43.56959286821056,
        "wsc": 0.9553435114503817,
        "threshold": 0.24231110183837282
      },
      "0.02": {
        "coverage": 0.980381679389313,
        "volume": 22.930392175338977,
        "wsc": 0.9320610687022901,
        "threshold": 0.12932929204436
      },
      "0.05": {
        "coverage": 0.9516030534351145,
        "volume": 7.631145824669619,
        "wsc": 0.850381679389313,
        "threshold": 0.03735216252687756
      },
      "0.1": {
        "coverage": 0.9022900763358779,
        "volume": 3.0487628597348357,
        "wsc": 0.7450381679389313,
        "threshold": 0.013073211192759513
      }
    }
  },
  "elapsed_s": 16426.52604341507
}