{
  "dataset": "blog_data",
  "seed": 47,
  "model": "Ridge",
  "split": [
    0.5,
    0.25,
    0.25
  ],
  "alphas": [
    0.01,
    0.02,
    0.05,
    0.1
  ],
  "result": {
    "seed": 47,
    "model": "Ridge",
    "model_rmse": 0.7743537876312925,
    "meta": {
      "n_train": 26198,
      "n_cal": 13099,
      "n_test": 13100,
      "d": 3,
      "p": 278,
      "elapsed": 2512.9049928188324
    },
    "Mahal": {
      "params": {},
      "0.01": {
        "coverage": 0.990763358778626,
        "volume": 361.9748839786852,
        "wsc": 0.9652671755725191,
        "threshold": 37.88597420767108
      },
      "0.02": {
        "coverage": 0.9809923664122138,
        "volume": 108.68857307262509,
        "wsc": 0.932824427480916,
        "threshold": 16.988254517599593
      },
      "0.05": {
        "coverage": 0.9489312977099237,
        "volume": 27.42968512821874,
        "wsc": 0.8381679389312977,
        "threshold": 6.784326113719892
      },
      "0.1": {
        "coverage": 0.9011450381679389,
        "volume": 13.61617367717282,
        "wsc": 0.7553435114503817,
        "threshold": 4.25333466599776
      }
    },
    "Bonferroni": {
      "params": {},
      "0.01": {
        "coverage": 0.9906870229007634,
        "volume": 632.2946773781058,
        "wsc": 0.9648854961832061,
        "threshold": 5.9952721573728365
      },
      "0.02": {
        "coverage": 0.9805343511450382,
        "volume": 170.88068339138778,
        "wsc": 0.9309160305343511,
        "threshold": 3.898871151472872
      },
      "0.05": {
        "coverage": 0.9484732824427481,
        "volume": 38.885812811639475,
        "wsc": 0.8385496183206107,
        "threshold": 2.3459750601682803
      },
      "0.1": {
        "coverage": 0.896030534351145,
        "volume": 19.26216225596484,
        "wsc": 0.7633587786259542,
        "threshold": 1.855203340103973
      }
    },
    "Density": {
      "params": {
        "lengthscale": 1.8497402907715812
      },
      "0.01": {
        "coverage": 0.99,
        "volume": 283.7166740865169,
        "wsc": 0.9622137404580152,
        "threshold": 1.5496157216883668
      },
      "0.02": {
        "coverage": 0.98,
        "volume": 97.03378787924377,
        "wsc": 0.9255725190839694,
        "threshold": 1.1587252337910554
      },
      "0.05": {
        "coverage": 0.9498473282442748,
        "volume": 29.17726990514781,
        "wsc": 0.851526717557252,
        "threshold": 0.6713095592699956
      },
      "0.1": {
        "coverage": 0.897175572519084,
        "volume": 16.473538229632126,
        "wsc": 0.7805343511450382,
        "threshold": 0.5084392533042206
      }
    },
    "Kernel": {
      "params": {
        "lengthscale": 1.8497402907715812,
        "gamma": 1.5857637171562777
      },
      "0.01": {
        "coverage": 0.9882442748091603,
        "volume": 91.09505152686857,
        "wsc": 0.9538167938931298,
        "threshold": 0.0881025810250258
      },
      "0.02": {
        "coverage": 0.9799236641221374,
        "volume": 53.60355072839545,
        "wsc": 0.9259541984732824,
        "threshold": 0.0468969019734979
      },
      "0.05": {
        "coverage": 0.9480916030534351,
        "volume": 18.90067395625504,
        "wsc": 0.832824427480916,
        "threshold": 0.013252435868162035
      },
      "0.1": {
        "coverage": 0.8991603053435114,
        "volume": 8.365872078998132,
        "wsc": 0.7202290076335878,
        "threshold": 0.005318494256800494
      }
    }
  },
  "elapsed_s": 2512.908221244812
}