{
  "dataset": "blog_data",
  "seed": 48,
  "model": "MLP",
  "split": [
    0.5,
    0.25,
    0.25
  ],
  "alphas": [
    0.01,
    0.02,
    0.05,
    0.1
  ],
  "result": {
    "seed": 48,
    "model": "MLP",
    "model_rmse": 0.5877119085289889,
    "meta": {
      "n_train": 26198,
      "n_cal": 13099,
      "n_test": 13100,
      "d": 3,
      "p": 278,
      "elapsed": 6459.272811174393
    },
    "Mahal": {
      "params": {},
      "0.01": {
        "coverage": 0.9898473282442748,
        "volume": 120.61253550632534,
        "wsc": 0.9656488549618321,
        "threshold": 34.517492007846016
      },
      "0.02": {
        "coverage": 0.9816030534351146,
        "volume": 47.84889304672827,
        "wsc": 0.9416030534351145,
        "threshold": 18.636264466015653
      },
      "0.05": {
        "coverage": 0.9517557251908397,
        "volume": 15.042570162097983,
        "wsc": 0.8744274809160305,
        "threshold": 8.616395634272802
      },
      "0.1": {
        "coverage": 0.9022900763358779,
        "volume": 6.529254033259297,
        "wsc": 0.7706106870229008,
        "threshold": 4.939541578633113
      }
    },
    "Bonferroni": {
      "params": {},
      "0.01": {
        "coverage": 0.990381679389313,
        "volume": 210.68995327573225,
        "wsc": 0.9679389312977099,
        "threshold": 5.702620484969629
      },
      "0.02": {
        "coverage": 0.9810687022900764,
        "volume": 74.47031920098323,
        "wsc": 0.9431297709923664,
        "threshold": 4.021689158950332
      },
      "0.05": {
        "coverage": 0.9516030534351145,
        "volume": 22.537424156888388,
        "wsc": 0.8782442748091603,
        "threshold": 2.699885594160758
      },
      "0.1": {
        "coverage": 0.9030534351145039,
        "volume": 8.848224997155466,
        "wsc": 0.7744274809160305,
        "threshold": 1.9838697315138807
      }
    },
    "Density": {
      "params": {
        "lengthscale": 0.9346082848693406
      },
      "0.01": {
        "coverage": 0.9912213740458016,
        "volume": 145.30990778003334,
        "wsc": 0.9652671755725191,
        "threshold": 1.6979180283504478
      },
      "0.02": {
        "coverage": 0.98,
        "volume": 54.218910620867526,
        "wsc": 0.9324427480916031,
        "threshold": 1.608932427915541
      },
      "0.05": {
        "coverage": 0.952824427480916,
        "volume": 11.752809494701939,
        "wsc": 0.8580152671755725,
        "threshold": 1.1164529433240513
      },
      "0.1": {
        "coverage": 0.9032824427480916,
        "volume": 4.975445667093498,
        "wsc": 0.7519083969465649,
        "threshold": 0.7243706861865513
      }
    },
    "Kernel": {
      "params": {
        "lengthscale": 0.9346082848693406,
        "gamma": 1.771677533898765
      },
      "0.01": {
        "coverage": 0.9887786259541985,
        "volume": 48.35595302396816,
        "wsc": 0.9580152671755725,
        "threshold": 0.2327524745592274
      },
      "0.02": {
        "coverage": 0.979618320610687,
        "volume": 26.00678897340223,
        "wsc": 0.9286259541984733,
        "threshold": 0.12088527951537809
      },
      "0.05": {
        "coverage": 0.9522900763358778,
        "volume": 9.144062307090755,
        "wsc": 0.8553435114503817,
        "threshold": 0.036002724544294144
      },
      "0.1": {
        "coverage": 0.903587786259542,
        "volume": 4.545136852642169,
        "wsc": 0.7408396946564886,
        "threshold": 0.012907880528627397
      }
    }
  },
  "elapsed_s": 6459.276855230331
}