{
  "dataset": "blog_data",
  "seed": 5,
  "model": "Ridge",
  "split": [
    0.5,
    0.25,
    0.25
  ],
  "alphas": [
    0.01,
    0.02,
    0.05,
    0.1
  ],
  "result": {
    "seed": 5,
    "model": "Ridge",
    "model_rmse": 0.7638215823617892,
    "meta": {
      "n_train": 26198,
      "n_cal": 13099,
      "n_test": 13100,
      "d": 3,
      "p": 278,
      "elapsed": 15716.249220609665
    },
    "Mahal": {
      "params": {},
      "0.01": {
        "coverage": 0.99206106870229,
        "volume": 343.38479632896025,
        "wsc": 0.9702290076335878,
        "threshold": 32.95602355034039
      },
      "0.02": {
        "coverage": 0.982442748091603,
        "volume": 102.13332256208274,
        "wsc": 0.9370229007633588,
        "threshold": 14.684496829988815
      },
      "0.05": {
        "coverage": 0.9579389312977099,
        "volume": 31.724572441970214,
        "wsc": 0.8614503816793894,
        "threshold": 6.735108783455418
      },
      "0.1": {
        "coverage": 0.9061832061068702,
        "volume": 15.246302422677225,
        "wsc": 0.7709923664122137,
        "threshold": 4.132286739668172
      }
    },
    "Bonferroni": {
      "params": {},
      "0.01": {
        "coverage": 0.9921374045801526,
        "volume": 613.3315444895051,
        "wsc": 0.9702290076335878,
        "threshold": 5.621868524426856
      },
      "0.02": {
        "coverage": 0.982824427480916,
        "volume": 159.02082731822088,
        "wsc": 0.9377862595419847,
        "threshold": 3.5816062289752506
      },
      "0.05": {
        "coverage": 0.9559541984732824,
        "volume": 45.74505573218566,
        "wsc": 0.8583969465648855,
        "threshold": 2.323742691661266
      },
      "0.1": {
        "coverage": 0.9051145038167939,
        "volume": 23.86278514435028,
        "wsc": 0.7843511450381679,
        "threshold": 1.8452083526982457
      }
    },
    "Density": {
      "params": {
        "lengthscale": 1.8358263923619087
      },
      "0.01": {
        "coverage": 0.9921374045801526,
        "volume": 341.0349455852489,
        "wsc": 0.9679389312977099,
        "threshold": 1.5891721013347717
      },
      "0.02": {
        "coverage": 0.9806106870229008,
        "volume": 105.20879766071845,
        "wsc": 0.9244274809160306,
        "threshold": 1.1966152088894608
      },
      "0.05": {
        "coverage": 0.9554198473282443,
        "volume": 30.094160212409363,
        "wsc": 0.8629770992366412,
        "threshold": 0.689455732092576
      },
      "0.1": {
        "coverage": 0.9093129770992366,
        "volume": 17.969546707891304,
        "wsc": 0.8049618320610687,
        "threshold": 0.5190661894483976
      }
    },
    "Kernel": {
      "params": {
        "lengthscale": 1.8358263923619087,
        "gamma": 1.5575441793616664
      },
      "0.01": {
        "coverage": 0.9910687022900764,
        "volume": 112.84102448826368,
        "wsc": 0.9622137404580152,
        "threshold": 0.11137175928034551
      },
      "0.02": {
        "coverage": 0.9822137404580152,
        "volume": 58.54594249990392,
        "wsc": 0.9305343511450381,
        "threshold": 0.05101485389396687
      },
      "0.05": {
        "coverage": 0.956412213740458,
        "volume": 20.094976963663395,
        "wsc": 0.8492366412213741,
        "threshold": 0.013809638494338663
      },
      "0.1": {
        "coverage": 0.9063358778625954,
        "volume": 9.612741384060133,
        "wsc": 0.7377862595419847,
        "threshold": 0.005199568211243312
      }
    }
  },
  "elapsed_s": 15716.252388000488
}