{
  "dataset": "blog_data",
  "seed": 10,
  "model": "MLP",
  "split": [
    0.5,
    0.25,
    0.25
  ],
  "alphas": [
    0.01,
    0.02,
    0.05,
    0.1
  ],
  "result": {
    "seed": 10,
    "model": "MLP",
    "model_rmse": 0.5534796270678043,
    "meta": {
      "n_train": 26198,
      "n_cal": 13099,
      "n_test": 13100,
      "d": 3,
      "p": 278,
      "elapsed": 15972.839648485184
    },
    "Mahal": {
      "params": {},
      "0.01": {
        "coverage": 0.9908396946564886,
        "volume": 115.84842317351784,
        "wsc": 0.9671755725190839,
        "threshold": 36.521227053669605
      },
      "0.02": {
        "coverage": 0.9806106870229008,
        "volume": 45.45380237388485,
        "wsc": 0.9381679389312977,
        "threshold": 19.573361732895037
      },
      "0.05": {
        "coverage": 0.9501526717557252,
        "volume": 15.278211774919681,
        "wsc": 0.8702290076335878,
        "threshold": 9.462378000421651
      },
      "0.1": {
        "coverage": 0.8982442748091604,
        "volume": 6.179027167100702,
        "wsc": 0.7587786259541984,
        "threshold": 5.1748608846266135
      }
    },
    "Bonferroni": {
      "params": {},
      "0.01": {
        "coverage": 0.9903053435114504,
        "volume": 180.41445224376614,
        "wsc": 0.966793893129771,
        "threshold": 5.61870702310876
      },
      "0.02": {
        "coverage": 0.9805343511450382,
        "volume": 70.76693513607688,
        "wsc": 0.9385496183206107,
        "threshold": 4.118861853583061
      },
      "0.05": {
        "coverage": 0.9506870229007633,
        "volume": 22.631980550640037,
        "wsc": 0.8736641221374046,
        "threshold": 2.8144156880155338
      },
      "0.1": {
        "coverage": 0.9016030534351145,
        "volume": 8.277013129856208,
        "wsc": 0.7687022900763358,
        "threshold": 2.044664274658645
      }
    },
    "Density": {
      "params": {
        "lengthscale": 0.9709010443844109
      },
      "0.01": {
        "coverage": 0.9894656488549618,
        "volume": 143.12207943360218,
        "wsc": 0.9591603053435115,
        "threshold": 1.7021454334371688
      },
      "0.02": {
        "coverage": 0.980763358778626,
        "volume": 49.75370623075927,
        "wsc": 0.9312977099236641,
        "threshold": 1.5721452607051223
      },
      "0.05": {
        "coverage": 0.9504580152671755,
        "volume": 11.789398775367145,
        "wsc": 0.8522900763358778,
        "threshold": 1.0717448100348683
      },
      "0.1": {
        "coverage": 0.8999236641221374,
        "volume": 4.398117677857174,
        "wsc": 0.75,
        "threshold": 0.6936238259903343
      }
    },
    "Kernel": {
      "params": {
        "lengthscale": 0.9709010443844109,
        "gamma": 1.7184355126262014
      },
      "0.01": {
        "coverage": 0.9889312977099237,
        "volume": 50.39509839211344,
        "wsc": 0.9580152671755725,
        "threshold": 0.21050333196886947
      },
      "0.02": {
        "coverage": 0.980763358778626,
        "volume": 28.740477325441667,
        "wsc": 0.9312977099236641,
        "threshold": 0.11575752826585492
      },
      "0.05": {
        "coverage": 0.9502290076335878,
        "volume": 9.804137323556615,
        "wsc": 0.8473282442748091,
        "threshold": 0.0344542921538453
      },
      "0.1": {
        "coverage": 0.8990076335877862,
        "volume": 3.695640548754986,
        "wsc": 0.7408396946564886,
        "threshold": 0.011545597997635881
      }
    }
  },
  "elapsed_s": 15972.842988729477
}