{
  "dataset": "blog_data",
  "seed": 13,
  "model": "Ridge",
  "split": [
    0.5,
    0.25,
    0.25
  ],
  "alphas": [
    0.01,
    0.02,
    0.05,
    0.1
  ],
  "result": {
    "seed": 13,
    "model": "Ridge",
    "model_rmse": 0.7490582598122032,
    "meta": {
      "n_train": 26198,
      "n_cal": 13099,
      "n_test": 13100,
      "d": 3,
      "p": 278,
      "elapsed": 15906.74613404274
    },
    "Mahal": {
      "params": {},
      "0.01": {
        "coverage": 0.9877862595419847,
        "volume": 255.9481431640447,
        "wsc": 0.9553435114503817,
        "threshold": 33.92283911486318
      },
      "0.02": {
        "coverage": 0.9774809160305343,
        "volume": 95.41615435500879,
        "wsc": 0.9145038167938931,
        "threshold": 17.571364036635135
      },
      "0.05": {
        "coverage": 0.9505343511450381,
        "volume": 23.565599089384662,
        "wsc": 0.8389312977099237,
        "threshold": 6.91687393600484
      },
      "0.1": {
        "coverage": 0.9076335877862596,
        "volume": 11.665726053807456,
        "wsc": 0.7606870229007634,
        "threshold": 4.328446490023298
      }
    },
    "Bonferroni": {
      "params": {},
      "0.01": {
        "coverage": 0.9880916030534351,
        "volume": 453.8736200842701,
        "wsc": 0.9564885496183206,
        "threshold": 5.650569044641732
      },
      "0.02": {
        "coverage": 0.9779389312977099,
        "volume": 154.06090252150503,
        "wsc": 0.9183206106870229,
        "threshold": 3.932298077631611
      },
      "0.05": {
        "coverage": 0.9498473282442748,
        "volume": 32.3862452612847,
        "wsc": 0.8385496183206107,
        "threshold": 2.3530576819201316
      },
      "0.1": {
        "coverage": 0.9048854961832061,
        "volume": 16.48106130570034,
        "wsc": 0.7648854961832061,
        "threshold": 1.8780342070242313
      }
    },
    "Density": {
      "params": {
        "lengthscale": 1.8548374354718047
      },
      "0.01": {
        "coverage": 0.9878625954198473,
        "volume": 214.5280242836835,
        "wsc": 0.9526717557251908,
        "threshold": 1.4549386201691967
      },
      "0.02": {
        "coverage": 0.9777862595419847,
        "volume": 87.64304814146139,
        "wsc": 0.9152671755725191,
        "threshold": 1.104191089932583
      },
      "0.05": {
        "coverage": 0.9490076335877863,
        "volume": 27.011389993535502,
        "wsc": 0.8484732824427481,
        "threshold": 0.656141393158457
      },
      "0.1": {
        "coverage": 0.9029770992366413,
        "volume": 16.535906767616147,
        "wsc": 0.7896946564885496,
        "threshold": 0.5057770061087143
      }
    },
    "Kernel": {
      "params": {
        "lengthscale": 1.8548374354718047,
        "gamma": 1.6240605067730765
      },
      "0.01": {
        "coverage": 0.9870229007633587,
        "volume": 85.36696147195535,
        "wsc": 0.9473282442748091,
        "threshold": 0.08450275921317435
      },
      "0.02": {
        "coverage": 0.9774809160305343,
        "volume": 47.660706404837256,
        "wsc": 0.9129770992366413,
        "threshold": 0.04150766535736503
      },
      "0.05": {
        "coverage": 0.9512977099236641,
        "volume": 18.373229741795722,
        "wsc": 0.8358778625954199,
        "threshold": 0.01308081482168999
      },
      "0.1": {
        "coverage": 0.9045038167938931,
        "volume": 8.254242018329123,
        "wsc": 0.7377862595419847,
        "threshold": 0.005173001302637462
      }
    }
  },
  "elapsed_s": 15906.749536275864
}