{
  "dataset": "blog_data",
  "seed": 26,
  "model": "Ridge",
  "split": [
    0.5,
    0.25,
    0.25
  ],
  "alphas": [
    0.01,
    0.02,
    0.05,
    0.1
  ],
  "result": {
    "seed": 26,
    "model": "Ridge",
    "model_rmse": 0.7213730250019273,
    "meta": {
      "n_train": 26198,
      "n_cal": 13099,
      "n_test": 13100,
      "d": 3,
      "p": 278,
      "elapsed": 16031.167913198471
    },
    "Mahal": {
      "params": {},
      "0.01": {
        "coverage": 0.9897709923664122,
        "volume": 248.28495843924586,
        "wsc": 0.9618320610687023,
        "threshold": 32.15393075755677
      },
      "0.02": {
        "coverage": 0.981145038167939,
        "volume": 97.12245076709155,
        "wsc": 0.9351145038167938,
        "threshold": 17.198090133130027
      },
      "0.05": {
        "coverage": 0.9548091603053435,
        "volume": 28.099938909177943,
        "wsc": 0.8572519083969465,
        "threshold": 7.523224977818698
      },
      "0.1": {
        "coverage": 0.9049618320610687,
        "volume": 13.08697074562654,
        "wsc": 0.7648854961832061,
        "threshold": 4.520223268915993
      }
    },
    "Bonferroni": {
      "params": {},
      "0.01": {
        "coverage": 0.9898473282442748,
        "volume": 438.4045811378044,
        "wsc": 0.9622137404580152,
        "threshold": 5.517240432702718
      },
      "0.02": {
        "coverage": 0.9809923664122138,
        "volume": 151.94318041125595,
        "wsc": 0.9351145038167938,
        "threshold": 3.8497019386858145
      },
      "0.05": {
        "coverage": 0.9541984732824428,
        "volume": 39.34003993296718,
        "wsc": 0.8580152671755725,
        "threshold": 2.4542913169575735
      },
      "0.1": {
        "coverage": 0.9070992366412214,
        "volume": 18.598982230088673,
        "wsc": 0.7736641221374045,
        "threshold": 1.9185561802497735
      }
    },
    "Density": {
      "params": {
        "lengthscale": 1.8546361472952806
      },
      "0.01": {
        "coverage": 0.9909160305343512,
        "volume": 244.69092900714665,
        "wsc": 0.9656488549618321,
        "threshold": 1.4891619756603869
      },
      "0.02": {
        "coverage": 0.980763358778626,
        "volume": 93.73639881410138,
        "wsc": 0.9270992366412214,
        "threshold": 1.1202131565348412
      },
      "0.05": {
        "coverage": 0.9523664122137404,
        "volume": 28.979809521300957,
        "wsc": 0.8641221374045801,
        "threshold": 0.6746919295695052
      },
      "0.1": {
        "coverage": 0.9069465648854962,
        "volume": 16.29213172093039,
        "wsc": 0.8026717557251909,
        "threshold": 0.5105738607818268
      }
    },
    "Kernel": {
      "params": {
        "lengthscale": 1.8546361472952806,
        "gamma": 1.7261729772459364
      },
      "0.01": {
        "coverage": 0.989618320610687,
        "volume": 90.37910744809423,
        "wsc": 0.9595419847328245,
        "threshold": 0.09047771845113484
      },
      "0.02": {
        "coverage": 0.9810687022900764,
        "volume": 52.171895890160144,
        "wsc": 0.9282442748091603,
        "threshold": 0.04601126580776952
      },
      "0.05": {
        "coverage": 0.9536641221374046,
        "volume": 18.66077286872684,
        "wsc": 0.8473282442748091,
        "threshold": 0.013876524579571359
      },
      "0.1": {
        "coverage": 0.9067175572519084,
        "volume": 8.424123734336952,
        "wsc": 0.7446564885496183,
        "threshold": 0.005552347139212008
      }
    }
  },
  "elapsed_s": 16031.171435594559
}