{
  "dataset": "blog_data",
  "seed": 19,
  "model": "MLP",
  "split": [
    0.5,
    0.25,
    0.25
  ],
  "alphas": [
    0.01,
    0.02,
    0.05,
    0.1
  ],
  "result": {
    "seed": 19,
    "model": "MLP",
    "model_rmse": 0.5703468749307745,
    "meta": {
      "n_train": 26198,
      "n_cal": 13099,
      "n_test": 13100,
      "d": 3,
      "p": 278,
      "elapsed": 15910.434388399124
    },
    "Mahal": {
      "params": {},
      "0.01": {
        "coverage": 0.989236641221374,
        "volume": 98.82704932761747,
        "wsc": 0.9599236641221374,
        "threshold": 35.53803004779998
      },
      "0.02": {
        "coverage": 0.9785496183206107,
        "volume": 39.33721994413381,
        "wsc": 0.9293893129770993,
        "threshold": 19.229968537214713
      },
      "0.05": {
        "coverage": 0.9517557251908397,
        "volume": 13.998102976138027,
        "wsc": 0.8637404580152672,
        "threshold": 9.656555784361583
      },
      "0.1": {
        "coverage": 0.9021374045801527,
        "volume": 5.670779336096128,
        "wsc": 0.7587786259541984,
        "threshold": 5.28694301917119
      }
    },
    "Bonferroni": {
      "params": {},
      "0.01": {
        "coverage": 0.989236641221374,
        "volume": 161.50858766587834,
        "wsc": 0.9603053435114504,
        "threshold": 5.636254070960151
      },
      "0.02": {
        "coverage": 0.9787022900763359,
        "volume": 60.80370957774852,
        "wsc": 0.9324427480916031,
        "threshold": 4.081120208834411
      },
      "0.05": {
        "coverage": 0.9509160305343511,
        "volume": 18.45851010277198,
        "wsc": 0.8675572519083969,
        "threshold": 2.7675546978987713
      },
      "0.1": {
        "coverage": 0.9019083969465649,
        "volume": 7.615654497412873,
        "wsc": 0.7629770992366413,
        "threshold": 2.0653004014655223
      }
    },
    "Density": {
      "params": {
        "lengthscale": 0.9571116911302902
      },
      "0.01": {
        "coverage": 0.9896946564885496,
        "volume": 144.7244413178567,
        "wsc": 0.9572519083969465,
        "threshold": 1.7026097032300747
      },
      "0.02": {
        "coverage": 0.9783969465648855,
        "volume": 42.480228810037055,
        "wsc": 0.9225190839694657,
        "threshold": 1.5482168290634986
      },
      "0.05": {
        "coverage": 0.95,
        "volume": 11.045399607949875,
        "wsc": 0.8454198473282443,
        "threshold": 1.078893308934561
      },
      "0.1": {
        "coverage": 0.9054961832061069,
        "volume": 4.0103712512972045,
        "wsc": 0.7423664122137404,
        "threshold": 0.6990976642640244
      }
    },
    "Kernel": {
      "params": {
        "lengthscale": 0.9571116911302902,
        "gamma": 1.7713134097130878
      },
      "0.01": {
        "coverage": 0.9877862595419847,
        "volume": 50.068877440437824,
        "wsc": 0.9519083969465649,
        "threshold": 0.22763637521995203
      },
      "0.02": {
        "coverage": 0.979236641221374,
        "volume": 27.599996086368638,
        "wsc": 0.9267175572519084,
        "threshold": 0.12172722148346918
      },
      "0.05": {
        "coverage": 0.9487022900763359,
        "volume": 9.0469654490543,
        "wsc": 0.8431297709923664,
        "threshold": 0.03437110945871315
      },
      "0.1": {
        "coverage": 0.9043511450381679,
        "volume": 3.497259778067259,
        "wsc": 0.7385496183206107,
        "threshold": 0.01169840112447371
      }
    }
  },
  "elapsed_s": 15910.43863272667
}