{
  "dataset": "blog_data",
  "seed": 31,
  "model": "Ridge",
  "split": [
    0.5,
    0.25,
    0.25
  ],
  "alphas": [
    0.01,
    0.02,
    0.05,
    0.1
  ],
  "result": {
    "seed": 31,
    "model": "Ridge",
    "model_rmse": 0.7590828999391198,
    "meta": {
      "n_train": 26198,
      "n_cal": 13099,
      "n_test": 13100,
      "d": 3,
      "p": 278,
      "elapsed": 16053.358515024185
    },
    "Mahal": {
      "params": {},
      "0.01": {
        "coverage": 0.9903053435114504,
        "volume": 271.321500007599,
        "wsc": 0.9625954198473282,
        "threshold": 31.587845631581494
      },
      "0.02": {
        "coverage": 0.9808396946564886,
        "volume": 97.37550531443569,
        "wsc": 0.9274809160305344,
        "threshold": 15.952558660862927
      },
      "0.05": {
        "coverage": 0.9531297709923664,
        "volume": 26.241480873948113,
        "wsc": 0.8522900763358778,
        "threshold": 6.65563393170364
      },
      "0.1": {
        "coverage": 0.9014503816793893,
        "volume": 12.958333416789669,
        "wsc": 0.76793893129771,
        "threshold": 4.158116319006712
      }
    },
    "Bonferroni": {
      "params": {},
      "0.01": {
        "coverage": 0.9900763358778626,
        "volume": 479.16069798042014,
        "wsc": 0.9625954198473282,
        "threshold": 5.480172607139786
      },
      "0.02": {
        "coverage": 0.979618320610687,
        "volume": 150.72028267067722,
        "wsc": 0.9251908396946565,
        "threshold": 3.7334064790836536
      },
      "0.05": {
        "coverage": 0.9523664122137404,
        "volume": 36.136321953023995,
        "wsc": 0.8526717557251908,
        "threshold": 2.326928423858449
      },
      "0.1": {
        "coverage": 0.906793893129771,
        "volume": 17.768862756325657,
        "wsc": 0.7862595419847328,
        "threshold": 1.8660341313162552
      }
    },
    "Density": {
      "params": {
        "lengthscale": 1.8403396037997968
      },
      "0.01": {
        "coverage": 0.99,
        "volume": 238.36740357156017,
        "wsc": 0.9622137404580152,
        "threshold": 1.5003922574920199
      },
      "0.02": {
        "coverage": 0.9809923664122138,
        "volume": 91.64826552863713,
        "wsc": 0.9251908396946565,
        "threshold": 1.1354713742009355
      },
      "0.05": {
        "coverage": 0.9527480916030534,
        "volume": 27.56694133295204,
        "wsc": 0.8603053435114504,
        "threshold": 0.6805464295049206
      },
      "0.1": {
        "coverage": 0.9054961832061069,
        "volume": 15.721032828734936,
        "wsc": 0.7992366412213741,
        "threshold": 0.5206006781023176
      }
    },
    "Kernel": {
      "params": {
        "lengthscale": 1.8403396037997968,
        "gamma": 1.6153335859471791
      },
      "0.01": {
        "coverage": 0.9900763358778626,
        "volume": 84.68564377482868,
        "wsc": 0.9606870229007634,
        "threshold": 0.08770441429363623
      },
      "0.02": {
        "coverage": 0.9804580152671756,
        "volume": 47.54115939591386,
        "wsc": 0.9259541984732824,
        "threshold": 0.044239127995448685
      },
      "0.05": {
        "coverage": 0.9510687022900763,
        "volume": 17.170266315952986,
        "wsc": 0.8400763358778626,
        "threshold": 0.013486614288161735
      },
      "0.1": {
        "coverage": 0.9005343511450382,
        "volume": 7.498208042562955,
        "wsc": 0.7255725190839695,
        "threshold": 0.005446384139183725
      }
    }
  },
  "elapsed_s": 16053.362929821014
}