{
  "seed": 92,
  "n": 50000,
  "alphas": [
    0.1,
    0.05,
    0.02,
    0.01
  ],
  "auto_params": {
    "Linear": {
      "Mahal": {},
      "Kernel": {
        "lengthscale": 0.5,
        "gamma": 32.11690425953403
      },
      "Bonferroni": {},
      "Density": {
        "lengthscale": 0.5
      }
    },
    "NN": {
      "Mahal": {},
      "Kernel": {
        "lengthscale": 0.5,
        "gamma": 16.86565671773981
      },
      "Bonferroni": {},
      "Density": {
        "lengthscale": 0.5
      }
    }
  },
  "results": {
    "Linear": {
      "Mahal": {
        "0.1": {
          "coverage": 0.90024,
          "volume": 2.8387164172307338,
          "wsc": 0.7704,
          "threshold": 4.1082503325299
        },
        "0.05": {
          "coverage": 0.9472,
          "volume": 3.5621250024021425,
          "wsc": 0.8464,
          "threshold": 5.155182510237407
        },
        "0.02": {
          "coverage": 0.9788,
          "volume": 5.008666909636025,
          "wsc": 0.9252,
          "threshold": 7.248648499069571
        },
        "0.01": {
          "coverage": 0.9888,
          "volume": 6.082823584107982,
          "wsc": 0.958,
          "threshold": 8.803190716919417
        }
      },
      "Kernel": {
        "0.1": {
          "coverage": 0.90056,
          "volume": 2.4909573208016798,
          "wsc": 0.828,
          "threshold": 0.07327007089866397
        },
        "0.05": {
          "coverage": 0.948,
          "volume": 3.061778111382613,
          "wsc": 0.9076,
          "threshold": 0.10590714073753915
        },
        "0.02": {
          "coverage": 0.9796,
          "volume": 3.86889646949299,
          "wsc": 0.9616,
          "threshold": 0.17066404624855433
        },
        "0.01": {
          "coverage": 0.98984,
          "volume": 4.531971125218316,
          "wsc": 0.9824,
          "threshold": 0.23908063390565865
        }
      },
      "Bonferroni": {
        "0.1": {
          "coverage": 0.90096,
          "volume": 4.1656326741203795,
          "wsc": 0.7244,
          "threshold": 1.832534006517323
        },
        "0.05": {
          "coverage": 0.95064,
          "volume": 5.039779231124731,
          "wsc": 0.8668,
          "threshold": 2.017353049440132
        },
        "0.02": {
          "coverage": 0.97816,
          "volume": 5.957478673124705,
          "wsc": 0.9388,
          "threshold": 2.192850982778991
        },
        "0.01": {
          "coverage": 0.98968,
          "volume": 6.789204926067125,
          "wsc": 0.972,
          "threshold": 2.34213314092214
        }
      },
      "Density": {
        "0.1": {
          "coverage": 0.89928,
          "volume": 3.336995278269848,
          "wsc": 0.6696,
          "threshold": 0.9457417668914928
        },
        "0.05": {
          "coverage": 0.95112,
          "volume": 4.087175703986421,
          "wsc": 0.8404,
          "threshold": 1.0143417504860643
        },
        "0.02": {
          "coverage": 0.97992,
          "volume": 4.957615632480506,
          "wsc": 0.9348,
          "threshold": 1.085397831714618
        },
        "0.01": {
          "coverage": 0.98976,
          "volume": 5.532246013474767,
          "wsc": 0.968,
          "threshold": 1.127182530833337
        }
      }
    },
    "NN": {
      "Mahal": {
        "0.1": {
          "coverage": 0.89864,
          "volume": 0.5014707954022232,
          "wsc": 0.8804,
          "threshold": 4.303358146788103
        },
        "0.05": {
          "coverage": 0.94936,
          "volume": 0.7252092880648779,
          "wsc": 0.9411764705882353,
          "threshold": 6.223364005509457
        },
        "0.02": {
          "coverage": 0.98088,
          "volume": 1.134105485889348,
          "wsc": 0.976390556222489,
          "threshold": 9.732295732405415
        },
        "0.01": {
          "coverage": 0.99056,
          "volume": 1.5406554837883057,
          "wsc": 0.988795518207283,
          "threshold": 13.221093607727134
        }
      },
      "Kernel": {
        "0.1": {
          "coverage": 0.90064,
          "volume": 0.45997552762316946,
          "wsc": 0.88,
          "threshold": 0.01949411497942359
        },
        "0.05": {
          "coverage": 0.952,
          "volume": 0.6161624587524787,
          "wsc": 0.9424,
          "threshold": 0.03156292331019123
        },
        "0.02": {
          "coverage": 0.98112,
          "volume": 0.8549567580650265,
          "wsc": 0.9768,
          "threshold": 0.05644363648370935
        },
        "0.01": {
          "coverage": 0.99056,
          "volume": 1.0435965838377508,
          "wsc": 0.9888,
          "threshold": 0.08195863525388758
        }
      },
      "Bonferroni": {
        "0.1": {
          "coverage": 0.89832,
          "volume": 0.5093039274811606,
          "wsc": 0.8792,
          "threshold": 1.8501531687473196
        },
        "0.05": {
          "coverage": 0.95208,
          "volume": 0.6990353506191636,
          "wsc": 0.9456,
          "threshold": 2.1647224423216502
        },
        "0.02": {
          "coverage": 0.98032,
          "volume": 0.9907868734634662,
          "wsc": 0.976,
          "threshold": 2.5773814599528424
        },
        "0.01": {
          "coverage": 0.99008,
          "volume": 1.2025272596960033,
          "wsc": 0.9879951980792316,
          "threshold": 2.8425422106236695
        }
      },
      "Density": {
        "0.1": {
          "coverage": 0.89528,
          "volume": 0.7229619847608088,
          "wsc": 0.8808,
          "threshold": 0.5939862223084016
        },
        "0.05": {
          "coverage": 0.94624,
          "volume": 0.9835882313789267,
          "wsc": 0.9384,
          "threshold": 0.7715722359180728
        },
        "0.02": {
          "coverage": 0.98112,
          "volume": 1.3570030381986598,
          "wsc": 0.9779911964785915,
          "threshold": 0.9957751558599734
        },
        "0.01": {
          "coverage": 0.99024,
          "volume": 1.6604966083775798,
          "wsc": 0.9879951980792316,
          "threshold": 1.1449829466092172
        }
      }
    }
  },
  "elapsed_s": 2053.4494001865387
}