{
  "seed": 9,
  "n": 50000,
  "alphas": [
    0.1,
    0.05,
    0.02,
    0.01
  ],
  "auto_params": {
    "Linear": {
      "Mahal": {},
      "Kernel": {
        "lengthscale": 0.5,
        "gamma": 30.615613678253823
      },
      "Bonferroni": {},
      "Density": {
        "lengthscale": 0.5
      }
    },
    "NN": {
      "Mahal": {},
      "Kernel": {
        "lengthscale": 0.5,
        "gamma": 16.496082850272675
      },
      "Bonferroni": {},
      "Density": {
        "lengthscale": 0.5
      }
    }
  },
  "results": {
    "Linear": {
      "Mahal": {
        "0.1": {
          "coverage": 0.90552,
          "volume": 2.8521741486423173,
          "wsc": 0.796,
          "threshold": 4.073569131523028
        },
        "0.05": {
          "coverage": 0.95248,
          "volume": 3.576059880679997,
          "wsc": 0.8584,
          "threshold": 5.107446594504144
        },
        "0.02": {
          "coverage": 0.98064,
          "volume": 4.968878758897118,
          "wsc": 0.9308,
          "threshold": 7.096716426014465
        },
        "0.01": {
          "coverage": 0.98928,
          "volume": 6.05408783452999,
          "wsc": 0.9596,
          "threshold": 8.646647798140188
        }
      },
      "Kernel": {
        "0.1": {
          "coverage": 0.90448,
          "volume": 2.5102415281993347,
          "wsc": 0.8216,
          "threshold": 0.07110463967065568
        },
        "0.05": {
          "coverage": 0.95,
          "volume": 3.059113222713769,
          "wsc": 0.9048,
          "threshold": 0.10175123941166783
        },
        "0.02": {
          "coverage": 0.98096,
          "volume": 3.8453318289591816,
          "wsc": 0.9612,
          "threshold": 0.1620344766263187
        },
        "0.01": {
          "coverage": 0.99016,
          "volume": 4.511373373844798,
          "wsc": 0.9796,
          "threshold": 0.22717968431506938
        }
      },
      "Bonferroni": {
        "0.1": {
          "coverage": 0.90512,
          "volume": 4.174120230380977,
          "wsc": 0.7244,
          "threshold": 1.8368129091964958
        },
        "0.05": {
          "coverage": 0.95312,
          "volume": 5.025717831082553,
          "wsc": 0.8756,
          "threshold": 2.0157957928991497
        },
        "0.02": {
          "coverage": 0.98032,
          "volume": 5.977778554440789,
          "wsc": 0.9492,
          "threshold": 2.201543705166111
        },
        "0.01": {
          "coverage": 0.98976,
          "volume": 6.701179864479598,
          "wsc": 0.9744,
          "threshold": 2.3314541615672724
        }
      },
      "Density": {
        "0.1": {
          "coverage": 0.90512,
          "volume": 3.393247777004212,
          "wsc": 0.6808,
          "threshold": 0.952565038542354
        },
        "0.05": {
          "coverage": 0.95208,
          "volume": 4.148614626070141,
          "wsc": 0.8436,
          "threshold": 1.0178102346264444
        },
        "0.02": {
          "coverage": 0.9808,
          "volume": 5.031175362135963,
          "wsc": 0.946,
          "threshold": 1.0832025409555965
        },
        "0.01": {
          "coverage": 0.98904,
          "volume": 5.598869969875426,
          "wsc": 0.9696,
          "threshold": 1.1208975663203535
        }
      }
    },
    "NN": {
      "Mahal": {
        "0.1": {
          "coverage": 0.8992,
          "volume": 0.5142987655532822,
          "wsc": 0.8688,
          "threshold": 4.344042620160053
        },
        "0.05": {
          "coverage": 0.9484,
          "volume": 0.7355055962347824,
          "wsc": 0.9404,
          "threshold": 6.212473899238072
        },
        "0.02": {
          "coverage": 0.98088,
          "volume": 1.179710658877687,
          "wsc": 0.9768,
          "threshold": 9.964467591339845
        },
        "0.01": {
          "coverage": 0.9908,
          "volume": 1.5545909412210883,
          "wsc": 0.988,
          "threshold": 13.130907087272588
        }
      },
      "Kernel": {
        "0.1": {
          "coverage": 0.89912,
          "volume": 0.4775421567203835,
          "wsc": 0.8616,
          "threshold": 0.019940764952260357
        },
        "0.05": {
          "coverage": 0.95024,
          "volume": 0.6330897064722951,
          "wsc": 0.9292,
          "threshold": 0.03146046265536126
        },
        "0.02": {
          "coverage": 0.98064,
          "volume": 0.8918032902485751,
          "wsc": 0.97,
          "threshold": 0.05759717703659776
        },
        "0.01": {
          "coverage": 0.99056,
          "volume": 1.0914279690882973,
          "wsc": 0.9868,
          "threshold": 0.08425842875054329
        }
      },
      "Bonferroni": {
        "0.1": {
          "coverage": 0.89544,
          "volume": 0.5225774842666249,
          "wsc": 0.8656,
          "threshold": 1.8579255793800515
        },
        "0.05": {
          "coverage": 0.94592,
          "volume": 0.7053538402122745,
          "wsc": 0.9252,
          "threshold": 2.155076545760966
        },
        "0.02": {
          "coverage": 0.98056,
          "volume": 1.0015569386746543,
          "wsc": 0.9744,
          "threshold": 2.5704154331178053
        },
        "0.01": {
          "coverage": 0.99104,
          "volume": 1.2896153502403735,
          "wsc": 0.9884,
          "threshold": 2.920146309420889
        }
      },
      "Density": {
        "0.1": {
          "coverage": 0.8952,
          "volume": 0.7567372325456191,
          "wsc": 0.8752,
          "threshold": 0.6016835246432691
        },
        "0.05": {
          "coverage": 0.9484,
          "volume": 1.0575316986213126,
          "wsc": 0.9384,
          "threshold": 0.7852018110447021
        },
        "0.02": {
          "coverage": 0.98088,
          "volume": 1.5167083848884417,
          "wsc": 0.9776,
          "threshold": 1.0292330961871698
        },
        "0.01": {
          "coverage": 0.99096,
          "volume": 1.8311172540610041,
          "wsc": 0.9896,
          "threshold": 1.1715506673097826
        }
      }
    }
  },
  "elapsed_s": 2049.5829894542694
}