{
  "seed": 86,
  "n": 50000,
  "alphas": [
    0.1,
    0.05,
    0.02,
    0.01
  ],
  "auto_params": {
    "Linear": {
      "Mahal": {},
      "Kernel": {
        "lengthscale": 0.5,
        "gamma": 32.034318409488904
      },
      "Bonferroni": {},
      "Density": {
        "lengthscale": 0.5
      }
    },
    "NN": {
      "Mahal": {},
      "Kernel": {
        "lengthscale": 0.5,
        "gamma": 15.375300684665268
      },
      "Bonferroni": {},
      "Density": {
        "lengthscale": 0.5
      }
    }
  },
  "results": {
    "Linear": {
      "Mahal": {
        "0.1": {
          "coverage": 0.89712,
          "volume": 2.8124729066098073,
          "wsc": 0.7836,
          "threshold": 4.112579082525393
        },
        "0.05": {
          "coverage": 0.94992,
          "volume": 3.5488632653625976,
          "wsc": 0.8452,
          "threshold": 5.1893765083290955
        },
        "0.02": {
          "coverage": 0.98032,
          "volume": 4.903075117243685,
          "wsc": 0.9292,
          "threshold": 7.16959232561405
        },
        "0.01": {
          "coverage": 0.99128,
          "volume": 6.133037175834674,
          "wsc": 0.9668,
          "threshold": 8.968122090140222
        }
      },
      "Kernel": {
        "0.1": {
          "coverage": 0.89888,
          "volume": 2.4666389994461926,
          "wsc": 0.8284,
          "threshold": 0.07240749980236366
        },
        "0.05": {
          "coverage": 0.94936,
          "volume": 3.0208036121531205,
          "wsc": 0.9068,
          "threshold": 0.10436738025299179
        },
        "0.02": {
          "coverage": 0.978,
          "volume": 3.7362521118004026,
          "wsc": 0.9548,
          "threshold": 0.16231830487343843
        },
        "0.01": {
          "coverage": 0.9888,
          "volume": 4.32917413329617,
          "wsc": 0.972,
          "threshold": 0.22455552957302416
        }
      },
      "Bonferroni": {
        "0.1": {
          "coverage": 0.90032,
          "volume": 4.142968000606513,
          "wsc": 0.6972,
          "threshold": 1.8484018193206846
        },
        "0.05": {
          "coverage": 0.94672,
          "volume": 4.958105483251006,
          "wsc": 0.8456,
          "threshold": 2.024735779142625
        },
        "0.02": {
          "coverage": 0.97984,
          "volume": 5.956132449911294,
          "wsc": 0.9424,
          "threshold": 2.2189838556248125
        },
        "0.01": {
          "coverage": 0.98856,
          "volume": 6.6355716210995075,
          "wsc": 0.9672,
          "threshold": 2.3429895092357866
        }
      },
      "Density": {
        "0.1": {
          "coverage": 0.89776,
          "volume": 3.3354114292165606,
          "wsc": 0.6396,
          "threshold": 0.9516392031717639
        },
        "0.05": {
          "coverage": 0.94872,
          "volume": 4.0997568064556305,
          "wsc": 0.8184,
          "threshold": 1.021779028444801
        },
        "0.02": {
          "coverage": 0.98032,
          "volume": 4.929582304655796,
          "wsc": 0.936,
          "threshold": 1.090027192617472
        },
        "0.01": {
          "coverage": 0.98952,
          "volume": 5.444420940229794,
          "wsc": 0.9656,
          "threshold": 1.1287307510727862
        }
      }
    },
    "NN": {
      "Mahal": {
        "0.1": {
          "coverage": 0.90136,
          "volume": 0.5048972228079122,
          "wsc": 0.8915566226490597,
          "threshold": 4.4677848182410695
        },
        "0.05": {
          "coverage": 0.95,
          "volume": 0.7079055132626652,
          "wsc": 0.9396,
          "threshold": 6.264184792530264
        },
        "0.02": {
          "coverage": 0.98024,
          "volume": 1.087715803366421,
          "wsc": 0.9735894357743097,
          "threshold": 9.625087905643415
        },
        "0.01": {
          "coverage": 0.98992,
          "volume": 1.4190718298031575,
          "wsc": 0.9851940776310524,
          "threshold": 12.557224105786396
        }
      },
      "Kernel": {
        "0.1": {
          "coverage": 0.89728,
          "volume": 0.4491037699248563,
          "wsc": 0.8876,
          "threshold": 0.018051092603675396
        },
        "0.05": {
          "coverage": 0.95008,
          "volume": 0.6048299642054397,
          "wsc": 0.9428,
          "threshold": 0.029337826640339126
        },
        "0.02": {
          "coverage": 0.9792,
          "volume": 0.809800801841233,
          "wsc": 0.974389755902361,
          "threshold": 0.04933331384544361
        },
        "0.01": {
          "coverage": 0.98952,
          "volume": 1.0010003534451075,
          "wsc": 0.9868,
          "threshold": 0.07406390271111746
        }
      },
      "Bonferroni": {
        "0.1": {
          "coverage": 0.89864,
          "volume": 0.5030515533757887,
          "wsc": 0.8912,
          "threshold": 1.8615006435725574
        },
        "0.05": {
          "coverage": 0.9492,
          "volume": 0.6819245744019857,
          "wsc": 0.942,
          "threshold": 2.1696225775396654
        },
        "0.02": {
          "coverage": 0.98,
          "volume": 0.9435790090084456,
          "wsc": 0.9747899159663865,
          "threshold": 2.5549391589721613
        },
        "0.01": {
          "coverage": 0.98888,
          "volume": 1.122359811601393,
          "wsc": 0.9851940776310524,
          "threshold": 2.791325697622163
        }
      },
      "Density": {
        "0.1": {
          "coverage": 0.8944,
          "volume": 0.7423891271358798,
          "wsc": 0.888,
          "threshold": 0.5972206361021213
        },
        "0.05": {
          "coverage": 0.94816,
          "volume": 1.0316783522394268,
          "wsc": 0.9419767907162865,
          "threshold": 0.7807292883185403
        },
        "0.02": {
          "coverage": 0.98016,
          "volume": 1.4051630068997283,
          "wsc": 0.9764,
          "threshold": 0.992765230382053
        },
        "0.01": {
          "coverage": 0.98984,
          "volume": 1.6898413103408025,
          "wsc": 0.9864,
          "threshold": 1.130709100312035
        }
      }
    }
  },
  "elapsed_s": 910.048032283783
}