{
  "seed": 77,
  "n": 50000,
  "alphas": [
    0.1,
    0.05,
    0.02,
    0.01
  ],
  "auto_params": {
    "Linear": {
      "Mahal": {},
      "Kernel": {
        "lengthscale": 0.5,
        "gamma": 32.09204495120448
      },
      "Bonferroni": {},
      "Density": {
        "lengthscale": 0.5
      }
    },
    "NN": {
      "Mahal": {},
      "Kernel": {
        "lengthscale": 0.5,
        "gamma": 16.025687795979167
      },
      "Bonferroni": {},
      "Density": {
        "lengthscale": 0.5
      }
    }
  },
  "results": {
    "Linear": {
      "Mahal": {
        "0.1": {
          "coverage": 0.90928,
          "volume": 2.893412493941555,
          "wsc": 0.8056,
          "threshold": 4.173019351917554
        },
        "0.05": {
          "coverage": 0.95168,
          "volume": 3.564154636304763,
          "wsc": 0.8624,
          "threshold": 5.140396089969629
        },
        "0.02": {
          "coverage": 0.9812,
          "volume": 4.816440912422687,
          "wsc": 0.934,
          "threshold": 6.946503886670954
        },
        "0.01": {
          "coverage": 0.99088,
          "volume": 5.857937493118322,
          "wsc": 0.9652,
          "threshold": 8.448600596109793
        }
      },
      "Kernel": {
        "0.1": {
          "coverage": 0.90144,
          "volume": 2.513826377763869,
          "wsc": 0.834,
          "threshold": 0.07338705867584391
        },
        "0.05": {
          "coverage": 0.9532,
          "volume": 3.1087354671635037,
          "wsc": 0.92,
          "threshold": 0.10770575283309261
        },
        "0.02": {
          "coverage": 0.97824,
          "volume": 3.75881156485333,
          "wsc": 0.9596,
          "threshold": 0.1594654298365644
        },
        "0.01": {
          "coverage": 0.98912,
          "volume": 4.291893844961974,
          "wsc": 0.9796,
          "threshold": 0.21215890022839393
        }
      },
      "Bonferroni": {
        "0.1": {
          "coverage": 0.90152,
          "volume": 4.136531621615003,
          "wsc": 0.7108,
          "threshold": 1.8439626742485324
        },
        "0.05": {
          "coverage": 0.95232,
          "volume": 4.982624548761149,
          "wsc": 0.8552,
          "threshold": 2.0284740071209213
        },
        "0.02": {
          "coverage": 0.97912,
          "volume": 5.92036428967947,
          "wsc": 0.936,
          "threshold": 2.2093081278632662
        },
        "0.01": {
          "coverage": 0.98928,
          "volume": 6.614971594061198,
          "wsc": 0.9688,
          "threshold": 2.3354611061787227
        }
      },
      "Density": {
        "0.1": {
          "coverage": 0.90072,
          "volume": 3.406239711870789,
          "wsc": 0.6516,
          "threshold": 0.9570381396001167
        },
        "0.05": {
          "coverage": 0.95136,
          "volume": 4.156312224587522,
          "wsc": 0.8344,
          "threshold": 1.0245765734415797
        },
        "0.02": {
          "coverage": 0.9792,
          "volume": 5.0031009518382294,
          "wsc": 0.93,
          "threshold": 1.0869688998067284
        },
        "0.01": {
          "coverage": 0.99088,
          "volume": 5.60218484186523,
          "wsc": 0.97,
          "threshold": 1.127438630250395
        }
      }
    },
    "NN": {
      "Mahal": {
        "0.1": {
          "coverage": 0.90568,
          "volume": 0.5193728164979576,
          "wsc": 0.8992,
          "threshold": 4.511711968442929
        },
        "0.05": {
          "coverage": 0.95032,
          "volume": 0.7296616623449752,
          "wsc": 0.942,
          "threshold": 6.338458907251519
        },
        "0.02": {
          "coverage": 0.9804,
          "volume": 1.1112833667119704,
          "wsc": 0.9772,
          "threshold": 9.653548100058616
        },
        "0.01": {
          "coverage": 0.98968,
          "volume": 1.4583205831978745,
          "wsc": 0.986,
          "threshold": 12.668207153014132
        }
      },
      "Kernel": {
        "0.1": {
          "coverage": 0.89888,
          "volume": 0.4591361464794667,
          "wsc": 0.8868,
          "threshold": 0.01867481442426631
        },
        "0.05": {
          "coverage": 0.952,
          "volume": 0.6191588488159091,
          "wsc": 0.9408,
          "threshold": 0.030210714112348033
        },
        "0.02": {
          "coverage": 0.98048,
          "volume": 0.8391580258134206,
          "wsc": 0.972,
          "threshold": 0.052687108630518786
        },
        "0.01": {
          "coverage": 0.98864,
          "volume": 1.0250110522322893,
          "wsc": 0.984,
          "threshold": 0.07706048460488876
        }
      },
      "Bonferroni": {
        "0.1": {
          "coverage": 0.90128,
          "volume": 0.5154958061918389,
          "wsc": 0.8912,
          "threshold": 1.8710566097033525
        },
        "0.05": {
          "coverage": 0.95128,
          "volume": 0.7041397606813555,
          "wsc": 0.9448,
          "threshold": 2.1864387831653542
        },
        "0.02": {
          "coverage": 0.98056,
          "volume": 0.9795303162238717,
          "wsc": 0.9744,
          "threshold": 2.579886974305853
        },
        "0.01": {
          "coverage": 0.98944,
          "volume": 1.200355380099432,
          "wsc": 0.986,
          "threshold": 2.8615653696404926
        }
      },
      "Density": {
        "0.1": {
          "coverage": 0.90312,
          "volume": 0.7565408591506658,
          "wsc": 0.8892,
          "threshold": 0.613072213550032
        },
        "0.05": {
          "coverage": 0.95224,
          "volume": 1.0187172246443992,
          "wsc": 0.9464,
          "threshold": 0.7891668943431329
        },
        "0.02": {
          "coverage": 0.9812,
          "volume": 1.3666149523080366,
          "wsc": 0.976,
          "threshold": 0.9918715970797242
        },
        "0.01": {
          "coverage": 0.98968,
          "volume": 1.645252097647021,
          "wsc": 0.9844,
          "threshold": 1.1301670683732068
        }
      }
    }
  },
  "elapsed_s": 2300.9421973228455
}