{
  "seed": 49,
  "n": 50000,
  "alphas": [
    0.1,
    0.05,
    0.02,
    0.01
  ],
  "auto_params": {
    "Linear": {
      "Mahal": {},
      "Kernel": {
        "lengthscale": 0.5,
        "gamma": 31.311240897314207
      },
      "Bonferroni": {},
      "Density": {
        "lengthscale": 0.5
      }
    },
    "NN": {
      "Mahal": {},
      "Kernel": {
        "lengthscale": 0.5,
        "gamma": 14.987589162209318
      },
      "Bonferroni": {},
      "Density": {
        "lengthscale": 0.5
      }
    }
  },
  "results": {
    "Linear": {
      "Mahal": {
        "0.1": {
          "coverage": 0.9048,
          "volume": 2.841471352450202,
          "wsc": 0.792,
          "threshold": 4.111181053832291
        },
        "0.05": {
          "coverage": 0.95288,
          "volume": 3.5684094121113925,
          "wsc": 0.8544,
          "threshold": 5.162950932001798
        },
        "0.02": {
          "coverage": 0.97976,
          "volume": 4.900808289665613,
          "wsc": 0.9248,
          "threshold": 7.090731416863934
        },
        "0.01": {
          "coverage": 0.9892,
          "volume": 6.114837303697037,
          "wsc": 0.9596,
          "threshold": 8.847248538525172
        }
      },
      "Kernel": {
        "0.1": {
          "coverage": 0.9028,
          "volume": 2.4738462059512587,
          "wsc": 0.8292,
          "threshold": 0.07163606446099359
        },
        "0.05": {
          "coverage": 0.94944,
          "volume": 3.03001724715859,
          "wsc": 0.9008,
          "threshold": 0.10304943733608195
        },
        "0.02": {
          "coverage": 0.98008,
          "volume": 3.7725481375405634,
          "wsc": 0.9512,
          "threshold": 0.16118146994807964
        },
        "0.01": {
          "coverage": 0.99112,
          "volume": 4.466173032821215,
          "wsc": 0.9804,
          "threshold": 0.2319395992635426
        }
      },
      "Bonferroni": {
        "0.1": {
          "coverage": 0.90784,
          "volume": 4.164550155544336,
          "wsc": 0.7288,
          "threshold": 1.8397201642665717
        },
        "0.05": {
          "coverage": 0.95448,
          "volume": 5.002846309461718,
          "wsc": 0.8656,
          "threshold": 2.018376779858895
        },
        "0.02": {
          "coverage": 0.9816,
          "volume": 6.034396549748644,
          "wsc": 0.9476,
          "threshold": 2.218391101166892
        },
        "0.01": {
          "coverage": 0.98912,
          "volume": 6.637426859390062,
          "wsc": 0.972,
          "threshold": 2.3249092583527733
        }
      },
      "Density": {
        "0.1": {
          "coverage": 0.9064,
          "volume": 3.397673990067871,
          "wsc": 0.6792,
          "threshold": 0.956677286415752
        },
        "0.05": {
          "coverage": 0.95344,
          "volume": 4.0999166818421475,
          "wsc": 0.8436,
          "threshold": 1.0207324458653064
        },
        "0.02": {
          "coverage": 0.98328,
          "volume": 5.0825609270277505,
          "wsc": 0.9456,
          "threshold": 1.0930984534888228
        },
        "0.01": {
          "coverage": 0.99056,
          "volume": 5.584655295237584,
          "wsc": 0.9708,
          "threshold": 1.1279630135464542
        }
      }
    },
    "NN": {
      "Mahal": {
        "0.1": {
          "coverage": 0.89344,
          "volume": 0.4824998073440295,
          "wsc": 0.8824,
          "threshold": 4.33340683088995
        },
        "0.05": {
          "coverage": 0.94832,
          "volume": 0.6967848693312404,
          "wsc": 0.9404,
          "threshold": 6.257934752433683
        },
        "0.02": {
          "coverage": 0.97936,
          "volume": 1.0728000910815423,
          "wsc": 0.9744,
          "threshold": 9.634986733906402
        },
        "0.01": {
          "coverage": 0.98952,
          "volume": 1.4262774320802818,
          "wsc": 0.9875950380152061,
          "threshold": 12.80962245548418
        }
      },
      "Kernel": {
        "0.1": {
          "coverage": 0.89536,
          "volume": 0.4445610676178841,
          "wsc": 0.878,
          "threshold": 0.017449732508878244
        },
        "0.05": {
          "coverage": 0.94584,
          "volume": 0.5889796498258958,
          "wsc": 0.9368,
          "threshold": 0.0277015091309614
        },
        "0.02": {
          "coverage": 0.98024,
          "volume": 0.8197391743802247,
          "wsc": 0.9732,
          "threshold": 0.050825459932017425
        },
        "0.01": {
          "coverage": 0.99024,
          "volume": 1.009551377773905,
          "wsc": 0.988,
          "threshold": 0.07547315082714538
        }
      },
      "Bonferroni": {
        "0.1": {
          "coverage": 0.8912,
          "volume": 0.48909300275219225,
          "wsc": 0.88,
          "threshold": 1.8538053010589777
        },
        "0.05": {
          "coverage": 0.94584,
          "volume": 0.6609821362775752,
          "wsc": 0.9372,
          "threshold": 2.155452357945541
        },
        "0.02": {
          "coverage": 0.97928,
          "volume": 0.9356187145671783,
          "wsc": 0.9716,
          "threshold": 2.566243674161929
        },
        "0.01": {
          "coverage": 0.98944,
          "volume": 1.1783384415143903,
          "wsc": 0.9864,
          "threshold": 2.8757967811091465
        }
      },
      "Density": {
        "0.1": {
          "coverage": 0.88952,
          "volume": 0.7230924668596365,
          "wsc": 0.8696,
          "threshold": 0.5873278432743803
        },
        "0.05": {
          "coverage": 0.94456,
          "volume": 0.9804953241220306,
          "wsc": 0.9356,
          "threshold": 0.7538251465385332
        },
        "0.02": {
          "coverage": 0.97856,
          "volume": 1.3424379331354748,
          "wsc": 0.9752,
          "threshold": 0.9720489295991391
        },
        "0.01": {
          "coverage": 0.99016,
          "volume": 1.6378239115418374,
          "wsc": 0.9872,
          "threshold": 1.1172344923314188
        }
      }
    }
  },
  "elapsed_s": 2372.1143622398376
}