{
  "seed": 81,
  "n": 50000,
  "alphas": [
    0.1,
    0.05,
    0.02,
    0.01
  ],
  "auto_params": {
    "Linear": {
      "Mahal": {},
      "Kernel": {
        "lengthscale": 0.5,
        "gamma": 31.141482242992538
      },
      "Bonferroni": {},
      "Density": {
        "lengthscale": 0.5
      }
    },
    "NN": {
      "Mahal": {},
      "Kernel": {
        "lengthscale": 0.5,
        "gamma": 16.227062125828652
      },
      "Bonferroni": {},
      "Density": {
        "lengthscale": 0.5
      }
    }
  },
  "results": {
    "Linear": {
      "Mahal": {
        "0.1": {
          "coverage": 0.90232,
          "volume": 2.8290619047615,
          "wsc": 0.7808,
          "threshold": 4.1022156444551925
        },
        "0.05": {
          "coverage": 0.95168,
          "volume": 3.5625730053333795,
          "wsc": 0.848,
          "threshold": 5.165826414895784
        },
        "0.02": {
          "coverage": 0.9796,
          "volume": 4.84326148186731,
          "wsc": 0.926,
          "threshold": 7.022859057153879
        },
        "0.01": {
          "coverage": 0.98944,
          "volume": 6.054387043524049,
          "wsc": 0.96,
          "threshold": 8.779023606987833
        }
      },
      "Kernel": {
        "0.1": {
          "coverage": 0.90248,
          "volume": 2.505305030902615,
          "wsc": 0.8196,
          "threshold": 0.07179905888621012
        },
        "0.05": {
          "coverage": 0.95224,
          "volume": 3.108268517789491,
          "wsc": 0.8984,
          "threshold": 0.10570928620314692
        },
        "0.02": {
          "coverage": 0.9804,
          "volume": 3.8237230176963446,
          "wsc": 0.9552,
          "threshold": 0.16290942480205264
        },
        "0.01": {
          "coverage": 0.99,
          "volume": 4.388898072748359,
          "wsc": 0.98,
          "threshold": 0.21998427737048593
        }
      },
      "Bonferroni": {
        "0.1": {
          "coverage": 0.89616,
          "volume": 4.125836187378669,
          "wsc": 0.6992,
          "threshold": 1.83519344742563
        },
        "0.05": {
          "coverage": 0.95024,
          "volume": 5.0015758094642475,
          "wsc": 0.8584,
          "threshold": 2.023695039010871
        },
        "0.02": {
          "coverage": 0.98088,
          "volume": 5.983783609675816,
          "wsc": 0.9488,
          "threshold": 2.212720683380618
        },
        "0.01": {
          "coverage": 0.99056,
          "volume": 6.6835981673579585,
          "wsc": 0.974,
          "threshold": 2.3372943689154044
        }
      },
      "Density": {
        "0.1": {
          "coverage": 0.8972,
          "volume": 3.344130503637942,
          "wsc": 0.6444,
          "threshold": 0.9494454516517621
        },
        "0.05": {
          "coverage": 0.95344,
          "volume": 4.138950424647837,
          "wsc": 0.8412,
          "threshold": 1.0216554825486015
        },
        "0.02": {
          "coverage": 0.98216,
          "volume": 5.006821504371914,
          "wsc": 0.9432,
          "threshold": 1.0882894815336963
        },
        "0.01": {
          "coverage": 0.99064,
          "volume": 5.543630949923209,
          "wsc": 0.9708,
          "threshold": 1.126007712677342
        }
      }
    },
    "NN": {
      "Mahal": {
        "0.1": {
          "coverage": 0.90752,
          "volume": 0.5153562219050384,
          "wsc": 0.8992,
          "threshold": 4.454153392561832
        },
        "0.05": {
          "coverage": 0.95392,
          "volume": 0.716157647346929,
          "wsc": 0.9468,
          "threshold": 6.189652669270001
        },
        "0.02": {
          "coverage": 0.9816,
          "volume": 1.1018490749289103,
          "wsc": 0.9752,
          "threshold": 9.523130965691642
        },
        "0.01": {
          "coverage": 0.98936,
          "volume": 1.417305057794425,
          "wsc": 0.9864,
          "threshold": 12.249573912456468
        }
      },
      "Kernel": {
        "0.1": {
          "coverage": 0.9036,
          "volume": 0.46780197457792927,
          "wsc": 0.8856,
          "threshold": 0.018993909790327095
        },
        "0.05": {
          "coverage": 0.95368,
          "volume": 0.6184042786129176,
          "wsc": 0.9472,
          "threshold": 0.030200221589906668
        },
        "0.02": {
          "coverage": 0.98032,
          "volume": 0.8316146019790799,
          "wsc": 0.9772,
          "threshold": 0.05195275021081222
        },
        "0.01": {
          "coverage": 0.98984,
          "volume": 1.0170801386964272,
          "wsc": 0.9876,
          "threshold": 0.07613554799583423
        }
      },
      "Bonferroni": {
        "0.1": {
          "coverage": 0.9068,
          "volume": 0.5211474376244912,
          "wsc": 0.8904,
          "threshold": 1.8732484992110339
        },
        "0.05": {
          "coverage": 0.95248,
          "volume": 0.6937268717329225,
          "wsc": 0.9436,
          "threshold": 2.1678081306692474
        },
        "0.02": {
          "coverage": 0.98072,
          "volume": 0.9456169440283442,
          "wsc": 0.9776,
          "threshold": 2.5319103573245845
        },
        "0.01": {
          "coverage": 0.98952,
          "volume": 1.1805685453403318,
          "wsc": 0.9872,
          "threshold": 2.8291703914081237
        }
      },
      "Density": {
        "0.1": {
          "coverage": 0.90512,
          "volume": 0.7413046782041124,
          "wsc": 0.8995598239295718,
          "threshold": 0.6091028170561651
        },
        "0.05": {
          "coverage": 0.95368,
          "volume": 1.005845000980833,
          "wsc": 0.9499799919967987,
          "threshold": 0.7870403815970577
        },
        "0.02": {
          "coverage": 0.98024,
          "volume": 1.3120882681408186,
          "wsc": 0.9768,
          "threshold": 0.9848984802895926
        },
        "0.01": {
          "coverage": 0.98896,
          "volume": 1.5055513360946482,
          "wsc": 0.986,
          "threshold": 1.1152888122495408
        }
      }
    }
  },
  "elapsed_s": 2270.855453014374
}