{
  "seed": 30,
  "n": 50000,
  "alphas": [
    0.1,
    0.05,
    0.02,
    0.01
  ],
  "auto_params": {
    "Linear": {
      "Mahal": {},
      "Kernel": {
        "lengthscale": 0.5,
        "gamma": 31.698660161839435
      },
      "Bonferroni": {},
      "Density": {
        "lengthscale": 0.5
      }
    },
    "NN": {
      "Mahal": {},
      "Kernel": {
        "lengthscale": 0.5,
        "gamma": 15.578034406892465
      },
      "Bonferroni": {},
      "Density": {
        "lengthscale": 0.5
      }
    }
  },
  "results": {
    "Linear": {
      "Mahal": {
        "0.1": {
          "coverage": 0.89048,
          "volume": 2.767232832761523,
          "wsc": 0.75,
          "threshold": 4.085768260774347
        },
        "0.05": {
          "coverage": 0.94368,
          "volume": 3.4720395995078346,
          "wsc": 0.826,
          "threshold": 5.126402458033901
        },
        "0.02": {
          "coverage": 0.97712,
          "volume": 4.774340094724898,
          "wsc": 0.9176,
          "threshold": 7.049225129965944
        },
        "0.01": {
          "coverage": 0.98824,
          "volume": 5.999066253477591,
          "wsc": 0.9544,
          "threshold": 8.857510724271435
        }
      },
      "Kernel": {
        "0.1": {
          "coverage": 0.89416,
          "volume": 2.4673618144318548,
          "wsc": 0.7956,
          "threshold": 0.07271560412674383
        },
        "0.05": {
          "coverage": 0.94632,
          "volume": 3.0179444173569174,
          "wsc": 0.8944,
          "threshold": 0.10423078534633327
        },
        "0.02": {
          "coverage": 0.97888,
          "volume": 3.7893545602569745,
          "wsc": 0.9536,
          "threshold": 0.16630890840213697
        },
        "0.01": {
          "coverage": 0.98992,
          "volume": 4.35652559757877,
          "wsc": 0.9784,
          "threshold": 0.22548882296596415
        }
      },
      "Bonferroni": {
        "0.1": {
          "coverage": 0.8928,
          "volume": 4.0643582010074235,
          "wsc": 0.6996,
          "threshold": 1.838773276597509
        },
        "0.05": {
          "coverage": 0.9476,
          "volume": 4.96080486675915,
          "wsc": 0.8576,
          "threshold": 2.0343889544940184
        },
        "0.02": {
          "coverage": 0.9804,
          "volume": 6.061011203569001,
          "wsc": 0.9508,
          "threshold": 2.2473433972265293
        },
        "0.01": {
          "coverage": 0.99216,
          "volume": 6.9099938518271875,
          "wsc": 0.9804,
          "threshold": 2.4028109213298214
        }
      },
      "Density": {
        "0.1": {
          "coverage": 0.89608,
          "volume": 3.3266043614209675,
          "wsc": 0.6432,
          "threshold": 0.9515253814245572
        },
        "0.05": {
          "coverage": 0.9472,
          "volume": 4.104055379274748,
          "wsc": 0.8208,
          "threshold": 1.0224018943411513
        },
        "0.02": {
          "coverage": 0.9812,
          "volume": 4.923792521804591,
          "wsc": 0.9372,
          "threshold": 1.0923166527514296
        },
        "0.01": {
          "coverage": 0.99064,
          "volume": 5.414254035904504,
          "wsc": 0.9696,
          "threshold": 1.1299818828442987
        }
      }
    },
    "NN": {
      "Mahal": {
        "0.1": {
          "coverage": 0.89912,
          "volume": 0.49253006081824663,
          "wsc": 0.8928,
          "threshold": 4.329725147564456
        },
        "0.05": {
          "coverage": 0.94928,
          "volume": 0.7090026446346962,
          "wsc": 0.9432,
          "threshold": 6.232688772467354
        },
        "0.02": {
          "coverage": 0.9812,
          "volume": 1.10706611268083,
          "wsc": 0.9756,
          "threshold": 9.731978551984128
        },
        "0.01": {
          "coverage": 0.99104,
          "volume": 1.4722068448630867,
          "wsc": 0.9876,
          "threshold": 12.941851687246462
        }
      },
      "Kernel": {
        "0.1": {
          "coverage": 0.89496,
          "volume": 0.4499893090100846,
          "wsc": 0.886,
          "threshold": 0.018202951370600608
        },
        "0.05": {
          "coverage": 0.94768,
          "volume": 0.5977579358956422,
          "wsc": 0.9384,
          "threshold": 0.0288973839465428
        },
        "0.02": {
          "coverage": 0.98168,
          "volume": 0.8239228953655224,
          "wsc": 0.978,
          "threshold": 0.05120311819921973
        },
        "0.01": {
          "coverage": 0.99088,
          "volume": 1.0162195111541898,
          "wsc": 0.9875950380152061,
          "threshold": 0.07622155303816562
        }
      },
      "Bonferroni": {
        "0.1": {
          "coverage": 0.8964,
          "volume": 0.5041335387086094,
          "wsc": 0.8796,
          "threshold": 1.8587845758767656
        },
        "0.05": {
          "coverage": 0.9448,
          "volume": 0.6741802601055393,
          "wsc": 0.938,
          "threshold": 2.150121900043285
        },
        "0.02": {
          "coverage": 0.98112,
          "volume": 0.9478906212794368,
          "wsc": 0.9756,
          "threshold": 2.553378162475612
        },
        "0.01": {
          "coverage": 0.9916,
          "volume": 1.246642688688902,
          "wsc": 0.9888,
          "threshold": 2.933887889425238
        }
      },
      "Density": {
        "0.1": {
          "coverage": 0.90264,
          "volume": 0.7399993393328087,
          "wsc": 0.8956,
          "threshold": 0.6026086405894883
        },
        "0.05": {
          "coverage": 0.94992,
          "volume": 1.0095078826811434,
          "wsc": 0.9464,
          "threshold": 0.7801035979451721
        },
        "0.02": {
          "coverage": 0.9808,
          "volume": 1.3642371875653858,
          "wsc": 0.9764,
          "threshold": 0.9900482832375159
        },
        "0.01": {
          "coverage": 0.99016,
          "volume": 1.6639198589227946,
          "wsc": 0.9872,
          "threshold": 1.13975674558497
        }
      }
    }
  },
  "elapsed_s": 2016.0830285549164
}