{
  "seed": 34,
  "n": 50000,
  "alphas": [
    0.1,
    0.05,
    0.02,
    0.01
  ],
  "auto_params": {
    "Linear": {
      "Mahal": {},
      "Kernel": {
        "lengthscale": 0.5,
        "gamma": 30.67719494427708
      },
      "Bonferroni": {},
      "Density": {
        "lengthscale": 0.5
      }
    },
    "NN": {
      "Mahal": {},
      "Kernel": {
        "lengthscale": 0.5,
        "gamma": 16.29326897250024
      },
      "Bonferroni": {},
      "Density": {
        "lengthscale": 0.5
      }
    }
  },
  "results": {
    "Linear": {
      "Mahal": {
        "0.1": {
          "coverage": 0.90216,
          "volume": 2.859587975135863,
          "wsc": 0.7764,
          "threshold": 4.087047775152647
        },
        "0.05": {
          "coverage": 0.95152,
          "volume": 3.6042750715212515,
          "wsc": 0.8436,
          "threshold": 5.151387032042334
        },
        "0.02": {
          "coverage": 0.97872,
          "volume": 4.867698051618089,
          "wsc": 0.9172,
          "threshold": 6.957126224114636
        },
        "0.01": {
          "coverage": 0.99032,
          "volume": 6.431093893284676,
          "wsc": 0.9604,
          "threshold": 9.191599704883398
        }
      },
      "Kernel": {
        "0.1": {
          "coverage": 0.90368,
          "volume": 2.5276339099788254,
          "wsc": 0.8244,
          "threshold": 0.0718119081092474
        },
        "0.05": {
          "coverage": 0.95056,
          "volume": 3.0815751785350973,
          "wsc": 0.9008,
          "threshold": 0.10283408036656139
        },
        "0.02": {
          "coverage": 0.98096,
          "volume": 3.835258198273292,
          "wsc": 0.9588,
          "threshold": 0.1613661203578311
        },
        "0.01": {
          "coverage": 0.98944,
          "volume": 4.341946612927483,
          "wsc": 0.9752,
          "threshold": 0.2115510427345021
        }
      },
      "Bonferroni": {
        "0.1": {
          "coverage": 0.89992,
          "volume": 4.177053841498346,
          "wsc": 0.7204,
          "threshold": 1.8421013919856633
        },
        "0.05": {
          "coverage": 0.94928,
          "volume": 5.023962804247522,
          "wsc": 0.8608,
          "threshold": 2.0225244566618086
        },
        "0.02": {
          "coverage": 0.98136,
          "volume": 6.050727942161494,
          "wsc": 0.9508,
          "threshold": 2.2203494560126913
        },
        "0.01": {
          "coverage": 0.99128,
          "volume": 6.809628464518043,
          "wsc": 0.9744,
          "threshold": 2.35550116936591
        }
      },
      "Density": {
        "0.1": {
          "coverage": 0.89872,
          "volume": 3.355543287721539,
          "wsc": 0.6564,
          "threshold": 0.9488383737019344
        },
        "0.05": {
          "coverage": 0.95,
          "volume": 4.102630596602568,
          "wsc": 0.8312,
          "threshold": 1.0169761261760948
        },
        "0.02": {
          "coverage": 0.98016,
          "volume": 4.958005695675866,
          "wsc": 0.9372,
          "threshold": 1.0844320885559846
        },
        "0.01": {
          "coverage": 0.98968,
          "volume": 5.582727801639631,
          "wsc": 0.9692,
          "threshold": 1.128864069378769
        }
      }
    },
    "NN": {
      "Mahal": {
        "0.1": {
          "coverage": 0.89824,
          "volume": 0.49879407034732204,
          "wsc": 0.886,
          "threshold": 4.258398046405391
        },
        "0.05": {
          "coverage": 0.9516,
          "volume": 0.7323856705943105,
          "wsc": 0.9396,
          "threshold": 6.252659953841125
        },
        "0.02": {
          "coverage": 0.98176,
          "volume": 1.1364287757733185,
          "wsc": 0.976,
          "threshold": 9.702132335418915
        },
        "0.01": {
          "coverage": 0.99208,
          "volume": 1.6065988697346623,
          "wsc": 0.988,
          "threshold": 13.716156415955936
        }
      },
      "Kernel": {
        "0.1": {
          "coverage": 0.90224,
          "volume": 0.46495153308583476,
          "wsc": 0.8896,
          "threshold": 0.019306587907686374
        },
        "0.05": {
          "coverage": 0.94936,
          "volume": 0.6019444952844701,
          "wsc": 0.9392,
          "threshold": 0.029654577597151663
        },
        "0.02": {
          "coverage": 0.9816,
          "volume": 0.8355846862706106,
          "wsc": 0.976,
          "threshold": 0.05303111929805467
        },
        "0.01": {
          "coverage": 0.99192,
          "volume": 1.0743861099240093,
          "wsc": 0.9892,
          "threshold": 0.0851415461332161
        }
      },
      "Bonferroni": {
        "0.1": {
          "coverage": 0.89968,
          "volume": 0.517948580717928,
          "wsc": 0.8864,
          "threshold": 1.8573876261790139
        },
        "0.05": {
          "coverage": 0.95096,
          "volume": 0.6881748459447644,
          "wsc": 0.944,
          "threshold": 2.143193662305626
        },
        "0.02": {
          "coverage": 0.98208,
          "volume": 0.9893516546378359,
          "wsc": 0.9772,
          "threshold": 2.572655954028717
        },
        "0.01": {
          "coverage": 0.99184,
          "volume": 1.255941910274096,
          "wsc": 0.9896,
          "threshold": 2.8987071631153314
        }
      },
      "Density": {
        "0.1": {
          "coverage": 0.89864,
          "volume": 0.7592676788431603,
          "wsc": 0.8879551820728291,
          "threshold": 0.60533131160893
        },
        "0.05": {
          "coverage": 0.95232,
          "volume": 1.05578678976334,
          "wsc": 0.9432,
          "threshold": 0.7921713435851275
        },
        "0.02": {
          "coverage": 0.97952,
          "volume": 1.3985366981725607,
          "wsc": 0.974,
          "threshold": 0.9881524823873943
        },
        "0.01": {
          "coverage": 0.99168,
          "volume": 1.7606727000148987,
          "wsc": 0.9884,
          "threshold": 1.156796805768049
        }
      }
    }
  },
  "elapsed_s": 2014.2784955501556
}