{
  "seed": 6,
  "n": 50000,
  "alphas": [
    0.1,
    0.05,
    0.02,
    0.01
  ],
  "auto_params": {
    "Linear": {
      "Mahal": {},
      "Kernel": {
        "lengthscale": 0.5,
        "gamma": 31.82114853410011
      },
      "Bonferroni": {},
      "Density": {
        "lengthscale": 0.5
      }
    },
    "NN": {
      "Mahal": {},
      "Kernel": {
        "lengthscale": 0.5,
        "gamma": 15.437766887576569
      },
      "Bonferroni": {},
      "Density": {
        "lengthscale": 0.5
      }
    }
  },
  "results": {
    "Linear": {
      "Mahal": {
        "0.1": {
          "coverage": 0.90288,
          "volume": 2.8401626345129496,
          "wsc": 0.7776,
          "threshold": 4.080356520860558
        },
        "0.05": {
          "coverage": 0.95656,
          "volume": 3.66221508689147,
          "wsc": 0.8636,
          "threshold": 5.261368848743438
        },
        "0.02": {
          "coverage": 0.98232,
          "volume": 4.875826497125328,
          "wsc": 0.9328,
          "threshold": 7.004919436784922
        },
        "0.01": {
          "coverage": 0.99168,
          "volume": 5.964137553923467,
          "wsc": 0.9696,
          "threshold": 8.56845564536984
        }
      },
      "Kernel": {
        "0.1": {
          "coverage": 0.90104,
          "volume": 2.494728743325824,
          "wsc": 0.8292,
          "threshold": 0.07219247164662602
        },
        "0.05": {
          "coverage": 0.95184,
          "volume": 3.0666416191376875,
          "wsc": 0.9136,
          "threshold": 0.10463019642955608
        },
        "0.02": {
          "coverage": 0.98208,
          "volume": 3.7968287780986394,
          "wsc": 0.966,
          "threshold": 0.16274270335594415
        },
        "0.01": {
          "coverage": 0.9924,
          "volume": 4.472641395195465,
          "wsc": 0.984,
          "threshold": 0.2310306867939847
        }
      },
      "Bonferroni": {
        "0.1": {
          "coverage": 0.90576,
          "volume": 4.178998233629424,
          "wsc": 0.7332,
          "threshold": 1.839193600567618
        },
        "0.05": {
          "coverage": 0.952,
          "volume": 4.986568516685433,
          "wsc": 0.8668,
          "threshold": 2.009677487315483
        },
        "0.02": {
          "coverage": 0.98224,
          "volume": 6.011946499694326,
          "wsc": 0.9488,
          "threshold": 2.2071755609653767
        },
        "0.01": {
          "coverage": 0.992,
          "volume": 6.803008382943389,
          "wsc": 0.9764,
          "threshold": 2.3492688615575883
        }
      },
      "Density": {
        "0.1": {
          "coverage": 0.90664,
          "volume": 3.346665350862998,
          "wsc": 0.6792,
          "threshold": 0.945754141185858
        },
        "0.05": {
          "coverage": 0.95288,
          "volume": 4.075717557337223,
          "wsc": 0.8356,
          "threshold": 1.0115731626947826
        },
        "0.02": {
          "coverage": 0.98176,
          "volume": 4.937868737254944,
          "wsc": 0.9372,
          "threshold": 1.083183278202059
        },
        "0.01": {
          "coverage": 0.99192,
          "volume": 5.569005497374223,
          "wsc": 0.9736,
          "threshold": 1.1288493371828505
        }
      }
    },
    "NN": {
      "Mahal": {
        "0.1": {
          "coverage": 0.90008,
          "volume": 0.500302089486512,
          "wsc": 0.8836,
          "threshold": 4.368912259318906
        },
        "0.05": {
          "coverage": 0.94896,
          "volume": 0.7119191999575942,
          "wsc": 0.9416,
          "threshold": 6.216868939187379
        },
        "0.02": {
          "coverage": 0.98128,
          "volume": 1.1076276392493687,
          "wsc": 0.9768,
          "threshold": 9.672412075759457
        },
        "0.01": {
          "coverage": 0.9912,
          "volume": 1.4483064248027506,
          "wsc": 0.9871948779511804,
          "threshold": 12.647406092317869
        }
      },
      "Kernel": {
        "0.1": {
          "coverage": 0.90272,
          "volume": 0.4619217591002422,
          "wsc": 0.8808,
          "threshold": 0.018383399544005048
        },
        "0.05": {
          "coverage": 0.95168,
          "volume": 0.6093714461566886,
          "wsc": 0.9352,
          "threshold": 0.029071962407967
        },
        "0.02": {
          "coverage": 0.98032,
          "volume": 0.8211096838042197,
          "wsc": 0.9696,
          "threshold": 0.04993533868234067
        },
        "0.01": {
          "coverage": 0.9904,
          "volume": 1.0075525684492928,
          "wsc": 0.9864,
          "threshold": 0.07361891128556622
        }
      },
      "Bonferroni": {
        "0.1": {
          "coverage": 0.9028,
          "volume": 0.5133647754349644,
          "wsc": 0.8872,
          "threshold": 1.8698308831159114
        },
        "0.05": {
          "coverage": 0.95096,
          "volume": 0.6910410395448895,
          "wsc": 0.94,
          "threshold": 2.173153992267602
        },
        "0.02": {
          "coverage": 0.98048,
          "volume": 0.9449990781724559,
          "wsc": 0.9724,
          "threshold": 2.541327115536216
        },
        "0.01": {
          "coverage": 0.99072,
          "volume": 1.1716223069369571,
          "wsc": 0.986,
          "threshold": 2.831318646221737
        }
      },
      "Density": {
        "0.1": {
          "coverage": 0.90184,
          "volume": 0.7510984781415799,
          "wsc": 0.8888,
          "threshold": 0.6083649114878389
        },
        "0.05": {
          "coverage": 0.95024,
          "volume": 0.9968073703628093,
          "wsc": 0.9447779111644657,
          "threshold": 0.7731407832368479
        },
        "0.02": {
          "coverage": 0.98088,
          "volume": 1.3712760016940237,
          "wsc": 0.9756,
          "threshold": 0.9960111514425172
        },
        "0.01": {
          "coverage": 0.99,
          "volume": 1.5960424115257332,
          "wsc": 0.9868,
          "threshold": 1.107263506611114
        }
      }
    }
  },
  "elapsed_s": 2296.1573791503906
}