{
  "seed": 69,
  "n": 50000,
  "alphas": [
    0.1,
    0.05,
    0.02,
    0.01
  ],
  "auto_params": {
    "Linear": {
      "Mahal": {},
      "Kernel": {
        "lengthscale": 0.5,
        "gamma": 31.83905061421797
      },
      "Bonferroni": {},
      "Density": {
        "lengthscale": 0.5
      }
    },
    "NN": {
      "Mahal": {},
      "Kernel": {
        "lengthscale": 0.5,
        "gamma": 16.353414097173772
      },
      "Bonferroni": {},
      "Density": {
        "lengthscale": 0.5
      }
    }
  },
  "results": {
    "Linear": {
      "Mahal": {
        "0.1": {
          "coverage": 0.89648,
          "volume": 2.7763957047802608,
          "wsc": 0.7752,
          "threshold": 4.069599428479912
        },
        "0.05": {
          "coverage": 0.94888,
          "volume": 3.4633426721482716,
          "wsc": 0.8476,
          "threshold": 5.076516050985682
        },
        "0.02": {
          "coverage": 0.98072,
          "volume": 4.764887624285695,
          "wsc": 0.9268,
          "threshold": 6.984301236015202
        },
        "0.01": {
          "coverage": 0.99032,
          "volume": 5.971535612500953,
          "wsc": 0.9624,
          "threshold": 8.752987866225178
        }
      },
      "Kernel": {
        "0.1": {
          "coverage": 0.89688,
          "volume": 2.462868153901483,
          "wsc": 0.8144,
          "threshold": 0.072035370594046
        },
        "0.05": {
          "coverage": 0.95384,
          "volume": 3.0535299584562146,
          "wsc": 0.9104,
          "threshold": 0.1061850984640647
        },
        "0.02": {
          "coverage": 0.98,
          "volume": 3.719121539783027,
          "wsc": 0.9588,
          "threshold": 0.15933625223291778
        },
        "0.01": {
          "coverage": 0.98912,
          "volume": 4.284869665411022,
          "wsc": 0.9764,
          "threshold": 0.21773974329028764
        }
      },
      "Bonferroni": {
        "0.1": {
          "coverage": 0.89696,
          "volume": 4.1170798126392825,
          "wsc": 0.6968,
          "threshold": 1.8409388970998846
        },
        "0.05": {
          "coverage": 0.95048,
          "volume": 4.972543825786533,
          "wsc": 0.856,
          "threshold": 2.0282891330660067
        },
        "0.02": {
          "coverage": 0.98144,
          "volume": 5.945026633892702,
          "wsc": 0.9508,
          "threshold": 2.215955104800709
        },
        "0.01": {
          "coverage": 0.99096,
          "volume": 6.686586061946876,
          "wsc": 0.976,
          "threshold": 2.3517308426641983
        }
      },
      "Density": {
        "0.1": {
          "coverage": 0.9016,
          "volume": 3.337678016215329,
          "wsc": 0.6528,
          "threshold": 0.9513097080833297
        },
        "0.05": {
          "coverage": 0.95112,
          "volume": 4.092732353688153,
          "wsc": 0.8296,
          "threshold": 1.0201110583433806
        },
        "0.02": {
          "coverage": 0.98256,
          "volume": 4.9284730376850705,
          "wsc": 0.9428,
          "threshold": 1.0899805441881145
        },
        "0.01": {
          "coverage": 0.99136,
          "volume": 5.478272634000114,
          "wsc": 0.9732,
          "threshold": 1.131009198333781
        }
      }
    },
    "NN": {
      "Mahal": {
        "0.1": {
          "coverage": 0.90328,
          "volume": 0.5058719054766442,
          "wsc": 0.8844,
          "threshold": 4.389928796980116
        },
        "0.05": {
          "coverage": 0.95128,
          "volume": 0.7173757392425205,
          "wsc": 0.9412,
          "threshold": 6.225347527430611
        },
        "0.02": {
          "coverage": 0.98128,
          "volume": 1.0992866007794286,
          "wsc": 0.9779911964785915,
          "threshold": 9.53954914801807
        },
        "0.01": {
          "coverage": 0.9896,
          "volume": 1.4215469175608382,
          "wsc": 0.9864,
          "threshold": 12.336106595559421
        }
      },
      "Kernel": {
        "0.1": {
          "coverage": 0.9032,
          "volume": 0.4644474541093023,
          "wsc": 0.874,
          "threshold": 0.019137158506699902
        },
        "0.05": {
          "coverage": 0.9524,
          "volume": 0.6181018871377549,
          "wsc": 0.9348,
          "threshold": 0.03073620167114847
        },
        "0.02": {
          "coverage": 0.98064,
          "volume": 0.8410238792202239,
          "wsc": 0.9724,
          "threshold": 0.05305969018586315
        },
        "0.01": {
          "coverage": 0.99064,
          "volume": 1.0400042922849457,
          "wsc": 0.9868,
          "threshold": 0.07969648837409976
        }
      },
      "Bonferroni": {
        "0.1": {
          "coverage": 0.9052,
          "volume": 0.5190751691177536,
          "wsc": 0.8824,
          "threshold": 1.8705026908956968
        },
        "0.05": {
          "coverage": 0.95408,
          "volume": 0.7016896429874332,
          "wsc": 0.9404,
          "threshold": 2.1808415165241883
        },
        "0.02": {
          "coverage": 0.98144,
          "volume": 0.9569919014850932,
          "wsc": 0.9744,
          "threshold": 2.5454880758695126
        },
        "0.01": {
          "coverage": 0.98904,
          "volume": 1.1527438773257928,
          "wsc": 0.9832,
          "threshold": 2.797037153829856
        }
      },
      "Density": {
        "0.1": {
          "coverage": 0.89856,
          "volume": 0.7549109100963105,
          "wsc": 0.8808,
          "threshold": 0.6030671937832193
        },
        "0.05": {
          "coverage": 0.9508,
          "volume": 1.0320770404873472,
          "wsc": 0.9368,
          "threshold": 0.773652098792582
        },
        "0.02": {
          "coverage": 0.98112,
          "volume": 1.4351522226152411,
          "wsc": 0.9784,
          "threshold": 0.9997862453115044
        },
        "0.01": {
          "coverage": 0.99032,
          "volume": 1.7039755597838053,
          "wsc": 0.988,
          "threshold": 1.128986592871676
        }
      }
    }
  },
  "elapsed_s": 897.0203332901001
}