{
  "seed": 90,
  "n": 50000,
  "alphas": [
    0.1,
    0.05,
    0.02,
    0.01
  ],
  "auto_params": {
    "Linear": {
      "Mahal": {},
      "Kernel": {
        "lengthscale": 0.5,
        "gamma": 32.081967948999214
      },
      "Bonferroni": {},
      "Density": {
        "lengthscale": 0.5
      }
    },
    "NN": {
      "Mahal": {},
      "Kernel": {
        "lengthscale": 0.5,
        "gamma": 16.116774366311432
      },
      "Bonferroni": {},
      "Density": {
        "lengthscale": 0.5
      }
    }
  },
  "results": {
    "Linear": {
      "Mahal": {
        "0.1": {
          "coverage": 0.90152,
          "volume": 2.8405193639399084,
          "wsc": 0.7876,
          "threshold": 4.105891078957466
        },
        "0.05": {
          "coverage": 0.95616,
          "volume": 3.6228129265603597,
          "wsc": 0.8692,
          "threshold": 5.236674484508337
        },
        "0.02": {
          "coverage": 0.98392,
          "volume": 4.953418489616303,
          "wsc": 0.942,
          "threshold": 7.160027509423027
        },
        "0.01": {
          "coverage": 0.99152,
          "volume": 5.976993924777546,
          "wsc": 0.9688,
          "threshold": 8.639577095045025
        }
      },
      "Kernel": {
        "0.1": {
          "coverage": 0.9,
          "volume": 2.498736356290872,
          "wsc": 0.8324,
          "threshold": 0.07314446038660417
        },
        "0.05": {
          "coverage": 0.95232,
          "volume": 3.060935437023362,
          "wsc": 0.9176,
          "threshold": 0.10561633458148552
        },
        "0.02": {
          "coverage": 0.98208,
          "volume": 3.838547730568994,
          "wsc": 0.9632,
          "threshold": 0.1670415697614328
        },
        "0.01": {
          "coverage": 0.9916,
          "volume": 4.490668310969849,
          "wsc": 0.9828,
          "threshold": 0.23360054429328278
        }
      },
      "Bonferroni": {
        "0.1": {
          "coverage": 0.9028,
          "volume": 4.125006516432351,
          "wsc": 0.7232,
          "threshold": 1.8511822402790752
        },
        "0.05": {
          "coverage": 0.95328,
          "volume": 4.98277035767816,
          "wsc": 0.8604,
          "threshold": 2.0377649376825464
        },
        "0.02": {
          "coverage": 0.98344,
          "volume": 6.063725431750619,
          "wsc": 0.95,
          "threshold": 2.2471682747937907
        },
        "0.01": {
          "coverage": 0.99248,
          "volume": 6.859549674596173,
          "wsc": 0.976,
          "threshold": 2.389589999743006
        }
      },
      "Density": {
        "0.1": {
          "coverage": 0.90264,
          "volume": 3.37765261781732,
          "wsc": 0.662,
          "threshold": 0.9555359193606163
        },
        "0.05": {
          "coverage": 0.94992,
          "volume": 4.1251013703349555,
          "wsc": 0.8296,
          "threshold": 1.0239372525338784
        },
        "0.02": {
          "coverage": 0.982,
          "volume": 5.06121453513147,
          "wsc": 0.9388,
          "threshold": 1.0945689334445825
        },
        "0.01": {
          "coverage": 0.9916,
          "volume": 5.696640828674064,
          "wsc": 0.972,
          "threshold": 1.1376729940513015
        }
      }
    },
    "NN": {
      "Mahal": {
        "0.1": {
          "coverage": 0.90504,
          "volume": 0.5089803621061312,
          "wsc": 0.9008,
          "threshold": 4.4808394323570635
        },
        "0.05": {
          "coverage": 0.9536,
          "volume": 0.7269339255642675,
          "wsc": 0.9488,
          "threshold": 6.3996068235483055
        },
        "0.02": {
          "coverage": 0.98304,
          "volume": 1.135628324566483,
          "wsc": 0.98,
          "threshold": 9.997572708233545
        },
        "0.01": {
          "coverage": 0.99152,
          "volume": 1.482839661472966,
          "wsc": 0.9876,
          "threshold": 13.054268733467557
        }
      },
      "Kernel": {
        "0.1": {
          "coverage": 0.906,
          "volume": 0.4634611364439124,
          "wsc": 0.898,
          "threshold": 0.019247733049248743
        },
        "0.05": {
          "coverage": 0.95584,
          "volume": 0.6196169855936404,
          "wsc": 0.9495798319327731,
          "threshold": 0.03104163602205529
        },
        "0.02": {
          "coverage": 0.98224,
          "volume": 0.8274321247732566,
          "wsc": 0.9792,
          "threshold": 0.05208431491115942
        },
        "0.01": {
          "coverage": 0.9908,
          "volume": 0.9939198319289623,
          "wsc": 0.9884,
          "threshold": 0.0743092102143898
        }
      },
      "Bonferroni": {
        "0.1": {
          "coverage": 0.90128,
          "volume": 0.5101876391597826,
          "wsc": 0.8908,
          "threshold": 1.8693127514162606
        },
        "0.05": {
          "coverage": 0.95568,
          "volume": 0.7062229877387591,
          "wsc": 0.9492,
          "threshold": 2.204904320704936
        },
        "0.02": {
          "coverage": 0.98352,
          "volume": 0.9655747107961733,
          "wsc": 0.9819927971188476,
          "threshold": 2.5828889978037
        },
        "0.01": {
          "coverage": 0.99128,
          "volume": 1.1746905351879433,
          "wsc": 0.9892,
          "threshold": 2.8500728383405125
        }
      },
      "Density": {
        "0.1": {
          "coverage": 0.90096,
          "volume": 0.7488020225139874,
          "wsc": 0.892,
          "threshold": 0.6018410978824733
        },
        "0.05": {
          "coverage": 0.95344,
          "volume": 1.0385848712897205,
          "wsc": 0.9476,
          "threshold": 0.7902234340150167
        },
        "0.02": {
          "coverage": 0.9816,
          "volume": 1.4151209695930802,
          "wsc": 0.978,
          "threshold": 1.007990443771119
        },
        "0.01": {
          "coverage": 0.99136,
          "volume": 1.6439188607800854,
          "wsc": 0.9884,
          "threshold": 1.1382815807432012
        }
      }
    }
  },
  "elapsed_s": 2034.1695294380188
}