{
  "seed": 15,
  "n": 50000,
  "alphas": [
    0.1,
    0.05,
    0.02,
    0.01
  ],
  "auto_params": {
    "Linear": {
      "Mahal": {},
      "Kernel": {
        "lengthscale": 0.5,
        "gamma": 32.00301694336847
      },
      "Bonferroni": {},
      "Density": {
        "lengthscale": 0.5
      }
    },
    "NN": {
      "Mahal": {},
      "Kernel": {
        "lengthscale": 0.5,
        "gamma": 15.992950901031364
      },
      "Bonferroni": {},
      "Density": {
        "lengthscale": 0.5
      }
    }
  },
  "results": {
    "Linear": {
      "Mahal": {
        "0.1": {
          "coverage": 0.89424,
          "volume": 2.7684016687545663,
          "wsc": 0.7696,
          "threshold": 4.057503198350157
        },
        "0.05": {
          "coverage": 0.946,
          "volume": 3.509885576137384,
          "wsc": 0.8416,
          "threshold": 5.144257826367859
        },
        "0.02": {
          "coverage": 0.97672,
          "volume": 4.810174648325561,
          "wsc": 0.9132,
          "threshold": 7.050024293976149
        },
        "0.01": {
          "coverage": 0.98936,
          "volume": 6.1287629937918675,
          "wsc": 0.9588,
          "threshold": 8.982611060347981
        }
      },
      "Kernel": {
        "0.1": {
          "coverage": 0.89344,
          "volume": 2.477389966051329,
          "wsc": 0.8104,
          "threshold": 0.07261420833084589
        },
        "0.05": {
          "coverage": 0.94624,
          "volume": 3.048708598116166,
          "wsc": 0.896,
          "threshold": 0.10585286016581716
        },
        "0.02": {
          "coverage": 0.97528,
          "volume": 3.746299380033207,
          "wsc": 0.9464,
          "threshold": 0.16214549243660367
        },
        "0.01": {
          "coverage": 0.98792,
          "volume": 4.33734199262626,
          "wsc": 0.9744,
          "threshold": 0.22392237521579236
        }
      },
      "Bonferroni": {
        "0.1": {
          "coverage": 0.89456,
          "volume": 4.11776767998127,
          "wsc": 0.6988,
          "threshold": 1.8386456495168912
        },
        "0.05": {
          "coverage": 0.94496,
          "volume": 5.003123021632599,
          "wsc": 0.8472,
          "threshold": 2.0282514309072575
        },
        "0.02": {
          "coverage": 0.9784,
          "volume": 6.04249944652632,
          "wsc": 0.9376,
          "threshold": 2.2299670038397235
        },
        "0.01": {
          "coverage": 0.98768,
          "volume": 6.672216530743324,
          "wsc": 0.9652,
          "threshold": 2.343890258774053
        }
      },
      "Density": {
        "0.1": {
          "coverage": 0.89272,
          "volume": 3.3291952035688808,
          "wsc": 0.6432,
          "threshold": 0.9479777138410347
        },
        "0.05": {
          "coverage": 0.94472,
          "volume": 4.0625598717380775,
          "wsc": 0.8104,
          "threshold": 1.0161793534318453
        },
        "0.02": {
          "coverage": 0.97736,
          "volume": 4.902762767768443,
          "wsc": 0.9252,
          "threshold": 1.0866655579639204
        },
        "0.01": {
          "coverage": 0.9884,
          "volume": 5.461415510376434,
          "wsc": 0.9616,
          "threshold": 1.1284168480576624
        }
      }
    },
    "NN": {
      "Mahal": {
        "0.1": {
          "coverage": 0.89568,
          "volume": 0.49844526492641716,
          "wsc": 0.8876,
          "threshold": 4.39919372481878
        },
        "0.05": {
          "coverage": 0.94424,
          "volume": 0.6997049706846175,
          "wsc": 0.9372,
          "threshold": 6.175477896684776
        },
        "0.02": {
          "coverage": 0.97944,
          "volume": 1.0850158854055996,
          "wsc": 0.9772,
          "threshold": 9.576166954077994
        },
        "0.01": {
          "coverage": 0.98976,
          "volume": 1.4499046772673436,
          "wsc": 0.9864,
          "threshold": 12.796613804248913
        }
      },
      "Kernel": {
        "0.1": {
          "coverage": 0.89488,
          "volume": 0.4561418573794184,
          "wsc": 0.8856,
          "threshold": 0.018610901578880245
        },
        "0.05": {
          "coverage": 0.94768,
          "volume": 0.6093513985231729,
          "wsc": 0.9416,
          "threshold": 0.030024410855946235
        },
        "0.02": {
          "coverage": 0.97992,
          "volume": 0.8327125909786737,
          "wsc": 0.9764,
          "threshold": 0.05279557743156563
        },
        "0.01": {
          "coverage": 0.98976,
          "volume": 1.0232357330056048,
          "wsc": 0.986,
          "threshold": 0.07838922506052597
        }
      },
      "Bonferroni": {
        "0.1": {
          "coverage": 0.89304,
          "volume": 0.5040198389868417,
          "wsc": 0.8856,
          "threshold": 1.8599577944033423
        },
        "0.05": {
          "coverage": 0.94784,
          "volume": 0.6851755498297116,
          "wsc": 0.9428,
          "threshold": 2.173814203577337
        },
        "0.02": {
          "coverage": 0.9796,
          "volume": 0.9407763179436893,
          "wsc": 0.9772,
          "threshold": 2.549275061128583
        },
        "0.01": {
          "coverage": 0.98912,
          "volume": 1.1730105493818703,
          "wsc": 0.9864,
          "threshold": 2.848030651330248
        }
      },
      "Density": {
        "0.1": {
          "coverage": 0.89224,
          "volume": 0.7263402057552246,
          "wsc": 0.8832,
          "threshold": 0.5936422585591391
        },
        "0.05": {
          "coverage": 0.94496,
          "volume": 0.9819409738692021,
          "wsc": 0.9348,
          "threshold": 0.7650686477757177
        },
        "0.02": {
          "coverage": 0.97848,
          "volume": 1.3278593909828353,
          "wsc": 0.9744,
          "threshold": 0.9722143568400368
        },
        "0.01": {
          "coverage": 0.99024,
          "volume": 1.600815927429504,
          "wsc": 0.9856,
          "threshold": 1.1292587670057
        }
      }
    }
  },
  "elapsed_s": 2042.011121749878
}