{
  "seed": 40,
  "n": 50000,
  "alphas": [
    0.1,
    0.05,
    0.02,
    0.01
  ],
  "auto_params": {
    "Linear": {
      "Mahal": {},
      "Kernel": {
        "lengthscale": 0.5,
        "gamma": 32.07094360432835
      },
      "Bonferroni": {},
      "Density": {
        "lengthscale": 0.5
      }
    },
    "NN": {
      "Mahal": {},
      "Kernel": {
        "lengthscale": 0.5,
        "gamma": 16.38691325953551
      },
      "Bonferroni": {},
      "Density": {
        "lengthscale": 0.5
      }
    }
  },
  "results": {
    "Linear": {
      "Mahal": {
        "0.1": {
          "coverage": 0.89616,
          "volume": 2.80523226266082,
          "wsc": 0.778,
          "threshold": 4.085253916107794
        },
        "0.05": {
          "coverage": 0.94872,
          "volume": 3.519116641114182,
          "wsc": 0.8476,
          "threshold": 5.12488225332024
        },
        "0.02": {
          "coverage": 0.9788,
          "volume": 4.726515723519063,
          "wsc": 0.922,
          "threshold": 6.8832150285967115
        },
        "0.01": {
          "coverage": 0.99056,
          "volume": 5.878190940639524,
          "wsc": 0.9656,
          "threshold": 8.560397254628496
        }
      },
      "Kernel": {
        "0.1": {
          "coverage": 0.89488,
          "volume": 2.4637526126397686,
          "wsc": 0.8124,
          "threshold": 0.07220281231233772
        },
        "0.05": {
          "coverage": 0.94936,
          "volume": 3.0323800811503094,
          "wsc": 0.9088,
          "threshold": 0.10464999048559237
        },
        "0.02": {
          "coverage": 0.9788,
          "volume": 3.7497839159606565,
          "wsc": 0.9588,
          "threshold": 0.16128449985895038
        },
        "0.01": {
          "coverage": 0.9892,
          "volume": 4.302324752520716,
          "wsc": 0.9792,
          "threshold": 0.21758076139089175
        }
      },
      "Bonferroni": {
        "0.1": {
          "coverage": 0.89736,
          "volume": 4.134963830054513,
          "wsc": 0.7092,
          "threshold": 1.844994729311749
        },
        "0.05": {
          "coverage": 0.95008,
          "volume": 4.970469521793249,
          "wsc": 0.8528,
          "threshold": 2.0254075035399763
        },
        "0.02": {
          "coverage": 0.98176,
          "volume": 5.976333645057283,
          "wsc": 0.948,
          "threshold": 2.2215170633988794
        },
        "0.01": {
          "coverage": 0.99104,
          "volume": 6.683246198160793,
          "wsc": 0.9748,
          "threshold": 2.349415031825933
        }
      },
      "Density": {
        "0.1": {
          "coverage": 0.902,
          "volume": 3.345819611763131,
          "wsc": 0.6572,
          "threshold": 0.9511492482255411
        },
        "0.05": {
          "coverage": 0.9508,
          "volume": 4.106687327930373,
          "wsc": 0.8264,
          "threshold": 1.019389810577274
        },
        "0.02": {
          "coverage": 0.98024,
          "volume": 4.96467433761233,
          "wsc": 0.9328,
          "threshold": 1.0869104124475695
        },
        "0.01": {
          "coverage": 0.992,
          "volume": 5.573568344483395,
          "wsc": 0.9748,
          "threshold": 1.1299367500146045
        }
      }
    },
    "NN": {
      "Mahal": {
        "0.1": {
          "coverage": 0.89688,
          "volume": 0.4909079460896028,
          "wsc": 0.8856,
          "threshold": 4.28301056431488
        },
        "0.05": {
          "coverage": 0.9504,
          "volume": 0.7207439053188548,
          "wsc": 0.9424,
          "threshold": 6.2882538065146205
        },
        "0.02": {
          "coverage": 0.97872,
          "volume": 1.0903085984457939,
          "wsc": 0.9719887955182073,
          "threshold": 9.512584350497216
        },
        "0.01": {
          "coverage": 0.99224,
          "volume": 1.56018390133194,
          "wsc": 0.9892,
          "threshold": 13.612092012173346
        }
      },
      "Kernel": {
        "0.1": {
          "coverage": 0.89568,
          "volume": 0.4510310711053096,
          "wsc": 0.8852,
          "threshold": 0.018800058457927094
        },
        "0.05": {
          "coverage": 0.94712,
          "volume": 0.6017779196552556,
          "wsc": 0.9412,
          "threshold": 0.029913328873053004
        },
        "0.02": {
          "coverage": 0.98192,
          "volume": 0.8454484401263105,
          "wsc": 0.9768,
          "threshold": 0.055202551614054456
        },
        "0.01": {
          "coverage": 0.99144,
          "volume": 1.044136800941287,
          "wsc": 0.9888,
          "threshold": 0.08209862610501593
        }
      },
      "Bonferroni": {
        "0.1": {
          "coverage": 0.89688,
          "volume": 0.5063838316431952,
          "wsc": 0.8848,
          "threshold": 1.8568491454447693
        },
        "0.05": {
          "coverage": 0.94736,
          "volume": 0.6856948662447698,
          "wsc": 0.9412,
          "threshold": 2.1599522626553953
        },
        "0.02": {
          "coverage": 0.98128,
          "volume": 0.9864165583162394,
          "wsc": 0.9776,
          "threshold": 2.595859086080216
        },
        "0.01": {
          "coverage": 0.9916,
          "volume": 1.2268189241669727,
          "wsc": 0.9884,
          "threshold": 2.8968424760249976
        }
      },
      "Density": {
        "0.1": {
          "coverage": 0.89496,
          "volume": 0.7175272069167199,
          "wsc": 0.8832,
          "threshold": 0.5934321594371278
        },
        "0.05": {
          "coverage": 0.94576,
          "volume": 0.9694324476909467,
          "wsc": 0.9364,
          "threshold": 0.7689522293430063
        },
        "0.02": {
          "coverage": 0.9792,
          "volume": 1.3405352648535913,
          "wsc": 0.9724,
          "threshold": 0.993270897459005
        },
        "0.01": {
          "coverage": 0.99088,
          "volume": 1.625199252333875,
          "wsc": 0.9879951980792316,
          "threshold": 1.152645052556563
        }
      }
    }
  },
  "elapsed_s": 2323.790331840515
}