{
  "seed": 31,
  "n": 50000,
  "alphas": [
    0.1,
    0.05,
    0.02,
    0.01
  ],
  "auto_params": {
    "Linear": {
      "Mahal": {},
      "Kernel": {
        "lengthscale": 0.5,
        "gamma": 32.57781776890587
      },
      "Bonferroni": {},
      "Density": {
        "lengthscale": 0.5
      }
    },
    "NN": {
      "Mahal": {},
      "Kernel": {
        "lengthscale": 0.5,
        "gamma": 16.33475826407651
      },
      "Bonferroni": {},
      "Density": {
        "lengthscale": 0.5
      }
    }
  },
  "results": {
    "Linear": {
      "Mahal": {
        "0.1": {
          "coverage": 0.90104,
          "volume": 2.8047540094390695,
          "wsc": 0.7772,
          "threshold": 4.04622002078874
        },
        "0.05": {
          "coverage": 0.95008,
          "volume": 3.5464402599308107,
          "wsc": 0.8512,
          "threshold": 5.116198259801438
        },
        "0.02": {
          "coverage": 0.98032,
          "volume": 4.890356466314121,
          "wsc": 0.9284,
          "threshold": 7.054971015711721
        },
        "0.01": {
          "coverage": 0.9908,
          "volume": 6.179386557729984,
          "wsc": 0.964,
          "threshold": 8.914563459731115
        }
      },
      "Kernel": {
        "0.1": {
          "coverage": 0.90304,
          "volume": 2.494669891297011,
          "wsc": 0.826,
          "threshold": 0.07435618803138865
        },
        "0.05": {
          "coverage": 0.95152,
          "volume": 3.078614280861421,
          "wsc": 0.91,
          "threshold": 0.10774257865891292
        },
        "0.02": {
          "coverage": 0.98176,
          "volume": 3.8867354639428187,
          "wsc": 0.96,
          "threshold": 0.17255822439872515
        },
        "0.01": {
          "coverage": 0.99104,
          "volume": 4.415941344337535,
          "wsc": 0.982,
          "threshold": 0.22694515690658335
        }
      },
      "Bonferroni": {
        "0.1": {
          "coverage": 0.90104,
          "volume": 4.125877464553906,
          "wsc": 0.7252,
          "threshold": 1.8334781940898652
        },
        "0.05": {
          "coverage": 0.9524,
          "volume": 5.021580262306814,
          "wsc": 0.8704,
          "threshold": 2.0236498074073506
        },
        "0.02": {
          "coverage": 0.9808,
          "volume": 6.019428131299318,
          "wsc": 0.9484,
          "threshold": 2.2174107064758104
        },
        "0.01": {
          "coverage": 0.99104,
          "volume": 6.854968787781314,
          "wsc": 0.9768,
          "threshold": 2.3668820816476397
        }
      },
      "Density": {
        "0.1": {
          "coverage": 0.90176,
          "volume": 3.316952780420476,
          "wsc": 0.6732,
          "threshold": 0.9455220459030315
        },
        "0.05": {
          "coverage": 0.95088,
          "volume": 4.078872653010022,
          "wsc": 0.8292,
          "threshold": 1.0141177354310813
        },
        "0.02": {
          "coverage": 0.9816,
          "volume": 4.937112214211927,
          "wsc": 0.9368,
          "threshold": 1.0849067284632226
        },
        "0.01": {
          "coverage": 0.9928,
          "volume": 5.625310865277518,
          "wsc": 0.9748,
          "threshold": 1.134979890590062
        }
      }
    },
    "NN": {
      "Mahal": {
        "0.1": {
          "coverage": 0.90432,
          "volume": 0.5153728283400785,
          "wsc": 0.8879551820728291,
          "threshold": 4.406398092870396
        },
        "0.05": {
          "coverage": 0.95344,
          "volume": 0.7367004815494835,
          "wsc": 0.9372,
          "threshold": 6.298732526066126
        },
        "0.02": {
          "coverage": 0.98104,
          "volume": 1.115618470395798,
          "wsc": 0.9736,
          "threshold": 9.538452223327557
        },
        "0.01": {
          "coverage": 0.99216,
          "volume": 1.5313691788299213,
          "wsc": 0.9888,
          "threshold": 13.093088843682681
        }
      },
      "Kernel": {
        "0.1": {
          "coverage": 0.90112,
          "volume": 0.46707165129303896,
          "wsc": 0.8872,
          "threshold": 0.019396642245940635
        },
        "0.05": {
          "coverage": 0.9528,
          "volume": 0.6140889490359077,
          "wsc": 0.9432,
          "threshold": 0.0303655140580173
        },
        "0.02": {
          "coverage": 0.9828,
          "volume": 0.8475492456314418,
          "wsc": 0.9784,
          "threshold": 0.05420077200394426
        },
        "0.01": {
          "coverage": 0.99344,
          "volume": 1.0545743743821243,
          "wsc": 0.9908,
          "threshold": 0.08101793138555655
        }
      },
      "Bonferroni": {
        "0.1": {
          "coverage": 0.90664,
          "volume": 0.5254556077046688,
          "wsc": 0.8968,
          "threshold": 1.8709177057255177
        },
        "0.05": {
          "coverage": 0.95368,
          "volume": 0.7096331985323008,
          "wsc": 0.944,
          "threshold": 2.175029251733146
        },
        "0.02": {
          "coverage": 0.9836,
          "volume": 0.9872402254287375,
          "wsc": 0.9792,
          "threshold": 2.5667652164958588
        },
        "0.01": {
          "coverage": 0.99256,
          "volume": 1.2389785523627121,
          "wsc": 0.9904,
          "threshold": 2.878979225976492
        }
      },
      "Density": {
        "0.1": {
          "coverage": 0.9028,
          "volume": 0.765637989837894,
          "wsc": 0.8843537414965986,
          "threshold": 0.6104508237537352
        },
        "0.05": {
          "coverage": 0.954,
          "volume": 1.0932074839611006,
          "wsc": 0.9407763105242097,
          "threshold": 0.799598924085398
        },
        "0.02": {
          "coverage": 0.98376,
          "volume": 1.4969857905284658,
          "wsc": 0.98,
          "threshold": 1.016812937215973
        },
        "0.01": {
          "coverage": 0.99288,
          "volume": 1.8113754652547391,
          "wsc": 0.99,
          "threshold": 1.1583436009616341
        }
      }
    }
  },
  "elapsed_s": 2028.7348494529724
}