{
  "seed": 20,
  "n": 50000,
  "alphas": [
    0.1,
    0.05,
    0.02,
    0.01
  ],
  "auto_params": {
    "Linear": {
      "Mahal": {},
      "Kernel": {
        "lengthscale": 0.5,
        "gamma": 31.721447406124906
      },
      "Bonferroni": {},
      "Density": {
        "lengthscale": 0.5
      }
    },
    "NN": {
      "Mahal": {},
      "Kernel": {
        "lengthscale": 0.5,
        "gamma": 15.399311519361817
      },
      "Bonferroni": {},
      "Density": {
        "lengthscale": 0.5
      }
    }
  },
  "results": {
    "Linear": {
      "Mahal": {
        "0.1": {
          "coverage": 0.89328,
          "volume": 2.815721160615057,
          "wsc": 0.778,
          "threshold": 4.121211321850874
        },
        "0.05": {
          "coverage": 0.94808,
          "volume": 3.543176280221083,
          "wsc": 0.8456,
          "threshold": 5.185946110576849
        },
        "0.02": {
          "coverage": 0.97752,
          "volume": 4.7516136804226825,
          "wsc": 0.9172,
          "threshold": 6.954667376418031
        },
        "0.01": {
          "coverage": 0.98744,
          "volume": 5.830368000177021,
          "wsc": 0.9496,
          "threshold": 8.533578874563675
        }
      },
      "Kernel": {
        "0.1": {
          "coverage": 0.89464,
          "volume": 2.4679949260684526,
          "wsc": 0.8172,
          "threshold": 0.07188292619752158
        },
        "0.05": {
          "coverage": 0.9452,
          "volume": 3.0005927791406353,
          "wsc": 0.8984,
          "threshold": 0.10229177821042489
        },
        "0.02": {
          "coverage": 0.97712,
          "volume": 3.760591962738019,
          "wsc": 0.954,
          "threshold": 0.16196062951887552
        },
        "0.01": {
          "coverage": 0.988,
          "volume": 4.3338826854831325,
          "wsc": 0.9764,
          "threshold": 0.22078879489533815
        }
      },
      "Bonferroni": {
        "0.1": {
          "coverage": 0.89448,
          "volume": 4.1269198551103985,
          "wsc": 0.6936,
          "threshold": 1.8538627930451637
        },
        "0.05": {
          "coverage": 0.94512,
          "volume": 4.9502599761172315,
          "wsc": 0.8428,
          "threshold": 2.0326658891719007
        },
        "0.02": {
          "coverage": 0.97808,
          "volume": 5.941066906931895,
          "wsc": 0.9388,
          "threshold": 2.2261556825914006
        },
        "0.01": {
          "coverage": 0.98872,
          "volume": 6.647576141932056,
          "wsc": 0.972,
          "threshold": 2.3539700515329565
        }
      },
      "Density": {
        "0.1": {
          "coverage": 0.89072,
          "volume": 3.34924413084061,
          "wsc": 0.6236,
          "threshold": 0.9533900854282366
        },
        "0.05": {
          "coverage": 0.94376,
          "volume": 4.12305311183831,
          "wsc": 0.8028,
          "threshold": 1.0242250638041808
        },
        "0.02": {
          "coverage": 0.97784,
          "volume": 5.025661469922956,
          "wsc": 0.9276,
          "threshold": 1.0933389668321076
        },
        "0.01": {
          "coverage": 0.98944,
          "volume": 5.553103665299021,
          "wsc": 0.9676,
          "threshold": 1.1308604018490382
        }
      }
    },
    "NN": {
      "Mahal": {
        "0.1": {
          "coverage": 0.90152,
          "volume": 0.496394432054475,
          "wsc": 0.8936,
          "threshold": 4.408399059849806
        },
        "0.05": {
          "coverage": 0.94944,
          "volume": 0.7133093288069703,
          "wsc": 0.9404,
          "threshold": 6.3347853469671005
        },
        "0.02": {
          "coverage": 0.97776,
          "volume": 1.0793977133885864,
          "wsc": 0.9704,
          "threshold": 9.585957371061077
        },
        "0.01": {
          "coverage": 0.98936,
          "volume": 1.4724674719516664,
          "wsc": 0.9852,
          "threshold": 13.076746635020257
        }
      },
      "Kernel": {
        "0.1": {
          "coverage": 0.90016,
          "volume": 0.4494964052803088,
          "wsc": 0.8948,
          "threshold": 0.018047463607539727
        },
        "0.05": {
          "coverage": 0.95,
          "volume": 0.6014693509753429,
          "wsc": 0.9424,
          "threshold": 0.028899994686548316
        },
        "0.02": {
          "coverage": 0.98112,
          "volume": 0.8209147411483212,
          "wsc": 0.9776,
          "threshold": 0.05081532028662886
        },
        "0.01": {
          "coverage": 0.9904,
          "volume": 1.0077066178923308,
          "wsc": 0.988,
          "threshold": 0.07535131294112704
        }
      },
      "Bonferroni": {
        "0.1": {
          "coverage": 0.90232,
          "volume": 0.510595631990278,
          "wsc": 0.8928,
          "threshold": 1.881379714416911
        },
        "0.05": {
          "coverage": 0.95016,
          "volume": 0.6807531642896887,
          "wsc": 0.9432,
          "threshold": 2.1694821436946112
        },
        "0.02": {
          "coverage": 0.98,
          "volume": 0.937527401389378,
          "wsc": 0.9728,
          "threshold": 2.5554293034394484
        },
        "0.01": {
          "coverage": 0.98952,
          "volume": 1.1765845852344647,
          "wsc": 0.986,
          "threshold": 2.864245957857761
        }
      },
      "Density": {
        "0.1": {
          "coverage": 0.89872,
          "volume": 0.726817502751655,
          "wsc": 0.8912,
          "threshold": 0.5944268249157519
        },
        "0.05": {
          "coverage": 0.95176,
          "volume": 1.000373726406398,
          "wsc": 0.9436,
          "threshold": 0.7806875790759809
        },
        "0.02": {
          "coverage": 0.97984,
          "volume": 1.3435432051406833,
          "wsc": 0.9752,
          "threshold": 0.9863329763955514
        },
        "0.01": {
          "coverage": 0.99064,
          "volume": 1.625121316796816,
          "wsc": 0.986,
          "threshold": 1.1439812834347596
        }
      }
    }
  },
  "elapsed_s": 2023.9956016540527
}