{
  "seed": 16,
  "n": 50000,
  "alphas": [
    0.1,
    0.05,
    0.02,
    0.01
  ],
  "auto_params": {
    "Linear": {
      "Mahal": {},
      "Kernel": {
        "lengthscale": 0.5,
        "gamma": 31.002031646898136
      },
      "Bonferroni": {},
      "Density": {
        "lengthscale": 0.5
      }
    },
    "NN": {
      "Mahal": {},
      "Kernel": {
        "lengthscale": 0.5,
        "gamma": 16.85989694559859
      },
      "Bonferroni": {},
      "Density": {
        "lengthscale": 0.5
      }
    }
  },
  "results": {
    "Linear": {
      "Mahal": {
        "0.1": {
          "coverage": 0.89904,
          "volume": 2.8088564064436623,
          "wsc": 0.7808,
          "threshold": 4.064940712000899
        },
        "0.05": {
          "coverage": 0.95032,
          "volume": 3.536135210244257,
          "wsc": 0.8508,
          "threshold": 5.1174492032724155
        },
        "0.02": {
          "coverage": 0.97968,
          "volume": 4.847990015692846,
          "wsc": 0.9252,
          "threshold": 7.015948533700523
        },
        "0.01": {
          "coverage": 0.99088,
          "volume": 6.149692594640682,
          "wsc": 0.9656,
          "threshold": 8.899755693063671
        }
      },
      "Kernel": {
        "0.1": {
          "coverage": 0.8964,
          "volume": 2.4586429668747596,
          "wsc": 0.8184,
          "threshold": 0.07048639226923092
        },
        "0.05": {
          "coverage": 0.95104,
          "volume": 3.062128058744019,
          "wsc": 0.9076,
          "threshold": 0.10412638443355073
        },
        "0.02": {
          "coverage": 0.98248,
          "volume": 3.8459425685720534,
          "wsc": 0.968,
          "threshold": 0.16603295808614443
        },
        "0.01": {
          "coverage": 0.99096,
          "volume": 4.411452151244218,
          "wsc": 0.9824,
          "threshold": 0.2227610793221757
        }
      },
      "Bonferroni": {
        "0.1": {
          "coverage": 0.90112,
          "volume": 4.125659319172368,
          "wsc": 0.7144,
          "threshold": 1.8392891132507359
        },
        "0.05": {
          "coverage": 0.952,
          "volume": 4.956780463314497,
          "wsc": 0.862,
          "threshold": 2.0169808944492846
        },
        "0.02": {
          "coverage": 0.98072,
          "volume": 5.955861859562635,
          "wsc": 0.9464,
          "threshold": 2.209708442145439
        },
        "0.01": {
          "coverage": 0.99128,
          "volume": 6.798484157918741,
          "wsc": 0.9748,
          "threshold": 2.361832929194025
        }
      },
      "Density": {
        "0.1": {
          "coverage": 0.90304,
          "volume": 3.342387316618578,
          "wsc": 0.664,
          "threshold": 0.9481704428774222
        },
        "0.05": {
          "coverage": 0.95352,
          "volume": 4.071734096112493,
          "wsc": 0.8372,
          "threshold": 1.015400802999111
        },
        "0.02": {
          "coverage": 0.98232,
          "volume": 4.971211156809394,
          "wsc": 0.9396,
          "threshold": 1.082932354208957
        },
        "0.01": {
          "coverage": 0.99032,
          "volume": 5.682329691888704,
          "wsc": 0.9672,
          "threshold": 1.129980049109865
        }
      }
    },
    "NN": {
      "Mahal": {
        "0.1": {
          "coverage": 0.9016,
          "volume": 0.5188261692828693,
          "wsc": 0.8744,
          "threshold": 4.436647151063349
        },
        "0.05": {
          "coverage": 0.9504,
          "volume": 0.7280727454904811,
          "wsc": 0.9308,
          "threshold": 6.225980999593863
        },
        "0.02": {
          "coverage": 0.97928,
          "volume": 1.1116487496618759,
          "wsc": 0.972,
          "threshold": 9.506061085907803
        },
        "0.01": {
          "coverage": 0.98896,
          "volume": 1.4741097261634544,
          "wsc": 0.986,
          "threshold": 12.605579872691685
        }
      },
      "Kernel": {
        "0.1": {
          "coverage": 0.9008,
          "volume": 0.4705056784376575,
          "wsc": 0.876,
          "threshold": 0.01991267257948256
        },
        "0.05": {
          "coverage": 0.95184,
          "volume": 0.6229843705239354,
          "wsc": 0.934,
          "threshold": 0.03133352054970259
        },
        "0.02": {
          "coverage": 0.97832,
          "volume": 0.8414989473032178,
          "wsc": 0.9692,
          "threshold": 0.05373652682789421
        },
        "0.01": {
          "coverage": 0.98912,
          "volume": 1.0460840796550697,
          "wsc": 0.9828,
          "threshold": 0.0814344907246758
        }
      },
      "Bonferroni": {
        "0.1": {
          "coverage": 0.90056,
          "volume": 0.5275132195202904,
          "wsc": 0.8724,
          "threshold": 1.8752576630076385
        },
        "0.05": {
          "coverage": 0.95336,
          "volume": 0.708280721585733,
          "wsc": 0.936,
          "threshold": 2.173478804465893
        },
        "0.02": {
          "coverage": 0.97856,
          "volume": 0.9653162311026015,
          "wsc": 0.972,
          "threshold": 2.5414030476901495
        },
        "0.01": {
          "coverage": 0.98872,
          "volume": 1.1868402557520077,
          "wsc": 0.984,
          "threshold": 2.822517227613505
        }
      },
      "Density": {
        "0.1": {
          "coverage": 0.90416,
          "volume": 0.7665493646329892,
          "wsc": 0.8824,
          "threshold": 0.6130605255314125
        },
        "0.05": {
          "coverage": 0.9548,
          "volume": 1.052504235111334,
          "wsc": 0.938,
          "threshold": 0.7985344721568813
        },
        "0.02": {
          "coverage": 0.97792,
          "volume": 1.374171220315149,
          "wsc": 0.9684,
          "threshold": 0.9828149913549112
        },
        "0.01": {
          "coverage": 0.98816,
          "volume": 1.6600114451603463,
          "wsc": 0.9844,
          "threshold": 1.1221531754925667
        }
      }
    }
  },
  "elapsed_s": 2011.9119715690613
}