{
  "seed": 58,
  "n": 50000,
  "alphas": [
    0.1,
    0.05,
    0.02,
    0.01
  ],
  "auto_params": {
    "Linear": {
      "Mahal": {},
      "Kernel": {
        "lengthscale": 0.5,
        "gamma": 33.42193290716613
      },
      "Bonferroni": {},
      "Density": {
        "lengthscale": 0.5
      }
    },
    "NN": {
      "Mahal": {},
      "Kernel": {
        "lengthscale": 0.5,
        "gamma": 15.681900175041513
      },
      "Bonferroni": {},
      "Density": {
        "lengthscale": 0.5
      }
    }
  },
  "results": {
    "Linear": {
      "Mahal": {
        "0.1": {
          "coverage": 0.8964,
          "volume": 2.838687147224684,
          "wsc": 0.782,
          "threshold": 4.156651536278806
        },
        "0.05": {
          "coverage": 0.94944,
          "volume": 3.5374094086902192,
          "wsc": 0.8464,
          "threshold": 5.179781177173693
        },
        "0.02": {
          "coverage": 0.97952,
          "volume": 4.820927359022875,
          "wsc": 0.926,
          "threshold": 7.05921930592546
        },
        "0.01": {
          "coverage": 0.98944,
          "volume": 6.017074870646144,
          "wsc": 0.9604,
          "threshold": 8.810722072500461
        }
      },
      "Kernel": {
        "0.1": {
          "coverage": 0.89344,
          "volume": 2.4443800060679104,
          "wsc": 0.8188,
          "threshold": 0.07421180979323981
        },
        "0.05": {
          "coverage": 0.95056,
          "volume": 3.022675330171692,
          "wsc": 0.91,
          "threshold": 0.10790195566029416
        },
        "0.02": {
          "coverage": 0.97936,
          "volume": 3.8020058755255355,
          "wsc": 0.9572,
          "threshold": 0.1699729368252603
        },
        "0.01": {
          "coverage": 0.99024,
          "volume": 4.477806855441307,
          "wsc": 0.9816,
          "threshold": 0.24176212372135533
        }
      },
      "Bonferroni": {
        "0.1": {
          "coverage": 0.89576,
          "volume": 4.124846591418219,
          "wsc": 0.6816,
          "threshold": 1.8513841309889798
        },
        "0.05": {
          "coverage": 0.94504,
          "volume": 4.947978106765092,
          "wsc": 0.8304,
          "threshold": 2.0308854319689487
        },
        "0.02": {
          "coverage": 0.9788,
          "volume": 5.918644357869375,
          "wsc": 0.938,
          "threshold": 2.2217736970539526
        },
        "0.01": {
          "coverage": 0.99016,
          "volume": 6.6844976816869,
          "wsc": 0.9716,
          "threshold": 2.3607795661725457
        }
      },
      "Density": {
        "0.1": {
          "coverage": 0.89256,
          "volume": 3.3841099077365557,
          "wsc": 0.6072,
          "threshold": 0.9608589724066564
        },
        "0.05": {
          "coverage": 0.94584,
          "volume": 4.14649182600685,
          "wsc": 0.8048,
          "threshold": 1.0287680915085042
        },
        "0.02": {
          "coverage": 0.97808,
          "volume": 5.0298624376145336,
          "wsc": 0.928,
          "threshold": 1.0937926350075604
        },
        "0.01": {
          "coverage": 0.98992,
          "volume": 5.748443385891796,
          "wsc": 0.9712,
          "threshold": 1.1382253020052036
        }
      }
    },
    "NN": {
      "Mahal": {
        "0.1": {
          "coverage": 0.898,
          "volume": 0.4923448640549145,
          "wsc": 0.8856,
          "threshold": 4.361503810185897
        },
        "0.05": {
          "coverage": 0.95416,
          "volume": 0.7215693179167336,
          "wsc": 0.9483793517406963,
          "threshold": 6.392119750143373
        },
        "0.02": {
          "coverage": 0.9792,
          "volume": 1.0684751484982196,
          "wsc": 0.9735894357743097,
          "threshold": 9.465232140096312
        },
        "0.01": {
          "coverage": 0.99088,
          "volume": 1.458671822227201,
          "wsc": 0.9876,
          "threshold": 12.921842340463906
        }
      },
      "Kernel": {
        "0.1": {
          "coverage": 0.8992,
          "volume": 0.460542022050655,
          "wsc": 0.8732,
          "threshold": 0.018579147158942988
        },
        "0.05": {
          "coverage": 0.94928,
          "volume": 0.6046878325280114,
          "wsc": 0.9348,
          "threshold": 0.02941551303252721
        },
        "0.02": {
          "coverage": 0.97952,
          "volume": 0.8118494047829783,
          "wsc": 0.972,
          "threshold": 0.0498806567653468
        },
        "0.01": {
          "coverage": 0.9896,
          "volume": 1.0276564321598733,
          "wsc": 0.986,
          "threshold": 0.07839326131003976
        }
      },
      "Bonferroni": {
        "0.1": {
          "coverage": 0.9012,
          "volume": 0.5089565707334532,
          "wsc": 0.8764,
          "threshold": 1.8703455038448644
        },
        "0.05": {
          "coverage": 0.9516,
          "volume": 0.6895230762800122,
          "wsc": 0.9408,
          "threshold": 2.179712578790957
        },
        "0.02": {
          "coverage": 0.97888,
          "volume": 0.9234992823575946,
          "wsc": 0.9736,
          "threshold": 2.530786261697821
        },
        "0.01": {
          "coverage": 0.9892,
          "volume": 1.1372204221495166,
          "wsc": 0.9848,
          "threshold": 2.811036121779065
        }
      },
      "Density": {
        "0.1": {
          "coverage": 0.89904,
          "volume": 0.7418898330185492,
          "wsc": 0.8828,
          "threshold": 0.5975638163583841
        },
        "0.05": {
          "coverage": 0.95248,
          "volume": 1.0290836184022234,
          "wsc": 0.9464,
          "threshold": 0.774947055175342
        },
        "0.02": {
          "coverage": 0.98056,
          "volume": 1.3999050284097563,
          "wsc": 0.976,
          "threshold": 0.9852223145440493
        },
        "0.01": {
          "coverage": 0.98976,
          "volume": 1.6526267768628211,
          "wsc": 0.9868,
          "threshold": 1.1181886066083477
        }
      }
    }
  },
  "elapsed_s": 2067.6544811725616
}