{
  "seed": 43,
  "n": 50000,
  "alphas": [
    0.1,
    0.05,
    0.02,
    0.01
  ],
  "auto_params": {
    "Linear": {
      "Mahal": {},
      "Kernel": {
        "lengthscale": 0.5,
        "gamma": 29.959113152991055
      },
      "Bonferroni": {},
      "Density": {
        "lengthscale": 0.5
      }
    },
    "NN": {
      "Mahal": {},
      "Kernel": {
        "lengthscale": 0.5,
        "gamma": 15.463023616664218
      },
      "Bonferroni": {},
      "Density": {
        "lengthscale": 0.5
      }
    }
  },
  "results": {
    "Linear": {
      "Mahal": {
        "0.1": {
          "coverage": 0.89432,
          "volume": 2.7943183235596982,
          "wsc": 0.7752,
          "threshold": 4.06311639749683
        },
        "0.05": {
          "coverage": 0.94672,
          "volume": 3.4795173308499137,
          "wsc": 0.8464,
          "threshold": 5.059439292635998
        },
        "0.02": {
          "coverage": 0.97808,
          "volume": 4.758988454801412,
          "wsc": 0.9176,
          "threshold": 6.919871606313293
        },
        "0.01": {
          "coverage": 0.98888,
          "volume": 5.830970415664708,
          "wsc": 0.9556,
          "threshold": 8.478601492697841
        }
      },
      "Kernel": {
        "0.1": {
          "coverage": 0.88928,
          "volume": 2.4375275874884457,
          "wsc": 0.808,
          "threshold": 0.06811613817816103
        },
        "0.05": {
          "coverage": 0.94136,
          "volume": 2.974142943254655,
          "wsc": 0.8892,
          "threshold": 0.09840936612199903
        },
        "0.02": {
          "coverage": 0.97624,
          "volume": 3.7050595666766095,
          "wsc": 0.9504,
          "threshold": 0.15518345567851205
        },
        "0.01": {
          "coverage": 0.98896,
          "volume": 4.314964963844447,
          "wsc": 0.9752,
          "threshold": 0.2165158104560113
        }
      },
      "Bonferroni": {
        "0.1": {
          "coverage": 0.90272,
          "volume": 4.138407600949096,
          "wsc": 0.7164,
          "threshold": 1.8420885758111454
        },
        "0.05": {
          "coverage": 0.94976,
          "volume": 4.928617521023797,
          "wsc": 0.8532,
          "threshold": 2.01411039679115
        },
        "0.02": {
          "coverage": 0.97704,
          "volume": 5.850418883855707,
          "wsc": 0.9368,
          "threshold": 2.192068774968558
        },
        "0.01": {
          "coverage": 0.98984,
          "volume": 6.632363009787367,
          "wsc": 0.9708,
          "threshold": 2.334690579012031
        }
      },
      "Density": {
        "0.1": {
          "coverage": 0.89768,
          "volume": 3.319983770199482,
          "wsc": 0.6636,
          "threshold": 0.9482080266381865
        },
        "0.05": {
          "coverage": 0.94784,
          "volume": 4.034038173569633,
          "wsc": 0.824,
          "threshold": 1.0133400841054219
        },
        "0.02": {
          "coverage": 0.97968,
          "volume": 4.948786058732816,
          "wsc": 0.934,
          "threshold": 1.0834679310130366
        },
        "0.01": {
          "coverage": 0.98976,
          "volume": 5.515819536945415,
          "wsc": 0.9668,
          "threshold": 1.1238540603333607
        }
      }
    },
    "NN": {
      "Mahal": {
        "0.1": {
          "coverage": 0.894,
          "volume": 0.4889736893393113,
          "wsc": 0.8888,
          "threshold": 4.3522490956347495
        },
        "0.05": {
          "coverage": 0.95088,
          "volume": 0.7047566500248732,
          "wsc": 0.9452,
          "threshold": 6.272886577717002
        },
        "0.02": {
          "coverage": 0.97944,
          "volume": 1.0556974529978191,
          "wsc": 0.9744,
          "threshold": 9.396534793685628
        },
        "0.01": {
          "coverage": 0.98904,
          "volume": 1.4191618358465334,
          "wsc": 0.9856,
          "threshold": 12.631652686605726
        }
      },
      "Kernel": {
        "0.1": {
          "coverage": 0.89776,
          "volume": 0.4500471637796008,
          "wsc": 0.888,
          "threshold": 0.01814597820666404
        },
        "0.05": {
          "coverage": 0.94992,
          "volume": 0.5966041031055068,
          "wsc": 0.9416,
          "threshold": 0.029019464807334146
        },
        "0.02": {
          "coverage": 0.97744,
          "volume": 0.7937546733412836,
          "wsc": 0.97,
          "threshold": 0.0483239541687868
        },
        "0.01": {
          "coverage": 0.98912,
          "volume": 0.9905832190521744,
          "wsc": 0.9844,
          "threshold": 0.07344632934344732
        }
      },
      "Bonferroni": {
        "0.1": {
          "coverage": 0.89752,
          "volume": 0.4997820626231089,
          "wsc": 0.8868,
          "threshold": 1.8648601553571762
        },
        "0.05": {
          "coverage": 0.95184,
          "volume": 0.6854470914712842,
          "wsc": 0.9452,
          "threshold": 2.180427259073527
        },
        "0.02": {
          "coverage": 0.97928,
          "volume": 0.9302215108874274,
          "wsc": 0.9736,
          "threshold": 2.5426201305457403
        },
        "0.01": {
          "coverage": 0.9892,
          "volume": 1.1712389775132337,
          "wsc": 0.9852,
          "threshold": 2.8568770253809377
        }
      },
      "Density": {
        "0.1": {
          "coverage": 0.88968,
          "volume": 0.7172917389322354,
          "wsc": 0.88,
          "threshold": 0.5898874176470362
        },
        "0.05": {
          "coverage": 0.94736,
          "volume": 0.9842142895599841,
          "wsc": 0.9404,
          "threshold": 0.767962430589927
        },
        "0.02": {
          "coverage": 0.9792,
          "volume": 1.3444881719019144,
          "wsc": 0.9748,
          "threshold": 0.980220558166451
        },
        "0.01": {
          "coverage": 0.98944,
          "volume": 1.6039683779545195,
          "wsc": 0.9868,
          "threshold": 1.1135197112717579
        }
      }
    }
  },
  "elapsed_s": 2022.314139842987
}