{
  "seed": 84,
  "n": 50000,
  "alphas": [
    0.1,
    0.05,
    0.02,
    0.01
  ],
  "auto_params": {
    "Linear": {
      "Mahal": {},
      "Kernel": {
        "lengthscale": 0.5,
        "gamma": 34.45190981326992
      },
      "Bonferroni": {},
      "Density": {
        "lengthscale": 0.5
      }
    },
    "NN": {
      "Mahal": {},
      "Kernel": {
        "lengthscale": 0.5,
        "gamma": 21.92919447161662
      },
      "Bonferroni": {},
      "Density": {
        "lengthscale": 0.5
      }
    }
  },
  "results": {
    "Linear": {
      "Mahal": {
        "0.1": {
          "coverage": 0.89744,
          "volume": 2.810840140042651,
          "wsc": 0.7668,
          "threshold": 4.043863988589928
        },
        "0.05": {
          "coverage": 0.94616,
          "volume": 3.4852129389570234,
          "wsc": 0.8384,
          "threshold": 5.014062128841707
        },
        "0.02": {
          "coverage": 0.97936,
          "volume": 4.92691291334468,
          "wsc": 0.9224,
          "threshold": 7.088188837694243
        },
        "0.01": {
          "coverage": 0.98928,
          "volume": 6.030207405430679,
          "wsc": 0.956,
          "threshold": 8.675462621712603
        }
      },
      "Kernel": {
        "0.1": {
          "coverage": 0.89464,
          "volume": 2.4780319822642416,
          "wsc": 0.8148,
          "threshold": 0.07603634897337667
        },
        "0.05": {
          "coverage": 0.94424,
          "volume": 3.0033657712324224,
          "wsc": 0.8916,
          "threshold": 0.10732610618258358
        },
        "0.02": {
          "coverage": 0.98056,
          "volume": 3.8190427133119176,
          "wsc": 0.9608,
          "threshold": 0.17395842778400852
        },
        "0.01": {
          "coverage": 0.98936,
          "volume": 4.374347408407718,
          "wsc": 0.9768,
          "threshold": 0.2322664531778042
        }
      },
      "Bonferroni": {
        "0.1": {
          "coverage": 0.89928,
          "volume": 4.128211341834643,
          "wsc": 0.7196,
          "threshold": 1.8322126164878152
        },
        "0.05": {
          "coverage": 0.94728,
          "volume": 4.950725396874501,
          "wsc": 0.8588,
          "threshold": 2.0108961419035043
        },
        "0.02": {
          "coverage": 0.98064,
          "volume": 6.015441837058184,
          "wsc": 0.9488,
          "threshold": 2.214962327713113
        },
        "0.01": {
          "coverage": 0.99096,
          "volume": 6.771551603209035,
          "wsc": 0.976,
          "threshold": 2.3506144578119725
        }
      },
      "Density": {
        "0.1": {
          "coverage": 0.8992,
          "volume": 3.3339823294527253,
          "wsc": 0.6732,
          "threshold": 0.9468508445890903
        },
        "0.05": {
          "coverage": 0.94832,
          "volume": 4.052909440188998,
          "wsc": 0.8296,
          "threshold": 1.0123109709622315
        },
        "0.02": {
          "coverage": 0.9768,
          "volume": 4.882354267270869,
          "wsc": 0.9252,
          "threshold": 1.0777888293976494
        },
        "0.01": {
          "coverage": 0.98864,
          "volume": 5.455922483288187,
          "wsc": 0.9672,
          "threshold": 1.1201817518740986
        }
      }
    },
    "NN": {
      "Mahal": {
        "0.1": {
          "coverage": 0.90312,
          "volume": 0.4984080585747174,
          "wsc": 0.8927571028411364,
          "threshold": 4.460429894647919
        },
        "0.05": {
          "coverage": 0.95032,
          "volume": 0.6953133817026149,
          "wsc": 0.9379751900760304,
          "threshold": 6.222605233880154
        },
        "0.02": {
          "coverage": 0.97904,
          "volume": 1.058682049488956,
          "wsc": 0.9736,
          "threshold": 9.474519886318726
        },
        "0.01": {
          "coverage": 0.98776,
          "volume": 1.372905738940861,
          "wsc": 0.98359343737495,
          "threshold": 12.286618755758917
        }
      },
      "Kernel": {
        "0.1": {
          "coverage": 0.90552,
          "volume": 0.4552724883314554,
          "wsc": 0.8984,
          "threshold": 0.02381393919018217
        },
        "0.05": {
          "coverage": 0.95176,
          "volume": 0.5990043853086896,
          "wsc": 0.9464,
          "threshold": 0.036991868885108296
        },
        "0.02": {
          "coverage": 0.97792,
          "volume": 0.7904666521311366,
          "wsc": 0.9712,
          "threshold": 0.05982433833466211
        },
        "0.01": {
          "coverage": 0.98824,
          "volume": 0.9975647297649464,
          "wsc": 0.9856,
          "threshold": 0.091629845549462
        }
      },
      "Bonferroni": {
        "0.1": {
          "coverage": 0.90576,
          "volume": 0.510127144907259,
          "wsc": 0.9008,
          "threshold": 1.8815225235314772
        },
        "0.05": {
          "coverage": 0.95232,
          "volume": 0.6808749014668328,
          "wsc": 0.944,
          "threshold": 2.181279027873027
        },
        "0.02": {
          "coverage": 0.9784,
          "volume": 0.907746989465088,
          "wsc": 0.9712,
          "threshold": 2.523866348718296
        },
        "0.01": {
          "coverage": 0.98864,
          "volume": 1.1268364408038527,
          "wsc": 0.986,
          "threshold": 2.81285360196331
        }
      },
      "Density": {
        "0.1": {
          "coverage": 0.90056,
          "volume": 0.7208696596474766,
          "wsc": 0.8912,
          "threshold": 0.5959341006666077
        },
        "0.05": {
          "coverage": 0.95152,
          "volume": 0.9863962934711158,
          "wsc": 0.9483793517406963,
          "threshold": 0.7733030558524231
        },
        "0.02": {
          "coverage": 0.97776,
          "volume": 1.3068951463578622,
          "wsc": 0.9716,
          "threshold": 0.9746602152737629
        },
        "0.01": {
          "coverage": 0.9876,
          "volume": 1.4834975147851492,
          "wsc": 0.9844,
          "threshold": 1.0937889019464455
        }
      }
    }
  },
  "elapsed_s": 2031.1818182468414
}