{
  "seed": 97,
  "n": 50000,
  "alphas": [
    0.1,
    0.05,
    0.02,
    0.01
  ],
  "auto_params": {
    "Linear": {
      "Mahal": {},
      "Kernel": {
        "lengthscale": 0.5,
        "gamma": 31.69018496236789
      },
      "Bonferroni": {},
      "Density": {
        "lengthscale": 0.5
      }
    },
    "NN": {
      "Mahal": {},
      "Kernel": {
        "lengthscale": 0.5,
        "gamma": 15.877440509942279
      },
      "Bonferroni": {},
      "Density": {
        "lengthscale": 0.5
      }
    }
  },
  "results": {
    "Linear": {
      "Mahal": {
        "0.1": {
          "coverage": 0.89976,
          "volume": 2.8231059139067267,
          "wsc": 0.7912,
          "threshold": 4.056367097356528
        },
        "0.05": {
          "coverage": 0.95288,
          "volume": 3.5220058029611554,
          "wsc": 0.8644,
          "threshold": 5.06057827496103
        },
        "0.02": {
          "coverage": 0.98,
          "volume": 4.825551955912199,
          "wsc": 0.9268,
          "threshold": 6.933572730701806
        },
        "0.01": {
          "coverage": 0.99104,
          "volume": 5.902677317744131,
          "wsc": 0.9656,
          "threshold": 8.481235486087774
        }
      },
      "Kernel": {
        "0.1": {
          "coverage": 0.89712,
          "volume": 2.4885237878702964,
          "wsc": 0.8256,
          "threshold": 0.07173749919183586
        },
        "0.05": {
          "coverage": 0.95024,
          "volume": 3.069968706113326,
          "wsc": 0.9096,
          "threshold": 0.10486184797885309
        },
        "0.02": {
          "coverage": 0.9792,
          "volume": 3.7947090617465786,
          "wsc": 0.9584,
          "threshold": 0.16125214152476203
        },
        "0.01": {
          "coverage": 0.99024,
          "volume": 4.446793995186898,
          "wsc": 0.9772,
          "threshold": 0.22856980916953631
        }
      },
      "Bonferroni": {
        "0.1": {
          "coverage": 0.89496,
          "volume": 4.102764021030624,
          "wsc": 0.6984,
          "threshold": 1.8241733087478627
        },
        "0.05": {
          "coverage": 0.94512,
          "volume": 4.9352278805809995,
          "wsc": 0.844,
          "threshold": 2.0006109366883473
        },
        "0.02": {
          "coverage": 0.97816,
          "volume": 5.917638020607219,
          "wsc": 0.94,
          "threshold": 2.1945817366307927
        },
        "0.01": {
          "coverage": 0.99064,
          "volume": 6.632603652311603,
          "wsc": 0.9724,
          "threshold": 2.323765915622201
        }
      },
      "Density": {
        "0.1": {
          "coverage": 0.89472,
          "volume": 3.2981127780201227,
          "wsc": 0.6456,
          "threshold": 0.9426360128877292
        },
        "0.05": {
          "coverage": 0.94672,
          "volume": 4.051169601942161,
          "wsc": 0.8212,
          "threshold": 1.0108128947041983
        },
        "0.02": {
          "coverage": 0.97856,
          "volume": 4.879098795752339,
          "wsc": 0.9312,
          "threshold": 1.080152540103519
        },
        "0.01": {
          "coverage": 0.99072,
          "volume": 5.492991766625223,
          "wsc": 0.972,
          "threshold": 1.126674772591898
        }
      }
    },
    "NN": {
      "Mahal": {
        "0.1": {
          "coverage": 0.90456,
          "volume": 0.5047886736326692,
          "wsc": 0.896,
          "threshold": 4.429670202326435
        },
        "0.05": {
          "coverage": 0.95272,
          "volume": 0.7119701136462582,
          "wsc": 0.9456,
          "threshold": 6.247748735465459
        },
        "0.02": {
          "coverage": 0.98312,
          "volume": 1.1206682449562981,
          "wsc": 0.9784,
          "threshold": 9.834195953035147
        },
        "0.01": {
          "coverage": 0.9916,
          "volume": 1.5499727357092579,
          "wsc": 0.9888,
          "threshold": 13.601470081291726
        }
      },
      "Kernel": {
        "0.1": {
          "coverage": 0.90624,
          "volume": 0.45982260669987113,
          "wsc": 0.8988,
          "threshold": 0.018980055200377967
        },
        "0.05": {
          "coverage": 0.9528,
          "volume": 0.6054312291678956,
          "wsc": 0.9448,
          "threshold": 0.029726410100720663
        },
        "0.02": {
          "coverage": 0.98288,
          "volume": 0.8299579301461323,
          "wsc": 0.9776,
          "threshold": 0.052354748126708414
        },
        "0.01": {
          "coverage": 0.99168,
          "volume": 1.027421395245778,
          "wsc": 0.9892,
          "threshold": 0.07808767013559008
        }
      },
      "Bonferroni": {
        "0.1": {
          "coverage": 0.90192,
          "volume": 0.5042455762663871,
          "wsc": 0.8916,
          "threshold": 1.8578245617938973
        },
        "0.05": {
          "coverage": 0.95384,
          "volume": 0.6805071695274685,
          "wsc": 0.9448,
          "threshold": 2.1617296854131296
        },
        "0.02": {
          "coverage": 0.9832,
          "volume": 0.9620770018808903,
          "wsc": 0.9772,
          "threshold": 2.5692514773352273
        },
        "0.01": {
          "coverage": 0.99144,
          "volume": 1.2395242480434803,
          "wsc": 0.9896,
          "threshold": 2.923516049772073
        }
      },
      "Density": {
        "0.1": {
          "coverage": 0.90312,
          "volume": 0.7504509107515156,
          "wsc": 0.8936,
          "threshold": 0.6066563544961029
        },
        "0.05": {
          "coverage": 0.95136,
          "volume": 1.0142403373567235,
          "wsc": 0.944,
          "threshold": 0.7820746025777299
        },
        "0.02": {
          "coverage": 0.98328,
          "volume": 1.3906576969033002,
          "wsc": 0.9784,
          "threshold": 1.0011637524678787
        },
        "0.01": {
          "coverage": 0.992,
          "volume": 1.6969069567936754,
          "wsc": 0.9892,
          "threshold": 1.149254189057215
        }
      }
    }
  },
  "elapsed_s": 804.9417188167572
}