{
  "seed": 45,
  "n": 50000,
  "alphas": [
    0.1,
    0.05,
    0.02,
    0.01
  ],
  "auto_params": {
    "Linear": {
      "Mahal": {},
      "Kernel": {
        "lengthscale": 0.5,
        "gamma": 32.81763001394
      },
      "Bonferroni": {},
      "Density": {
        "lengthscale": 0.5
      }
    },
    "NN": {
      "Mahal": {},
      "Kernel": {
        "lengthscale": 0.5,
        "gamma": 15.99286862889309
      },
      "Bonferroni": {},
      "Density": {
        "lengthscale": 0.5
      }
    }
  },
  "results": {
    "Linear": {
      "Mahal": {
        "0.1": {
          "coverage": 0.90144,
          "volume": 2.8089548983000285,
          "wsc": 0.776,
          "threshold": 4.079434053460567
        },
        "0.05": {
          "coverage": 0.95216,
          "volume": 3.5526927296238644,
          "wsc": 0.852,
          "threshold": 5.159561554897331
        },
        "0.02": {
          "coverage": 0.98,
          "volume": 4.8937577046685945,
          "wsc": 0.9236,
          "threshold": 7.107184897091829
        },
        "0.01": {
          "coverage": 0.99024,
          "volume": 6.046594764209687,
          "wsc": 0.9616,
          "threshold": 8.781445584449068
        }
      },
      "Kernel": {
        "0.1": {
          "coverage": 0.8988,
          "volume": 2.4922486509911312,
          "wsc": 0.8036,
          "threshold": 0.07421148348183018
        },
        "0.05": {
          "coverage": 0.9532,
          "volume": 3.090559379394985,
          "wsc": 0.896,
          "threshold": 0.10883693011807478
        },
        "0.02": {
          "coverage": 0.98128,
          "volume": 3.8287796239964464,
          "wsc": 0.9588,
          "threshold": 0.17022788830854407
        },
        "0.01": {
          "coverage": 0.99088,
          "volume": 4.438710744111066,
          "wsc": 0.9772,
          "threshold": 0.23332559601865377
        }
      },
      "Bonferroni": {
        "0.1": {
          "coverage": 0.90656,
          "volume": 4.153035034293626,
          "wsc": 0.7448,
          "threshold": 1.8521767453302462
        },
        "0.05": {
          "coverage": 0.95096,
          "volume": 4.964417265106062,
          "wsc": 0.8692,
          "threshold": 2.0261343039103874
        },
        "0.02": {
          "coverage": 0.98136,
          "volume": 6.0241969891278035,
          "wsc": 0.954,
          "threshold": 2.2312066193671156
        },
        "0.01": {
          "coverage": 0.98864,
          "volume": 6.6979008189511,
          "wsc": 0.9708,
          "threshold": 2.3526840943545153
        }
      },
      "Density": {
        "0.1": {
          "coverage": 0.90432,
          "volume": 3.3562480154699097,
          "wsc": 0.6836,
          "threshold": 0.9506782318094552
        },
        "0.05": {
          "coverage": 0.9552,
          "volume": 4.151919476689392,
          "wsc": 0.8432,
          "threshold": 1.022948700032977
        },
        "0.02": {
          "coverage": 0.98224,
          "volume": 5.003926596922661,
          "wsc": 0.9428,
          "threshold": 1.091032554708298
        },
        "0.01": {
          "coverage": 0.98984,
          "volume": 5.523218661693315,
          "wsc": 0.9696,
          "threshold": 1.1290779710736634
        }
      }
    },
    "NN": {
      "Mahal": {
        "0.1": {
          "coverage": 0.9096,
          "volume": 0.5175005360558023,
          "wsc": 0.898,
          "threshold": 4.42883116408681
        },
        "0.05": {
          "coverage": 0.95288,
          "volume": 0.7327645074364139,
          "wsc": 0.9496,
          "threshold": 6.271085845061174
        },
        "0.02": {
          "coverage": 0.98112,
          "volume": 1.1054844704747808,
          "wsc": 0.9768,
          "threshold": 9.460867638067098
        },
        "0.01": {
          "coverage": 0.9904,
          "volume": 1.4901880588715557,
          "wsc": 0.9884,
          "threshold": 12.753206722801771
        }
      },
      "Kernel": {
        "0.1": {
          "coverage": 0.9088,
          "volume": 0.46733595882690343,
          "wsc": 0.8852,
          "threshold": 0.018996674458699424
        },
        "0.05": {
          "coverage": 0.95544,
          "volume": 0.6205939215921447,
          "wsc": 0.9392,
          "threshold": 0.03001110079855536
        },
        "0.02": {
          "coverage": 0.98184,
          "volume": 0.838689637245093,
          "wsc": 0.9752,
          "threshold": 0.05222643545613302
        },
        "0.01": {
          "coverage": 0.99168,
          "volume": 1.0431456182732841,
          "wsc": 0.9896,
          "threshold": 0.07908925655364246
        }
      },
      "Bonferroni": {
        "0.1": {
          "coverage": 0.90872,
          "volume": 0.5187860461075592,
          "wsc": 0.888,
          "threshold": 1.863827959700528
        },
        "0.05": {
          "coverage": 0.95592,
          "volume": 0.7163801483204205,
          "wsc": 0.9448,
          "threshold": 2.186214261790885
        },
        "0.02": {
          "coverage": 0.982,
          "volume": 0.9878024650525026,
          "wsc": 0.978,
          "threshold": 2.573241352277453
        },
        "0.01": {
          "coverage": 0.9912,
          "volume": 1.207970748184367,
          "wsc": 0.9888,
          "threshold": 2.8483763706802243
        }
      },
      "Density": {
        "0.1": {
          "coverage": 0.90816,
          "volume": 0.7548346773549007,
          "wsc": 0.896,
          "threshold": 0.6145380592055714
        },
        "0.05": {
          "coverage": 0.95384,
          "volume": 1.0121691367640815,
          "wsc": 0.944,
          "threshold": 0.7867941062614616
        },
        "0.02": {
          "coverage": 0.98128,
          "volume": 1.3649257232092957,
          "wsc": 0.978,
          "threshold": 0.9960249715338287
        },
        "0.01": {
          "coverage": 0.99088,
          "volume": 1.6307745138832124,
          "wsc": 0.9872,
          "threshold": 1.127439347960356
        }
      }
    }
  },
  "elapsed_s": 2291.210417032242
}