{
  "dataset": "bio",
  "seed": 39,
  "model": "Ridge",
  "split": [
    0.5,
    0.25,
    0.25
  ],
  "alphas": [
    0.01,
    0.02,
    0.05,
    0.1
  ],
  "result": {
    "seed": 39,
    "model": "Ridge",
    "model_rmse": 0.6957307498743928,
    "meta": {
      "n_train": 22865,
      "n_cal": 11432,
      "n_test": 11433,
      "d": 4,
      "p": 6,
      "elapsed": 11900.28057551384
    },
    "Mahal": {
      "params": {},
      "0.01": {
        "coverage": 0.9901163299221551,
        "volume": 349.78560334111404,
        "wsc": 0.9693922168780061,
        "threshold": 19.848954963446495
      },
      "0.02": {
        "coverage": 0.9827691769439342,
        "volume": 174.283977441661,
        "wsc": 0.9462177525142108,
        "threshold": 14.010879965309273
      },
      "0.05": {
        "coverage": 0.9570541415201609,
        "volume": 76.91964023766346,
        "wsc": 0.8683865325754263,
        "threshold": 9.307977037019933
      },
      "0.1": {
        "coverage": 0.9093851132686084,
        "volume": 38.467418866602195,
        "wsc": 0.735024048972453,
        "threshold": 6.582383847085403
      }
    },
    "Bonferroni": {
      "params": {},
      "0.01": {
        "coverage": 0.9902037960290387,
        "volume": 718.4805019575169,
        "wsc": 0.9715784871010057,
        "threshold": 3.9584039384373346
      },
      "0.02": {
        "coverage": 0.9819819819819819,
        "volume": 402.8805318231197,
        "wsc": 0.9427197201574115,
        "threshold": 3.4057161839867995
      },
      "0.05": {
        "coverage": 0.9561794804513251,
        "volume": 129.59221571580818,
        "wsc": 0.8701355487538259,
        "threshold": 2.5676123743055737
      },
      "0.1": {
        "coverage": 0.9064112656345666,
        "volume": 65.00051198363879,
        "wsc": 0.7135986007870573,
        "threshold": 2.1575836087975846
      }
    },
    "Density": {
      "params": {
        "lengthscale": 2.932088911680811
      },
      "0.01": {
        "coverage": 0.989941397708388,
        "volume": 305.9929762248657,
        "wsc": 0.9571491036292086,
        "threshold": 0.6647687917008918
      },
      "0.02": {
        "coverage": 0.9826817108370507,
        "volume": 214.0111196442447,
        "wsc": 0.9309138609532138,
        "threshold": 0.5776476981700708
      },
      "0.05": {
        "coverage": 0.9577538703752296,
        "volume": 96.27434322104992,
        "wsc": 0.8679492785308264,
        "threshold": 0.41488301840361014
      },
      "0.1": {
        "coverage": 0.909472579375492,
        "volume": 51.509839685147725,
        "wsc": 0.7468299081766506,
        "threshold": 0.3177776846769049
      }
    },
    "Kernel": {
      "params": {
        "lengthscale": 2.932088911680811,
        "gamma": 0.3939548164659521
      },
      "0.01": {
        "coverage": 0.9909035248841074,
        "volume": 170.2686367370161,
        "wsc": 0.9619588981198076,
        "threshold": 0.01572772950690745
      },
      "0.02": {
        "coverage": 0.9827691769439342,
        "volume": 83.6012874254977,
        "wsc": 0.9379099256668124,
        "threshold": 0.007451532172869454
      },
      "0.05": {
        "coverage": 0.9564418787719758,
        "volume": 39.24559214106493,
        "wsc": 0.8574551814604285,
        "threshold": 0.003407319192800409
      },
      "0.1": {
        "coverage": 0.912184028688883,
        "volume": 22.28004970508374,
        "wsc": 0.7227809357236554,
        "threshold": 0.0018093618972429672
      }
    }
  },
  "elapsed_s": 11900.282594680786
}