{
  "dataset": "bio",
  "seed": 8,
  "model": "MLP",
  "split": [
    0.5,
    0.25,
    0.25
  ],
  "alphas": [
    0.01,
    0.02,
    0.05,
    0.1
  ],
  "result": {
    "seed": 8,
    "model": "MLP",
    "model_rmse": 0.6416957549759887,
    "meta": {
      "n_train": 22865,
      "n_cal": 11432,
      "n_test": 11433,
      "d": 4,
      "p": 6,
      "elapsed": 11962.598673582077
    },
    "Mahal": {
      "params": {},
      "0.01": {
        "coverage": 0.9901163299221551,
        "volume": 281.69195289855793,
        "wsc": 0.9715784871010057,
        "threshold": 20.988821916375862
      },
      "0.02": {
        "coverage": 0.9797078632030088,
        "volume": 128.97719006402568,
        "wsc": 0.9405334499344119,
        "threshold": 14.202254731878837
      },
      "0.05": {
        "coverage": 0.9499693868625907,
        "volume": 58.59310993821431,
        "wsc": 0.8666375163970267,
        "threshold": 9.572472275411892
      },
      "0.1": {
        "coverage": 0.9014256975422024,
        "volume": 28.614383183191205,
        "wsc": 0.7644230769230769,
        "threshold": 6.689490428693614
      }
    },
    "Bonferroni": {
      "params": {},
      "0.01": {
        "coverage": 0.9904661943496895,
        "volume": 583.8190574108986,
        "wsc": 0.9733275032794053,
        "threshold": 4.100494462841271
      },
      "0.02": {
        "coverage": 0.9804075920580775,
        "volume": 252.57756298702026,
        "wsc": 0.9444687363358111,
        "threshold": 3.31602918959812
      },
      "0.05": {
        "coverage": 0.9503192512901251,
        "volume": 107.72851654605867,
        "wsc": 0.8675120244862266,
        "threshold": 2.6922312417167653
      },
      "0.1": {
        "coverage": 0.8987142482288113,
        "volume": 45.334434382285686,
        "wsc": 0.7578671328671329,
        "threshold": 2.162118932485137
      }
    },
    "Density": {
      "params": {
        "lengthscale": 2.5185577295506327
      },
      "0.01": {
        "coverage": 0.9911659232047582,
        "volume": 282.431946604623,
        "wsc": 0.965019676432007,
        "threshold": 0.8175788790393287
      },
      "0.02": {
        "coverage": 0.9797078632030088,
        "volume": 143.7433285291985,
        "wsc": 0.9365981635330127,
        "threshold": 0.6401129796330063
      },
      "0.05": {
        "coverage": 0.9506691157176594,
        "volume": 69.50226873939268,
        "wsc": 0.8714473108876257,
        "threshold": 0.48059730537149764
      },
      "0.1": {
        "coverage": 0.8990641126563457,
        "volume": 35.54093287809853,
        "wsc": 0.7762237762237763,
        "threshold": 0.34895968921327203
      }
    },
    "Kernel": {
      "params": {
        "lengthscale": 2.5185577295506327,
        "gamma": 0.43682104655438586
      },
      "0.01": {
        "coverage": 0.9901163299221551,
        "volume": 123.20856731074157,
        "wsc": 0.9606471359860078,
        "threshold": 0.01996165762848741
      },
      "0.02": {
        "coverage": 0.9791830665617074,
        "volume": 61.604283655370786,
        "wsc": 0.9247923043288151,
        "threshold": 0.009863919192230822
      },
      "0.05": {
        "coverage": 0.9487448613662206,
        "volume": 27.4849880923962,
        "wsc": 0.8495846086576301,
        "threshold": 0.0042066974319505835
      },
      "0.1": {
        "coverage": 0.8993265109769965,
        "volume": 12.478816432754597,
        "wsc": 0.7306515085264539,
        "threshold": 0.002021967346310032
      }
    }
  },
  "elapsed_s": 11962.601348876953
}