{
  "dataset": "bio",
  "seed": 44,
  "model": "Ridge",
  "split": [
    0.5,
    0.25,
    0.25
  ],
  "alphas": [
    0.01,
    0.02,
    0.05,
    0.1
  ],
  "result": {
    "seed": 44,
    "model": "Ridge",
    "model_rmse": 0.7784681051581576,
    "meta": {
      "n_train": 22865,
      "n_cal": 11432,
      "n_test": 11433,
      "d": 4,
      "p": 6,
      "elapsed": 12075.63541150093
    },
    "Mahal": {
      "params": {},
      "0.01": {
        "coverage": 0.9898539316015044,
        "volume": 501.75477816548795,
        "wsc": 0.9623961521644075,
        "threshold": 24.31960462982128
      },
      "0.02": {
        "coverage": 0.9808449225924954,
        "volume": 167.82819469002587,
        "wsc": 0.9361609094884128,
        "threshold": 14.065112597148238
      },
      "0.05": {
        "coverage": 0.9534680311379341,
        "volume": 74.71167411725759,
        "wsc": 0.8526453869698295,
        "threshold": 9.384367046140932
      },
      "0.1": {
        "coverage": 0.9005510364733665,
        "volume": 35.601193328666284,
        "wsc": 0.7066025360734587,
        "threshold": 6.478031112519718
      }
    },
    "Bonferroni": {
      "params": {},
      "0.01": {
        "coverage": 0.9892416688533193,
        "volume": 985.9098288960406,
        "wsc": 0.9637079142982072,
        "threshold": 4.3347263342621245
      },
      "0.02": {
        "coverage": 0.9804950581649611,
        "volume": 417.93389729792057,
        "wsc": 0.9313511149978138,
        "threshold": 3.469681752291023
      },
      "0.05": {
        "coverage": 0.9532056328172833,
        "volume": 125.19191067707982,
        "wsc": 0.8574551814604285,
        "threshold": 2.5881363001706714
      },
      "0.1": {
        "coverage": 0.9008134347940173,
        "volume": 59.11317286105724,
        "wsc": 0.6934849147354613,
        "threshold": 2.151068054587924
      }
    },
    "Density": {
      "params": {
        "lengthscale": 2.9043455047659608
      },
      "0.01": {
        "coverage": 0.9906411265634567,
        "volume": 382.72955549850116,
        "wsc": 0.9571491036292086,
        "threshold": 0.7365415751013618
      },
      "0.02": {
        "coverage": 0.980932388699379,
        "volume": 220.4507178990383,
        "wsc": 0.9234805421950153,
        "threshold": 0.5918440450052148
      },
      "0.05": {
        "coverage": 0.9553048193824892,
        "volume": 92.05841251292036,
        "wsc": 0.85002186270223,
        "threshold": 0.42562594247185837
      },
      "0.1": {
        "coverage": 0.900463570366483,
        "volume": 50.26502278312828,
        "wsc": 0.7135986007870573,
        "threshold": 0.31977402226364166
      }
    },
    "Kernel": {
      "params": {
        "lengthscale": 2.9043455047659608,
        "gamma": 0.4057317146480351
      },
      "0.01": {
        "coverage": 0.9894166010670865,
        "volume": 182.79901543976618,
        "wsc": 0.954962833406209,
        "threshold": 0.017824292559744038
      },
      "0.02": {
        "coverage": 0.979882795416776,
        "volume": 83.39852094728775,
        "wsc": 0.9269785745518146,
        "threshold": 0.007749082283417334
      },
      "0.05": {
        "coverage": 0.9557421499169072,
        "volume": 39.72254609453209,
        "wsc": 0.8543944031482291,
        "threshold": 0.0035329529459165996
      },
      "0.1": {
        "coverage": 0.9010758331146681,
        "volume": 20.70843635259967,
        "wsc": 0.685177087888063,
        "threshold": 0.0018064674436598196
      }
    }
  },
  "elapsed_s": 12075.63756108284
}