{
  "dataset": "bio",
  "seed": 4,
  "model": "MLP",
  "split": [
    0.5,
    0.25,
    0.25
  ],
  "alphas": [
    0.01,
    0.02,
    0.05,
    0.1
  ],
  "result": {
    "seed": 4,
    "model": "MLP",
    "model_rmse": 0.6069367658958009,
    "meta": {
      "n_train": 22865,
      "n_cal": 11432,
      "n_test": 11433,
      "d": 4,
      "p": 6,
      "elapsed": 12367.222192525864
    },
    "Mahal": {
      "params": {},
      "0.01": {
        "coverage": 0.9912533893116418,
        "volume": 348.31221380299525,
        "wsc": 0.9768255356362047,
        "threshold": 22.753440183400574
      },
      "0.02": {
        "coverage": 0.9799702615236596,
        "volume": 136.42629918079663,
        "wsc": 0.9466550065588106,
        "threshold": 14.24005825647834
      },
      "0.05": {
        "coverage": 0.9493571241144056,
        "volume": 61.472211132101535,
        "wsc": 0.8662002623524268,
        "threshold": 9.55877269444383
      },
      "0.1": {
        "coverage": 0.8960902650223038,
        "volume": 30.08705530814607,
        "wsc": 0.7490161783996502,
        "threshold": 6.687326985161659
      }
    },
    "Bonferroni": {
      "params": {},
      "0.01": {
        "coverage": 0.990990990990991,
        "volume": 707.3072494484056,
        "wsc": 0.9763882815916047,
        "threshold": 4.234691357822493
      },
      "0.02": {
        "coverage": 0.9804950581649611,
        "volume": 256.04863002575246,
        "wsc": 0.9505902929602099,
        "threshold": 3.28185214425284
      },
      "0.05": {
        "coverage": 0.9490947257937549,
        "volume": 107.58996243524665,
        "wsc": 0.8753825972890249,
        "threshold": 2.6688358000669523
      },
      "0.1": {
        "coverage": 0.8984518499081606,
        "volume": 49.69263013196284,
        "wsc": 0.7656318320944469,
        "threshold": 2.198322744523742
      }
    },
    "Density": {
      "params": {
        "lengthscale": 2.4819567565086267
      },
      "0.01": {
        "coverage": 0.9884544738913671,
        "volume": 238.40078007234507,
        "wsc": 0.9571491036292086,
        "threshold": 0.7829687100615806
      },
      "0.02": {
        "coverage": 0.9794454648823581,
        "volume": 138.86071410707373,
        "wsc": 0.9339746392654132,
        "threshold": 0.6457250477198324
      },
      "0.05": {
        "coverage": 0.9464707425872474,
        "volume": 64.70878316249366,
        "wsc": 0.8648885002186271,
        "threshold": 0.4754855425572418
      },
      "0.1": {
        "coverage": 0.8992390448701129,
        "volume": 34.83128280277769,
        "wsc": 0.7634455618714473,
        "threshold": 0.35772291196541284
      }
    },
    "Kernel": {
      "params": {
        "lengthscale": 2.4819567565086267,
        "gamma": 0.453589484324592
      },
      "0.01": {
        "coverage": 0.9903787282428059,
        "volume": 134.52615446939473,
        "wsc": 0.960209881941408,
        "threshold": 0.02230680252740134
      },
      "0.02": {
        "coverage": 0.9787457360272894,
        "volume": 68.57892569613563,
        "wsc": 0.9252295583734149,
        "threshold": 0.011403171768985261
      },
      "0.05": {
        "coverage": 0.9500568529694743,
        "volume": 28.639054748950546,
        "wsc": 0.8491473546130301,
        "threshold": 0.004728815862380497
      },
      "0.1": {
        "coverage": 0.8972273244117904,
        "volume": 12.229650406308611,
        "wsc": 0.7271534761696545,
        "threshold": 0.0022062219747046624
      }
    }
  },
  "elapsed_s": 12367.22496008873
}