{
  "dataset": "bio",
  "seed": 6,
  "model": "MLP",
  "split": [
    0.5,
    0.25,
    0.25
  ],
  "alphas": [
    0.01,
    0.02,
    0.05,
    0.1
  ],
  "result": {
    "seed": 6,
    "model": "MLP",
    "model_rmse": 0.6387322905126762,
    "meta": {
      "n_train": 22865,
      "n_cal": 11432,
      "n_test": 11433,
      "d": 4,
      "p": 6,
      "elapsed": 12317.1034283638
    },
    "Mahal": {
      "params": {},
      "0.01": {
        "coverage": 0.9902912621359223,
        "volume": 361.3411550983325,
        "wsc": 0.9746392654132051,
        "threshold": 22.368954565667412
      },
      "0.02": {
        "coverage": 0.9820694480888655,
        "volume": 155.02296766239164,
        "wsc": 0.954962833406209,
        "threshold": 14.6515980705055
      },
      "0.05": {
        "coverage": 0.9497944546488236,
        "volume": 69.55765661364866,
        "wsc": 0.8670747704416266,
        "threshold": 9.814302600308723
      },
      "0.1": {
        "coverage": 0.8951281378465844,
        "volume": 32.414343123250674,
        "wsc": 0.7433318758198514,
        "threshold": 6.699703539185741
      }
    },
    "Bonferroni": {
      "params": {},
      "0.01": {
        "coverage": 0.9907285926703402,
        "volume": 878.7723330935352,
        "wsc": 0.9772627896808046,
        "threshold": 4.377423086702176
      },
      "0.02": {
        "coverage": 0.9826817108370507,
        "volume": 320.7679963105157,
        "wsc": 0.9584608657630083,
        "threshold": 3.425992119454804
      },
      "0.05": {
        "coverage": 0.9518936412140295,
        "volume": 131.8158499640303,
        "wsc": 0.8788806296458243,
        "threshold": 2.7295769920206205
      },
      "0.1": {
        "coverage": 0.896877459984256,
        "volume": 51.02029845982613,
        "wsc": 0.7577612592916484,
        "threshold": 2.192937088803936
      }
    },
    "Density": {
      "params": {
        "lengthscale": 2.4878844874156263
      },
      "0.01": {
        "coverage": 0.9898539316015044,
        "volume": 276.99032696959233,
        "wsc": 0.9628334062090075,
        "threshold": 0.8169851240132867
      },
      "0.02": {
        "coverage": 0.9795329309892417,
        "volume": 157.72836747832682,
        "wsc": 0.9374726716222125,
        "threshold": 0.6655231091455608
      },
      "0.05": {
        "coverage": 0.9483949969386862,
        "volume": 72.42629118902762,
        "wsc": 0.8736335811106253,
        "threshold": 0.4962318957879922
      },
      "0.1": {
        "coverage": 0.8988891804425785,
        "volume": 33.959883201966285,
        "wsc": 0.7695671184958461,
        "threshold": 0.3636209658830738
      }
    },
    "Kernel": {
      "params": {
        "lengthscale": 2.4878844874156263,
        "gamma": 0.43607900912988534
      },
      "0.01": {
        "coverage": 0.9887168722120179,
        "volume": 132.45963921904388,
        "wsc": 0.954962833406209,
        "threshold": 0.021509422007004526
      },
      "0.02": {
        "coverage": 0.9791830665617074,
        "volume": 70.01208148272671,
        "wsc": 0.9261040664626148,
        "threshold": 0.010810524985327337
      },
      "0.05": {
        "coverage": 0.9504067173970087,
        "volume": 29.93620035813142,
        "wsc": 0.8561434193266287,
        "threshold": 0.004673110822900846
      },
      "0.1": {
        "coverage": 0.8991515787632293,
        "volume": 13.519574355285156,
        "wsc": 0.7345867949278531,
        "threshold": 0.002195127898717898
      }
    }
  },
  "elapsed_s": 12317.106847286224
}