{
  "dataset": "bio",
  "seed": 0,
  "model": "Ridge",
  "split": [
    0.5,
    0.25,
    0.25
  ],
  "alphas": [
    0.01,
    0.02,
    0.05,
    0.1
  ],
  "result": {
    "seed": 0,
    "model": "Ridge",
    "model_rmse": 0.7331446970323457,
    "meta": {
      "n_train": 22865,
      "n_cal": 11432,
      "n_test": 11433,
      "d": 4,
      "p": 6,
      "elapsed": 11961.694534301758
    },
    "Mahal": {
      "params": {},
      "0.01": {
        "coverage": 0.9901163299221551,
        "volume": 493.4557900343225,
        "wsc": 0.9689549628334062,
        "threshold": 20.55794064450474
      },
      "0.02": {
        "coverage": 0.979882795416776,
        "volume": 223.55951428524065,
        "wsc": 0.9313511149978138,
        "threshold": 13.837322466655083
      },
      "0.05": {
        "coverage": 0.9511064462520773,
        "volume": 96.49309680468122,
        "wsc": 0.844774814167031,
        "threshold": 9.090831446259324
      },
      "0.1": {
        "coverage": 0.8995014431907635,
        "volume": 48.5032723494807,
        "wsc": 0.70004372540446,
        "threshold": 6.445268338032588
      }
    },
    "Bonferroni": {
      "params": {},
      "0.01": {
        "coverage": 0.9906411265634567,
        "volume": 979.9230885793713,
        "wsc": 0.9720157411456056,
        "threshold": 3.9776674432765096
      },
      "0.02": {
        "coverage": 0.9800577276305432,
        "volume": 548.1643195292811,
        "wsc": 0.930039352864014,
        "threshold": 3.43684915484678
      },
      "0.05": {
        "coverage": 0.9485699291524534,
        "volume": 161.33972101381573,
        "wsc": 0.8395277656318321,
        "threshold": 2.550102444212211
      },
      "0.1": {
        "coverage": 0.9007259686871337,
        "volume": 90.19395100065987,
        "wsc": 0.6930476606908614,
        "threshold": 2.1666851278461317
      }
    },
    "Density": {
      "params": {
        "lengthscale": 2.958557513388654
      },
      "0.01": {
        "coverage": 0.9916907198460596,
        "volume": 355.8916550314846,
        "wsc": 0.9623961521644075,
        "threshold": 0.6934400137907406
      },
      "0.02": {
        "coverage": 0.9796203970961253,
        "volume": 219.46109377055865,
        "wsc": 0.9156099693922168,
        "threshold": 0.5709296108489265
      },
      "0.05": {
        "coverage": 0.9489197935799878,
        "volume": 102.5671283942522,
        "wsc": 0.8364669873196328,
        "threshold": 0.4093489366899447
      },
      "0.1": {
        "coverage": 0.8998513076182979,
        "volume": 50.95795426571577,
        "wsc": 0.7048535198950591,
        "threshold": 0.3099182853394334
      }
    },
    "Kernel": {
      "params": {
        "lengthscale": 2.958557513388654,
        "gamma": 0.5000175965980316
      },
      "0.01": {
        "coverage": 0.9897664654946209,
        "volume": 164.59582032791897,
        "wsc": 0.9558373414954089,
        "threshold": 0.01740773991885108
      },
      "0.02": {
        "coverage": 0.9796203970961253,
        "volume": 83.03053250963272,
        "wsc": 0.9269785745518146,
        "threshold": 0.008418181421641024
      },
      "0.05": {
        "coverage": 0.9508440479314265,
        "volume": 39.88721659776474,
        "wsc": 0.8307826847398339,
        "threshold": 0.004035873496761117
      },
      "0.1": {
        "coverage": 0.897314790518674,
        "volume": 20.51342567885044,
        "wsc": 0.6681241801486664,
        "threshold": 0.002118680559788309
      }
    }
  },
  "elapsed_s": 11961.696902513504
}