{
  "dataset": "bio",
  "seed": 31,
  "model": "MLP",
  "split": [
    0.5,
    0.25,
    0.25
  ],
  "alphas": [
    0.01,
    0.02,
    0.05,
    0.1
  ],
  "result": {
    "seed": 31,
    "model": "MLP",
    "model_rmse": 0.6405620754453549,
    "meta": {
      "n_train": 22865,
      "n_cal": 11432,
      "n_test": 11433,
      "d": 4,
      "p": 6,
      "elapsed": 11989.825440883636
    },
    "Mahal": {
      "params": {},
      "0.01": {
        "coverage": 0.9910784570978746,
        "volume": 368.0729956600986,
        "wsc": 0.9737647573240052,
        "threshold": 22.43865558389695
      },
      "0.02": {
        "coverage": 0.9813697192337969,
        "volume": 152.31648124871947,
        "wsc": 0.9554195804195804,
        "threshold": 14.434551812964516
      },
      "0.05": {
        "coverage": 0.9531181667103997,
        "volume": 70.63584247454182,
        "wsc": 0.8815041539134237,
        "threshold": 9.82974879458793
      },
      "0.1": {
        "coverage": 0.89941397708388,
        "volume": 33.34899263550336,
        "wsc": 0.7568867512024486,
        "threshold": 6.754157979303678
      }
    },
    "Bonferroni": {
      "params": {},
      "0.01": {
        "coverage": 0.9905536604565731,
        "volume": 739.6647133261828,
        "wsc": 0.9737647573240052,
        "threshold": 4.183318449669348
      },
      "0.02": {
        "coverage": 0.9805825242718447,
        "volume": 293.1808135234514,
        "wsc": 0.9541083916083916,
        "threshold": 3.3276271266994653
      },
      "0.05": {
        "coverage": 0.9525933700690983,
        "volume": 126.99663952129703,
        "wsc": 0.885002186270223,
        "threshold": 2.7099176836289804
      },
      "0.1": {
        "coverage": 0.9065861978483337,
        "volume": 60.77696319947786,
        "wsc": 0.7756886751202449,
        "threshold": 2.2123186787247273
      }
    },
    "Density": {
      "params": {
        "lengthscale": 2.490373995800696
      },
      "0.01": {
        "coverage": 0.9911659232047582,
        "volume": 282.4768110495135,
        "wsc": 0.9685314685314685,
        "threshold": 0.8223270021598422
      },
      "0.02": {
        "coverage": 0.9824193125163999,
        "volume": 157.29440923566358,
        "wsc": 0.9484040227372104,
        "threshold": 0.6562072853209071
      },
      "0.05": {
        "coverage": 0.9510189801451937,
        "volume": 70.57384681969219,
        "wsc": 0.8793178836904242,
        "threshold": 0.4823618491668114
      },
      "0.1": {
        "coverage": 0.8990641126563457,
        "volume": 37.554720544154975,
        "wsc": 0.7695671184958461,
        "threshold": 0.35891225636802765
      }
    },
    "Kernel": {
      "params": {
        "lengthscale": 2.490373995800696,
        "gamma": 0.40133274424231236
      },
      "0.01": {
        "coverage": 0.9904661943496895,
        "volume": 143.68762642981034,
        "wsc": 0.9619588981198076,
        "threshold": 0.02166687730951972
      },
      "0.02": {
        "coverage": 0.9793579987754745,
        "volume": 68.21533780001097,
        "wsc": 0.9269785745518146,
        "threshold": 0.010374268477059202
      },
      "0.05": {
        "coverage": 0.9452462170908773,
        "volume": 27.576413153195926,
        "wsc": 0.8325317009182335,
        "threshold": 0.003969813844941979
      },
      "0.1": {
        "coverage": 0.896877459984256,
        "volume": 14.876749201066222,
        "wsc": 0.7258417140358548,
        "threshold": 0.0019854074408656415
      }
    }
  },
  "elapsed_s": 11989.828115701675
}