{
  "dataset": "bio",
  "seed": 42,
  "model": "MLP",
  "split": [
    0.5,
    0.25,
    0.25
  ],
  "alphas": [
    0.01,
    0.02,
    0.05,
    0.1
  ],
  "result": {
    "seed": 42,
    "model": "MLP",
    "model_rmse": 0.6189383302258323,
    "meta": {
      "n_train": 22865,
      "n_cal": 11432,
      "n_test": 11433,
      "d": 4,
      "p": 6,
      "elapsed": 11899.399938106537
    },
    "Mahal": {
      "params": {},
      "0.01": {
        "coverage": 0.9877547450362985,
        "volume": 209.24927331231962,
        "wsc": 0.9676432006996065,
        "threshold": 20.2651416519436
      },
      "0.02": {
        "coverage": 0.9776961427446864,
        "volume": 105.19919145200087,
        "wsc": 0.9352864013992129,
        "threshold": 14.368911354255028
      },
      "0.05": {
        "coverage": 0.9459459459459459,
        "volume": 48.29635155036005,
        "wsc": 0.8578924355050285,
        "threshold": 9.73587135277226
      },
      "0.1": {
        "coverage": 0.8975771888393248,
        "volume": 24.14690660493767,
        "wsc": 0.755137735024049,
        "threshold": 6.88411974075666
      }
    },
    "Bonferroni": {
      "params": {},
      "0.01": {
        "coverage": 0.9884544738913671,
        "volume": 450.1957435013494,
        "wsc": 0.9702667249672059,
        "threshold": 4.049312920361963
      },
      "0.02": {
        "coverage": 0.9763841511414327,
        "volume": 200.97621699121333,
        "wsc": 0.9344118933100131,
        "threshold": 3.2913954296818106
      },
      "0.05": {
        "coverage": 0.9481325986180356,
        "volume": 87.24374198048183,
        "wsc": 0.8631394840402273,
        "threshold": 2.703715862853808
      },
      "0.1": {
        "coverage": 0.8990641126563457,
        "volume": 40.91663868076861,
        "wsc": 0.7595102754700481,
        "threshold": 2.210005809756297
      }
    },
    "Density": {
      "params": {
        "lengthscale": 2.49897741050858
      },
      "0.01": {
        "coverage": 0.9883670077844835,
        "volume": 230.50833636961931,
        "wsc": 0.9584608657630083,
        "threshold": 0.7629814322448861
      },
      "0.02": {
        "coverage": 0.9776961427446864,
        "volume": 142.36285028598004,
        "wsc": 0.9322256230870135,
        "threshold": 0.631114075384382
      },
      "0.05": {
        "coverage": 0.9481325986180356,
        "volume": 70.89963011075332,
        "wsc": 0.8688237866200262,
        "threshold": 0.4757529480908521
      },
      "0.1": {
        "coverage": 0.8960027989154202,
        "volume": 36.633354190770795,
        "wsc": 0.7717533887188457,
        "threshold": 0.35533179054051567
      }
    },
    "Kernel": {
      "params": {
        "lengthscale": 2.49897741050858,
        "gamma": 0.3824533650390427
      },
      "0.01": {
        "coverage": 0.9875798128225313,
        "volume": 115.42324520415167,
        "wsc": 0.9536510712724092,
        "threshold": 0.01738635943453847
      },
      "0.02": {
        "coverage": 0.9766465494620834,
        "volume": 66.72906363365018,
        "wsc": 0.9195452557936161,
        "threshold": 0.009339901887015868
      },
      "0.05": {
        "coverage": 0.9455960815184116,
        "volume": 27.05232309472305,
        "wsc": 0.8430257979886314,
        "threshold": 0.003867079886320798
      },
      "0.1": {
        "coverage": 0.8932913496020292,
        "volume": 13.300725521572165,
        "wsc": 0.7214691735898557,
        "threshold": 0.001871682344249887
      }
    }
  },
  "elapsed_s": 11899.401826381683
}