{
  "dataset": "bio",
  "seed": 16,
  "model": "MLP",
  "split": [
    0.5,
    0.25,
    0.25
  ],
  "alphas": [
    0.01,
    0.02,
    0.05,
    0.1
  ],
  "result": {
    "seed": 16,
    "model": "MLP",
    "model_rmse": 0.6609047074000703,
    "meta": {
      "n_train": 22865,
      "n_cal": 11432,
      "n_test": 11433,
      "d": 4,
      "p": 6,
      "elapsed": 12413.5025203228
    },
    "Mahal": {
      "params": {},
      "0.01": {
        "coverage": 0.9910784570978746,
        "volume": 292.83458478210133,
        "wsc": 0.9702667249672059,
        "threshold": 27.271738492999027
      },
      "0.02": {
        "coverage": 0.9802326598443103,
        "volume": 100.78571699731432,
        "wsc": 0.9405334499344119,
        "threshold": 15.999305647173498
      },
      "0.05": {
        "coverage": 0.9519811073209131,
        "volume": 41.75521657204763,
        "wsc": 0.8666375163970267,
        "threshold": 10.298097766730027
      },
      "0.1": {
        "coverage": 0.9020379602903875,
        "volume": 20.896501879957246,
        "wsc": 0.7468299081766506,
        "threshold": 7.285148946457649
      }
    },
    "Bonferroni": {
      "params": {},
      "0.01": {
        "coverage": 0.9913408554185253,
        "volume": 683.0804341977346,
        "wsc": 0.9724529951902056,
        "threshold": 4.773263697000595
      },
      "0.02": {
        "coverage": 0.9812822531269133,
        "volume": 194.25838472535057,
        "wsc": 0.9492785308264101,
        "threshold": 3.478686268164132
      },
      "0.05": {
        "coverage": 0.9524184378553311,
        "volume": 78.5158414308166,
        "wsc": 0.8701355487538259,
        "threshold": 2.775176097443187
      },
      "0.1": {
        "coverage": 0.9041371468555934,
        "volume": 34.93696424908396,
        "wsc": 0.7490161783996502,
        "threshold": 2.2737661781557192
      }
    },
    "Density": {
      "params": {
        "lengthscale": 2.5445741180125716
      },
      "0.01": {
        "coverage": 0.9880171433569492,
        "volume": 219.74094850110944,
        "wsc": 0.9597726278968081,
        "threshold": 0.7266529771893666
      },
      "0.02": {
        "coverage": 0.9791830665617074,
        "volume": 149.34998247705659,
        "wsc": 0.9387844337560123,
        "threshold": 0.6286521820532962
      },
      "0.05": {
        "coverage": 0.9518936412140295,
        "volume": 78.22039141602518,
        "wsc": 0.8788806296458243,
        "threshold": 0.4827117030928975
      },
      "0.1": {
        "coverage": 0.9023003586110382,
        "volume": 39.36871447095508,
        "wsc": 0.7686926104066463,
        "threshold": 0.3578640284970289
      }
    },
    "Kernel": {
      "params": {
        "lengthscale": 2.5445741180125716,
        "gamma": 0.3046235899566291
      },
      "0.01": {
        "coverage": 0.9879296772500656,
        "volume": 118.40159342765662,
        "wsc": 0.9540883253170092,
        "threshold": 0.014278010991366946
      },
      "0.02": {
        "coverage": 0.9789206682410566,
        "volume": 72.01594110540563,
        "wsc": 0.9278530826410144,
        "threshold": 0.008103293781968592
      },
      "0.05": {
        "coverage": 0.9514563106796117,
        "volume": 32.13018910856558,
        "wsc": 0.8574551814604285,
        "threshold": 0.003429983165463545
      },
      "0.1": {
        "coverage": 0.9017755619697367,
        "volume": 15.658850783944606,
        "wsc": 0.7367730651508526,
        "threshold": 0.0016306111963160495
      }
    }
  },
  "elapsed_s": 12413.504679203033
}