{
  "dataset": "bio",
  "seed": 10,
  "model": "Ridge",
  "split": [
    0.5,
    0.25,
    0.25
  ],
  "alphas": [
    0.01,
    0.02,
    0.05,
    0.1
  ],
  "result": {
    "seed": 10,
    "model": "Ridge",
    "model_rmse": 0.7656454071507577,
    "meta": {
      "n_train": 22865,
      "n_cal": 11432,
      "n_test": 11433,
      "d": 4,
      "p": 6,
      "elapsed": 12339.558012962341
    },
    "Mahal": {
      "params": {},
      "0.01": {
        "coverage": 0.9905536604565731,
        "volume": 454.2106518883162,
        "wsc": 0.9693922168780061,
        "threshold": 19.90326964858143
      },
      "0.02": {
        "coverage": 0.9832065074783521,
        "volume": 224.66256885410678,
        "wsc": 0.95015303891561,
        "threshold": 13.997843370344963
      },
      "0.05": {
        "coverage": 0.9552173532756058,
        "volume": 95.85569249563785,
        "wsc": 0.8635767380848273,
        "threshold": 9.143336934813659
      },
      "0.1": {
        "coverage": 0.9049243418175457,
        "volume": 46.80601387978241,
        "wsc": 0.7219064276344557,
        "threshold": 6.389201691530759
      }
    },
    "Bonferroni": {
      "params": {},
      "0.01": {
        "coverage": 0.9905536604565731,
        "volume": 920.0850555745463,
        "wsc": 0.9724529951902056,
        "threshold": 3.9456297395757374
      },
      "0.02": {
        "coverage": 0.9834689057990029,
        "volume": 544.6729928047432,
        "wsc": 0.9488412767818102,
        "threshold": 3.4411063558429067
      },
      "0.05": {
        "coverage": 0.954517624420537,
        "volume": 167.36216960185584,
        "wsc": 0.8653257542632269,
        "threshold": 2.5652307581978726
      },
      "0.1": {
        "coverage": 0.9071984605965189,
        "volume": 85.44421948879189,
        "wsc": 0.7219064276344557,
        "threshold": 2.1524402552558946
      }
    },
    "Density": {
      "params": {
        "lengthscale": 2.911642260698698
      },
      "0.01": {
        "coverage": 0.9921280503804776,
        "volume": 362.1207397382132,
        "wsc": 0.9637079142982072,
        "threshold": 0.7167746554879147
      },
      "0.02": {
        "coverage": 0.9835563719058865,
        "volume": 221.34121619953706,
        "wsc": 0.9361609094884128,
        "threshold": 0.5912745378252833
      },
      "0.05": {
        "coverage": 0.9543426922067699,
        "volume": 100.36305146302539,
        "wsc": 0.8535198950590293,
        "threshold": 0.42385064456601607
      },
      "0.1": {
        "coverage": 0.90527420624508,
        "volume": 53.4365436168,
        "wsc": 0.7153476169654569,
        "threshold": 0.3189452634646823
      }
    },
    "Kernel": {
      "params": {
        "lengthscale": 2.911642260698698,
        "gamma": 0.5858799991917369
      },
      "0.01": {
        "coverage": 0.9915157876322925,
        "volume": 193.40231268415434,
        "wsc": 0.965019676432007,
        "threshold": 0.02208579395479866
      },
      "0.02": {
        "coverage": 0.9814571853406805,
        "volume": 89.78424333584164,
        "wsc": 0.9335373852208133,
        "threshold": 0.010161796492587583
      },
      "0.05": {
        "coverage": 0.9525059039622147,
        "volume": 43.94274145137869,
        "wsc": 0.8460865763008307,
        "threshold": 0.004719359323203065
      },
      "0.1": {
        "coverage": 0.9017755619697367,
        "volume": 24.141382649214215,
        "wsc": 0.6926104066462615,
        "threshold": 0.002474366686312441
      }
    }
  },
  "elapsed_s": 12339.560816764832
}