{
  "dataset": "bio",
  "seed": 23,
  "model": "MLP",
  "split": [
    0.5,
    0.25,
    0.25
  ],
  "alphas": [
    0.01,
    0.02,
    0.05,
    0.1
  ],
  "result": {
    "seed": 23,
    "model": "MLP",
    "model_rmse": 0.6779736621916261,
    "meta": {
      "n_train": 22865,
      "n_cal": 11432,
      "n_test": 11433,
      "d": 4,
      "p": 6,
      "elapsed": 12488.756566286087
    },
    "Mahal": {
      "params": {},
      "0.01": {
        "coverage": 0.9916907198460596,
        "volume": 428.8074239769117,
        "wsc": 0.9794490599038042,
        "threshold": 22.319392185143503
      },
      "0.02": {
        "coverage": 0.9794454648823581,
        "volume": 176.23970541373546,
        "wsc": 0.9475295146480105,
        "threshold": 14.308796089183495
      },
      "0.05": {
        "coverage": 0.9502317851832415,
        "volume": 80.69836757508234,
        "wsc": 0.8731963270660253,
        "threshold": 9.682412710458754
      },
      "0.1": {
        "coverage": 0.8969649260911396,
        "volume": 38.78540606572277,
        "wsc": 0.7568867512024486,
        "threshold": 6.712516819797897
      }
    },
    "Bonferroni": {
      "params": {},
      "0.01": {
        "coverage": 0.9910784570978746,
        "volume": 844.9174607699741,
        "wsc": 0.9798775153105862,
        "threshold": 4.157090722034009
      },
      "0.02": {
        "coverage": 0.979882795416776,
        "volume": 341.4739160022424,
        "wsc": 0.952755905511811,
        "threshold": 3.3194068782386963
      },
      "0.05": {
        "coverage": 0.9502317851832415,
        "volume": 150.4003695679543,
        "wsc": 0.8832020997375328,
        "threshold": 2.699377812536756
      },
      "0.1": {
        "coverage": 0.8919793579987755,
        "volume": 62.18476818675034,
        "wsc": 0.7577612592916484,
        "threshold": 2.191635302442291
      }
    },
    "Density": {
      "params": {
        "lengthscale": 2.4883317830395684
      },
      "0.01": {
        "coverage": 0.9909035248841074,
        "volume": 287.7853225386818,
        "wsc": 0.9654569304766069,
        "threshold": 0.8305304386933163
      },
      "0.02": {
        "coverage": 0.9814571853406805,
        "volume": 152.20806631756915,
        "wsc": 0.9462177525142108,
        "threshold": 0.6540490626519608
      },
      "0.05": {
        "coverage": 0.9485699291524534,
        "volume": 73.57325770932381,
        "wsc": 0.8718845649322257,
        "threshold": 0.4854667809462966
      },
      "0.1": {
        "coverage": 0.890404968074871,
        "volume": 34.70777759260484,
        "wsc": 0.7669435942282467,
        "threshold": 0.3546311618876045
      }
    },
    "Kernel": {
      "params": {
        "lengthscale": 2.4883317830395684,
        "gamma": 0.4167136813264243
      },
      "0.01": {
        "coverage": 0.9902037960290387,
        "volume": 148.95421216826244,
        "wsc": 0.9619588981198076,
        "threshold": 0.022045559112323445
      },
      "0.02": {
        "coverage": 0.978833202134173,
        "volume": 78.63480860824534,
        "wsc": 0.9256668124180149,
        "threshold": 0.011205434288781088
      },
      "0.05": {
        "coverage": 0.9463832764803639,
        "volume": 33.80392921779742,
        "wsc": 0.8456493222562309,
        "threshold": 0.004461860173151117
      },
      "0.1": {
        "coverage": 0.8954780022741188,
        "volume": 16.088501071572036,
        "wsc": 0.7254044599912549,
        "threshold": 0.0020810791839386282
      }
    }
  },
  "elapsed_s": 12488.759306907654
}