{
  "dataset": "bio",
  "seed": 0,
  "model": "MLP",
  "split": [
    0.5,
    0.25,
    0.25
  ],
  "alphas": [
    0.01,
    0.02,
    0.05,
    0.1
  ],
  "result": {
    "seed": 0,
    "model": "MLP",
    "model_rmse": 0.659500205072287,
    "meta": {
      "n_train": 22865,
      "n_cal": 11432,
      "n_test": 11433,
      "d": 4,
      "p": 6,
      "elapsed": 12049.940497159958
    },
    "Mahal": {
      "params": {},
      "0.01": {
        "coverage": 0.9902912621359223,
        "volume": 371.66642880940566,
        "wsc": 0.9733275032794053,
        "threshold": 22.092764078114605
      },
      "0.02": {
        "coverage": 0.978833202134173,
        "volume": 152.2273677792962,
        "wsc": 0.9422824661128115,
        "threshold": 14.13903457439263
      },
      "0.05": {
        "coverage": 0.9525059039622147,
        "volume": 71.78187289694284,
        "wsc": 0.8780061215566244,
        "threshold": 9.709140377609081
      },
      "0.1": {
        "coverage": 0.9014256975422024,
        "volume": 36.07759100532473,
        "wsc": 0.7643200699606472,
        "threshold": 6.883227961847555
      }
    },
    "Bonferroni": {
      "params": {},
      "0.01": {
        "coverage": 0.9898539316015044,
        "volume": 687.6236779511432,
        "wsc": 0.9733275032794053,
        "threshold": 4.08307400341728
      },
      "0.02": {
        "coverage": 0.9803201259511939,
        "volume": 296.81012588950716,
        "wsc": 0.9475295146480105,
        "threshold": 3.301970830133971
      },
      "0.05": {
        "coverage": 0.950756581824543,
        "volume": 128.80746285177517,
        "wsc": 0.8784433756012243,
        "threshold": 2.6834964220709305
      },
      "0.1": {
        "coverage": 0.8988017143356949,
        "volume": 58.7114824362258,
        "wsc": 0.7651945780498469,
        "threshold": 2.212924892256533
      }
    },
    "Density": {
      "params": {
        "lengthscale": 2.4612149391308176
      },
      "0.01": {
        "coverage": 0.9895040671739701,
        "volume": 270.625780537063,
        "wsc": 0.9606471359860078,
        "threshold": 0.8258700254754324
      },
      "0.02": {
        "coverage": 0.9790081343479402,
        "volume": 135.63816163936932,
        "wsc": 0.9331001311762134,
        "threshold": 0.6512044672379449
      },
      "0.05": {
        "coverage": 0.9481325986180356,
        "volume": 67.16853807800902,
        "wsc": 0.8758198513336248,
        "threshold": 0.4843158982442651
      },
      "0.1": {
        "coverage": 0.9000262398320651,
        "volume": 37.56884333176776,
        "wsc": 0.7756886751202449,
        "threshold": 0.3686839309867306
      }
    },
    "Kernel": {
      "params": {
        "lengthscale": 2.4612149391308176,
        "gamma": 0.4381171176546852
      },
      "0.01": {
        "coverage": 0.9902037960290387,
        "volume": 148.16110941662524,
        "wsc": 0.9580236117184084,
        "threshold": 0.02372558071270903
      },
      "0.02": {
        "coverage": 0.9805825242718447,
        "volume": 77.41458625940024,
        "wsc": 0.9317883690424137,
        "threshold": 0.011865775458300216
      },
      "0.05": {
        "coverage": 0.9520685734277967,
        "volume": 33.015044140038334,
        "wsc": 0.8605769230769231,
        "threshold": 0.004760371236367397
      },
      "0.1": {
        "coverage": 0.8990641126563457,
        "volume": 15.613025800215173,
        "wsc": 0.7232181897682554,
        "threshold": 0.0022266471220761174
      }
    }
  },
  "elapsed_s": 12049.945262670517
}