{
  "dataset": "bio",
  "seed": 24,
  "model": "Ridge",
  "split": [
    0.5,
    0.25,
    0.25
  ],
  "alphas": [
    0.01,
    0.02,
    0.05,
    0.1
  ],
  "result": {
    "seed": 24,
    "model": "Ridge",
    "model_rmse": 0.6319293608755377,
    "meta": {
      "n_train": 22865,
      "n_cal": 11432,
      "n_test": 11433,
      "d": 4,
      "p": 6,
      "elapsed": 12436.189566373825
    },
    "Mahal": {
      "params": {},
      "0.01": {
        "coverage": 0.9902037960290387,
        "volume": 359.1401774754492,
        "wsc": 0.9637079142982072,
        "threshold": 22.615892136098342
      },
      "0.02": {
        "coverage": 0.9815446514475641,
        "volume": 137.64607081829172,
        "wsc": 0.9392216878006121,
        "threshold": 14.001147700378533
      },
      "0.05": {
        "coverage": 0.9512813784658445,
        "volume": 60.38301381929024,
        "wsc": 0.8404022737210319,
        "threshold": 9.273402720522668
      },
      "0.1": {
        "coverage": 0.9044870112831278,
        "volume": 30.428067816442702,
        "wsc": 0.7118495846086577,
        "threshold": 6.5829251259292665
      }
    },
    "Bonferroni": {
      "params": {},
      "0.01": {
        "coverage": 0.9904661943496895,
        "volume": 831.4474997000755,
        "wsc": 0.9658941845212068,
        "threshold": 4.342823324920049
      },
      "0.02": {
        "coverage": 0.9799702615236596,
        "volume": 315.88534580044893,
        "wsc": 0.9313511149978138,
        "threshold": 3.407187272265672
      },
      "0.05": {
        "coverage": 0.9513688445727281,
        "volume": 101.45600618908314,
        "wsc": 0.8473983384346305,
        "threshold": 2.5675617164256903
      },
      "0.1": {
        "coverage": 0.903175019679874,
        "volume": 49.951554067584304,
        "wsc": 0.6978574551814605,
        "threshold": 2.1496406591227584
      }
    },
    "Density": {
      "params": {
        "lengthscale": 2.9360388446787544
      },
      "0.01": {
        "coverage": 0.990990990990991,
        "volume": 363.11932827368275,
        "wsc": 0.9606471359860078,
        "threshold": 0.7110565021158644
      },
      "0.02": {
        "coverage": 0.9810198548062625,
        "volume": 213.6528905844085,
        "wsc": 0.9217315260166157,
        "threshold": 0.5764622703373913
      },
      "0.05": {
        "coverage": 0.9520685734277967,
        "volume": 93.69151591951045,
        "wsc": 0.844774814167031,
        "threshold": 0.4139353838446785
      },
      "0.1": {
        "coverage": 0.9077232572378203,
        "volume": 49.69273772526521,
        "wsc": 0.7280279842588544,
        "threshold": 0.3153629972258021
      }
    },
    "Kernel": {
      "params": {
        "lengthscale": 2.9360388446787544,
        "gamma": 0.4780038779067841
      },
      "0.01": {
        "coverage": 0.9908160587772238,
        "volume": 170.301153245961,
        "wsc": 0.9610843900306077,
        "threshold": 0.018332893201051817
      },
      "0.02": {
        "coverage": 0.9802326598443103,
        "volume": 74.53910658789782,
        "wsc": 0.9274158285964145,
        "threshold": 0.008011984092447444
      },
      "0.05": {
        "coverage": 0.9509315140383101,
        "volume": 35.32843072655574,
        "wsc": 0.8364669873196328,
        "threshold": 0.0037700130386525556
      },
      "0.1": {
        "coverage": 0.9016006297559696,
        "volume": 17.340694935379005,
        "wsc": 0.6939221687800612,
        "threshold": 0.0019971032160128214
      }
    }
  },
  "elapsed_s": 12436.193263053894
}