{
  "dataset": "bio",
  "seed": 41,
  "model": "Ridge",
  "split": [
    0.5,
    0.25,
    0.25
  ],
  "alphas": [
    0.01,
    0.02,
    0.05,
    0.1
  ],
  "result": {
    "seed": 41,
    "model": "Ridge",
    "model_rmse": 0.7167019214928599,
    "meta": {
      "n_train": 22865,
      "n_cal": 11432,
      "n_test": 11433,
      "d": 4,
      "p": 6,
      "elapsed": 11871.697895050049
    },
    "Mahal": {
      "params": {},
      "0.01": {
        "coverage": 0.9901163299221551,
        "volume": 410.58284085733703,
        "wsc": 0.9685177087888063,
        "threshold": 18.39834240366949
      },
      "0.02": {
        "coverage": 0.9810198548062625,
        "volume": 222.56444185725002,
        "wsc": 0.9357236554438129,
        "threshold": 13.545847735083672
      },
      "0.05": {
        "coverage": 0.9506691157176594,
        "volume": 96.29431553806808,
        "wsc": 0.835155225185833,
        "threshold": 8.910018887948786
      },
      "0.1": {
        "coverage": 0.8995889092976471,
        "volume": 49.08430319722488,
        "wsc": 0.7013554875382597,
        "threshold": 6.361354737766262
      }
    },
    "Bonferroni": {
      "params": {},
      "0.01": {
        "coverage": 0.9908160587772238,
        "volume": 891.6945594687376,
        "wsc": 0.9728902492348054,
        "threshold": 3.8723032840568155
      },
      "0.02": {
        "coverage": 0.979882795416776,
        "volume": 512.9943687306982,
        "wsc": 0.9322256230870135,
        "threshold": 3.351020558492571
      },
      "0.05": {
        "coverage": 0.9490072596868714,
        "volume": 165.98948223917785,
        "wsc": 0.8312199387844338,
        "threshold": 2.527937510267898
      },
      "0.1": {
        "coverage": 0.9013382314353188,
        "volume": 85.69471148132943,
        "wsc": 0.6912986445124617,
        "threshold": 2.144489561158358
      }
    },
    "Density": {
      "params": {
        "lengthscale": 2.935812624648076
      },
      "0.01": {
        "coverage": 0.9895915332808537,
        "volume": 310.3792015844316,
        "wsc": 0.955400087450809,
        "threshold": 0.6677136543684179
      },
      "0.02": {
        "coverage": 0.979882795416776,
        "volume": 208.48466793265902,
        "wsc": 0.9156099693922168,
        "threshold": 0.5701140073590087
      },
      "0.05": {
        "coverage": 0.9504067173970087,
        "volume": 92.50333239354465,
        "wsc": 0.8325317009182335,
        "threshold": 0.4095727606518166
      },
      "0.1": {
        "coverage": 0.9032624857867576,
        "volume": 53.529847171898936,
        "wsc": 0.7096633143856581,
        "threshold": 0.3165766685816893
      }
    },
    "Kernel": {
      "params": {
        "lengthscale": 2.935812624648076,
        "gamma": 0.40341351025329486
      },
      "0.01": {
        "coverage": 0.9893291349602029,
        "volume": 165.28514214481078,
        "wsc": 0.9562745955400087,
        "threshold": 0.015414362292829668
      },
      "0.02": {
        "coverage": 0.9790081343479402,
        "volume": 82.64257107240539,
        "wsc": 0.9243550502842152,
        "threshold": 0.00720574967063607
      },
      "0.05": {
        "coverage": 0.9524184378553311,
        "volume": 40.382165410379905,
        "wsc": 0.8334062090074333,
        "threshold": 0.0034990686562996988
      },
      "0.1": {
        "coverage": 0.9023878247179218,
        "volume": 22.069322956835528,
        "wsc": 0.6878006121556625,
        "threshold": 0.001825339618123208
      }
    }
  },
  "elapsed_s": 11871.699835062027
}