{
  "dataset": "bio",
  "seed": 11,
  "model": "Ridge",
  "split": [
    0.5,
    0.25,
    0.25
  ],
  "alphas": [
    0.01,
    0.02,
    0.05,
    0.1
  ],
  "result": {
    "seed": 11,
    "model": "Ridge",
    "model_rmse": 0.7654783528809078,
    "meta": {
      "n_train": 22865,
      "n_cal": 11432,
      "n_test": 11433,
      "d": 4,
      "p": 6,
      "elapsed": 12342.80962228775
    },
    "Mahal": {
      "params": {},
      "0.01": {
        "coverage": 0.9881046094638327,
        "volume": 361.77102085022074,
        "wsc": 0.9593353738522081,
        "threshold": 20.037608702508418
      },
      "0.02": {
        "coverage": 0.9799702615236596,
        "volume": 177.32383667406464,
        "wsc": 0.9331001311762134,
        "threshold": 14.028542860732884
      },
      "0.05": {
        "coverage": 0.9493571241144056,
        "volume": 72.86145893500384,
        "wsc": 0.835155225185833,
        "threshold": 8.992448001765238
      },
      "0.1": {
        "coverage": 0.8977521210530919,
        "volume": 37.55642747306017,
        "wsc": 0.694796676869261,
        "threshold": 6.456113258048588
      }
    },
    "Bonferroni": {
      "params": {},
      "0.01": {
        "coverage": 0.9889792705326685,
        "volume": 912.2609834305209,
        "wsc": 0.9637079142982072,
        "threshold": 4.167482637523935
      },
      "0.02": {
        "coverage": 0.9799702615236596,
        "volume": 424.788349309324,
        "wsc": 0.9326628771316134,
        "threshold": 3.425677181453343
      },
      "0.05": {
        "coverage": 0.9504067173970087,
        "volume": 134.20037607490306,
        "wsc": 0.8390905115872321,
        "threshold": 2.5555947021326215
      },
      "0.1": {
        "coverage": 0.9043120790693606,
        "volume": 71.51609126303022,
        "wsc": 0.7013554875382597,
        "threshold": 2.1726479299321486
      }
    },
    "Density": {
      "params": {
        "lengthscale": 2.951921900397034
      },
      "0.01": {
        "coverage": 0.9873174145018805,
        "volume": 309.5440456173928,
        "wsc": 0.9462177525142108,
        "threshold": 0.6579364589364279
      },
      "0.02": {
        "coverage": 0.9770838799965014,
        "volume": 212.394174654662,
        "wsc": 0.9090511587232182,
        "threshold": 0.5608719910232857
      },
      "0.05": {
        "coverage": 0.9462083442665967,
        "volume": 94.56495200141644,
        "wsc": 0.8220376038478356,
        "threshold": 0.4022887855040389
      },
      "0.1": {
        "coverage": 0.8961777311291874,
        "volume": 51.05214948595831,
        "wsc": 0.694796676869261,
        "threshold": 0.3085110382031747
      }
    },
    "Kernel": {
      "params": {
        "lengthscale": 2.951921900397034,
        "gamma": 0.38400651041071665
      },
      "0.01": {
        "coverage": 0.9875798128225313,
        "volume": 160.91120534181798,
        "wsc": 0.9462177525142108,
        "threshold": 0.014345643218265054
      },
      "0.02": {
        "coverage": 0.9794454648823581,
        "volume": 79.91707788730183,
        "wsc": 0.9204197638828159,
        "threshold": 0.006965859456354051
      },
      "0.05": {
        "coverage": 0.9499693868625907,
        "volume": 38.77378441971517,
        "wsc": 0.8303454306952339,
        "threshold": 0.00323440663651314
      },
      "0.1": {
        "coverage": 0.8971398583049068,
        "volume": 21.325581430843346,
        "wsc": 0.6768692610406646,
        "threshold": 0.0016734126333670012
      }
    }
  },
  "elapsed_s": 12342.81181883812
}