{
  "dataset": "bio",
  "seed": 41,
  "model": "MLP",
  "split": [
    0.5,
    0.25,
    0.25
  ],
  "alphas": [
    0.01,
    0.02,
    0.05,
    0.1
  ],
  "result": {
    "seed": 41,
    "model": "MLP",
    "model_rmse": 0.6457562765456042,
    "meta": {
      "n_train": 22865,
      "n_cal": 11432,
      "n_test": 11433,
      "d": 4,
      "p": 6,
      "elapsed": 12053.916092634201
    },
    "Mahal": {
      "params": {},
      "0.01": {
        "coverage": 0.9912533893116418,
        "volume": 350.7468715975695,
        "wsc": 0.9772627896808046,
        "threshold": 21.15810744107462
      },
      "0.02": {
        "coverage": 0.9791830665617074,
        "volume": 152.0653769100084,
        "wsc": 0.9422824661128115,
        "threshold": 13.931410410438938
      },
      "0.05": {
        "coverage": 0.948220064724919,
        "volume": 72.75867048836191,
        "wsc": 0.8570179274158286,
        "threshold": 9.636565827244683
      },
      "0.1": {
        "coverage": 0.8986267821219277,
        "volume": 36.41373024178122,
        "wsc": 0.7612592916484477,
        "threshold": 6.817301483766869
      }
    },
    "Bonferroni": {
      "params": {},
      "0.01": {
        "coverage": 0.9910784570978746,
        "volume": 690.8858939363389,
        "wsc": 0.9776902887139107,
        "threshold": 4.054706628008834
      },
      "0.02": {
        "coverage": 0.9786582699204058,
        "volume": 296.3693267408848,
        "wsc": 0.940096195889812,
        "threshold": 3.27892180934022
      },
      "0.05": {
        "coverage": 0.9479576664042684,
        "volume": 126.74005354935397,
        "wsc": 0.8640139921294272,
        "threshold": 2.6880114252471676
      },
      "0.1": {
        "coverage": 0.8974897227324412,
        "volume": 60.558935599627944,
        "wsc": 0.7630083078268474,
        "threshold": 2.2056192528962897
      }
    },
    "Density": {
      "params": {
        "lengthscale": 2.4515054904502738
      },
      "0.01": {
        "coverage": 0.9901163299221551,
        "volume": 249.78553012578632,
        "wsc": 0.9623961521644075,
        "threshold": 0.8100947096901474
      },
      "0.02": {
        "coverage": 0.9790956004548238,
        "volume": 146.49800866541295,
        "wsc": 0.9326628771316134,
        "threshold": 0.6607420767505237
      },
      "0.05": {
        "coverage": 0.948220064724919,
        "volume": 72.28520164411823,
        "wsc": 0.8683865325754263,
        "threshold": 0.4926210215502832
      },
      "0.1": {
        "coverage": 0.9023003586110382,
        "volume": 42.72858586074545,
        "wsc": 0.7787494534324443,
        "threshold": 0.3721539885255315
      }
    },
    "Kernel": {
      "params": {
        "lengthscale": 2.4515054904502738,
        "gamma": 0.3758086134231514
      },
      "0.01": {
        "coverage": 0.9898539316015044,
        "volume": 141.83962900390313,
        "wsc": 0.9597726278968081,
        "threshold": 0.020619145465960362
      },
      "0.02": {
        "coverage": 0.9795329309892417,
        "volume": 73.0883705512751,
        "wsc": 0.9313511149978138,
        "threshold": 0.010120098919288388
      },
      "0.05": {
        "coverage": 0.9508440479314265,
        "volume": 37.748938636372856,
        "wsc": 0.8557061652820288,
        "threshold": 0.004197921733479142
      },
      "0.1": {
        "coverage": 0.8978395871599755,
        "volume": 16.384645706000132,
        "wsc": 0.7354613030170529,
        "threshold": 0.0019515583211787077
      }
    }
  },
  "elapsed_s": 12053.918186903
}