{
  "dataset": "bio",
  "seed": 9,
  "model": "Ridge",
  "split": [
    0.5,
    0.25,
    0.25
  ],
  "alphas": [
    0.01,
    0.02,
    0.05,
    0.1
  ],
  "result": {
    "seed": 9,
    "model": "Ridge",
    "model_rmse": 0.686066415842097,
    "meta": {
      "n_train": 22865,
      "n_cal": 11432,
      "n_test": 11433,
      "d": 4,
      "p": 6,
      "elapsed": 12318.501024007797
    },
    "Mahal": {
      "params": {},
      "0.01": {
        "coverage": 0.989941397708388,
        "volume": 305.44573928959494,
        "wsc": 0.9680804547442063,
        "threshold": 21.987237502757104
      },
      "0.02": {
        "coverage": 0.9793579987754745,
        "volume": 123.14720783110455,
        "wsc": 0.9361609094884128,
        "threshold": 13.960980373516447
      },
      "0.05": {
        "coverage": 0.9505816496107758,
        "volume": 55.60577189767657,
        "wsc": 0.8478355924792305,
        "threshold": 9.381311762481676
      },
      "0.1": {
        "coverage": 0.9014256975422024,
        "volume": 27.881270468860123,
        "wsc": 0.7140358548316572,
        "threshold": 6.642933602445026
      }
    },
    "Bonferroni": {
      "params": {},
      "0.01": {
        "coverage": 0.9885419399982507,
        "volume": 569.4240311652189,
        "wsc": 0.9676432006996065,
        "threshold": 4.057682206698226
      },
      "0.02": {
        "coverage": 0.9810198548062625,
        "volume": 301.1002141475163,
        "wsc": 0.9414079580236118,
        "threshold": 3.455327228499466
      },
      "0.05": {
        "coverage": 0.9484824630455698,
        "volume": 87.47398590914895,
        "wsc": 0.8513336248360297,
        "threshold": 2.548428541648256
      },
      "0.1": {
        "coverage": 0.9014256975422024,
        "volume": 45.001677088200715,
        "wsc": 0.7048535198950591,
        "threshold": 2.151606077878188
      }
    },
    "Density": {
      "params": {
        "lengthscale": 2.9124861833323594
      },
      "0.01": {
        "coverage": 0.9908160587772238,
        "volume": 316.69798512890674,
        "wsc": 0.9637079142982072,
        "threshold": 0.6809134838871097
      },
      "0.02": {
        "coverage": 0.9800577276305432,
        "volume": 195.815260023131,
        "wsc": 0.9252295583734149,
        "threshold": 0.5655862254987969
      },
      "0.05": {
        "coverage": 0.9483075308318026,
        "volume": 90.21413486533915,
        "wsc": 0.8434630520332314,
        "threshold": 0.40864711475765886
      },
      "0.1": {
        "coverage": 0.9020379602903875,
        "volume": 47.00409363310895,
        "wsc": 0.724529951902055,
        "threshold": 0.3125682871833366
      }
    },
    "Kernel": {
      "params": {
        "lengthscale": 2.9124861833323594,
        "gamma": 0.4798590150475492
      },
      "0.01": {
        "coverage": 0.9901163299221551,
        "volume": 144.5955526112679,
        "wsc": 0.9615216440752077,
        "threshold": 0.016604216328845223
      },
      "0.02": {
        "coverage": 0.9785708038135222,
        "volume": 69.13606597156831,
        "wsc": 0.9252295583734149,
        "threshold": 0.007553837657945522
      },
      "0.05": {
        "coverage": 0.9462958103734803,
        "volume": 34.98959436365958,
        "wsc": 0.8272846523830345,
        "threshold": 0.0037316219295459342
      },
      "0.1": {
        "coverage": 0.8971398583049068,
        "volume": 19.497213726738018,
        "wsc": 0.6856143419326629,
        "threshold": 0.0020333481558319232
      }
    }
  },
  "elapsed_s": 12318.504088878632
}