{
  "dataset": "bio",
  "seed": 8,
  "model": "Ridge",
  "split": [
    0.5,
    0.25,
    0.25
  ],
  "alphas": [
    0.01,
    0.02,
    0.05,
    0.1
  ],
  "result": {
    "seed": 8,
    "model": "Ridge",
    "model_rmse": 0.7076128425893903,
    "meta": {
      "n_train": 22865,
      "n_cal": 11432,
      "n_test": 11433,
      "d": 4,
      "p": 6,
      "elapsed": 12190.435678005219
    },
    "Mahal": {
      "params": {},
      "0.01": {
        "coverage": 0.990990990990991,
        "volume": 409.11336596954965,
        "wsc": 0.9693922168780061,
        "threshold": 20.585232800425413
      },
      "0.02": {
        "coverage": 0.9816321175544477,
        "volume": 184.3981026833684,
        "wsc": 0.9335373852208133,
        "threshold": 13.820131414851268
      },
      "0.05": {
        "coverage": 0.9488323274731042,
        "volume": 76.8100597120508,
        "wsc": 0.8338434630520333,
        "threshold": 8.919551143285783
      },
      "0.1": {
        "coverage": 0.8977521210530919,
        "volume": 39.36405069105504,
        "wsc": 0.7009182334936598,
        "threshold": 6.385337247180048
      }
    },
    "Bonferroni": {
      "params": {},
      "0.01": {
        "coverage": 0.9906411265634567,
        "volume": 811.3110724061902,
        "wsc": 0.9698294709226061,
        "threshold": 3.993465472600998
      },
      "0.02": {
        "coverage": 0.9811947870200297,
        "volume": 429.3363471929599,
        "wsc": 0.9322256230870135,
        "threshold": 3.3950733817938383
      },
      "0.05": {
        "coverage": 0.9498819207557072,
        "volume": 136.5701565305902,
        "wsc": 0.844774814167031,
        "threshold": 2.5493196323716236
      },
      "0.1": {
        "coverage": 0.9009883670077845,
        "volume": 70.71803829850039,
        "wsc": 0.6969829470922606,
        "threshold": 2.1530119284972375
      }
    },
    "Density": {
      "params": {
        "lengthscale": 2.964631641207159
      },
      "0.01": {
        "coverage": 0.991603253739176,
        "volume": 344.0205486952278,
        "wsc": 0.9623961521644075,
        "threshold": 0.6848817822236093
      },
      "0.02": {
        "coverage": 0.9812822531269133,
        "volume": 217.02003496191173,
        "wsc": 0.9208570179274158,
        "threshold": 0.5673635544010507
      },
      "0.05": {
        "coverage": 0.9481325986180356,
        "volume": 92.61467859734798,
        "wsc": 0.8316571928290337,
        "threshold": 0.40066115087835935
      },
      "0.1": {
        "coverage": 0.8988891804425785,
        "volume": 50.92996336176404,
        "wsc": 0.7048535198950591,
        "threshold": 0.3081721766565403
      }
    },
    "Kernel": {
      "params": {
        "lengthscale": 2.964631641207159,
        "gamma": 0.5621303898968408
      },
      "0.01": {
        "coverage": 0.9909035248841074,
        "volume": 166.41446627124174,
        "wsc": 0.9619588981198076,
        "threshold": 0.018696130942385213
      },
      "0.02": {
        "coverage": 0.9816321175544477,
        "volume": 82.88283846452683,
        "wsc": 0.929602098819414,
        "threshold": 0.009149695846387
      },
      "0.05": {
        "coverage": 0.9506691157176594,
        "volume": 37.629781846908465,
        "wsc": 0.8281591604722344,
        "threshold": 0.004242767769033758
      },
      "0.1": {
        "coverage": 0.8999387737251815,
        "volume": 20.274666943377404,
        "wsc": 0.6812418014866638,
        "threshold": 0.002283935752391174
      }
    }
  },
  "elapsed_s": 12190.438035488129
}