{
  "dataset": "bio",
  "seed": 31,
  "model": "Ridge",
  "split": [
    0.5,
    0.25,
    0.25
  ],
  "alphas": [
    0.01,
    0.02,
    0.05,
    0.1
  ],
  "result": {
    "seed": 31,
    "model": "Ridge",
    "model_rmse": 0.7085716219094887,
    "meta": {
      "n_train": 22865,
      "n_cal": 11432,
      "n_test": 11433,
      "d": 4,
      "p": 6,
      "elapsed": 12028.339532613754
    },
    "Mahal": {
      "params": {},
      "0.01": {
        "coverage": 0.990990990990991,
        "volume": 436.0530724761348,
        "wsc": 0.9702667249672059,
        "threshold": 19.8305281940099
      },
      "0.02": {
        "coverage": 0.9812822531269133,
        "volume": 210.28503588415703,
        "wsc": 0.9392216878006121,
        "threshold": 13.771105041519164
      },
      "0.05": {
        "coverage": 0.9518061751071459,
        "volume": 92.27134787216443,
        "wsc": 0.8487101005684302,
        "threshold": 9.122167424823033
      },
      "0.1": {
        "coverage": 0.9016006297559696,
        "volume": 46.540398057644666,
        "wsc": 0.7166593790992567,
        "threshold": 6.478577423238258
      }
    },
    "Bonferroni": {
      "params": {},
      "0.01": {
        "coverage": 0.9912533893116418,
        "volume": 919.8691069845839,
        "wsc": 0.9724529951902056,
        "threshold": 3.97845690354329
      },
      "0.02": {
        "coverage": 0.9820694480888655,
        "volume": 512.9922640138154,
        "wsc": 0.9418706293706294,
        "threshold": 3.42127807255912
      },
      "0.05": {
        "coverage": 0.9537304294585848,
        "volume": 166.34855527319547,
        "wsc": 0.8588286713286714,
        "threshold": 2.5756869580683377
      },
      "0.1": {
        "coverage": 0.902562756931689,
        "volume": 86.71145833803263,
        "wsc": 0.708041958041958,
        "threshold": 2.149399559782107
      }
    },
    "Density": {
      "params": {
        "lengthscale": 2.9503729761703203
      },
      "0.01": {
        "coverage": 0.9921280503804776,
        "volume": 362.81367766146525,
        "wsc": 0.9663314385658067,
        "threshold": 0.6997389264301548
      },
      "0.02": {
        "coverage": 0.9818070497682149,
        "volume": 220.31582654651652,
        "wsc": 0.9283216783216783,
        "threshold": 0.5740430421776974
      },
      "0.05": {
        "coverage": 0.9531181667103997,
        "volume": 96.21131507902922,
        "wsc": 0.8500874125874126,
        "threshold": 0.4102585929754415
      },
      "0.1": {
        "coverage": 0.8981019854806263,
        "volume": 54.97789433087384,
        "wsc": 0.7114123305640577,
        "threshold": 0.3098513654318651
      }
    },
    "Kernel": {
      "params": {
        "lengthscale": 2.9503729761703203,
        "gamma": 0.47668455395365694
      },
      "0.01": {
        "coverage": 0.9908160587772238,
        "volume": 180.09302885591393,
        "wsc": 0.9619588981198076,
        "threshold": 0.018363248121543604
      },
      "0.02": {
        "coverage": 0.9806699903787283,
        "volume": 86.30720911501152,
        "wsc": 0.9291648447748142,
        "threshold": 0.008551846991314662
      },
      "0.05": {
        "coverage": 0.9498819207557072,
        "volume": 41.03129613664482,
        "wsc": 0.835155225185833,
        "threshold": 0.0038558502640578247
      },
      "0.1": {
        "coverage": 0.9037872824280592,
        "volume": 21.223084208609386,
        "wsc": 0.70004372540446,
        "threshold": 0.002087788567569308
      }
    }
  },
  "elapsed_s": 12028.341664075851
}