{
  "dataset": "bio",
  "seed": 22,
  "model": "Ridge",
  "split": [
    0.5,
    0.25,
    0.25
  ],
  "alphas": [
    0.01,
    0.02,
    0.05,
    0.1
  ],
  "result": {
    "seed": 22,
    "model": "Ridge",
    "model_rmse": 0.7061631066983398,
    "meta": {
      "n_train": 22865,
      "n_cal": 11432,
      "n_test": 11433,
      "d": 4,
      "p": 6,
      "elapsed": 12458.368220329285
    },
    "Mahal": {
      "params": {},
      "0.01": {
        "coverage": 0.9915157876322925,
        "volume": 488.7601872363475,
        "wsc": 0.9680804547442063,
        "threshold": 23.108824751996224
      },
      "0.02": {
        "coverage": 0.9825067786232835,
        "volume": 184.2493396871556,
        "wsc": 0.939658941845212,
        "threshold": 14.188383477470024
      },
      "0.05": {
        "coverage": 0.9527683022828654,
        "volume": 76.18743927770079,
        "wsc": 0.8469610843900306,
        "threshold": 9.123713436973812
      },
      "0.1": {
        "coverage": 0.9024752908248054,
        "volume": 37.96415473007706,
        "wsc": 0.7184083952776563,
        "threshold": 6.440458931209873
      }
    },
    "Bonferroni": {
      "params": {},
      "0.01": {
        "coverage": 0.9911659232047582,
        "volume": 981.975782534041,
        "wsc": 0.9685177087888063,
        "threshold": 4.24299948899355
      },
      "0.02": {
        "coverage": 0.9805825242718447,
        "volume": 407.28356252694437,
        "wsc": 0.9304766069086139,
        "threshold": 3.3978402025384047
      },
      "0.05": {
        "coverage": 0.9481325986180356,
        "volume": 128.46289341358903,
        "wsc": 0.8430257979886314,
        "threshold": 2.533862173291416
      },
      "0.1": {
        "coverage": 0.8991515787632293,
        "volume": 63.5532866359837,
        "wsc": 0.6982947092260603,
        "threshold": 2.1449128549762615
      }
    },
    "Density": {
      "params": {
        "lengthscale": 2.9027082376007582
      },
      "0.01": {
        "coverage": 0.9915157876322925,
        "volume": 380.5446797349756,
        "wsc": 0.9623961521644075,
        "threshold": 0.7350885100728992
      },
      "0.02": {
        "coverage": 0.9804075920580775,
        "volume": 214.492342396445,
        "wsc": 0.9230432881504154,
        "threshold": 0.5898869187374234
      },
      "0.05": {
        "coverage": 0.9524184378553311,
        "volume": 93.19856973142733,
        "wsc": 0.8508963707914298,
        "threshold": 0.423931961082783
      },
      "0.1": {
        "coverage": 0.8996763754045307,
        "volume": 52.89648552324253,
        "wsc": 0.7140358548316572,
        "threshold": 0.31837491432608345
      }
    },
    "Kernel": {
      "params": {
        "lengthscale": 2.9027082376007582,
        "gamma": 0.5281211233719377
      },
      "0.01": {
        "coverage": 0.9919531181667104,
        "volume": 193.17874017096267,
        "wsc": 0.9654569304766069,
        "threshold": 0.021519881822460344
      },
      "0.02": {
        "coverage": 0.9813697192337969,
        "volume": 85.25440890192937,
        "wsc": 0.9317883690424137,
        "threshold": 0.009270050446389216
      },
      "0.05": {
        "coverage": 0.9541677599930027,
        "volume": 41.46464432957473,
        "wsc": 0.845212068211631,
        "threshold": 0.004318356660730952
      },
      "0.1": {
        "coverage": 0.9009883670077845,
        "volume": 21.507362245714,
        "wsc": 0.6882378662002624,
        "threshold": 0.0022270658046443766
      }
    }
  },
  "elapsed_s": 12458.370592355728
}