{
  "dataset": "bio",
  "seed": 9,
  "model": "MLP",
  "split": [
    0.5,
    0.25,
    0.25
  ],
  "alphas": [
    0.01,
    0.02,
    0.05,
    0.1
  ],
  "result": {
    "seed": 9,
    "model": "MLP",
    "model_rmse": 0.6157619976846928,
    "meta": {
      "n_train": 22865,
      "n_cal": 11432,
      "n_test": 11433,
      "d": 4,
      "p": 6,
      "elapsed": 12383.925348520279
    },
    "Mahal": {
      "params": {},
      "0.01": {
        "coverage": 0.9889792705326685,
        "volume": 230.9614325696913,
        "wsc": 0.9715784871010057,
        "threshold": 24.050526725155855
      },
      "0.02": {
        "coverage": 0.9787457360272894,
        "volume": 93.64035970998114,
        "wsc": 0.9405334499344119,
        "threshold": 15.313920794427627
      },
      "0.05": {
        "coverage": 0.946995539228549,
        "volume": 40.27959636210999,
        "wsc": 0.8613904678618277,
        "threshold": 10.043785168819133
      },
      "0.1": {
        "coverage": 0.9045744773900114,
        "volume": 20.47758043989491,
        "wsc": 0.770004372540446,
        "threshold": 7.161338134938079
      }
    },
    "Bonferroni": {
      "params": {},
      "0.01": {
        "coverage": 0.9896789993877373,
        "volume": 573.9128457581751,
        "wsc": 0.9728902492348054,
        "threshold": 4.577313584906613
      },
      "0.02": {
        "coverage": 0.9772588122102686,
        "volume": 176.69824118324735,
        "wsc": 0.940096195889812,
        "threshold": 3.4062914159104154
      },
      "0.05": {
        "coverage": 0.9483075308318026,
        "volume": 73.66387139161738,
        "wsc": 0.8701355487538259,
        "threshold": 2.7407269195146027
      },
      "0.1": {
        "coverage": 0.903175019679874,
        "volume": 30.891300906162122,
        "wsc": 0.7735024048972453,
        "threshold": 2.2306356570206303
      }
    },
    "Density": {
      "params": {
        "lengthscale": 2.453131465137856
      },
      "0.01": {
        "coverage": 0.9908160587772238,
        "volume": 263.5740843470387,
        "wsc": 0.9693922168780061,
        "threshold": 0.8209236899162822
      },
      "0.02": {
        "coverage": 0.9779585410653372,
        "volume": 145.04653902401046,
        "wsc": 0.9405334499344119,
        "threshold": 0.6555082981061598
      },
      "0.05": {
        "coverage": 0.9488323274731042,
        "volume": 67.20046074048192,
        "wsc": 0.8788806296458243,
        "threshold": 0.48772410974921543
      },
      "0.1": {
        "coverage": 0.9001137059389487,
        "volume": 32.412103412311644,
        "wsc": 0.7831219938784434,
        "threshold": 0.36356485087058693
      }
    },
    "Kernel": {
      "params": {
        "lengthscale": 2.453131465137856,
        "gamma": 0.3584472074273104
      },
      "0.01": {
        "coverage": 0.9894166010670865,
        "volume": 118.62259547966255,
        "wsc": 0.9588981198076082,
        "threshold": 0.01811601583933406
      },
      "0.02": {
        "coverage": 0.9780460071722208,
        "volume": 59.786548523003006,
        "wsc": 0.9239177962396152,
        "threshold": 0.008931172631043713
      },
      "0.05": {
        "coverage": 0.9450712848771101,
        "volume": 23.76253915858625,
        "wsc": 0.8439003060778312,
        "threshold": 0.0036773912252903705
      },
      "0.1": {
        "coverage": 0.9018630280766203,
        "volume": 11.97631973592747,
        "wsc": 0.7428946217752515,
        "threshold": 0.0018454528997956887
      }
    }
  },
  "elapsed_s": 12383.930559158325
}