{
  "dataset": "bio",
  "seed": 26,
  "model": "MLP",
  "split": [
    0.5,
    0.25,
    0.25
  ],
  "alphas": [
    0.01,
    0.02,
    0.05,
    0.1
  ],
  "result": {
    "seed": 26,
    "model": "MLP",
    "model_rmse": 0.6096535893191695,
    "meta": {
      "n_train": 22865,
      "n_cal": 11432,
      "n_test": 11433,
      "d": 4,
      "p": 6,
      "elapsed": 12514.341428995132
    },
    "Mahal": {
      "params": {},
      "0.01": {
        "coverage": 0.990990990990991,
        "volume": 262.99844248709945,
        "wsc": 0.9785745518146043,
        "threshold": 21.352949062030582
      },
      "0.02": {
        "coverage": 0.9806699903787283,
        "volume": 122.76582847940021,
        "wsc": 0.94971578487101,
        "threshold": 14.588815275610262
      },
      "0.05": {
        "coverage": 0.948045132511152,
        "volume": 55.00626648395531,
        "wsc": 0.8622649759510276,
        "threshold": 9.76533980402922
      },
      "0.1": {
        "coverage": 0.8970523921980232,
        "volume": 27.075565458335124,
        "wsc": 0.7542632269348492,
        "threshold": 6.85125360290854
      }
    },
    "Bonferroni": {
      "params": {},
      "0.01": {
        "coverage": 0.9907285926703402,
        "volume": 527.2264736961772,
        "wsc": 0.9785745518146043,
        "threshold": 4.0931575077881845
      },
      "0.02": {
        "coverage": 0.9802326598443103,
        "volume": 254.4332402080649,
        "wsc": 0.944905990380411,
        "threshold": 3.395829389995938
      },
      "0.05": {
        "coverage": 0.949269658007522,
        "volume": 100.75329645655665,
        "wsc": 0.8718845649322257,
        "threshold": 2.717062173122271
      },
      "0.1": {
        "coverage": 0.8984518499081606,
        "volume": 43.859983946780005,
        "wsc": 0.7560122431132488,
        "threshold": 2.21530268938258
      }
    },
    "Density": {
      "params": {
        "lengthscale": 2.476749109174084
      },
      "0.01": {
        "coverage": 0.9914283215254089,
        "volume": 255.33990654288203,
        "wsc": 0.9715784871010057,
        "threshold": 0.8011883942729281
      },
      "0.02": {
        "coverage": 0.978833202134173,
        "volume": 143.02661431740663,
        "wsc": 0.9379099256668124,
        "threshold": 0.6502064369814395
      },
      "0.05": {
        "coverage": 0.948220064724919,
        "volume": 72.07997361796404,
        "wsc": 0.8710100568430258,
        "threshold": 0.4921454387134024
      },
      "0.1": {
        "coverage": 0.8976646549462084,
        "volume": 37.17331972750346,
        "wsc": 0.7770004372540446,
        "threshold": 0.3635770420274669
      }
    },
    "Kernel": {
      "params": {
        "lengthscale": 2.476749109174084,
        "gamma": 0.3790716369436782
      },
      "0.01": {
        "coverage": 0.9886294061051343,
        "volume": 111.17995930695396,
        "wsc": 0.960209881941408,
        "threshold": 0.01697867756238879
      },
      "0.02": {
        "coverage": 0.9784833377066386,
        "volume": 63.35331014534889,
        "wsc": 0.9291648447748142,
        "threshold": 0.009007418917086426
      },
      "0.05": {
        "coverage": 0.9460334120528295,
        "volume": 29.919989048966205,
        "wsc": 0.8430257979886314,
        "threshold": 0.0038670544505743656
      },
      "0.1": {
        "coverage": 0.8979270532668591,
        "volume": 14.733327940778812,
        "wsc": 0.7275907302142545,
        "threshold": 0.00191163471183164
      }
    }
  },
  "elapsed_s": 12514.343562841415
}