{
  "dataset": "bio",
  "seed": 12,
  "model": "Ridge",
  "split": [
    0.5,
    0.25,
    0.25
  ],
  "alphas": [
    0.01,
    0.02,
    0.05,
    0.1
  ],
  "result": {
    "seed": 12,
    "model": "Ridge",
    "model_rmse": 0.6852729243090143,
    "meta": {
      "n_train": 22865,
      "n_cal": 11432,
      "n_test": 11433,
      "d": 4,
      "p": 6,
      "elapsed": 12367.681364774704
    },
    "Mahal": {
      "params": {},
      "0.01": {
        "coverage": 0.9896789993877373,
        "volume": 321.0204941912458,
        "wsc": 0.9632706602536073,
        "threshold": 22.61217087829113
      },
      "0.02": {
        "coverage": 0.9808449225924954,
        "volume": 124.58339750184591,
        "wsc": 0.9361609094884128,
        "threshold": 14.086592920722822
      },
      "0.05": {
        "coverage": 0.9518061751071459,
        "volume": 55.19646777602001,
        "wsc": 0.8460865763008307,
        "threshold": 9.37630060684887
      },
      "0.1": {
        "coverage": 0.8985393160150442,
        "volume": 27.186293169415272,
        "wsc": 0.6939221687800612,
        "threshold": 6.580378537265702
      }
    },
    "Bonferroni": {
      "params": {},
      "0.01": {
        "coverage": 0.9895915332808537,
        "volume": 652.1987571070557,
        "wsc": 0.965019676432007,
        "threshold": 4.212572790071939
      },
      "0.02": {
        "coverage": 0.9803201259511939,
        "volume": 290.8952247346657,
        "wsc": 0.9326628771316134,
        "threshold": 3.430854395538928
      },
      "0.05": {
        "coverage": 0.9533805650310505,
        "volume": 89.87564726471983,
        "wsc": 0.8557061652820288,
        "threshold": 2.5773131847062607
      },
      "0.1": {
        "coverage": 0.9030000874661069,
        "volume": 44.68054601614411,
        "wsc": 0.7013554875382597,
        "threshold": 2.15610622438456
      }
    },
    "Density": {
      "params": {
        "lengthscale": 2.9012173895786417
      },
      "0.01": {
        "coverage": 0.9905536604565731,
        "volume": 306.24612250220855,
        "wsc": 0.960209881941408,
        "threshold": 0.6729034432672408
      },
      "0.02": {
        "coverage": 0.9810198548062625,
        "volume": 203.24931681048284,
        "wsc": 0.9274158285964145,
        "threshold": 0.5742832981533198
      },
      "0.05": {
        "coverage": 0.9487448613662206,
        "volume": 89.53261044309878,
        "wsc": 0.8390905115872321,
        "threshold": 0.4132080149683143
      },
      "0.1": {
        "coverage": 0.9021254263972711,
        "volume": 50.6836903945128,
        "wsc": 0.7127240926978574,
        "threshold": 0.3185669421282118
      }
    },
    "Kernel": {
      "params": {
        "lengthscale": 2.9012173895786417,
        "gamma": 0.2800526127699049
      },
      "0.01": {
        "coverage": 0.9892416688533193,
        "volume": 137.12896944302196,
        "wsc": 0.9536510712724092,
        "threshold": 0.010993399131791192
      },
      "0.02": {
        "coverage": 0.9795329309892417,
        "volume": 69.80799319988735,
        "wsc": 0.9208570179274158,
        "threshold": 0.005426625320135866
      },
      "0.05": {
        "coverage": 0.9485699291524534,
        "volume": 36.01886627021214,
        "wsc": 0.819851333624836,
        "threshold": 0.0025144198204013865
      },
      "0.1": {
        "coverage": 0.8987142482288113,
        "volume": 18.695506778348207,
        "wsc": 0.6790555312636641,
        "threshold": 0.001318503386924963
      }
    }
  },
  "elapsed_s": 12367.683671712875
}