{
  "dataset": "bio",
  "seed": 30,
  "model": "Ridge",
  "split": [
    0.5,
    0.25,
    0.25
  ],
  "alphas": [
    0.01,
    0.02,
    0.05,
    0.1
  ],
  "result": {
    "seed": 30,
    "model": "Ridge",
    "model_rmse": 0.902021115116184,
    "meta": {
      "n_train": 22865,
      "n_cal": 11432,
      "n_test": 11433,
      "d": 4,
      "p": 6,
      "elapsed": 12013.85531926155
    },
    "Mahal": {
      "params": {},
      "0.01": {
        "coverage": 0.9903787282428059,
        "volume": 584.148276434751,
        "wsc": 0.9689549628334062,
        "threshold": 20.98562062638867
      },
      "0.02": {
        "coverage": 0.9773462783171522,
        "volume": 250.25624822704316,
        "wsc": 0.9265413205072147,
        "threshold": 13.735761217157888
      },
      "0.05": {
        "coverage": 0.9462083442665967,
        "volume": 109.08831116911762,
        "wsc": 0.8325317009182335,
        "threshold": 9.068790658586094
      },
      "0.1": {
        "coverage": 0.8927665529607277,
        "volume": 54.19790385499217,
        "wsc": 0.6939221687800612,
        "threshold": 6.392217044436633
      }
    },
    "Bonferroni": {
      "params": {},
      "0.01": {
        "coverage": 0.9897664654946209,
        "volume": 1095.6848474682663,
        "wsc": 0.9698294709226061,
        "threshold": 3.965699161707506
      },
      "0.02": {
        "coverage": 0.9769964138896178,
        "volume": 591.3827386335271,
        "wsc": 0.9256668124180149,
        "threshold": 3.387630949210774
      },
      "0.05": {
        "coverage": 0.941747572815534,
        "volume": 180.22181625023885,
        "wsc": 0.8224748578924355,
        "threshold": 2.519809691719748
      },
      "0.1": {
        "coverage": 0.8928540190676113,
        "volume": 97.92583644039527,
        "wsc": 0.6812418014866638,
        "threshold": 2.1474355238457665
      }
    },
    "Density": {
      "params": {
        "lengthscale": 3.0090780923143434
      },
      "0.01": {
        "coverage": 0.9887168722120179,
        "volume": 326.3131292460077,
        "wsc": 0.9519020550940096,
        "threshold": 0.6590186595493653
      },
      "0.02": {
        "coverage": 0.9783084054928715,
        "volume": 221.36980615516063,
        "wsc": 0.9156099693922168,
        "threshold": 0.5608839819691592
      },
      "0.05": {
        "coverage": 0.9474328697629668,
        "volume": 101.11560309969153,
        "wsc": 0.8320944468736335,
        "threshold": 0.40554885031962357
      },
      "0.1": {
        "coverage": 0.8972273244117904,
        "volume": 55.182963205825345,
        "wsc": 0.7039790118058592,
        "threshold": 0.3072674472802307
      }
    },
    "Kernel": {
      "params": {
        "lengthscale": 3.0090780923143434,
        "gamma": 0.505144433404569
      },
      "0.01": {
        "coverage": 0.9886294061051343,
        "volume": 202.23120619938305,
        "wsc": 0.9527765631832095,
        "threshold": 0.019465032704693325
      },
      "0.02": {
        "coverage": 0.9797953293098924,
        "volume": 99.20174310411377,
        "wsc": 0.9221687800612156,
        "threshold": 0.009008367434426288
      },
      "0.05": {
        "coverage": 0.9496195224350564,
        "volume": 47.52752322351431,
        "wsc": 0.8334062090074333,
        "threshold": 0.004223365620682769
      },
      "0.1": {
        "coverage": 0.9002011720458323,
        "volume": 26.156086606229355,
        "wsc": 0.6860515959772628,
        "threshold": 0.0022307573025714933
      }
    }
  },
  "elapsed_s": 12013.857840299606
}