{
  "dataset": "bio",
  "seed": 19,
  "model": "MLP",
  "split": [
    0.5,
    0.25,
    0.25
  ],
  "alphas": [
    0.01,
    0.02,
    0.05,
    0.1
  ],
  "result": {
    "seed": 19,
    "model": "MLP",
    "model_rmse": 0.6686049393542209,
    "meta": {
      "n_train": 22865,
      "n_cal": 11432,
      "n_test": 11433,
      "d": 4,
      "p": 6,
      "elapsed": 12398.889292001724
    },
    "Mahal": {
      "params": {},
      "0.01": {
        "coverage": 0.9913408554185253,
        "volume": 427.02983462009365,
        "wsc": 0.9768255356362047,
        "threshold": 21.27685100522683
      },
      "0.02": {
        "coverage": 0.9832939735852357,
        "volume": 197.28926070112195,
        "wsc": 0.9558373414954089,
        "threshold": 14.462053571132717
      },
      "0.05": {
        "coverage": 0.9550424210618386,
        "volume": 90.97121364306874,
        "wsc": 0.8780061215566244,
        "threshold": 9.820423967749198
      },
      "0.1": {
        "coverage": 0.9078107233447039,
        "volume": 43.159504166449565,
        "wsc": 0.7857455181460429,
        "threshold": 6.764200412796435
      }
    },
    "Bonferroni": {
      "params": {},
      "0.01": {
        "coverage": 0.9915157876322925,
        "volume": 901.3921861343194,
        "wsc": 0.9785745518146043,
        "threshold": 4.139275406309568
      },
      "0.02": {
        "coverage": 0.9843435668678387,
        "volume": 407.4537418152565,
        "wsc": 0.9597726278968081,
        "threshold": 3.3953303460588047
      },
      "0.05": {
        "coverage": 0.9564418787719758,
        "volume": 167.1817098113735,
        "wsc": 0.8884514435695539,
        "threshold": 2.738034024566402
      },
      "0.1": {
        "coverage": 0.9065861978483337,
        "volume": 75.40540027100526,
        "wsc": 0.7835592479230433,
        "threshold": 2.216311146349202
      }
    },
    "Density": {
      "params": {
        "lengthscale": 2.457053820144421
      },
      "0.01": {
        "coverage": 0.9895915332808537,
        "volume": 271.0294979038983,
        "wsc": 0.9632706602536073,
        "threshold": 0.829119180293887
      },
      "0.02": {
        "coverage": 0.9817195836613313,
        "volume": 160.40183829577873,
        "wsc": 0.9418452120682116,
        "threshold": 0.6758907632178743
      },
      "0.05": {
        "coverage": 0.9542552260998863,
        "volume": 74.9093121113276,
        "wsc": 0.8806296458242239,
        "threshold": 0.503743146131717
      },
      "0.1": {
        "coverage": 0.9058864689932651,
        "volume": 39.85241549410585,
        "wsc": 0.7888062964582422,
        "threshold": 0.3651519158322215
      }
    },
    "Kernel": {
      "params": {
        "lengthscale": 2.457053820144421,
        "gamma": 0.48670592686827513
      },
      "0.01": {
        "coverage": 0.9900288638152716,
        "volume": 163.87445541352238,
        "wsc": 0.9593353738522081,
        "threshold": 0.027557832928642587
      },
      "0.02": {
        "coverage": 0.9819819819819819,
        "volume": 78.87801738874892,
        "wsc": 0.9387844337560123,
        "threshold": 0.012504791582247947
      },
      "0.05": {
        "coverage": 0.9539928277792356,
        "volume": 32.57645581883341,
        "wsc": 0.8622649759510276,
        "threshold": 0.005125710453262194
      },
      "0.1": {
        "coverage": 0.9041371468555934,
        "volume": 16.370909269362983,
        "wsc": 0.7468299081766506,
        "threshold": 0.0023773358275902844
      }
    }
  },
  "elapsed_s": 12398.892056703568
}