{
  "dataset": "bio",
  "seed": 16,
  "model": "Ridge",
  "split": [
    0.5,
    0.25,
    0.25
  ],
  "alphas": [
    0.01,
    0.02,
    0.05,
    0.1
  ],
  "result": {
    "seed": 16,
    "model": "Ridge",
    "model_rmse": 0.716059951291722,
    "meta": {
      "n_train": 22865,
      "n_cal": 11432,
      "n_test": 11433,
      "d": 4,
      "p": 6,
      "elapsed": 12359.88439321518
    },
    "Mahal": {
      "params": {},
      "0.01": {
        "coverage": 0.9904661943496895,
        "volume": 358.51373970754463,
        "wsc": 0.9645824223874071,
        "threshold": 24.993201378003842
      },
      "0.02": {
        "coverage": 0.9810198548062625,
        "volume": 120.58527225041155,
        "wsc": 0.9375,
        "threshold": 14.494929935724905
      },
      "0.05": {
        "coverage": 0.9497944546488236,
        "volume": 52.056197391752754,
        "wsc": 0.8408395277656319,
        "threshold": 9.523689036990096
      },
      "0.1": {
        "coverage": 0.9029126213592233,
        "volume": 26.84621777111871,
        "wsc": 0.7106643356643356,
        "threshold": 6.839282466193997
      }
    },
    "Bonferroni": {
      "params": {},
      "0.01": {
        "coverage": 0.9907285926703402,
        "volume": 791.104883227779,
        "wsc": 0.9667686926104067,
        "threshold": 4.505207381041819
      },
      "0.02": {
        "coverage": 0.9803201259511939,
        "volume": 280.9623365769141,
        "wsc": 0.9340034965034965,
        "threshold": 3.4710255900410187
      },
      "0.05": {
        "coverage": 0.9510189801451937,
        "volume": 89.09282221517422,
        "wsc": 0.8478355924792305,
        "threshold": 2.5970495961450397
      },
      "0.1": {
        "coverage": 0.8992390448701129,
        "volume": 43.11895704999592,
        "wsc": 0.694796676869261,
        "threshold": 2.1764961883612317
      }
    },
    "Density": {
      "params": {
        "lengthscale": 2.898416205033252
      },
      "0.01": {
        "coverage": 0.9893291349602029,
        "volume": 293.66175543410463,
        "wsc": 0.9558373414954089,
        "threshold": 0.6647003448015782
      },
      "0.02": {
        "coverage": 0.9780460071722208,
        "volume": 193.247745865621,
        "wsc": 0.9177962396152164,
        "threshold": 0.5665932245692353
      },
      "0.05": {
        "coverage": 0.9481325986180356,
        "volume": 92.24306565261685,
        "wsc": 0.8390905115872321,
        "threshold": 0.4127475607135348
      },
      "0.1": {
        "coverage": 0.8991515787632293,
        "volume": 49.12410860262092,
        "wsc": 0.7124125874125874,
        "threshold": 0.31775462214733136
      }
    },
    "Kernel": {
      "params": {
        "lengthscale": 2.898416205033252,
        "gamma": 0.28972889095430027
      },
      "0.01": {
        "coverage": 0.9902037960290387,
        "volume": 154.06659311242836,
        "wsc": 0.9615216440752077,
        "threshold": 0.01258424974374454
      },
      "0.02": {
        "coverage": 0.9785708038135222,
        "volume": 72.16026373892012,
        "wsc": 0.9252295583734149,
        "threshold": 0.0055944034950270935
      },
      "0.05": {
        "coverage": 0.9458584798390623,
        "volume": 34.35734248960863,
        "wsc": 0.8264101442938347,
        "threshold": 0.002591329262040586
      },
      "0.1": {
        "coverage": 0.9009009009009009,
        "volume": 18.999905732075828,
        "wsc": 0.694493006993007,
        "threshold": 0.0013917941808694748
      }
    }
  },
  "elapsed_s": 12359.887282133102
}