{
  "dataset": "bio",
  "seed": 5,
  "model": "Ridge",
  "split": [
    0.5,
    0.25,
    0.25
  ],
  "alphas": [
    0.01,
    0.02,
    0.05,
    0.1
  ],
  "result": {
    "seed": 5,
    "model": "Ridge",
    "model_rmse": 0.7190891806960991,
    "meta": {
      "n_train": 22865,
      "n_cal": 11432,
      "n_test": 11433,
      "d": 4,
      "p": 6,
      "elapsed": 12198.185713529587
    },
    "Mahal": {
      "params": {},
      "0.01": {
        "coverage": 0.9896789993877373,
        "volume": 418.9816834311652,
        "wsc": 0.9663314385658067,
        "threshold": 20.050911159156236
      },
      "0.02": {
        "coverage": 0.9797078632030088,
        "volume": 191.34516272689106,
        "wsc": 0.9317883690424137,
        "threshold": 13.550188531379806
      },
      "0.05": {
        "coverage": 0.9495320563281728,
        "volume": 84.86952875208769,
        "wsc": 0.8430257979886314,
        "threshold": 9.024278493953227
      },
      "0.1": {
        "coverage": 0.8981894515875098,
        "volume": 42.49525438865696,
        "wsc": 0.7070397901180586,
        "threshold": 6.385674992149192
      }
    },
    "Bonferroni": {
      "params": {},
      "0.01": {
        "coverage": 0.9904661943496895,
        "volume": 893.2542945202321,
        "wsc": 0.9728902492348054,
        "threshold": 3.9984398702926303
      },
      "0.02": {
        "coverage": 0.9790956004548238,
        "volume": 431.2801430754283,
        "wsc": 0.9335373852208133,
        "threshold": 3.326813888337853
      },
      "0.05": {
        "coverage": 0.9503192512901251,
        "volume": 149.36447384842575,
        "wsc": 0.8465238303454307,
        "threshold": 2.554399503175435
      },
      "0.1": {
        "coverage": 0.8993265109769965,
        "volume": 77.02827578047088,
        "wsc": 0.7009182334936598,
        "threshold": 2.1324111424544974
      }
    },
    "Density": {
      "params": {
        "lengthscale": 2.930427183107305
      },
      "0.01": {
        "coverage": 0.990990990990991,
        "volume": 342.71717625168895,
        "wsc": 0.9610843900306077,
        "threshold": 0.6927522366250455
      },
      "0.02": {
        "coverage": 0.9799702615236596,
        "volume": 208.21094849289716,
        "wsc": 0.9199825098382161,
        "threshold": 0.5693537809570961
      },
      "0.05": {
        "coverage": 0.9497944546488236,
        "volume": 95.79658663053485,
        "wsc": 0.8395277656318321,
        "threshold": 0.4085097323410934
      },
      "0.1": {
        "coverage": 0.8988891804425785,
        "volume": 53.56788721789091,
        "wsc": 0.7092260603410582,
        "threshold": 0.3129458489451125
      }
    },
    "Kernel": {
      "params": {
        "lengthscale": 2.930427183107305,
        "gamma": 0.5281891584404095
      },
      "0.01": {
        "coverage": 0.9905536604565731,
        "volume": 175.9529142193497,
        "wsc": 0.9597726278968081,
        "threshold": 0.019642203972299148
      },
      "0.02": {
        "coverage": 0.9796203970961253,
        "volume": 84.84840530133087,
        "wsc": 0.9287275907302143,
        "threshold": 0.009011550296217065
      },
      "0.05": {
        "coverage": 0.950756581824543,
        "volume": 40.27366703242893,
        "wsc": 0.8408395277656319,
        "threshold": 0.004253575447312756
      },
      "0.1": {
        "coverage": 0.895652934487886,
        "volume": 18.76831085006397,
        "wsc": 0.6768692610406646,
        "threshold": 0.0021742597058907473
      }
    }
  },
  "elapsed_s": 12198.188019514084
}