{
  "dataset": "bio",
  "seed": 40,
  "model": "Ridge",
  "split": [
    0.5,
    0.25,
    0.25
  ],
  "alphas": [
    0.01,
    0.02,
    0.05,
    0.1
  ],
  "result": {
    "seed": 40,
    "model": "Ridge",
    "model_rmse": 0.7625812244881542,
    "meta": {
      "n_train": 22865,
      "n_cal": 11432,
      "n_test": 11433,
      "d": 4,
      "p": 6,
      "elapsed": 11831.413188934326
    },
    "Mahal": {
      "params": {},
      "0.01": {
        "coverage": 0.9890667366395521,
        "volume": 424.5779951360534,
        "wsc": 0.9663314385658067,
        "threshold": 19.35560399475321
      },
      "0.02": {
        "coverage": 0.9816321175544477,
        "volume": 216.9187731172755,
        "wsc": 0.944905990380411,
        "threshold": 13.834916961981962
      },
      "0.05": {
        "coverage": 0.9525933700690983,
        "volume": 92.62008568499276,
        "wsc": 0.8535198950590293,
        "threshold": 9.040252823973429
      },
      "0.1": {
        "coverage": 0.9060614012070323,
        "volume": 46.62851235219278,
        "wsc": 0.7289024923480543,
        "threshold": 6.414366445149443
      }
    },
    "Bonferroni": {
      "params": {},
      "0.01": {
        "coverage": 0.9895040671739701,
        "volume": 899.6354593337359,
        "wsc": 0.9698294709226061,
        "threshold": 3.9482383834287305
      },
      "0.02": {
        "coverage": 0.980932388699379,
        "volume": 503.97378265766264,
        "wsc": 0.939658941845212,
        "threshold": 3.391216285451987
      },
      "0.05": {
        "coverage": 0.9517187090002625,
        "volume": 152.34865009730757,
        "wsc": 0.854831657192829,
        "threshold": 2.5299298695810304
      },
      "0.1": {
        "coverage": 0.904224612962477,
        "volume": 79.62163026983373,
        "wsc": 0.7122868386532576,
        "threshold": 2.1384864447738674
      }
    },
    "Density": {
      "params": {
        "lengthscale": 2.965198521593316
      },
      "0.01": {
        "coverage": 0.9914283215254089,
        "volume": 365.41435344507494,
        "wsc": 0.9641451683428072,
        "threshold": 0.7009918016885088
      },
      "0.02": {
        "coverage": 0.9818945158750984,
        "volume": 215.95699159778925,
        "wsc": 0.9265413205072147,
        "threshold": 0.5714323682194855
      },
      "0.05": {
        "coverage": 0.9538178955654684,
        "volume": 95.41251225072254,
        "wsc": 0.854831657192829,
        "threshold": 0.4133572832200926
      },
      "0.1": {
        "coverage": 0.904661943496895,
        "volume": 54.26725638502634,
        "wsc": 0.7267162221250547,
        "threshold": 0.31345801175318583
      }
    },
    "Kernel": {
      "params": {
        "lengthscale": 2.965198521593316,
        "gamma": 0.536959870220717
      },
      "0.01": {
        "coverage": 0.9909035248841074,
        "volume": 191.26983807837152,
        "wsc": 0.9632706602536073,
        "threshold": 0.020204010535704257
      },
      "0.02": {
        "coverage": 0.9825067786232835,
        "volume": 94.30047830840643,
        "wsc": 0.940096195889812,
        "threshold": 0.009351773659562239
      },
      "0.05": {
        "coverage": 0.9543426922067699,
        "volume": 45.59339163496065,
        "wsc": 0.854831657192829,
        "threshold": 0.004313067315589957
      },
      "0.1": {
        "coverage": 0.9053616723519636,
        "volume": 23.130306000175164,
        "wsc": 0.7070397901180586,
        "threshold": 0.002256635972733222
      }
    }
  },
  "elapsed_s": 11831.415692090988
}