{
  "dataset": "bio",
  "seed": 34,
  "model": "MLP",
  "split": [
    0.5,
    0.25,
    0.25
  ],
  "alphas": [
    0.01,
    0.02,
    0.05,
    0.1
  ],
  "result": {
    "seed": 34,
    "model": "MLP",
    "model_rmse": 0.6835404749436994,
    "meta": {
      "n_train": 22865,
      "n_cal": 11432,
      "n_test": 11433,
      "d": 4,
      "p": 6,
      "elapsed": 11806.001119375229
    },
    "Mahal": {
      "params": {},
      "0.01": {
        "coverage": 0.9906411265634567,
        "volume": 389.7513291524305,
        "wsc": 0.9772528433945756,
        "threshold": 19.90618233396182
      },
      "0.02": {
        "coverage": 0.9811947870200297,
        "volume": 179.46166721911416,
        "wsc": 0.9510275470048098,
        "threshold": 13.507657008134588
      },
      "0.05": {
        "coverage": 0.9526808361759818,
        "volume": 85.64906058393676,
        "wsc": 0.8784433756012243,
        "threshold": 9.331586308413684
      },
      "0.1": {
        "coverage": 0.9009009009009009,
        "volume": 42.100821900679065,
        "wsc": 0.7603847835592479,
        "threshold": 6.542435691123942
      }
    },
    "Bonferroni": {
      "params": {},
      "0.01": {
        "coverage": 0.9913408554185253,
        "volume": 879.2135225939613,
        "wsc": 0.979886313948404,
        "threshold": 4.053834586201078
      },
      "0.02": {
        "coverage": 0.9805825242718447,
        "volume": 352.6493708714016,
        "wsc": 0.9505902929602099,
        "threshold": 3.2309901925705073
      },
      "0.05": {
        "coverage": 0.9487448613662206,
        "volume": 145.39757660073732,
        "wsc": 0.8758198513336248,
        "threshold": 2.611836876905799
      },
      "0.1": {
        "coverage": 0.9013382314353188,
        "volume": 70.69053447991648,
        "wsc": 0.7665063401836467,
        "threshold": 2.16914334671655
      }
    },
    "Density": {
      "params": {
        "lengthscale": 2.506083332443028
      },
      "0.01": {
        "coverage": 0.9914283215254089,
        "volume": 289.79102629124856,
        "wsc": 0.9667686926104067,
        "threshold": 0.8244178879358808
      },
      "0.02": {
        "coverage": 0.9833814396921193,
        "volume": 161.66443254639992,
        "wsc": 0.9453432444250109,
        "threshold": 0.6614056136983328
      },
      "0.05": {
        "coverage": 0.9531181667103997,
        "volume": 74.5062167387756,
        "wsc": 0.8801923917796239,
        "threshold": 0.48626116164124544
      },
      "0.1": {
        "coverage": 0.8996763754045307,
        "volume": 38.3576479706365,
        "wsc": 0.7708788806296458,
        "threshold": 0.35616113773018804
      }
    },
    "Kernel": {
      "params": {
        "lengthscale": 2.506083332443028,
        "gamma": 0.4510947146177008
      },
      "0.01": {
        "coverage": 0.9902912621359223,
        "volume": 148.6107827134608,
        "wsc": 0.9575863576738085,
        "threshold": 0.022200884591410754
      },
      "0.02": {
        "coverage": 0.980932388699379,
        "volume": 82.13758125649386,
        "wsc": 0.930039352864014,
        "threshold": 0.011238716347997987
      },
      "0.05": {
        "coverage": 0.9511064462520773,
        "volume": 34.54196571177737,
        "wsc": 0.8535198950590293,
        "threshold": 0.004599496889779802
      },
      "0.1": {
        "coverage": 0.9030000874661069,
        "volume": 17.270982855888686,
        "wsc": 0.735024048972453,
        "threshold": 0.002223349005012273
      }
    }
  },
  "elapsed_s": 11806.003291130066
}