{
  "dataset": "bio",
  "seed": 17,
  "model": "MLP",
  "split": [
    0.5,
    0.25,
    0.25
  ],
  "alphas": [
    0.01,
    0.02,
    0.05,
    0.1
  ],
  "result": {
    "seed": 17,
    "model": "MLP",
    "model_rmse": 0.5900018841293806,
    "meta": {
      "n_train": 22865,
      "n_cal": 11432,
      "n_test": 11433,
      "d": 4,
      "p": 6,
      "elapsed": 12369.86249923706
    },
    "Mahal": {
      "params": {},
      "0.01": {
        "coverage": 0.993090177556197,
        "volume": 376.31126202780337,
        "wsc": 0.9807608220376038,
        "threshold": 24.186366131807706
      },
      "0.02": {
        "coverage": 0.9823318464095163,
        "volume": 130.0045813609849,
        "wsc": 0.9532138172278094,
        "threshold": 14.215964934384441
      },
      "0.05": {
        "coverage": 0.9522435056415639,
        "volume": 62.086713031974526,
        "wsc": 0.8745080891998251,
        "threshold": 9.824180860347342
      },
      "0.1": {
        "coverage": 0.89941397708388,
        "volume": 29.642046305189627,
        "wsc": 0.7616965456930477,
        "threshold": 6.788144922980227
      }
    },
    "Bonferroni": {
      "params": {},
      "0.01": {
        "coverage": 0.9917781859529432,
        "volume": 675.0493460853113,
        "wsc": 0.9781372977700044,
        "threshold": 4.230144448967093
      },
      "0.02": {
        "coverage": 0.9806699903787283,
        "volume": 269.47930591542445,
        "wsc": 0.9470922606034106,
        "threshold": 3.359124973674934
      },
      "0.05": {
        "coverage": 0.9510189801451937,
        "volume": 107.7180270227107,
        "wsc": 0.8758198513336248,
        "threshold": 2.680857557735038
      },
      "0.1": {
        "coverage": 0.9012507653284352,
        "volume": 48.14762439327548,
        "wsc": 0.7721906427634455,
        "threshold": 2.1920920994523363
      }
    },
    "Density": {
      "params": {
        "lengthscale": 2.4816732956431777
      },
      "0.01": {
        "coverage": 0.9918656520598268,
        "volume": 276.48036354403854,
        "wsc": 0.9698294709226061,
        "threshold": 0.8227340809735344
      },
      "0.02": {
        "coverage": 0.9828566430508178,
        "volume": 154.3917445468043,
        "wsc": 0.9453432444250109,
        "threshold": 0.6691585932877552
      },
      "0.05": {
        "coverage": 0.952855768389749,
        "volume": 77.5029362044817,
        "wsc": 0.8815041539134237,
        "threshold": 0.4963795091551329
      },
      "0.1": {
        "coverage": 0.9016880958628531,
        "volume": 35.74224157766113,
        "wsc": 0.7730651508526454,
        "threshold": 0.35921504150245565
      }
    },
    "Kernel": {
      "params": {
        "lengthscale": 2.4816732956431777,
        "gamma": 0.3659214626634557
      },
      "0.01": {
        "coverage": 0.9911659232047582,
        "volume": 124.29947930100711,
        "wsc": 0.9637079142982072,
        "threshold": 0.01812814520868138
      },
      "0.02": {
        "coverage": 0.9818070497682149,
        "volume": 68.41384384452664,
        "wsc": 0.9357236554438129,
        "threshold": 0.009374013713405849
      },
      "0.05": {
        "coverage": 0.9534680311379341,
        "volume": 29.846614100933525,
        "wsc": 0.8592041976388282,
        "threshold": 0.003954993949335573
      },
      "0.1": {
        "coverage": 0.9040496807487098,
        "volume": 14.370591974523547,
        "wsc": 0.7411456055968517,
        "threshold": 0.001892379615410717
      }
    }
  },
  "elapsed_s": 12369.866969347
}