{
  "dataset": "bio",
  "seed": 14,
  "model": "Ridge",
  "split": [
    0.5,
    0.25,
    0.25
  ],
  "alphas": [
    0.01,
    0.02,
    0.05,
    0.1
  ],
  "result": {
    "seed": 14,
    "model": "Ridge",
    "model_rmse": 0.7984837154027481,
    "meta": {
      "n_train": 22865,
      "n_cal": 11432,
      "n_test": 11433,
      "d": 4,
      "p": 6,
      "elapsed": 12357.259745836258
    },
    "Mahal": {
      "params": {},
      "0.01": {
        "coverage": 0.9876672789294149,
        "volume": 346.9151953338058,
        "wsc": 0.9567118495846086,
        "threshold": 20.56577721022468
      },
      "0.02": {
        "coverage": 0.9778710749584536,
        "volume": 157.57823046994358,
        "wsc": 0.9252295583734149,
        "threshold": 13.860585460555939
      },
      "0.05": {
        "coverage": 0.949269658007522,
        "volume": 72.0666876515848,
        "wsc": 0.8377787494534324,
        "threshold": 9.373477602280184
      },
      "0.1": {
        "coverage": 0.8981894515875098,
        "volume": 35.908709962597094,
        "wsc": 0.7017927415828596,
        "threshold": 6.616576938376796
      }
    },
    "Bonferroni": {
      "params": {},
      "0.01": {
        "coverage": 0.9875798128225313,
        "volume": 688.2419908730548,
        "wsc": 0.9575863576738085,
        "threshold": 3.995853027408879
      },
      "0.02": {
        "coverage": 0.97778360885157,
        "volume": 372.70433544835623,
        "wsc": 0.9269785745518146,
        "threshold": 3.4132003751690667
      },
      "0.05": {
        "coverage": 0.9478702002973848,
        "volume": 117.1356482837691,
        "wsc": 0.8456493222562309,
        "threshold": 2.560880480112435
      },
      "0.1": {
        "coverage": 0.8975771888393248,
        "volume": 60.809654731047594,
        "wsc": 0.6891123742894621,
        "threshold": 2.1634485812509214
      }
    },
    "Density": {
      "params": {
        "lengthscale": 2.9270219311616663
      },
      "0.01": {
        "coverage": 0.9864427534330447,
        "volume": 301.52621424242955,
        "wsc": 0.9435942282466113,
        "threshold": 0.6647905700604974
      },
      "0.02": {
        "coverage": 0.9774337444240356,
        "volume": 203.16589714290095,
        "wsc": 0.9116746829908177,
        "threshold": 0.5644906509139114
      },
      "0.05": {
        "coverage": 0.94970698854194,
        "volume": 95.13768562760671,
        "wsc": 0.8360297332750328,
        "threshold": 0.41123226326062867
      },
      "0.1": {
        "coverage": 0.8981894515875098,
        "volume": 48.89992972611891,
        "wsc": 0.7004809794490598,
        "threshold": 0.3131422154980448
      }
    },
    "Kernel": {
      "params": {
        "lengthscale": 2.9270219311616663,
        "gamma": 0.5818846232599245
      },
      "0.01": {
        "coverage": 0.9859179567917432,
        "volume": 146.139331531066,
        "wsc": 0.9440314822912111,
        "threshold": 0.017247166322509888
      },
      "0.02": {
        "coverage": 0.9763841511414327,
        "volume": 78.32395620888389,
        "wsc": 0.9138609532138172,
        "threshold": 0.009109646561186346
      },
      "0.05": {
        "coverage": 0.9478702002973848,
        "volume": 39.23203531035329,
        "wsc": 0.8294709226060341,
        "threshold": 0.004454745680354657
      },
      "0.1": {
        "coverage": 0.9036998163211756,
        "volume": 22.41830589163045,
        "wsc": 0.6956711849584609,
        "threshold": 0.002468178300541142
      }
    }
  },
  "elapsed_s": 12357.26278758049
}