{
  "dataset": "blog_data",
  "seed": 38,
  "model": "Ridge",
  "split": [
    0.5,
    0.25,
    0.25
  ],
  "alphas": [
    0.01,
    0.02,
    0.05,
    0.1
  ],
  "result": {
    "seed": 38,
    "model": "Ridge",
    "model_rmse": 0.6922275629189545,
    "meta": {
      "n_train": 26198,
      "n_cal": 13099,
      "n_test": 13100,
      "d": 4,
      "p": 277,
      "elapsed": 30686.795175552368
    },
    "Mahal": {
      "params": {},
      "0.01": {
        "coverage": 0.9900763358778626,
        "volume": 1054.090666900295,
        "wsc": 0.9648854961832061,
        "threshold": 32.76559829185574
      },
      "0.02": {
        "coverage": 0.9799236641221374,
        "volume": 210.55148367575143,
        "wsc": 0.9309160305343511,
        "threshold": 14.643951150885679
      },
      "0.05": {
        "coverage": 0.9517557251908397,
        "volume": 38.992824417191144,
        "wsc": 0.851145038167939,
        "threshold": 6.301899392302911
      },
      "0.1": {
        "coverage": 0.8934351145038167,
        "volume": 15.079400532212812,
        "wsc": 0.75,
        "threshold": 3.9189629431891526
      }
    },
    "Bonferroni": {
      "params": {},
      "0.01": {
        "coverage": 0.9902290076335878,
        "volume": 2545.717516783911,
        "wsc": 0.966030534351145,
        "threshold": 5.609668632345769
      },
      "0.02": {
        "coverage": 0.9795419847328244,
        "volume": 546.6509401244448,
        "wsc": 0.9297709923664123,
        "threshold": 3.6272784458952185
      },
      "0.05": {
        "coverage": 0.9504580152671755,
        "volume": 82.08314429397294,
        "wsc": 0.8538167938931298,
        "threshold": 2.2116655571532298
      },
      "0.1": {
        "coverage": 0.8976335877862596,
        "volume": 31.921222780989478,
        "wsc": 0.7652671755725191,
        "threshold": 1.807224751602422
      }
    },
    "Density": {
      "params": {
        "lengthscale": 2.4772010917928773
      },
      "0.01": {
        "coverage": 0.9904580152671756,
        "volume": 1512.8379510847515,
        "wsc": 0.9648854961832061,
        "threshold": 1.369387552680198
      },
      "0.02": {
        "coverage": 0.9790076335877863,
        "volume": 371.0842148290027,
        "wsc": 0.9232824427480916,
        "threshold": 0.8950990777817452
      },
      "0.05": {
        "coverage": 0.952824427480916,
        "volume": 68.40262024497746,
        "wsc": 0.8645038167938931,
        "threshold": 0.4697184289157429
      },
      "0.1": {
        "coverage": 0.8977862595419848,
        "volume": 31.351200945614664,
        "wsc": 0.7763358778625954,
        "threshold": 0.3383552082840073
      }
    },
    "Kernel": {
      "params": {
        "lengthscale": 2.4772010917928773,
        "gamma": 0.9978569130305455
      },
      "0.01": {
        "coverage": 0.9898473282442748,
        "volume": 190.38729301518725,
        "wsc": 0.9629770992366412,
        "threshold": 0.06052296515358281
      },
      "0.02": {
        "coverage": 0.9790076335877863,
        "volume": 61.56235822047971,
        "wsc": 0.9255725190839694,
        "threshold": 0.0244289705977285
      },
      "0.05": {
        "coverage": 0.9511450381679389,
        "volume": 16.53063322586955,
        "wsc": 0.850381679389313,
        "threshold": 0.007306491570558358
      },
      "0.1": {
        "coverage": 0.8994656488549618,
        "volume": 5.700218353748121,
        "wsc": 0.7343511450381679,
        "threshold": 0.0028195319358947217
      }
    }
  },
  "elapsed_s": 30686.79872560501
}