{
  "dataset": "blog_data",
  "seed": 28,
  "model": "MLP",
  "split": [
    0.5,
    0.25,
    0.25
  ],
  "alphas": [
    0.01,
    0.02,
    0.05,
    0.1
  ],
  "result": {
    "seed": 28,
    "model": "MLP",
    "model_rmse": 0.7154702400125469,
    "meta": {
      "n_train": 26198,
      "n_cal": 13099,
      "n_test": 13100,
      "d": 4,
      "p": 277,
      "elapsed": 31524.294298887253
    },
    "Mahal": {
      "params": {},
      "0.01": {
        "coverage": 0.9900763358778626,
        "volume": 457.5218614617706,
        "wsc": 0.9645038167938931,
        "threshold": 34.351805272186716
      },
      "0.02": {
        "coverage": 0.9801526717557252,
        "volume": 117.46316559151849,
        "wsc": 0.9381679389312977,
        "threshold": 17.40582009445133
      },
      "0.05": {
        "coverage": 0.9489312977099237,
        "volume": 21.733637589973338,
        "wsc": 0.8580152671755725,
        "threshold": 7.487034777402072
      },
      "0.1": {
        "coverage": 0.8993129770992366,
        "volume": 6.31608915472874,
        "wsc": 0.7473282442748092,
        "threshold": 4.036154347366516
      }
    },
    "Bonferroni": {
      "params": {},
      "0.01": {
        "coverage": 0.9905343511450382,
        "volume": 1218.3645460930281,
        "wsc": 0.9675572519083969,
        "threshold": 5.2972370466746685
      },
      "0.02": {
        "coverage": 0.9791603053435115,
        "volume": 270.06569283674173,
        "wsc": 0.934351145038168,
        "threshold": 3.59871151692159
      },
      "0.05": {
        "coverage": 0.9497709923664122,
        "volume": 39.89606825997321,
        "wsc": 0.8660305343511451,
        "threshold": 2.347334079622548
      },
      "0.1": {
        "coverage": 0.8997709923664122,
        "volume": 6.137856655380494,
        "wsc": 0.7587786259541984,
        "threshold": 1.6666997047862202
      }
    },
    "Density": {
      "params": {
        "lengthscale": 1.2900895008735245
      },
      "0.01": {
        "coverage": 0.9901526717557252,
        "volume": 874.6445733917204,
        "wsc": 0.9614503816793893,
        "threshold": 1.756647641150765
      },
      "0.02": {
        "coverage": 0.9793893129770992,
        "volume": 135.03284641837087,
        "wsc": 0.9286259541984733,
        "threshold": 1.4198952865819607
      },
      "0.05": {
        "coverage": 0.9491603053435115,
        "volume": 12.275713310760988,
        "wsc": 0.8519083969465648,
        "threshold": 0.7574216599732526
      },
      "0.1": {
        "coverage": 0.8983206106870228,
        "volume": 3.068928327690247,
        "wsc": 0.7374045801526717,
        "threshold": 0.4479484000711828
      }
    },
    "Kernel": {
      "params": {
        "lengthscale": 1.2900895008735245,
        "gamma": 0.8178340212654651
      },
      "0.01": {
        "coverage": 0.9878625954198473,
        "volume": 85.92999317532691,
        "wsc": 0.9564885496183206,
        "threshold": 0.12320730789128123
      },
      "0.02": {
        "coverage": 0.9797709923664122,
        "volume": 30.689283276902472,
        "wsc": 0.9259541984732824,
        "threshold": 0.061637203542641725
      },
      "0.05": {
        "coverage": 0.9470992366412214,
        "volume": 3.068928327690247,
        "wsc": 0.8477099236641221,
        "threshold": 0.015184557182048248
      },
      "0.1": {
        "coverage": 0.8985496183206106,
        "volume": 3.068928327690247,
        "wsc": 0.7270992366412213,
        "threshold": 0.005218588872494037
      }
    }
  },
  "elapsed_s": 31524.29742884636
}