{
  "dataset": "blog_data",
  "seed": 11,
  "model": "Ridge",
  "split": [
    0.5,
    0.25,
    0.25
  ],
  "alphas": [
    0.01,
    0.02,
    0.05,
    0.1
  ],
  "result": {
    "seed": 11,
    "model": "Ridge",
    "model_rmse": 0.7340567931654034,
    "meta": {
      "n_train": 26198,
      "n_cal": 13099,
      "n_test": 13100,
      "d": 4,
      "p": 277,
      "elapsed": 31665.331874608994
    },
    "Mahal": {
      "params": {},
      "0.01": {
        "coverage": 0.9896946564885496,
        "volume": 1553.6673729288993,
        "wsc": 0.9629770992366412,
        "threshold": 32.80570999756922
      },
      "0.02": {
        "coverage": 0.9810687022900764,
        "volume": 380.5256963574845,
        "wsc": 0.934732824427481,
        "threshold": 16.235378327193555
      },
      "0.05": {
        "coverage": 0.9487022900763359,
        "volume": 68.09387003384349,
        "wsc": 0.8461832061068703,
        "threshold": 6.8679073431508035
      },
      "0.1": {
        "coverage": 0.8961068702290076,
        "volume": 25.036835604599094,
        "wsc": 0.751145038167939,
        "threshold": 4.164473831656446
      }
    },
    "Bonferroni": {
      "params": {},
      "0.01": {
        "coverage": 0.989618320610687,
        "volume": 3564.1322771992022,
        "wsc": 0.9622137404580152,
        "threshold": 5.6139236530532495
      },
      "0.02": {
        "coverage": 0.980763358778626,
        "volume": 909.962621620563,
        "wsc": 0.934732824427481,
        "threshold": 3.7478162548484373
      },
      "0.05": {
        "coverage": 0.95,
        "volume": 120.96992015635254,
        "wsc": 0.8492366412213741,
        "threshold": 2.3407187294138927
      },
      "0.1": {
        "coverage": 0.8976335877862596,
        "volume": 51.972261993099615,
        "wsc": 0.7702290076335878,
        "threshold": 1.8544786180076915
      }
    },
    "Density": {
      "params": {
        "lengthscale": 2.43280839810035
      },
      "0.01": {
        "coverage": 0.9914503816793893,
        "volume": 1952.0960819304744,
        "wsc": 0.966793893129771,
        "threshold": 1.4958227244084912
      },
      "0.02": {
        "coverage": 0.9812213740458016,
        "volume": 399.2007365159634,
        "wsc": 0.9301526717557251,
        "threshold": 0.9672128216119915
      },
      "0.05": {
        "coverage": 0.9516793893129771,
        "volume": 62.27710704345557,
        "wsc": 0.8625954198473282,
        "threshold": 0.4775367213163736
      },
      "0.1": {
        "coverage": 0.8940458015267175,
        "volume": 27.778277961829104,
        "wsc": 0.7717557251908397,
        "threshold": 0.3425940405047145
      }
    },
    "Kernel": {
      "params": {
        "lengthscale": 2.43280839810035,
        "gamma": 0.9142671759984872
      },
      "0.01": {
        "coverage": 0.9898473282442748,
        "volume": 192.65579876752443,
        "wsc": 0.9633587786259542,
        "threshold": 0.06029864509590115
      },
      "0.02": {
        "coverage": 0.980763358778626,
        "volume": 64.06925400873487,
        "wsc": 0.9316793893129771,
        "threshold": 0.02603631533057804
      },
      "0.05": {
        "coverage": 0.9508396946564885,
        "volume": 17.02539617015332,
        "wsc": 0.850381679389313,
        "threshold": 0.007469874309049565
      },
      "0.1": {
        "coverage": 0.8963358778625954,
        "volume": 4.928404154518067,
        "wsc": 0.7305343511450382,
        "threshold": 0.0026998962007459553
      }
    }
  },
  "elapsed_s": 31665.335026025772
}