{
  "dataset": "blog_data",
  "seed": 46,
  "model": "MLP",
  "split": [
    0.5,
    0.25,
    0.25
  ],
  "alphas": [
    0.01,
    0.02,
    0.05,
    0.1
  ],
  "result": {
    "seed": 46,
    "model": "MLP",
    "model_rmse": 0.4625308826916429,
    "meta": {
      "n_train": 26198,
      "n_cal": 13099,
      "n_test": 13100,
      "d": 4,
      "p": 277,
      "elapsed": 31063.190462589264
    },
    "Mahal": {
      "params": {},
      "0.01": {
        "coverage": 0.9893893129770992,
        "volume": 290.2603816797446,
        "wsc": 0.9629770992366412,
        "threshold": 44.438673488457276
      },
      "0.02": {
        "coverage": 0.9783969465648855,
        "volume": 77.81209602308547,
        "wsc": 0.933587786259542,
        "threshold": 23.00863012366432
      },
      "0.05": {
        "coverage": 0.9483206106870229,
        "volume": 14.974192953628252,
        "wsc": 0.8568702290076335,
        "threshold": 10.09343331585027
      },
      "0.1": {
        "coverage": 0.8994656488549618,
        "volume": 4.393101591373391,
        "wsc": 0.7595419847328244,
        "threshold": 5.467047268714654
      }
    },
    "Bonferroni": {
      "params": {},
      "0.01": {
        "coverage": 0.9898473282442748,
        "volume": 809.7629631677439,
        "wsc": 0.966793893129771,
        "threshold": 6.395419954840074
      },
      "0.02": {
        "coverage": 0.979236641221374,
        "volume": 196.2982183145873,
        "wsc": 0.9354961832061068,
        "threshold": 4.473410586006472
      },
      "0.05": {
        "coverage": 0.9469465648854962,
        "volume": 32.340118342280235,
        "wsc": 0.8576335877862595,
        "threshold": 2.8438741188072965
      },
      "0.1": {
        "coverage": 0.898473282442748,
        "volume": 10.027536693791435,
        "wsc": 0.766412213740458,
        "threshold": 2.0770101252703945
      }
    },
    "Density": {
      "params": {
        "lengthscale": 1.147607377071854
      },
      "0.01": {
        "coverage": 0.989618320610687,
        "volume": 756.6327687482835,
        "wsc": 0.9595419847328245,
        "threshold": 1.7713510189002233
      },
      "0.02": {
        "coverage": 0.9777862595419847,
        "volume": 120.59294128606768,
        "wsc": 0.9236641221374046,
        "threshold": 1.4879175387890393
      },
      "0.05": {
        "coverage": 0.9485496183206107,
        "volume": 17.955065703019216,
        "wsc": 0.851145038167939,
        "threshold": 0.8774291017985001
      },
      "0.1": {
        "coverage": 0.9015267175572519,
        "volume": 4.462516329697759,
        "wsc": 0.7484732824427481,
        "threshold": 0.4937567178375549
      }
    },
    "Kernel": {
      "params": {
        "lengthscale": 1.147607377071854,
        "gamma": 0.975065906297569
      },
      "0.01": {
        "coverage": 0.9877862595419847,
        "volume": 69.30025359060049,
        "wsc": 0.9564885496183206,
        "threshold": 0.16586050382394993
      },
      "0.02": {
        "coverage": 0.9784732824427481,
        "volume": 27.457600475669743,
        "wsc": 0.9267175572519084,
        "threshold": 0.07764344586429511
      },
      "0.05": {
        "coverage": 0.9466412213740458,
        "volume": 6.825024974831867,
        "wsc": 0.8427480916030534,
        "threshold": 0.020324377168946476
      },
      "0.1": {
        "coverage": 0.9000763358778626,
        "volume": 1.7325063397650122,
        "wsc": 0.7393129770992366,
        "threshold": 0.006090624909282728
      }
    }
  },
  "elapsed_s": 31063.193781852722
}