{
  "dataset": "blog_data",
  "seed": 19,
  "model": "Ridge",
  "split": [
    0.5,
    0.25,
    0.25
  ],
  "alphas": [
    0.01,
    0.02,
    0.05,
    0.1
  ],
  "result": {
    "seed": 19,
    "model": "Ridge",
    "model_rmse": 0.7066151407017635,
    "meta": {
      "n_train": 26198,
      "n_cal": 13099,
      "n_test": 13100,
      "d": 4,
      "p": 277,
      "elapsed": 31586.596123456955
    },
    "Mahal": {
      "params": {},
      "0.01": {
        "coverage": 0.9918320610687023,
        "volume": 1500.7618180745326,
        "wsc": 0.9698473282442748,
        "threshold": 42.96446214546608
      },
      "0.02": {
        "coverage": 0.9819847328244274,
        "volume": 269.5339897340551,
        "wsc": 0.9389312977099237,
        "threshold": 18.207916931612655
      },
      "0.05": {
        "coverage": 0.9511450381679389,
        "volume": 43.88024734716686,
        "wsc": 0.851526717557252,
        "threshold": 7.346627614398499
      },
      "0.1": {
        "coverage": 0.9017557251908397,
        "volume": 15.755199359727806,
        "wsc": 0.7576335877862596,
        "threshold": 4.402156164356107
      }
    },
    "Bonferroni": {
      "params": {},
      "0.01": {
        "coverage": 0.9919847328244275,
        "volume": 3104.360213493788,
        "wsc": 0.9702290076335878,
        "threshold": 6.452387095603196
      },
      "0.02": {
        "coverage": 0.981679389312977,
        "volume": 654.7203178997732,
        "wsc": 0.9377862595419847,
        "threshold": 4.024399013248496
      },
      "0.05": {
        "coverage": 0.952442748091603,
        "volume": 95.92124255177434,
        "wsc": 0.8553435114503817,
        "threshold": 2.448004148961521
      },
      "0.1": {
        "coverage": 0.8987786259541984,
        "volume": 36.12618225975917,
        "wsc": 0.766412213740458,
        "threshold": 1.8880700469424163
      }
    },
    "Density": {
      "params": {
        "lengthscale": 2.5044745973010656
      },
      "0.01": {
        "coverage": 0.9925954198473282,
        "volume": 1881.5868228198701,
        "wsc": 0.9721374045801526,
        "threshold": 1.4628259678300526
      },
      "0.02": {
        "coverage": 0.9823664122137404,
        "volume": 447.92906772322084,
        "wsc": 0.934351145038168,
        "threshold": 0.9513207023689222
      },
      "0.05": {
        "coverage": 0.9482442748091603,
        "volume": 68.69313474023173,
        "wsc": 0.8599236641221374,
        "threshold": 0.453021433281033
      },
      "0.1": {
        "coverage": 0.8958015267175573,
        "volume": 34.524528859080185,
        "wsc": 0.7774809160305344,
        "threshold": 0.3333622947196797
      }
    },
    "Kernel": {
      "params": {
        "lengthscale": 2.5044745973010656,
        "gamma": 0.8788617038256236
      },
      "0.01": {
        "coverage": 0.9909160305343512,
        "volume": 191.48656212562,
        "wsc": 0.9645038167938931,
        "threshold": 0.0555724203425865
      },
      "0.02": {
        "coverage": 0.9819847328244274,
        "volume": 71.00663409676802,
        "wsc": 0.9377862595419847,
        "threshold": 0.024437586529779017
      },
      "0.05": {
        "coverage": 0.95,
        "volume": 14.236919117146469,
        "wsc": 0.8450381679389313,
        "threshold": 0.006464499208261548
      },
      "0.1": {
        "coverage": 0.9011450381679389,
        "volume": 4.449037224108271,
        "wsc": 0.7454198473282443,
        "threshold": 0.002548749708498888
      }
    }
  },
  "elapsed_s": 31586.59930896759
}