{
  "dataset": "blog_data",
  "seed": 10,
  "model": "MLP",
  "split": [
    0.5,
    0.25,
    0.25
  ],
  "alphas": [
    0.01,
    0.02,
    0.05,
    0.1
  ],
  "result": {
    "seed": 10,
    "model": "MLP",
    "model_rmse": 0.5296495796156853,
    "meta": {
      "n_train": 26198,
      "n_cal": 13099,
      "n_test": 13100,
      "d": 4,
      "p": 277,
      "elapsed": 31628.401788949966
    },
    "Mahal": {
      "params": {},
      "0.01": {
        "coverage": 0.9884732824427481,
        "volume": 404.13130005481105,
        "wsc": 0.9606870229007634,
        "threshold": 44.74309344851524
      },
      "0.02": {
        "coverage": 0.9783206106870229,
        "volume": 128.68831736286094,
        "wsc": 0.934732824427481,
        "threshold": 25.248426879187004
      },
      "0.05": {
        "coverage": 0.9501526717557252,
        "volume": 25.73998432210737,
        "wsc": 0.8698473282442748,
        "threshold": 11.291948846962724
      },
      "0.1": {
        "coverage": 0.8977862595419848,
        "volume": 7.329632197871205,
        "wsc": 0.7427480916030534,
        "threshold": 6.025677084988374
      }
    },
    "Bonferroni": {
      "params": {},
      "0.01": {
        "coverage": 0.9882442748091603,
        "volume": 995.6961256550222,
        "wsc": 0.9603053435114504,
        "threshold": 6.270674615354589
      },
      "0.02": {
        "coverage": 0.9787786259541985,
        "volume": 297.58153202975774,
        "wsc": 0.9389312977099237,
        "threshold": 4.6627715354816095
      },
      "0.05": {
        "coverage": 0.9506870229007633,
        "volume": 47.80862586694418,
        "wsc": 0.8729007633587786,
        "threshold": 2.94715167261904
      },
      "0.1": {
        "coverage": 0.8989312977099236,
        "volume": 12.359616346283866,
        "wsc": 0.7557251908396947,
        "threshold": 2.097514099820025
      }
    },
    "Density": {
      "params": {
        "lengthscale": 1.3808799214760106
      },
      "0.01": {
        "coverage": 0.9879389312977099,
        "volume": 899.3997741218876,
        "wsc": 0.9538167938931298,
        "threshold": 1.741178172943404
      },
      "0.02": {
        "coverage": 0.9796946564885496,
        "volume": 201.42100045647226,
        "wsc": 0.9309160305343511,
        "threshold": 1.4504375329733894
      },
      "0.05": {
        "coverage": 0.9504580152671755,
        "volume": 26.484892170608287,
        "wsc": 0.8599236641221374,
        "threshold": 0.8236210494953408
      },
      "0.1": {
        "coverage": 0.8951145038167939,
        "volume": 5.84025827351875,
        "wsc": 0.7278625954198473,
        "threshold": 0.47294788119428227
      }
    },
    "Kernel": {
      "params": {
        "lengthscale": 1.3808799214760106,
        "gamma": 0.9519506244975469
      },
      "0.01": {
        "coverage": 0.9870992366412213,
        "volume": 125.90510278027631,
        "wsc": 0.9564885496183206,
        "threshold": 0.14528667737218634
      },
      "0.02": {
        "coverage": 0.9781679389312977,
        "volume": 54.8712637791064,
        "wsc": 0.9263358778625954,
        "threshold": 0.07325190513121829
      },
      "0.05": {
        "coverage": 0.947175572519084,
        "volume": 12.359616346283866,
        "wsc": 0.8461832061068703,
        "threshold": 0.019424479069138377
      },
      "0.1": {
        "coverage": 0.8965648854961832,
        "volume": 4.074598795478198,
        "wsc": 0.7236641221374046,
        "threshold": 0.006788385870221298
      }
    }
  },
  "elapsed_s": 31628.405032873154
}