{
  "dataset": "blog_data",
  "seed": 40,
  "model": "MLP",
  "split": [
    0.5,
    0.25,
    0.25
  ],
  "alphas": [
    0.01,
    0.02,
    0.05,
    0.1
  ],
  "result": {
    "seed": 40,
    "model": "MLP",
    "model_rmse": 0.5754324529950211,
    "meta": {
      "n_train": 26198,
      "n_cal": 13099,
      "n_test": 13100,
      "d": 4,
      "p": 277,
      "elapsed": 30994.842033863068
    },
    "Mahal": {
      "params": {},
      "0.01": {
        "coverage": 0.9893129770992366,
        "volume": 553.7041993380466,
        "wsc": 0.9633587786259542,
        "threshold": 38.92467934310476
      },
      "0.02": {
        "coverage": 0.9796946564885496,
        "volume": 162.9559682353392,
        "wsc": 0.9396946564885497,
        "threshold": 21.11646760496802
      },
      "0.05": {
        "coverage": 0.953587786259542,
        "volume": 30.545699303387426,
        "wsc": 0.8767175572519084,
        "threshold": 9.14242004810734
      },
      "0.1": {
        "coverage": 0.9017557251908397,
        "volume": 8.89315262194576,
        "wsc": 0.7591603053435114,
        "threshold": 4.933032852912264
      }
    },
    "Bonferroni": {
      "params": {},
      "0.01": {
        "coverage": 0.9887786259541985,
        "volume": 1390.2091933428212,
        "wsc": 0.9637404580152672,
        "threshold": 5.854975707042535
      },
      "0.02": {
        "coverage": 0.9798473282442748,
        "volume": 373.3562324159292,
        "wsc": 0.9393129770992367,
        "threshold": 4.2268165563718165
      },
      "0.05": {
        "coverage": 0.9525190839694656,
        "volume": 61.92944179253735,
        "wsc": 0.8770992366412214,
        "threshold": 2.710705955867199
      },
      "0.1": {
        "coverage": 0.9029770992366413,
        "volume": 17.083983942768924,
        "wsc": 0.7748091603053435,
        "threshold": 1.9652953667773279
      }
    },
    "Density": {
      "params": {
        "lengthscale": 1.2928826291730888
      },
      "0.01": {
        "coverage": 0.9877862595419847,
        "volume": 805.7945759672675,
        "wsc": 0.9561068702290076,
        "threshold": 1.7509166636690325
      },
      "0.02": {
        "coverage": 0.9793893129770992,
        "volume": 171.55167209197128,
        "wsc": 0.9282442748091603,
        "threshold": 1.4762755657800029
      },
      "0.05": {
        "coverage": 0.9516030534351145,
        "volume": 23.13456158916625,
        "wsc": 0.8618320610687022,
        "threshold": 0.8167723617002705
      },
      "0.1": {
        "coverage": 0.9008396946564885,
        "volume": 5.694661314256308,
        "wsc": 0.7423664122137404,
        "threshold": 0.46380933187754614
      }
    },
    "Kernel": {
      "params": {
        "lengthscale": 1.2928826291730888,
        "gamma": 0.9953755223940108
      },
      "0.01": {
        "coverage": 0.9877099236641221,
        "volume": 111.40181196013903,
        "wsc": 0.9564885496183206,
        "threshold": 0.1596950815968001
      },
      "0.02": {
        "coverage": 0.9783969465648855,
        "volume": 49.11645383546065,
        "wsc": 0.9267175572519084,
        "threshold": 0.0795853053382381
      },
      "0.05": {
        "coverage": 0.9512213740458015,
        "volume": 12.101155292794655,
        "wsc": 0.8545801526717557,
        "threshold": 0.020457530584081514
      },
      "0.1": {
        "coverage": 0.9006106870229008,
        "volume": 4.270995985692231,
        "wsc": 0.733969465648855,
        "threshold": 0.006491697496687064
      }
    }
  },
  "elapsed_s": 30994.84547662735
}