{
  "dataset": "blog_data",
  "seed": 35,
  "model": "MLP",
  "split": [
    0.5,
    0.25,
    0.25
  ],
  "alphas": [
    0.01,
    0.02,
    0.05,
    0.1
  ],
  "result": {
    "seed": 35,
    "model": "MLP",
    "model_rmse": 0.5587965160412139,
    "meta": {
      "n_train": 26198,
      "n_cal": 13099,
      "n_test": 13100,
      "d": 4,
      "p": 277,
      "elapsed": 30863.749035596848
    },
    "Mahal": {
      "params": {},
      "0.01": {
        "coverage": 0.9901526717557252,
        "volume": 602.3285569631897,
        "wsc": 0.9652671755725191,
        "threshold": 38.034455740818046
      },
      "0.02": {
        "coverage": 0.9789312977099237,
        "volume": 174.49947696387832,
        "wsc": 0.9351145038167938,
        "threshold": 20.47187135743398
      },
      "0.05": {
        "coverage": 0.9481679389312977,
        "volume": 31.355117412357675,
        "wsc": 0.8641221374045801,
        "threshold": 8.677901069491805
      },
      "0.1": {
        "coverage": 0.9001526717557252,
        "volume": 9.562408329811948,
        "wsc": 0.7633587786259542,
        "threshold": 4.792301370628806
      }
    },
    "Bonferroni": {
      "params": {},
      "0.01": {
        "coverage": 0.9902290076335878,
        "volume": 1684.188391442619,
        "wsc": 0.966412213740458,
        "threshold": 5.925770758515989
      },
      "0.02": {
        "coverage": 0.979236641221374,
        "volume": 417.45224537091593,
        "wsc": 0.9370229007633588,
        "threshold": 4.205666928176146
      },
      "0.05": {
        "coverage": 0.9489312977099237,
        "volume": 68.97623214686287,
        "wsc": 0.8713740458015267,
        "threshold": 2.662350439525648
      },
      "0.1": {
        "coverage": 0.9012213740458015,
        "volume": 25.83800226999749,
        "wsc": 0.7717557251908397,
        "threshold": 1.9597494947963936
      }
    },
    "Density": {
      "params": {
        "lengthscale": 1.2290119733310603
      },
      "0.01": {
        "coverage": 0.99,
        "volume": 1051.9437098098108,
        "wsc": 0.9625954198473282,
        "threshold": 1.7725101935973966
      },
      "0.02": {
        "coverage": 0.9805343511450382,
        "volume": 193.44799960406817,
        "wsc": 0.9301526717557251,
        "threshold": 1.5385490129980768
      },
      "0.05": {
        "coverage": 0.9505343511450381,
        "volume": 20.67040181599799,
        "wsc": 0.8648854961832061,
        "threshold": 0.8654095898645955
      },
      "0.1": {
        "coverage": 0.900381679389313,
        "volume": 4.71824389278215,
        "wsc": 0.750381679389313,
        "threshold": 0.48378141935919183
      }
    },
    "Kernel": {
      "params": {
        "lengthscale": 1.2290119733310603,
        "gamma": 0.9999999999972911
      },
      "0.01": {
        "coverage": 0.9877862595419847,
        "volume": 108.51960953398944,
        "wsc": 0.9541984732824428,
        "threshold": 0.17755833524610143
      },
      "0.02": {
        "coverage": 0.979236641221374,
        "volume": 40.44209050956128,
        "wsc": 0.9282442748091603,
        "threshold": 0.0858520331700438
      },
      "0.05": {
        "coverage": 0.9499236641221374,
        "volume": 8.537774663129605,
        "wsc": 0.8568702290076335,
        "threshold": 0.021862574285649646
      },
      "0.1": {
        "coverage": 0.8983969465648854,
        "volume": 1.7974262448693905,
        "wsc": 0.7385496183206107,
        "threshold": 0.006796748087857621
      }
    }
  },
  "elapsed_s": 30863.752222776413
}