{
  "dataset": "blog_data",
  "seed": 3,
  "model": "MLP",
  "split": [
    0.5,
    0.25,
    0.25
  ],
  "alphas": [
    0.01,
    0.02,
    0.05,
    0.1
  ],
  "result": {
    "seed": 3,
    "model": "MLP",
    "model_rmse": 0.4736687120717057,
    "meta": {
      "n_train": 26198,
      "n_cal": 13099,
      "n_test": 13100,
      "d": 4,
      "p": 277,
      "elapsed": 31082.218888044357
    },
    "Mahal": {
      "params": {},
      "0.01": {
        "coverage": 0.9922900763358778,
        "volume": 343.7246091260445,
        "wsc": 0.9717557251908397,
        "threshold": 44.508372733501524
      },
      "0.02": {
        "coverage": 0.9830534351145038,
        "volume": 100.53468201584276,
        "wsc": 0.9461832061068702,
        "threshold": 24.071012438562054
      },
      "0.05": {
        "coverage": 0.9541984732824428,
        "volume": 18.702638607116096,
        "wsc": 0.8786259541984733,
        "threshold": 10.382163023422578
      },
      "0.1": {
        "coverage": 0.9035114503816793,
        "volume": 5.248481650211425,
        "wsc": 0.7545801526717557,
        "threshold": 5.49988038867326
      }
    },
    "Bonferroni": {
      "params": {},
      "0.01": {
        "coverage": 0.9925190839694656,
        "volume": 932.1167946144177,
        "wsc": 0.9732824427480916,
        "threshold": 6.376170448711206
      },
      "0.02": {
        "coverage": 0.982824427480916,
        "volume": 242.24139029759414,
        "wsc": 0.9484732824427481,
        "threshold": 4.51633255497877
      },
      "0.05": {
        "coverage": 0.9538167938931298,
        "volume": 38.23405855249865,
        "wsc": 0.8824427480916031,
        "threshold": 2.8486922419969307
      },
      "0.1": {
        "coverage": 0.9038931297709923,
        "volume": 9.974102231086606,
        "wsc": 0.7725190839694657,
        "threshold": 2.0391241424306625
      }
    },
    "Density": {
      "params": {
        "lengthscale": 1.274257027101569
      },
      "0.01": {
        "coverage": 0.9919083969465649,
        "volume": 824.0640204443129,
        "wsc": 0.9690839694656489,
        "threshold": 1.7551945585368744
      },
      "0.02": {
        "coverage": 0.9840458015267176,
        "volume": 185.07500806571812,
        "wsc": 0.9458015267175572,
        "threshold": 1.4969973713106053
      },
      "0.05": {
        "coverage": 0.9555725190839695,
        "volume": 23.82702199648467,
        "wsc": 0.8721374045801527,
        "threshold": 0.8312141841236942
      },
      "0.1": {
        "coverage": 0.9072519083969466,
        "volume": 4.987051115543303,
        "wsc": 0.7595419847328244,
        "threshold": 0.477726323422517
      }
    },
    "Kernel": {
      "params": {
        "lengthscale": 1.274257027101569,
        "gamma": 0.9158871048871945
      },
      "0.01": {
        "coverage": 0.9896946564885496,
        "volume": 103.52748704674153,
        "wsc": 0.9610687022900763,
        "threshold": 0.14418588340744865
      },
      "0.02": {
        "coverage": 0.9818320610687022,
        "volume": 47.09992720235342,
        "wsc": 0.9362595419847328,
        "threshold": 0.07206456606366364
      },
      "0.05": {
        "coverage": 0.9545038167938932,
        "volume": 11.267041409190426,
        "wsc": 0.8656488549618321,
        "threshold": 0.01919888498980002
      },
      "0.1": {
        "coverage": 0.9025190839694657,
        "volume": 3.1399951468235607,
        "wsc": 0.7435114503816794,
        "threshold": 0.006187983733789342
      }
    }
  },
  "elapsed_s": 31082.22322177887
}