{
  "dataset": "blog_data",
  "seed": 20,
  "model": "Ridge",
  "split": [
    0.5,
    0.25,
    0.25
  ],
  "alphas": [
    0.01,
    0.02,
    0.05,
    0.1
  ],
  "result": {
    "seed": 20,
    "model": "Ridge",
    "model_rmse": 0.7089463856473218,
    "meta": {
      "n_train": 26198,
      "n_cal": 13099,
      "n_test": 13100,
      "d": 4,
      "p": 277,
      "elapsed": 31256.52802848816
    },
    "Mahal": {
      "params": {},
      "0.01": {
        "coverage": 0.9896946564885496,
        "volume": 1160.9237480660145,
        "wsc": 0.9656488549618321,
        "threshold": 36.43157158279787
      },
      "0.02": {
        "coverage": 0.981145038167939,
        "volume": 271.6516621555663,
        "wsc": 0.9377862595419847,
        "threshold": 17.623097416630493
      },
      "0.05": {
        "coverage": 0.9495419847328245,
        "volume": 41.88826050352077,
        "wsc": 0.8438931297709924,
        "threshold": 6.9202569704509544
      },
      "0.1": {
        "coverage": 0.8928244274809161,
        "volume": 15.329191677646588,
        "wsc": 0.733587786259542,
        "threshold": 4.186351457390106
      }
    },
    "Bonferroni": {
      "params": {},
      "0.01": {
        "coverage": 0.9893129770992366,
        "volume": 2417.675825232015,
        "wsc": 0.9648854961832061,
        "threshold": 5.843298957096503
      },
      "0.02": {
        "coverage": 0.9812213740458016,
        "volume": 713.8716561973491,
        "wsc": 0.9400763358778625,
        "threshold": 3.990937487781535
      },
      "0.05": {
        "coverage": 0.9484732824427481,
        "volume": 91.16295369373674,
        "wsc": 0.8408396946564886,
        "threshold": 2.3544146086185465
      },
      "0.1": {
        "coverage": 0.8948854961832061,
        "volume": 35.43638325399171,
        "wsc": 0.7591603053435114,
        "threshold": 1.8485641940582747
      }
    },
    "Density": {
      "params": {
        "lengthscale": 2.4618929610643163
      },
      "0.01": {
        "coverage": 0.9903053435114504,
        "volume": 1782.9644767875345,
        "wsc": 0.9648854961832061,
        "threshold": 1.4563909878490666
      },
      "0.02": {
        "coverage": 0.9798473282442748,
        "volume": 446.0983408022666,
        "wsc": 0.9263358778625954,
        "threshold": 0.9821172652723383
      },
      "0.05": {
        "coverage": 0.9495419847328245,
        "volume": 69.44388008645149,
        "wsc": 0.8541984732824427,
        "threshold": 0.47670184202965016
      },
      "0.1": {
        "coverage": 0.8977862595419848,
        "volume": 32.00705584231509,
        "wsc": 0.7748091603053435,
        "threshold": 0.3448665292390197
      }
    },
    "Kernel": {
      "params": {
        "lengthscale": 2.4618929610643163,
        "gamma": 0.940361741532382
      },
      "0.01": {
        "coverage": 0.9885496183206107,
        "volume": 173.46681157397552,
        "wsc": 0.9568702290076336,
        "threshold": 0.05514544849861515
      },
      "0.02": {
        "coverage": 0.979618320610687,
        "volume": 73.44476206674088,
        "wsc": 0.9263358778625954,
        "threshold": 0.02568098950402651
      },
      "0.05": {
        "coverage": 0.9467175572519084,
        "volume": 15.14619606823839,
        "wsc": 0.8370229007633587,
        "threshold": 0.007077994865454895
      },
      "0.1": {
        "coverage": 0.8955725190839695,
        "volume": 4.8582138332085405,
        "wsc": 0.716412213740458,
        "threshold": 0.0027721905746935513
      }
    }
  },
  "elapsed_s": 31256.531316041946
}