{
  "dataset": "blog_data",
  "seed": 36,
  "model": "Ridge",
  "split": [
    0.5,
    0.25,
    0.25
  ],
  "alphas": [
    0.01,
    0.02,
    0.05,
    0.1
  ],
  "result": {
    "seed": 36,
    "model": "Ridge",
    "model_rmse": 0.7629987677008471,
    "meta": {
      "n_train": 26198,
      "n_cal": 13099,
      "n_test": 13100,
      "d": 4,
      "p": 277,
      "elapsed": 30468.94089126587
    },
    "Mahal": {
      "params": {},
      "0.01": {
        "coverage": 0.9908396946564886,
        "volume": 1781.66123617872,
        "wsc": 0.966412213740458,
        "threshold": 40.18757858060037
      },
      "0.02": {
        "coverage": 0.9825954198473282,
        "volume": 376.8088255313441,
        "wsc": 0.9400763358778625,
        "threshold": 18.48161023448955
      },
      "0.05": {
        "coverage": 0.9514503816793893,
        "volume": 52.14491004700283,
        "wsc": 0.8477099236641221,
        "threshold": 6.875198399197564
      },
      "0.1": {
        "coverage": 0.9025190839694657,
        "volume": 19.619510248584426,
        "wsc": 0.7564885496183206,
        "threshold": 4.217191815318034
      }
    },
    "Bonferroni": {
      "params": {},
      "0.01": {
        "coverage": 0.9906870229007634,
        "volume": 2826.053196821177,
        "wsc": 0.966412213740458,
        "threshold": 6.189764246160971
      },
      "0.02": {
        "coverage": 0.9827480916030534,
        "volume": 904.3917044073576,
        "wsc": 0.9419847328244275,
        "threshold": 4.045067778157054
      },
      "0.05": {
        "coverage": 0.9507633587786259,
        "volume": 102.52767108915197,
        "wsc": 0.8480916030534351,
        "threshold": 2.3422106820345934
      },
      "0.1": {
        "coverage": 0.8990076335877862,
        "volume": 40.22990522736249,
        "wsc": 0.7721374045801527,
        "threshold": 1.8576590202891974
      }
    },
    "Density": {
      "params": {
        "lengthscale": 2.4556106967393148
      },
      "0.01": {
        "coverage": 0.9902290076335878,
        "volume": 1498.2710335161407,
        "wsc": 0.9614503816793893,
        "threshold": 1.4095052414670823
      },
      "0.02": {
        "coverage": 0.9823664122137404,
        "volume": 427.10098413709585,
        "wsc": 0.9354961832061068,
        "threshold": 0.9548859123767871
      },
      "0.05": {
        "coverage": 0.9505343511450381,
        "volume": 61.12602104934202,
        "wsc": 0.8541984732824427,
        "threshold": 0.4680414565653944
      },
      "0.1": {
        "coverage": 0.898854961832061,
        "volume": 30.465365123633724,
        "wsc": 0.783969465648855,
        "threshold": 0.3476874056961606
      }
    },
    "Kernel": {
      "params": {
        "lengthscale": 2.4556106967393148,
        "gamma": 0.828399349410203
      },
      "0.01": {
        "coverage": 0.99,
        "volume": 163.653692138494,
        "wsc": 0.9599236641221374,
        "threshold": 0.05144636033624191
      },
      "0.02": {
        "coverage": 0.9804580152671756,
        "volume": 63.664801476311496,
        "wsc": 0.9270992366412214,
        "threshold": 0.023357932039200627
      },
      "0.05": {
        "coverage": 0.9508396946564885,
        "volume": 14.842100957667713,
        "wsc": 0.85,
        "threshold": 0.006830634338952178
      },
      "0.1": {
        "coverage": 0.8997709923664122,
        "volume": 4.686979249789804,
        "wsc": 0.7385496183206107,
        "threshold": 0.0025248060821508283
      }
    }
  },
  "elapsed_s": 30468.94389486313
}