{
  "dataset": "blog_data",
  "seed": 46,
  "model": "Ridge",
  "split": [
    0.5,
    0.25,
    0.25
  ],
  "alphas": [
    0.01,
    0.02,
    0.05,
    0.1
  ],
  "result": {
    "seed": 46,
    "model": "Ridge",
    "model_rmse": 0.6659996269249121,
    "meta": {
      "n_train": 26198,
      "n_cal": 13099,
      "n_test": 13100,
      "d": 4,
      "p": 277,
      "elapsed": 31060.031761169434
    },
    "Mahal": {
      "params": {},
      "0.01": {
        "coverage": 0.989236641221374,
        "volume": 1440.5733421316352,
        "wsc": 0.9618320610687023,
        "threshold": 40.699883957672576
      },
      "0.02": {
        "coverage": 0.9790076335877863,
        "volume": 273.0986262558481,
        "wsc": 0.9297709923664123,
        "threshold": 17.720878250687473
      },
      "0.05": {
        "coverage": 0.9482442748091603,
        "volume": 48.28276968731799,
        "wsc": 0.8427480916030534,
        "threshold": 7.45112023625021
      },
      "0.1": {
        "coverage": 0.8990839694656488,
        "volume": 17.886102816739122,
        "wsc": 0.750381679389313,
        "threshold": 4.535063218791212
      }
    },
    "Bonferroni": {
      "params": {},
      "0.01": {
        "coverage": 0.9890839694656488,
        "volume": 3244.541186414233,
        "wsc": 0.9614503816793893,
        "threshold": 6.232043522878359
      },
      "0.02": {
        "coverage": 0.9801526717557252,
        "volume": 757.5997882654711,
        "wsc": 0.932824427480916,
        "threshold": 4.053049559239119
      },
      "0.05": {
        "coverage": 0.9475572519083969,
        "volume": 102.63383940851301,
        "wsc": 0.8416030534351145,
        "threshold": 2.4484569261618168
      },
      "0.1": {
        "coverage": 0.9030534351145039,
        "volume": 41.47796141509455,
        "wsc": 0.7702290076335878,
        "threshold": 1.9299937476997255
      }
    },
    "Density": {
      "params": {
        "lengthscale": 2.456116909092249
      },
      "0.01": {
        "coverage": 0.9896946564885496,
        "volume": 1413.1444993747327,
        "wsc": 0.9622137404580152,
        "threshold": 1.3791403410819392
      },
      "0.02": {
        "coverage": 0.979236641221374,
        "volume": 339.5405213514716,
        "wsc": 0.9255725190839694,
        "threshold": 0.8897268022650202
      },
      "0.05": {
        "coverage": 0.9482442748091603,
        "volume": 66.36473826415127,
        "wsc": 0.8561068702290077,
        "threshold": 0.4673579954345444
      },
      "0.1": {
        "coverage": 0.9012977099236641,
        "volume": 32.41068612900411,
        "wsc": 0.7874045801526718,
        "threshold": 0.34947672279588904
      }
    },
    "Kernel": {
      "params": {
        "lengthscale": 2.456116909092249,
        "gamma": 0.9421547988042037
      },
      "0.01": {
        "coverage": 0.9895419847328244,
        "volume": 165.52600415884243,
        "wsc": 0.9622137404580152,
        "threshold": 0.0551223117932577
      },
      "0.02": {
        "coverage": 0.9777862595419847,
        "volume": 59.8054327380433,
        "wsc": 0.9225190839694657,
        "threshold": 0.02262126061354328
      },
      "0.05": {
        "coverage": 0.9477862595419847,
        "volume": 13.31153180298383,
        "wsc": 0.8366412213740458,
        "threshold": 0.006674688937982864
      },
      "0.1": {
        "coverage": 0.8996946564885496,
        "volume": 5.401781021500685,
        "wsc": 0.732824427480916,
        "threshold": 0.002727790272245867
      }
    }
  },
  "elapsed_s": 31060.03496980667
}