{
  "dataset": "bio",
  "seed": 30,
  "model": "Ridge",
  "split": [
    0.5,
    0.25,
    0.25
  ],
  "alphas": [
    0.01,
    0.02,
    0.05,
    0.1
  ],
  "result": {
    "seed": 30,
    "model": "Ridge",
    "model_rmse": 0.902021115116184,
    "meta": {
      "n_train": 22865,
      "n_cal": 11432,
      "n_test": 11433,
      "d": 4,
      "p": 6,
      "elapsed": 4422.383543252945
    },
    "Mahal": {
      "params": {},
      "0.01": {
        "coverage": 0.9903787282428059,
        "volume": 584.1482764347526,
        "wsc": 0.9689549628334062,
        "threshold": 20.985620626388677
      },
      "0.02": {
        "coverage": 0.9773462783171522,
        "volume": 250.2562482270456,
        "wsc": 0.9265413205072147,
        "threshold": 13.735761217157952
      },
      "0.05": {
        "coverage": 0.9462083442665967,
        "volume": 109.08831116911558,
        "wsc": 0.8325317009182335,
        "threshold": 9.06879065858601
      },
      "0.1": {
        "coverage": 0.8927665529607277,
        "volume": 54.197903854990265,
        "wsc": 0.6939221687800612,
        "threshold": 6.392217044436521
      }
    },
    "Bonferroni": {
      "params": {},
      "0.01": {
        "coverage": 0.9897664654946209,
        "volume": 938.9362579020594,
        "wsc": 0.9698294709226061,
        "threshold": 3.9656991617074837
      },
      "0.02": {
        "coverage": 0.9769964138896178,
        "volume": 557.239860836611,
        "wsc": 0.9256668124180149,
        "threshold": 3.3876309492107497
      },
      "0.05": {
        "coverage": 0.941747572815534,
        "volume": 181.15432178185563,
        "wsc": 0.8224748578924355,
        "threshold": 2.5198096917197312
      },
      "0.1": {
        "coverage": 0.8928540190676113,
        "volume": 96.78071517035592,
        "wsc": 0.6812418014866638,
        "threshold": 2.1474355238457634
      }
    },
    "Density": {
      "params": {
        "lengthscale": 3.009078092314337
      },
      "0.01": {
        "coverage": 0.9887168722120179,
        "volume": 320.87258886502593,
        "wsc": 0.9519020550940096,
        "threshold": 0.6590186595493633
      },
      "0.02": {
        "coverage": 0.9783084054928715,
        "volume": 223.90747929995246,
        "wsc": 0.9156099693922168,
        "threshold": 0.560883981969163
      },
      "0.05": {
        "coverage": 0.9474328697629668,
        "volume": 107.9497470789653,
        "wsc": 0.8320944468736335,
        "threshold": 0.4055488503196273
      },
      "0.1": {
        "coverage": 0.8972273244117904,
        "volume": 57.50470909550543,
        "wsc": 0.7039790118058592,
        "threshold": 0.30726744728023775
      }
    },
    "Kernel": {
      "params": {
        "lengthscale": 3.009078092314337,
        "gamma": 0.505144433404575
      },
      "0.01": {
        "coverage": 0.9886294061051343,
        "volume": 205.54706599735636,
        "wsc": 0.9527765631832095,
        "threshold": 0.019465032704697925
      },
      "0.02": {
        "coverage": 0.9797953293098924,
        "volume": 102.47059935021353,
        "wsc": 0.9221687800612156,
        "threshold": 0.009008367434425178
      },
      "0.05": {
        "coverage": 0.9496195224350564,
        "volume": 49.68111834820122,
        "wsc": 0.8334062090074333,
        "threshold": 0.004223365620684662
      },
      "0.1": {
        "coverage": 0.9002011720458323,
        "volume": 25.68350497852396,
        "wsc": 0.6860515959772628,
        "threshold": 0.002230757302570841
      }
    }
  },
  "elapsed_s": 4422.386115550995
}