{
  "dataset": "bio",
  "seed": 16,
  "model": "MLP",
  "split": [
    0.5,
    0.25,
    0.25
  ],
  "alphas": [
    0.01,
    0.02,
    0.05,
    0.1
  ],
  "result": {
    "seed": 16,
    "model": "MLP",
    "model_rmse": 0.6609047074000703,
    "meta": {
      "n_train": 22865,
      "n_cal": 11432,
      "n_test": 11433,
      "d": 4,
      "p": 6,
      "elapsed": 4686.393609523773
    },
    "Mahal": {
      "params": {},
      "0.01": {
        "coverage": 0.9910784570978746,
        "volume": 292.83458478210133,
        "wsc": 0.9702667249672059,
        "threshold": 27.271738492999024
      },
      "0.02": {
        "coverage": 0.9802326598443103,
        "volume": 100.78571699731272,
        "wsc": 0.9405334499344119,
        "threshold": 15.999305647173372
      },
      "0.05": {
        "coverage": 0.9519811073209131,
        "volume": 41.75521657204763,
        "wsc": 0.8666375163970267,
        "threshold": 10.29809776673003
      },
      "0.1": {
        "coverage": 0.9020379602903875,
        "volume": 20.89650187995743,
        "wsc": 0.7468299081766506,
        "threshold": 7.285148946457683
      }
    },
    "Bonferroni": {
      "params": {},
      "0.01": {
        "coverage": 0.9913408554185253,
        "volume": 445.4858623992967,
        "wsc": 0.9724529951902056,
        "threshold": 4.773263697000593
      },
      "0.02": {
        "coverage": 0.9812822531269133,
        "volume": 184.0428222900823,
        "wsc": 0.9492785308264101,
        "threshold": 3.478686268164132
      },
      "0.05": {
        "coverage": 0.9524184378553311,
        "volume": 77.51611380294199,
        "wsc": 0.8701355487538259,
        "threshold": 2.7751760974431847
      },
      "0.1": {
        "coverage": 0.9041371468555934,
        "volume": 35.13478246025699,
        "wsc": 0.7490161783996502,
        "threshold": 2.27376617815572
      }
    },
    "Density": {
      "params": {
        "lengthscale": 2.544574118012572
      },
      "0.01": {
        "coverage": 0.9880171433569492,
        "volume": 216.53639627719843,
        "wsc": 0.9597726278968081,
        "threshold": 0.7266529771893665
      },
      "0.02": {
        "coverage": 0.9791830665617074,
        "volume": 151.2320592946444,
        "wsc": 0.9387844337560123,
        "threshold": 0.6286521820532928
      },
      "0.05": {
        "coverage": 0.9518936412140295,
        "volume": 80.09022460124554,
        "wsc": 0.8788806296458243,
        "threshold": 0.4827117030928968
      },
      "0.1": {
        "coverage": 0.9023003586110382,
        "volume": 39.76452202403044,
        "wsc": 0.7686926104066463,
        "threshold": 0.357864028497029
      }
    },
    "Kernel": {
      "params": {
        "lengthscale": 2.544574118012572,
        "gamma": 0.30462358995662797
      },
      "0.01": {
        "coverage": 0.9879296772500656,
        "volume": 119.6717529666288,
        "wsc": 0.9540883253170092,
        "threshold": 0.014278010991354322
      },
      "0.02": {
        "coverage": 0.9789206682410566,
        "volume": 72.70948036914295,
        "wsc": 0.9278530826410144,
        "threshold": 0.008103293781955106
      },
      "0.05": {
        "coverage": 0.9514563106796117,
        "volume": 32.511873352980864,
        "wsc": 0.8574551814604285,
        "threshold": 0.00342998316545732
      },
      "0.1": {
        "coverage": 0.9017755619697367,
        "volume": 15.548361196388035,
        "wsc": 0.7367730651508526,
        "threshold": 0.0016306111963160703
      }
    }
  },
  "elapsed_s": 4686.396661281586
}