{
  "dataset": "bio",
  "seed": 26,
  "model": "MLP",
  "split": [
    0.5,
    0.25,
    0.25
  ],
  "alphas": [
    0.01,
    0.02,
    0.05,
    0.1
  ],
  "result": {
    "seed": 26,
    "model": "MLP",
    "model_rmse": 0.6096535893191695,
    "meta": {
      "n_train": 22865,
      "n_cal": 11432,
      "n_test": 11433,
      "d": 4,
      "p": 6,
      "elapsed": 5531.330360651016
    },
    "Mahal": {
      "params": {},
      "0.01": {
        "coverage": 0.990990990990991,
        "volume": 262.99844248709945,
        "wsc": 0.9785745518146043,
        "threshold": 21.35294906203059
      },
      "0.02": {
        "coverage": 0.9806699903787283,
        "volume": 122.76582847940217,
        "wsc": 0.94971578487101,
        "threshold": 14.588815275610385
      },
      "0.05": {
        "coverage": 0.948045132511152,
        "volume": 55.00626648395551,
        "wsc": 0.8622649759510276,
        "threshold": 9.765339804029228
      },
      "0.1": {
        "coverage": 0.8970523921980232,
        "volume": 27.075565458335507,
        "wsc": 0.7542632269348492,
        "threshold": 6.851253602908592
      }
    },
    "Bonferroni": {
      "params": {},
      "0.01": {
        "coverage": 0.9907285926703402,
        "volume": 511.4447140887609,
        "wsc": 0.9785745518146043,
        "threshold": 4.093157507788169
      },
      "0.02": {
        "coverage": 0.9802326598443103,
        "volume": 252.04879038174275,
        "wsc": 0.944905990380411,
        "threshold": 3.395829389995931
      },
      "0.05": {
        "coverage": 0.949269658007522,
        "volume": 104.59135657318883,
        "wsc": 0.8718845649322257,
        "threshold": 2.7170621731222675
      },
      "0.1": {
        "coverage": 0.8984518499081606,
        "volume": 45.80493056547527,
        "wsc": 0.7560122431132488,
        "threshold": 2.2153026893825847
      }
    },
    "Density": {
      "params": {
        "lengthscale": 2.476749109174072
      },
      "0.01": {
        "coverage": 0.9914283215254089,
        "volume": 246.59225696946808,
        "wsc": 0.9715784871010057,
        "threshold": 0.8011883942729292
      },
      "0.02": {
        "coverage": 0.978833202134173,
        "volume": 146.05352298206816,
        "wsc": 0.9379099256668124,
        "threshold": 0.6502064369814454
      },
      "0.05": {
        "coverage": 0.948220064724919,
        "volume": 75.0249945673988,
        "wsc": 0.8710100568430258,
        "threshold": 0.4921454387134058
      },
      "0.1": {
        "coverage": 0.8976646549462084,
        "volume": 37.23171511840225,
        "wsc": 0.7770004372540446,
        "threshold": 0.363577042027469
      }
    },
    "Kernel": {
      "params": {
        "lengthscale": 2.476749109174072,
        "gamma": 0.3790716369436844
      },
      "0.01": {
        "coverage": 0.9886294061051343,
        "volume": 112.38774136293972,
        "wsc": 0.960209881941408,
        "threshold": 0.016978677562389924
      },
      "0.02": {
        "coverage": 0.9784833377066386,
        "volume": 62.07157734169023,
        "wsc": 0.9291648447748142,
        "threshold": 0.009007418917085352
      },
      "0.05": {
        "coverage": 0.9460334120528295,
        "volume": 27.750637336868444,
        "wsc": 0.8430257979886314,
        "threshold": 0.0038670544505819762
      },
      "0.1": {
        "coverage": 0.8979270532668591,
        "volume": 13.215480579985917,
        "wsc": 0.7275907302142545,
        "threshold": 0.0019116347118124423
      }
    }
  },
  "elapsed_s": 5531.333324432373
}