{
  "dataset": "bio",
  "seed": 35,
  "model": "MLP",
  "split": [
    0.5,
    0.25,
    0.25
  ],
  "alphas": [
    0.01,
    0.02,
    0.05,
    0.1
  ],
  "result": {
    "seed": 35,
    "model": "MLP",
    "model_rmse": 0.6978953679961479,
    "meta": {
      "n_train": 22865,
      "n_cal": 11432,
      "n_test": 11433,
      "d": 4,
      "p": 6,
      "elapsed": 23908.921452999115
    },
    "Mahal": {
      "params": {},
      "0.01": {
        "coverage": 0.9904661943496895,
        "volume": 305.08103024891506,
        "wsc": 0.9737647573240052,
        "threshold": 21.87978320361433
      },
      "0.02": {
        "coverage": 0.9811073209131461,
        "volume": 135.178156972674,
        "wsc": 0.9514648010494097,
        "threshold": 14.564268365744548
      },
      "0.05": {
        "coverage": 0.9512813784658445,
        "volume": 60.94461690914066,
        "wsc": 0.8758198513336248,
        "threshold": 9.779194591653066
      },
      "0.1": {
        "coverage": 0.9009009009009009,
        "volume": 30.737140466261454,
        "wsc": 0.7691298644512462,
        "threshold": 6.944918334355717
      }
    },
    "Bonferroni": {
      "params": {},
      "0.01": {
        "coverage": 0.9902037960290387,
        "volume": 593.7600173858613,
        "wsc": 0.9755137735024049,
        "threshold": 4.214489057441486
      },
      "0.02": {
        "coverage": 0.9811947870200297,
        "volume": 264.3365848263081,
        "wsc": 0.9532138172278094,
        "threshold": 3.3460560714989502
      },
      "0.05": {
        "coverage": 0.9500568529694743,
        "volume": 111.42185969818219,
        "wsc": 0.8788806296458243,
        "threshold": 2.6976350999858107
      },
      "0.1": {
        "coverage": 0.9001137059389487,
        "volume": 52.47627098492882,
        "wsc": 0.7721906427634455,
        "threshold": 2.2307530357214147
      }
    },
    "Density": {
      "params": {
        "lengthscale": 2.392391597952156
      },
      "0.01": {
        "coverage": 0.9911659232047582,
        "volume": 252.97263116965684,
        "wsc": 0.9667686926104067,
        "threshold": 0.8448349532409684
      },
      "0.02": {
        "coverage": 0.9793579987754745,
        "volume": 134.4909480681509,
        "wsc": 0.9387844337560123,
        "threshold": 0.6576160198914199
      },
      "0.05": {
        "coverage": 0.9515437767864953,
        "volume": 68.82671700823997,
        "wsc": 0.8841276781810232,
        "threshold": 0.500449179740149
      },
      "0.1": {
        "coverage": 0.8999387737251815,
        "volume": 33.921270441620656,
        "wsc": 0.784871010056843,
        "threshold": 0.36923316328660927
      }
    },
    "Kernel": {
      "params": {
        "lengthscale": 2.392391597952156,
        "gamma": 0.39661974280075574
      },
      "0.01": {
        "coverage": 0.9884544738913671,
        "volume": 121.89349366816798,
        "wsc": 0.9558373414954089,
        "threshold": 0.020104311699353818
      },
      "0.02": {
        "coverage": 0.9797953293098924,
        "volume": 70.50637759490436,
        "wsc": 0.9282903366856143,
        "threshold": 0.011048424288684551
      },
      "0.05": {
        "coverage": 0.9531181667103997,
        "volume": 29.52528374995995,
        "wsc": 0.8640139921294272,
        "threshold": 0.004419629270649694
      },
      "0.1": {
        "coverage": 0.901513163649086,
        "volume": 14.119646806647513,
        "wsc": 0.7415828596414517,
        "threshold": 0.002093440981725709
      }
    }
  },
  "elapsed_s": 23908.925248861313
}