{
  "dataset": "bio",
  "seed": 32,
  "model": "MLP",
  "split": [
    0.5,
    0.25,
    0.25
  ],
  "alphas": [
    0.01,
    0.02,
    0.05,
    0.1
  ],
  "result": {
    "seed": 32,
    "model": "MLP",
    "model_rmse": 0.6954336680492493,
    "meta": {
      "n_train": 22865,
      "n_cal": 11432,
      "n_test": 11433,
      "d": 4,
      "p": 6,
      "elapsed": 23717.912256717682
    },
    "Mahal": {
      "params": {},
      "0.01": {
        "coverage": 0.9895040671739701,
        "volume": 248.40130669757943,
        "wsc": 0.9715784871010057,
        "threshold": 20.687057176430464
      },
      "0.02": {
        "coverage": 0.9792705326685909,
        "volume": 122.95645128342623,
        "wsc": 0.9431569742020114,
        "threshold": 14.554504907393543
      },
      "0.05": {
        "coverage": 0.9484824630455698,
        "volume": 55.63019301566212,
        "wsc": 0.8640139921294272,
        "threshold": 9.789873050000356
      },
      "0.1": {
        "coverage": 0.8946908073121665,
        "volume": 26.297150994134068,
        "wsc": 0.740271097507652,
        "threshold": 6.730946315828905
      }
    },
    "Bonferroni": {
      "params": {},
      "0.01": {
        "coverage": 0.9891542027464357,
        "volume": 498.064609712948,
        "wsc": 0.9702667249672059,
        "threshold": 4.036828906672023
      },
      "0.02": {
        "coverage": 0.9790956004548238,
        "volume": 236.2235529638994,
        "wsc": 0.9488412767818102,
        "threshold": 3.334748875810277
      },
      "0.05": {
        "coverage": 0.9463832764803639,
        "volume": 97.48848174744315,
        "wsc": 0.8731963270660253,
        "threshold": 2.6747478393515824
      },
      "0.1": {
        "coverage": 0.8992390448701129,
        "volume": 44.84647619587229,
        "wsc": 0.7603847835592479,
        "threshold": 2.2010124135502913
      }
    },
    "Density": {
      "params": {
        "lengthscale": 2.4835576285637444
      },
      "0.01": {
        "coverage": 0.9895040671739701,
        "volume": 253.36104188894726,
        "wsc": 0.9645824223874071,
        "threshold": 0.8016590586452768
      },
      "0.02": {
        "coverage": 0.9790081343479402,
        "volume": 159.02879885625038,
        "wsc": 0.940096195889812,
        "threshold": 0.6671733224163379
      },
      "0.05": {
        "coverage": 0.9466456748010146,
        "volume": 70.83157404820079,
        "wsc": 0.8727590730214254,
        "threshold": 0.4774196807682115
      },
      "0.1": {
        "coverage": 0.8982769176943934,
        "volume": 35.61859754392344,
        "wsc": 0.7669435942282467,
        "threshold": 0.3543632122183163
      }
    },
    "Kernel": {
      "params": {
        "lengthscale": 2.4835576285637444,
        "gamma": 0.40335662425868934
      },
      "0.01": {
        "coverage": 0.9882795416775999,
        "volume": 132.10570234974026,
        "wsc": 0.9562745955400087,
        "threshold": 0.01949733305181796
      },
      "0.02": {
        "coverage": 0.9786582699204058,
        "volume": 72.91038187638706,
        "wsc": 0.9265413205072147,
        "threshold": 0.010343011792499747
      },
      "0.05": {
        "coverage": 0.9485699291524534,
        "volume": 31.32154965517254,
        "wsc": 0.8478355924792305,
        "threshold": 0.004222127833480288
      },
      "0.1": {
        "coverage": 0.8992390448701129,
        "volume": 14.48827650985925,
        "wsc": 0.724967205946655,
        "threshold": 0.0020355764613497664
      }
    }
  },
  "elapsed_s": 23717.914311170578
}