{
  "dataset": "bio",
  "seed": 35,
  "model": "Ridge",
  "split": [
    0.5,
    0.25,
    0.25
  ],
  "alphas": [
    0.01,
    0.02,
    0.05,
    0.1
  ],
  "result": {
    "seed": 35,
    "model": "Ridge",
    "model_rmse": 0.7659674434178504,
    "meta": {
      "n_train": 22865,
      "n_cal": 11432,
      "n_test": 11433,
      "d": 4,
      "p": 6,
      "elapsed": 23859.607692480087
    },
    "Mahal": {
      "params": {},
      "0.01": {
        "coverage": 0.9903787282428059,
        "volume": 424.38937701080454,
        "wsc": 0.9698558322411533,
        "threshold": 20.442709167277794
      },
      "0.02": {
        "coverage": 0.9812822531269133,
        "volume": 197.74147811148418,
        "wsc": 0.9370354175776126,
        "threshold": 13.954204585123192
      },
      "0.05": {
        "coverage": 0.9519811073209131,
        "volume": 84.66446565590861,
        "wsc": 0.85045911674683,
        "threshold": 9.130756975731366
      },
      "0.1": {
        "coverage": 0.9022128925041546,
        "volume": 42.71267981595605,
        "wsc": 0.7188456493222563,
        "threshold": 6.485367755176789
      }
    },
    "Bonferroni": {
      "params": {},
      "0.01": {
        "coverage": 0.9903787282428059,
        "volume": 736.8447845986904,
        "wsc": 0.9724529951902056,
        "threshold": 4.007077373039794
      },
      "0.02": {
        "coverage": 0.9794454648823581,
        "volume": 423.9579250148729,
        "wsc": 0.9322256230870135,
        "threshold": 3.3914193195969333
      },
      "0.05": {
        "coverage": 0.9523309717484475,
        "volume": 148.31591088512909,
        "wsc": 0.854831657192829,
        "threshold": 2.571523642720165
      },
      "0.1": {
        "coverage": 0.9060614012070323,
        "volume": 76.20868377525849,
        "wsc": 0.7162221250546568,
        "threshold": 2.174962465471963
      }
    },
    "Density": {
      "params": {
        "lengthscale": 2.923480062549632
      },
      "0.01": {
        "coverage": 0.9892416688533193,
        "volume": 292.6660750680633,
        "wsc": 0.9571491036292086,
        "threshold": 0.6691256626908252
      },
      "0.02": {
        "coverage": 0.979882795416776,
        "volume": 198.99604269530795,
        "wsc": 0.9199825098382161,
        "threshold": 0.5631970552245826
      },
      "0.05": {
        "coverage": 0.9491821919006385,
        "volume": 92.88593036319594,
        "wsc": 0.8456493222562309,
        "threshold": 0.40334240241474956
      },
      "0.1": {
        "coverage": 0.9023003586110382,
        "volume": 54.49508966438152,
        "wsc": 0.7223436816790555,
        "threshold": 0.3139433742118047
      }
    },
    "Kernel": {
      "params": {
        "lengthscale": 2.923480062549632,
        "gamma": 0.4387459337313103
      },
      "0.01": {
        "coverage": 0.9894166010670865,
        "volume": 170.39139823118737,
        "wsc": 0.9588981198076082,
        "threshold": 0.017444251985925568
      },
      "0.02": {
        "coverage": 0.9791830665617074,
        "volume": 81.21487352859957,
        "wsc": 0.9265413205072147,
        "threshold": 0.007641619170771665
      },
      "0.05": {
        "coverage": 0.9512813784658445,
        "volume": 40.2455435291185,
        "wsc": 0.835155225185833,
        "threshold": 0.0035992605090003856
      },
      "0.1": {
        "coverage": 0.9007259686871337,
        "volume": 21.849304074069956,
        "wsc": 0.6974202011368605,
        "threshold": 0.0019148218173405548
      }
    }
  },
  "elapsed_s": 23859.609933376312
}