{
  "dataset": "bio",
  "seed": 7,
  "model": "MLP",
  "split": [
    0.5,
    0.25,
    0.25
  ],
  "alphas": [
    0.01,
    0.02,
    0.05,
    0.1
  ],
  "result": {
    "seed": 7,
    "model": "MLP",
    "model_rmse": 0.7285457727597845,
    "meta": {
      "n_train": 22865,
      "n_cal": 11432,
      "n_test": 11433,
      "d": 4,
      "p": 6,
      "elapsed": 30491.483778715134
    },
    "Mahal": {
      "params": {},
      "0.01": {
        "coverage": 0.9903787282428059,
        "volume": 388.3480955260226,
        "wsc": 0.9742020113686052,
        "threshold": 19.888077886969135
      },
      "0.02": {
        "coverage": 0.9804075920580775,
        "volume": 190.11766073918272,
        "wsc": 0.94971578487101,
        "threshold": 13.915328180988976
      },
      "0.05": {
        "coverage": 0.9488323274731042,
        "volume": 87.49116610829876,
        "wsc": 0.8583296895496283,
        "threshold": 9.43983329310689
      },
      "0.1": {
        "coverage": 0.9007259686871337,
        "volume": 44.33984392163902,
        "wsc": 0.7446436379536511,
        "threshold": 6.720155187820353
      }
    },
    "Bonferroni": {
      "params": {},
      "0.01": {
        "coverage": 0.9903787282428059,
        "volume": 791.8787677037956,
        "wsc": 0.9746392654132051,
        "threshold": 3.959232197224755
      },
      "0.02": {
        "coverage": 0.9805825242718447,
        "volume": 380.9456313864358,
        "wsc": 0.9470922606034106,
        "threshold": 3.2948904582442857
      },
      "0.05": {
        "coverage": 0.9504067173970087,
        "volume": 169.16198253689595,
        "wsc": 0.8657630083078268,
        "threshold": 2.680831611593378
      },
      "0.1": {
        "coverage": 0.903175019679874,
        "volume": 78.1397215731805,
        "wsc": 0.7669435942282467,
        "threshold": 2.2104860105708837
      }
    },
    "Density": {
      "params": {
        "lengthscale": 2.521564417513807
      },
      "0.01": {
        "coverage": 0.9896789993877373,
        "volume": 272.80184634841044,
        "wsc": 0.9610843900306077,
        "threshold": 0.8097281084994716
      },
      "0.02": {
        "coverage": 0.9793579987754745,
        "volume": 157.2067210459368,
        "wsc": 0.9339746392654132,
        "threshold": 0.6513658530408795
      },
      "0.05": {
        "coverage": 0.9498819207557072,
        "volume": 79.53063842254417,
        "wsc": 0.8679492785308264,
        "threshold": 0.4906080251568156
      },
      "0.1": {
        "coverage": 0.9023003586110382,
        "volume": 41.06516412407028,
        "wsc": 0.7630083078268474,
        "threshold": 0.3656221070371247
      }
    },
    "Kernel": {
      "params": {
        "lengthscale": 2.521564417513807,
        "gamma": 0.40532583133438205
      },
      "0.01": {
        "coverage": 0.9886294061051343,
        "volume": 153.66319478684363,
        "wsc": 0.9532138172278094,
        "threshold": 0.02129519040580883
      },
      "0.02": {
        "coverage": 0.9789206682410566,
        "volume": 81.00434794151282,
        "wsc": 0.9247923043288151,
        "threshold": 0.010709494726883187
      },
      "0.05": {
        "coverage": 0.9515437767864953,
        "volume": 35.79955033719352,
        "wsc": 0.8517708788806296,
        "threshold": 0.00438556297164255
      },
      "0.1": {
        "coverage": 0.9011632992215517,
        "volume": 16.359831513944126,
        "wsc": 0.7280279842588544,
        "threshold": 0.0020902970729884383
      }
    }
  },
  "elapsed_s": 30491.487200021744
}