{
  "dataset": "bio",
  "seed": 29,
  "model": "Ridge",
  "split": [
    0.5,
    0.25,
    0.25
  ],
  "alphas": [
    0.01,
    0.02,
    0.05,
    0.1
  ],
  "result": {
    "seed": 29,
    "model": "Ridge",
    "model_rmse": 0.7221671153988599,
    "meta": {
      "n_train": 22865,
      "n_cal": 11432,
      "n_test": 11433,
      "d": 4,
      "p": 6,
      "elapsed": 4470.7503490448
    },
    "Mahal": {
      "params": {},
      "0.01": {
        "coverage": 0.9894166010670865,
        "volume": 471.16336286272366,
        "wsc": 0.9663314385658067,
        "threshold": 17.834310529458794
      },
      "0.02": {
        "coverage": 0.9772588122102686,
        "volume": 257.59323359575734,
        "wsc": 0.9278530826410144,
        "threshold": 13.186750624415073
      },
      "0.05": {
        "coverage": 0.9455086154115281,
        "volume": 113.06246355293146,
        "wsc": 0.8338434630520333,
        "threshold": 8.736345279165118
      },
      "0.1": {
        "coverage": 0.8957404005947696,
        "volume": 58.449869651518284,
        "wsc": 0.7052907739396589,
        "threshold": 6.281485207032428
      }
    },
    "Bonferroni": {
      "params": {},
      "0.01": {
        "coverage": 0.9884544738913671,
        "volume": 804.1571380365746,
        "wsc": 0.9672059466550066,
        "threshold": 3.7722839612183248
      },
      "0.02": {
        "coverage": 0.9776961427446864,
        "volume": 522.0720942756593,
        "wsc": 0.9274158285964145,
        "threshold": 3.2768722722526973
      },
      "0.05": {
        "coverage": 0.9450712848771101,
        "volume": 197.36310628579892,
        "wsc": 0.8377787494534324,
        "threshold": 2.5123157744647973
      },
      "0.1": {
        "coverage": 0.9005510364733665,
        "volume": 105.86954990747219,
        "wsc": 0.7074770441626586,
        "threshold": 2.1499603175681523
      }
    },
    "Density": {
      "params": {
        "lengthscale": 2.994932167305148
      },
      "0.01": {
        "coverage": 0.9888043383189015,
        "volume": 306.91431307268635,
        "wsc": 0.9510275470048098,
        "threshold": 0.6551468515882533
      },
      "0.02": {
        "coverage": 0.9776961427446864,
        "volume": 210.38039310944586,
        "wsc": 0.9112374289462177,
        "threshold": 0.5518654518045621
      },
      "0.05": {
        "coverage": 0.9469080731216654,
        "volume": 100.01834522411573,
        "wsc": 0.8325317009182335,
        "threshold": 0.3964175183440336
      },
      "0.1": {
        "coverage": 0.8954780022741188,
        "volume": 54.37018284422242,
        "wsc": 0.7074770441626586,
        "threshold": 0.30316848623306175
      }
    },
    "Kernel": {
      "params": {
        "lengthscale": 2.994932167305148,
        "gamma": 0.6511439264880228
      },
      "0.01": {
        "coverage": 0.9888918044257851,
        "volume": 195.01824148759988,
        "wsc": 0.9536510712724092,
        "threshold": 0.02265491807202844
      },
      "0.02": {
        "coverage": 0.9773462783171522,
        "volume": 92.12908048251151,
        "wsc": 0.9169217315260166,
        "threshold": 0.010056949085557586
      },
      "0.05": {
        "coverage": 0.949269658007522,
        "volume": 45.2536991428131,
        "wsc": 0.834717971141233,
        "threshold": 0.004847151483432794
      },
      "0.1": {
        "coverage": 0.8985393160150442,
        "volume": 23.251416363450215,
        "wsc": 0.6908613904678619,
        "threshold": 0.0025731149623598637
      }
    }
  },
  "elapsed_s": 4470.753775835037
}