{
  "dataset": "bio",
  "seed": 47,
  "model": "Ridge",
  "split": [
    0.5,
    0.25,
    0.25
  ],
  "alphas": [
    0.01,
    0.02,
    0.05,
    0.1
  ],
  "result": {
    "seed": 47,
    "model": "Ridge",
    "model_rmse": 0.7664210272968244,
    "meta": {
      "n_train": 22865,
      "n_cal": 11432,
      "n_test": 11433,
      "d": 4,
      "p": 6,
      "elapsed": 24204.401219129562
    },
    "Mahal": {
      "params": {},
      "0.01": {
        "coverage": 0.9881046094638327,
        "volume": 394.5432531999733,
        "wsc": 0.9597726278968081,
        "threshold": 19.56231627296476
      },
      "0.02": {
        "coverage": 0.9768214816758506,
        "volume": 192.19385345588267,
        "wsc": 0.9195452557936161,
        "threshold": 13.653459695823917
      },
      "0.05": {
        "coverage": 0.9489197935799878,
        "volume": 85.46046604459903,
        "wsc": 0.8316571928290337,
        "threshold": 9.104489384483454
      },
      "0.1": {
        "coverage": 0.9041371468555934,
        "volume": 44.34505879432046,
        "wsc": 0.7109750765194578,
        "threshold": 6.5583649953380405
      }
    },
    "Bonferroni": {
      "params": {},
      "0.01": {
        "coverage": 0.9876672789294149,
        "volume": 590.1330422291164,
        "wsc": 0.9597726278968081,
        "threshold": 3.855233828914753
      },
      "0.02": {
        "coverage": 0.9765590833551998,
        "volume": 402.28521698857685,
        "wsc": 0.9182334936598163,
        "threshold": 3.3558391458822854
      },
      "0.05": {
        "coverage": 0.948220064724919,
        "volume": 145.5116311449823,
        "wsc": 0.834717971141233,
        "threshold": 2.538058553645259
      },
      "0.1": {
        "coverage": 0.9032624857867576,
        "volume": 78.0478398344358,
        "wsc": 0.6965456930476607,
        "threshold": 2.1648369702502577
      }
    },
    "Density": {
      "params": {
        "lengthscale": 2.9689668970815095
      },
      "0.01": {
        "coverage": 0.9872299483949969,
        "volume": 299.7493915046244,
        "wsc": 0.9457804984696109,
        "threshold": 0.6624589262881401
      },
      "0.02": {
        "coverage": 0.9783084054928715,
        "volume": 217.83342458375995,
        "wsc": 0.9116746829908177,
        "threshold": 0.5728805242072934
      },
      "0.05": {
        "coverage": 0.9524184378553311,
        "volume": 107.667946854529,
        "wsc": 0.8404022737210319,
        "threshold": 0.41773971435066626
      },
      "0.1": {
        "coverage": 0.9007259686871337,
        "volume": 55.99646967243326,
        "wsc": 0.7022299956274596,
        "threshold": 0.31226546314685427
      }
    },
    "Kernel": {
      "params": {
        "lengthscale": 2.9689668970815095,
        "gamma": 0.43676481842541925
      },
      "0.01": {
        "coverage": 0.9882795416775999,
        "volume": 172.6342072903735,
        "wsc": 0.9510275470048098,
        "threshold": 0.01584393510954996
      },
      "0.02": {
        "coverage": 0.9785708038135222,
        "volume": 88.37299796277678,
        "wsc": 0.9217315260166157,
        "threshold": 0.00762954111429206
      },
      "0.05": {
        "coverage": 0.9505816496107758,
        "volume": 43.828621081659755,
        "wsc": 0.8316571928290337,
        "threshold": 0.003615284388211113
      },
      "0.1": {
        "coverage": 0.9054491384588472,
        "volume": 23.07170289739907,
        "wsc": 0.6921731526016616,
        "threshold": 0.0019584254027675742
      }
    }
  },
  "elapsed_s": 24204.403475522995
}