{
  "dataset": "bio",
  "seed": 5,
  "model": "MLP",
  "split": [
    0.5,
    0.25,
    0.25
  ],
  "alphas": [
    0.01,
    0.02,
    0.05,
    0.1
  ],
  "result": {
    "seed": 5,
    "model": "MLP",
    "model_rmse": 0.6582578780659482,
    "meta": {
      "n_train": 22865,
      "n_cal": 11432,
      "n_test": 11433,
      "d": 4,
      "p": 6,
      "elapsed": 30478.47933959961
    },
    "Mahal": {
      "params": {},
      "0.01": {
        "coverage": 0.9889792705326685,
        "volume": 288.37478226096994,
        "wsc": 0.9707039790118058,
        "threshold": 20.11734701211348
      },
      "0.02": {
        "coverage": 0.9804950581649611,
        "volume": 141.6367839552858,
        "wsc": 0.9505902929602099,
        "threshold": 14.098733324167512
      },
      "0.05": {
        "coverage": 0.9511939123589609,
        "volume": 65.410288228606,
        "wsc": 0.8780061215566244,
        "threshold": 9.581093953012081
      },
      "0.1": {
        "coverage": 0.8946908073121665,
        "volume": 31.63687128820028,
        "wsc": 0.7520769567118496,
        "threshold": 6.663291783487664
      }
    },
    "Bonferroni": {
      "params": {},
      "0.01": {
        "coverage": 0.9898539316015044,
        "volume": 560.1279468002923,
        "wsc": 0.9742020113686052,
        "threshold": 4.0444198717563555
      },
      "0.02": {
        "coverage": 0.9813697192337969,
        "volume": 285.97470913494715,
        "wsc": 0.9527765631832095,
        "threshold": 3.323814755964418
      },
      "0.05": {
        "coverage": 0.9474328697629668,
        "volume": 113.92455610807643,
        "wsc": 0.8701355487538259,
        "threshold": 2.6413287637034966
      },
      "0.1": {
        "coverage": 0.8996763754045307,
        "volume": 53.35128250274339,
        "wsc": 0.7638828159160472,
        "threshold": 2.178375930199514
      }
    },
    "Density": {
      "params": {
        "lengthscale": 2.510887638894756
      },
      "0.01": {
        "coverage": 0.9903787282428059,
        "volume": 264.95427693132024,
        "wsc": 0.965019676432007,
        "threshold": 0.800609521110531
      },
      "0.02": {
        "coverage": 0.9806699903787283,
        "volume": 157.22960517760848,
        "wsc": 0.9427197201574115,
        "threshold": 0.6523848857582942
      },
      "0.05": {
        "coverage": 0.9511064462520773,
        "volume": 76.52351838684392,
        "wsc": 0.8832531700918234,
        "threshold": 0.4838810175259416
      },
      "0.1": {
        "coverage": 0.89941397708388,
        "volume": 37.347242629220666,
        "wsc": 0.7735024048972453,
        "threshold": 0.35686894350621695
      }
    },
    "Kernel": {
      "params": {
        "lengthscale": 2.510887638894756,
        "gamma": 0.43589798231701116
      },
      "0.01": {
        "coverage": 0.9909035248841074,
        "volume": 142.20732573330187,
        "wsc": 0.9623961521644075,
        "threshold": 0.02209352910097608
      },
      "0.02": {
        "coverage": 0.9813697192337969,
        "volume": 72.04507697685816,
        "wsc": 0.9365981635330127,
        "threshold": 0.010782033866286355
      },
      "0.05": {
        "coverage": 0.9522435056415639,
        "volume": 31.254948458879664,
        "wsc": 0.860078705728028,
        "threshold": 0.0044497046324513505
      },
      "0.1": {
        "coverage": 0.9000262398320651,
        "volume": 14.63226502722077,
        "wsc": 0.7341495408832531,
        "threshold": 0.002144495139890837
      }
    }
  },
  "elapsed_s": 30478.482791423798
}