{
  "dataset": "bio",
  "seed": 7,
  "model": "Ridge",
  "split": [
    0.5,
    0.25,
    0.25
  ],
  "alphas": [
    0.01,
    0.02,
    0.05,
    0.1
  ],
  "result": {
    "seed": 7,
    "model": "Ridge",
    "model_rmse": 0.7925739700289922,
    "meta": {
      "n_train": 22865,
      "n_cal": 11432,
      "n_test": 11433,
      "d": 4,
      "p": 6,
      "elapsed": 30510.527231931686
    },
    "Mahal": {
      "params": {},
      "0.01": {
        "coverage": 0.9900288638152716,
        "volume": 476.62658964038917,
        "wsc": 0.9685177087888063,
        "threshold": 17.97228904975744
      },
      "0.02": {
        "coverage": 0.9817195836613313,
        "volume": 272.6434650399207,
        "wsc": 0.939658941845212,
        "threshold": 13.5928901657931
      },
      "0.05": {
        "coverage": 0.950756581824543,
        "volume": 118.0741883982104,
        "wsc": 0.8382160034980324,
        "threshold": 8.94523482581371
      },
      "0.1": {
        "coverage": 0.9011632992215517,
        "volume": 60.188019081774996,
        "wsc": 0.7109750765194578,
        "threshold": 6.386593672733279
      }
    },
    "Bonferroni": {
      "params": {},
      "0.01": {
        "coverage": 0.9906411265634567,
        "volume": 791.2652675316881,
        "wsc": 0.9711412330564058,
        "threshold": 3.811902268253856
      },
      "0.02": {
        "coverage": 0.9793579987754745,
        "volume": 538.2421949078645,
        "wsc": 0.9304766069086139,
        "threshold": 3.3376109920835764
      },
      "0.05": {
        "coverage": 0.9532056328172833,
        "volume": 205.51360774706637,
        "wsc": 0.8535198950590293,
        "threshold": 2.543805902750252
      },
      "0.1": {
        "coverage": 0.904224612962477,
        "volume": 107.59072057321843,
        "wsc": 0.7017927415828596,
        "threshold": 2.155095475816338
      }
    },
    "Density": {
      "params": {
        "lengthscale": 2.9721615943726123
      },
      "0.01": {
        "coverage": 0.9903787282428059,
        "volume": 356.48331959917675,
        "wsc": 0.9584608657630083,
        "threshold": 0.7070121337073138
      },
      "0.02": {
        "coverage": 0.9813697192337969,
        "volume": 228.81741512017587,
        "wsc": 0.9234805421950153,
        "threshold": 0.5813524039525849
      },
      "0.05": {
        "coverage": 0.9491821919006385,
        "volume": 106.237945377411,
        "wsc": 0.829908176650634,
        "threshold": 0.4118082323930673
      },
      "0.1": {
        "coverage": 0.9009883670077845,
        "volume": 58.74651750326445,
        "wsc": 0.7052907739396589,
        "threshold": 0.31603671629813945
      }
    },
    "Kernel": {
      "params": {
        "lengthscale": 2.9721615943726123,
        "gamma": 0.5422389753758238
      },
      "0.01": {
        "coverage": 0.9902912621359223,
        "volume": 214.24351701067704,
        "wsc": 0.9584608657630083,
        "threshold": 0.02191250194438305
      },
      "0.02": {
        "coverage": 0.9797953293098924,
        "volume": 95.70433585272373,
        "wsc": 0.9256668124180149,
        "threshold": 0.00903185054006654
      },
      "0.05": {
        "coverage": 0.9491821919006385,
        "volume": 46.156689680949874,
        "wsc": 0.8255356362046349,
        "threshold": 0.004251686195149787
      },
      "0.1": {
        "coverage": 0.904661943496895,
        "volume": 24.710693576749247,
        "wsc": 0.6912986445124617,
        "threshold": 0.0023537100144579207
      }
    }
  },
  "elapsed_s": 30510.53372168541
}