{
  "dataset": "bio",
  "seed": 37,
  "model": "MLP",
  "split": [
    0.5,
    0.25,
    0.25
  ],
  "alphas": [
    0.01,
    0.02,
    0.05,
    0.1
  ],
  "result": {
    "seed": 37,
    "model": "MLP",
    "model_rmse": 0.7699581016236574,
    "meta": {
      "n_train": 22865,
      "n_cal": 11432,
      "n_test": 11433,
      "d": 4,
      "p": 6,
      "elapsed": 24028.722361564636
    },
    "Mahal": {
      "params": {},
      "0.01": {
        "coverage": 0.990990990990991,
        "volume": 326.10834260327863,
        "wsc": 0.9755137735024049,
        "threshold": 21.77603776428177
      },
      "0.02": {
        "coverage": 0.9815446514475641,
        "volume": 141.86689464640784,
        "wsc": 0.9536510712724092,
        "threshold": 14.362777664472219
      },
      "0.05": {
        "coverage": 0.9511064462520773,
        "volume": 64.93909817576751,
        "wsc": 0.8718845649322257,
        "threshold": 9.717421321951024
      },
      "0.1": {
        "coverage": 0.896702527770489,
        "volume": 30.376485693605428,
        "wsc": 0.7463926541320507,
        "threshold": 6.646096923119521
      }
    },
    "Bonferroni": {
      "params": {},
      "0.01": {
        "coverage": 0.9909035248841074,
        "volume": 605.0720833275491,
        "wsc": 0.9772627896808046,
        "threshold": 4.219462001202454
      },
      "0.02": {
        "coverage": 0.9820694480888655,
        "volume": 278.9205731760517,
        "wsc": 0.955400087450809,
        "threshold": 3.3407835824256296
      },
      "0.05": {
        "coverage": 0.9496195224350564,
        "volume": 118.55574051110969,
        "wsc": 0.8714473108876257,
        "threshold": 2.6871661553632546
      },
      "0.1": {
        "coverage": 0.8980145193737427,
        "volume": 50.89865553124311,
        "wsc": 0.7586357673808483,
        "threshold": 2.1745856916634168
      }
    },
    "Density": {
      "params": {
        "lengthscale": 2.530096541496249
      },
      "0.01": {
        "coverage": 0.9915157876322925,
        "volume": 295.7369902698261,
        "wsc": 0.9680804547442063,
        "threshold": 0.8224383133238196
      },
      "0.02": {
        "coverage": 0.9829441091577014,
        "volume": 169.28043310689998,
        "wsc": 0.9484040227372104,
        "threshold": 0.6603505021043272
      },
      "0.05": {
        "coverage": 0.9522435056415639,
        "volume": 78.79071284884827,
        "wsc": 0.8806296458242239,
        "threshold": 0.4822802276331959
      },
      "0.1": {
        "coverage": 0.8976646549462084,
        "volume": 37.90942301743114,
        "wsc": 0.7638828159160472,
        "threshold": 0.3511499150883711
      }
    },
    "Kernel": {
      "params": {
        "lengthscale": 2.530096541496249,
        "gamma": 0.36758155060719183
      },
      "0.01": {
        "coverage": 0.991603253739176,
        "volume": 172.25229992088595,
        "wsc": 0.9637079142982072,
        "threshold": 0.02217619901050296
      },
      "0.02": {
        "coverage": 0.9822443803026327,
        "volume": 83.7921472431174,
        "wsc": 0.9361609094884128,
        "threshold": 0.01004847861438385
      },
      "0.05": {
        "coverage": 0.9503192512901251,
        "volume": 34.15472299390737,
        "wsc": 0.8543944031482291,
        "threshold": 0.003880688482646233
      },
      "0.1": {
        "coverage": 0.8995889092976471,
        "volume": 16.19304990840175,
        "wsc": 0.7240926978574552,
        "threshold": 0.0018946434682278383
      }
    }
  },
  "elapsed_s": 24028.7245721817
}