{
  "dataset": "bio",
  "seed": 37,
  "model": "Ridge",
  "split": [
    0.5,
    0.25,
    0.25
  ],
  "alphas": [
    0.01,
    0.02,
    0.05,
    0.1
  ],
  "result": {
    "seed": 37,
    "model": "Ridge",
    "model_rmse": 0.824340495875945,
    "meta": {
      "n_train": 22865,
      "n_cal": 11432,
      "n_test": 11433,
      "d": 4,
      "p": 6,
      "elapsed": 24120.519042253494
    },
    "Mahal": {
      "params": {},
      "0.01": {
        "coverage": 0.9902037960290387,
        "volume": 428.8802293384576,
        "wsc": 0.9672059466550066,
        "threshold": 20.575103646073625
      },
      "0.02": {
        "coverage": 0.9813697192337969,
        "volume": 190.54109043258887,
        "wsc": 0.9387844337560123,
        "threshold": 13.714132513454476
      },
      "0.05": {
        "coverage": 0.9493571241144056,
        "volume": 84.69793982931466,
        "wsc": 0.8377787494534324,
        "threshold": 9.143457315245684
      },
      "0.1": {
        "coverage": 0.8969649260911396,
        "volume": 41.9181055846095,
        "wsc": 0.7004809794490598,
        "threshold": 6.432426641722882
      }
    },
    "Bonferroni": {
      "params": {},
      "0.01": {
        "coverage": 0.9902912621359223,
        "volume": 692.3298464045661,
        "wsc": 0.9702667249672059,
        "threshold": 4.054879012063133
      },
      "0.02": {
        "coverage": 0.9812822531269133,
        "volume": 418.72497980558427,
        "wsc": 0.9361609094884128,
        "threshold": 3.3905104611527173
      },
      "0.05": {
        "coverage": 0.9472579375491997,
        "volume": 142.96884752480258,
        "wsc": 0.8382160034980324,
        "threshold": 2.5431154501375066
      },
      "0.1": {
        "coverage": 0.8995014431907635,
        "volume": 74.75237697368499,
        "wsc": 0.6939221687800612,
        "threshold": 2.151599898860474
      }
    },
    "Density": {
      "params": {
        "lengthscale": 2.944529733289512
      },
      "0.01": {
        "coverage": 0.9909035248841074,
        "volume": 322.72269602083855,
        "wsc": 0.9610843900306077,
        "threshold": 0.6937394852100935
      },
      "0.02": {
        "coverage": 0.9808449225924954,
        "volume": 209.67450553603027,
        "wsc": 0.9239177962396152,
        "threshold": 0.5710194541883328
      },
      "0.05": {
        "coverage": 0.9500568529694743,
        "volume": 101.74994018650091,
        "wsc": 0.8386532575426323,
        "threshold": 0.41061164563271574
      },
      "0.1": {
        "coverage": 0.8999387737251815,
        "volume": 53.9458607993311,
        "wsc": 0.7066025360734587,
        "threshold": 0.30998172589438583
      }
    },
    "Kernel": {
      "params": {
        "lengthscale": 2.944529733289512,
        "gamma": 0.4365809949968207
      },
      "0.01": {
        "coverage": 0.9911659232047582,
        "volume": 194.36931763192783,
        "wsc": 0.9610843900306077,
        "threshold": 0.018399564785489576
      },
      "0.02": {
        "coverage": 0.9815446514475641,
        "volume": 91.23993990900566,
        "wsc": 0.9335373852208133,
        "threshold": 0.007925203271284082
      },
      "0.05": {
        "coverage": 0.9520685734277967,
        "volume": 45.30795432126468,
        "wsc": 0.8395277656318321,
        "threshold": 0.0037346866687673085
      },
      "0.1": {
        "coverage": 0.8981894515875098,
        "volume": 22.185953710775134,
        "wsc": 0.6825535636204635,
        "threshold": 0.0019018052215044046
      }
    }
  },
  "elapsed_s": 24120.52213692665
}