{
  "dataset": "bio",
  "seed": 24,
  "model": "MLP",
  "split": [
    0.5,
    0.25,
    0.25
  ],
  "alphas": [
    0.01,
    0.02,
    0.05,
    0.1
  ],
  "result": {
    "seed": 24,
    "model": "MLP",
    "model_rmse": 0.5585647201696471,
    "meta": {
      "n_train": 22865,
      "n_cal": 11432,
      "n_test": 11433,
      "d": 4,
      "p": 6,
      "elapsed": 5379.732189655304
    },
    "Mahal": {
      "params": {},
      "0.01": {
        "coverage": 0.9897664654946209,
        "volume": 258.36804283443746,
        "wsc": 0.9685177087888063,
        "threshold": 23.93900640235718
      },
      "0.02": {
        "coverage": 0.9813697192337969,
        "volume": 107.15350998918369,
        "wsc": 0.9484040227372104,
        "threshold": 15.41664684634869
      },
      "0.05": {
        "coverage": 0.952855768389749,
        "volume": 43.13669968581261,
        "wsc": 0.8771316134674245,
        "threshold": 9.781606339065767
      },
      "0.1": {
        "coverage": 0.9037872824280592,
        "volume": 21.930036923026282,
        "wsc": 0.7721906427634455,
        "threshold": 6.974392820895171
      }
    },
    "Bonferroni": {
      "params": {},
      "0.01": {
        "coverage": 0.9894166010670865,
        "volume": 465.11058541269847,
        "wsc": 0.9685177087888063,
        "threshold": 4.460587348875404
      },
      "0.02": {
        "coverage": 0.9804075920580775,
        "volume": 189.17391391924954,
        "wsc": 0.9488412767818102,
        "threshold": 3.3802780435976856
      },
      "0.05": {
        "coverage": 0.9522435056415639,
        "volume": 79.94614659824288,
        "wsc": 0.8806296458242239,
        "threshold": 2.7000078034115402
      },
      "0.1": {
        "coverage": 0.9050992740313129,
        "volume": 36.37037776430031,
        "wsc": 0.7743769129864452,
        "threshold": 2.214929357048599
      }
    },
    "Density": {
      "params": {
        "lengthscale": 2.4753540509252447
      },
      "0.01": {
        "coverage": 0.989941397708388,
        "volume": 256.6078211690399,
        "wsc": 0.9619588981198076,
        "threshold": 0.8132628740205388
      },
      "0.02": {
        "coverage": 0.9797953293098924,
        "volume": 145.79901480037793,
        "wsc": 0.9374726716222125,
        "threshold": 0.6465783809417595
      },
      "0.05": {
        "coverage": 0.954517624420537,
        "volume": 73.72566509927115,
        "wsc": 0.8871884564932225,
        "threshold": 0.4853417959952286
      },
      "0.1": {
        "coverage": 0.9026502230385726,
        "volume": 39.14367576592521,
        "wsc": 0.7853082641014429,
        "threshold": 0.36965799440499875
      }
    },
    "Kernel": {
      "params": {
        "lengthscale": 2.4753540509252447,
        "gamma": 0.3662374593669265
      },
      "0.01": {
        "coverage": 0.9903787282428059,
        "volume": 128.8417230474519,
        "wsc": 0.9628334062090075,
        "threshold": 0.018982773070091826
      },
      "0.02": {
        "coverage": 0.9802326598443103,
        "volume": 67.05160682433274,
        "wsc": 0.9335373852208133,
        "threshold": 0.009375018028033004
      },
      "0.05": {
        "coverage": 0.9516312428933789,
        "volume": 27.823695371442284,
        "wsc": 0.8557061652820288,
        "threshold": 0.0037145218444164813
      },
      "0.1": {
        "coverage": 0.9020379602903875,
        "volume": 13.179645175946346,
        "wsc": 0.7420201136860516,
        "threshold": 0.0018278095368476884
      }
    }
  },
  "elapsed_s": 5379.735580444336
}