{
  "dataset": "bio",
  "seed": 26,
  "model": "Ridge",
  "split": [
    0.5,
    0.25,
    0.25
  ],
  "alphas": [
    0.01,
    0.02,
    0.05,
    0.1
  ],
  "result": {
    "seed": 26,
    "model": "Ridge",
    "model_rmse": 0.6752809816314029,
    "meta": {
      "n_train": 22865,
      "n_cal": 11432,
      "n_test": 11433,
      "d": 4,
      "p": 6,
      "elapsed": 5127.421605587006
    },
    "Mahal": {
      "params": {},
      "0.01": {
        "coverage": 0.9894166010670865,
        "volume": 292.9788702680951,
        "wsc": 0.9654569304766069,
        "threshold": 18.457578003736728
      },
      "0.02": {
        "coverage": 0.9807574564856119,
        "volume": 168.11458889212852,
        "wsc": 0.9370354175776126,
        "threshold": 13.981676965711262
      },
      "0.05": {
        "coverage": 0.9539928277792356,
        "volume": 78.32076576275509,
        "wsc": 0.8578924355050285,
        "threshold": 9.543221960883841
      },
      "0.1": {
        "coverage": 0.9021254263972711,
        "volume": 36.2883471959791,
        "wsc": 0.7219064276344557,
        "threshold": 6.495912353242266
      }
    },
    "Bonferroni": {
      "params": {},
      "0.01": {
        "coverage": 0.9896789993877373,
        "volume": 535.7875301824402,
        "wsc": 0.9698294709226061,
        "threshold": 3.938874538775048
      },
      "0.02": {
        "coverage": 0.9801451937374267,
        "volume": 360.33706812873805,
        "wsc": 0.9326628771316134,
        "threshold": 3.43234248466496
      },
      "0.05": {
        "coverage": 0.9551298871687222,
        "volume": 130.94240701665936,
        "wsc": 0.8618277219064276,
        "threshold": 2.5993387215896915
      },
      "0.1": {
        "coverage": 0.901513163649086,
        "volume": 63.11671285175409,
        "wsc": 0.7026672496720595,
        "threshold": 2.156364454014542
      }
    },
    "Density": {
      "params": {
        "lengthscale": 2.9112342943950313
      },
      "0.01": {
        "coverage": 0.9902912621359223,
        "volume": 280.45710905796705,
        "wsc": 0.9584608657630083,
        "threshold": 0.6828633606309215
      },
      "0.02": {
        "coverage": 0.9806699903787283,
        "volume": 207.34971963641928,
        "wsc": 0.9221687800612156,
        "threshold": 0.5921634940276893
      },
      "0.05": {
        "coverage": 0.9517187090002625,
        "volume": 96.7341122649453,
        "wsc": 0.8460865763008307,
        "threshold": 0.41891913778414286
      },
      "0.1": {
        "coverage": 0.9016880958628531,
        "volume": 54.00783394098675,
        "wsc": 0.7223436816790555,
        "threshold": 0.31961086931623633
      }
    },
    "Kernel": {
      "params": {
        "lengthscale": 2.9112342943950313,
        "gamma": 0.5226856004258925
      },
      "0.01": {
        "coverage": 0.9881046094638327,
        "volume": 134.0241534744938,
        "wsc": 0.9519020550940096,
        "threshold": 0.015350025046816571
      },
      "0.02": {
        "coverage": 0.978395871599755,
        "volume": 74.33463358617213,
        "wsc": 0.9261040664626148,
        "threshold": 0.00807010263182885
      },
      "0.05": {
        "coverage": 0.9491821919006385,
        "volume": 37.80821096794545,
        "wsc": 0.8355924792304329,
        "threshold": 0.003991964524963845
      },
      "0.1": {
        "coverage": 0.902562756931689,
        "volume": 19.872264769398594,
        "wsc": 0.7052907739396589,
        "threshold": 0.0021786555445940108
      }
    }
  },
  "elapsed_s": 5127.423957824707
}