{
  "dataset": "bio",
  "seed": 43,
  "model": "MLP",
  "split": [
    0.5,
    0.25,
    0.25
  ],
  "alphas": [
    0.01,
    0.02,
    0.05,
    0.1
  ],
  "result": {
    "seed": 43,
    "model": "MLP",
    "model_rmse": 0.7522036888398413,
    "meta": {
      "n_train": 22865,
      "n_cal": 11432,
      "n_test": 11433,
      "d": 4,
      "p": 6,
      "elapsed": 23989.525403022766
    },
    "Mahal": {
      "params": {},
      "0.01": {
        "coverage": 0.9886294061051343,
        "volume": 263.1030787855757,
        "wsc": 0.9667686926104067,
        "threshold": 22.572485945845894
      },
      "0.02": {
        "coverage": 0.9793579987754745,
        "volume": 112.42583730306067,
        "wsc": 0.9462177525142108,
        "threshold": 14.755349186472372
      },
      "0.05": {
        "coverage": 0.9485699291524534,
        "volume": 51.809803084742384,
        "wsc": 0.8723218189768255,
        "threshold": 10.016647648488785
      },
      "0.1": {
        "coverage": 0.8940785445639815,
        "volume": 24.874372015487875,
        "wsc": 0.7525142107564495,
        "threshold": 6.940527651933371
      }
    },
    "Bonferroni": {
      "params": {},
      "0.01": {
        "coverage": 0.9888918044257851,
        "volume": 509.78010720275347,
        "wsc": 0.9676432006996065,
        "threshold": 4.367010924390797
      },
      "0.02": {
        "coverage": 0.9804075920580775,
        "volume": 218.93402706417947,
        "wsc": 0.95015303891561,
        "threshold": 3.382048307711616
      },
      "0.05": {
        "coverage": 0.94970698854194,
        "volume": 94.92337708022728,
        "wsc": 0.8815041539134237,
        "threshold": 2.735567395823832
      },
      "0.1": {
        "coverage": 0.8988017143356949,
        "volume": 42.185206602470465,
        "wsc": 0.7673808482728465,
        "threshold": 2.2315344380328987
      }
    },
    "Density": {
      "params": {
        "lengthscale": 2.4876656433698887
      },
      "0.01": {
        "coverage": 0.9897664654946209,
        "volume": 251.97866142113674,
        "wsc": 0.9632706602536073,
        "threshold": 0.806900537346247
      },
      "0.02": {
        "coverage": 0.9779585410653372,
        "volume": 146.4223737695982,
        "wsc": 0.9431569742020114,
        "threshold": 0.6472081438006299
      },
      "0.05": {
        "coverage": 0.9473454036560832,
        "volume": 75.53630329418984,
        "wsc": 0.8828159160472234,
        "threshold": 0.4878779188534768
      },
      "0.1": {
        "coverage": 0.895215603953468,
        "volume": 38.17454735188815,
        "wsc": 0.770004372540446,
        "threshold": 0.36292579383998863
      }
    },
    "Kernel": {
      "params": {
        "lengthscale": 2.4876656433698887,
        "gamma": 0.36677365781492294
      },
      "0.01": {
        "coverage": 0.9889792705326685,
        "volume": 133.8840669430269,
        "wsc": 0.9593353738522081,
        "threshold": 0.01848394270001085
      },
      "0.02": {
        "coverage": 0.9779585410653372,
        "volume": 69.80679007907226,
        "wsc": 0.9278530826410144,
        "threshold": 0.009237644651711516
      },
      "0.05": {
        "coverage": 0.948657395259337,
        "volume": 30.273148894760862,
        "wsc": 0.8557061652820288,
        "threshold": 0.0038301358944878897
      },
      "0.1": {
        "coverage": 0.8957404005947696,
        "volume": 14.3104585884565,
        "wsc": 0.730214254481854,
        "threshold": 0.0018633418108324482
      }
    }
  },
  "elapsed_s": 23989.52753829956
}