{
  "dataset": "bio",
  "seed": 45,
  "model": "MLP",
  "split": [
    0.5,
    0.25,
    0.25
  ],
  "alphas": [
    0.01,
    0.02,
    0.05,
    0.1
  ],
  "result": {
    "seed": 45,
    "model": "MLP",
    "model_rmse": 0.6339450941485051,
    "meta": {
      "n_train": 22865,
      "n_cal": 11432,
      "n_test": 11433,
      "d": 4,
      "p": 6,
      "elapsed": 24249.75473833084
    },
    "Mahal": {
      "params": {},
      "0.01": {
        "coverage": 0.9890667366395521,
        "volume": 269.25898316399133,
        "wsc": 0.9707039790118058,
        "threshold": 21.779086658361233
      },
      "0.02": {
        "coverage": 0.977171346103385,
        "volume": 114.88224090682392,
        "wsc": 0.9374726716222125,
        "threshold": 14.225941270561487
      },
      "0.05": {
        "coverage": 0.948657395259337,
        "volume": 53.72788379704607,
        "wsc": 0.8657630083078268,
        "threshold": 9.728691451926888
      },
      "0.1": {
        "coverage": 0.8998513076182979,
        "volume": 26.102145004924783,
        "wsc": 0.7573240052470486,
        "threshold": 6.780983088227285
      }
    },
    "Bonferroni": {
      "params": {},
      "0.01": {
        "coverage": 0.9889792705326685,
        "volume": 493.8221123460308,
        "wsc": 0.9720157411456056,
        "threshold": 4.255749383889076
      },
      "0.02": {
        "coverage": 0.976121752820782,
        "volume": 226.89124080763577,
        "wsc": 0.9365981635330127,
        "threshold": 3.3205452969886315
      },
      "0.05": {
        "coverage": 0.9490072596868714,
        "volume": 102.01094483928536,
        "wsc": 0.8740708351552252,
        "threshold": 2.712966298775771
      },
      "0.1": {
        "coverage": 0.9002011720458323,
        "volume": 44.13127182733319,
        "wsc": 0.7599475295146481,
        "threshold": 2.2060910790950152
      }
    },
    "Density": {
      "params": {
        "lengthscale": 2.467488849294348
      },
      "0.01": {
        "coverage": 0.9882795416775999,
        "volume": 248.46977659075785,
        "wsc": 0.9615216440752077,
        "threshold": 0.8126093703009426
      },
      "0.02": {
        "coverage": 0.9780460071722208,
        "volume": 143.24397088987865,
        "wsc": 0.9335373852208133,
        "threshold": 0.64959372583078
      },
      "0.05": {
        "coverage": 0.9477827341905012,
        "volume": 71.38452413129889,
        "wsc": 0.8688237866200262,
        "threshold": 0.4859264543903211
      },
      "0.1": {
        "coverage": 0.9036998163211756,
        "volume": 37.762437620463636,
        "wsc": 0.780061215566244,
        "threshold": 0.3667498394049597
      }
    },
    "Kernel": {
      "params": {
        "lengthscale": 2.467488849294348,
        "gamma": 0.39194003699885416
      },
      "0.01": {
        "coverage": 0.9881920755707163,
        "volume": 127.30361911780938,
        "wsc": 0.954962833406209,
        "threshold": 0.019018322293910307
      },
      "0.02": {
        "coverage": 0.9774337444240356,
        "volume": 69.97193375271979,
        "wsc": 0.9256668124180149,
        "threshold": 0.010005068075447602
      },
      "0.05": {
        "coverage": 0.9483075308318026,
        "volume": 30.273273113341695,
        "wsc": 0.8456493222562309,
        "threshold": 0.004153946021881776
      },
      "0.1": {
        "coverage": 0.896877459984256,
        "volume": 13.857998713991494,
        "wsc": 0.7280279842588544,
        "threshold": 0.0019480129991117949
      }
    }
  },
  "elapsed_s": 24249.756972312927
}