{
  "dataset": "bio",
  "seed": 43,
  "model": "Ridge",
  "split": [
    0.5,
    0.25,
    0.25
  ],
  "alphas": [
    0.01,
    0.02,
    0.05,
    0.1
  ],
  "result": {
    "seed": 43,
    "model": "Ridge",
    "model_rmse": 0.8094006120044066,
    "meta": {
      "n_train": 22865,
      "n_cal": 11432,
      "n_test": 11433,
      "d": 4,
      "p": 6,
      "elapsed": 24009.66331386566
    },
    "Mahal": {
      "params": {},
      "0.01": {
        "coverage": 0.9887168722120179,
        "volume": 348.50864194217974,
        "wsc": 0.9606471359860078,
        "threshold": 21.284885692495777
      },
      "0.02": {
        "coverage": 0.978833202134173,
        "volume": 148.16224602151877,
        "wsc": 0.9304766069086139,
        "threshold": 13.878205782411609
      },
      "0.05": {
        "coverage": 0.9478702002973848,
        "volume": 66.19113046701727,
        "wsc": 0.8373414954088325,
        "threshold": 9.276079146677299
      },
      "0.1": {
        "coverage": 0.8944284089915158,
        "volume": 33.67161538721821,
        "wsc": 0.6996064713598601,
        "threshold": 6.616015627224134
      }
    },
    "Bonferroni": {
      "params": {},
      "0.01": {
        "coverage": 0.9885419399982507,
        "volume": 610.6157831988056,
        "wsc": 0.9623961521644075,
        "threshold": 4.120760808690784
      },
      "0.02": {
        "coverage": 0.9789206682410566,
        "volume": 332.9498371890476,
        "wsc": 0.9317883690424137,
        "threshold": 3.417784249381024
      },
      "0.05": {
        "coverage": 0.9487448613662206,
        "volume": 110.92392239095355,
        "wsc": 0.8469610843900306,
        "threshold": 2.563472734283994
      },
      "0.1": {
        "coverage": 0.8993265109769965,
        "volume": 58.88638458368848,
        "wsc": 0.7013554875382597,
        "threshold": 2.167742569580981
      }
    },
    "Density": {
      "params": {
        "lengthscale": 2.9160250201724063
      },
      "0.01": {
        "coverage": 0.9881046094638327,
        "volume": 270.8718900075459,
        "wsc": 0.9492785308264101,
        "threshold": 0.6577605160949939
      },
      "0.02": {
        "coverage": 0.97778360885157,
        "volume": 191.69922127209125,
        "wsc": 0.9138609532138172,
        "threshold": 0.5624396888656833
      },
      "0.05": {
        "coverage": 0.9481325986180356,
        "volume": 96.43176261204161,
        "wsc": 0.8373414954088325,
        "threshold": 0.4134446494079293
      },
      "0.1": {
        "coverage": 0.8984518499081606,
        "volume": 53.98261029176932,
        "wsc": 0.7170966331438566,
        "threshold": 0.31915601078145867
      }
    },
    "Kernel": {
      "params": {
        "lengthscale": 2.9160250201724063,
        "gamma": 0.36413173130662513
      },
      "0.01": {
        "coverage": 0.9886294061051343,
        "volume": 168.111792974089,
        "wsc": 0.954962833406209,
        "threshold": 0.01498740557705539
      },
      "0.02": {
        "coverage": 0.9776086766378028,
        "volume": 83.24088372065012,
        "wsc": 0.9247923043288151,
        "threshold": 0.00683888349703568
      },
      "0.05": {
        "coverage": 0.9473454036560832,
        "volume": 40.66845215840221,
        "wsc": 0.8303454306952339,
        "threshold": 0.003142328896843623
      },
      "0.1": {
        "coverage": 0.895215603953468,
        "volume": 20.6835172647987,
        "wsc": 0.6733712286838653,
        "threshold": 0.0016239578307083063
      }
    }
  },
  "elapsed_s": 24009.666336774826
}