{
  "dataset": "bio",
  "seed": 13,
  "model": "MLP",
  "split": [
    0.5,
    0.25,
    0.25
  ],
  "alphas": [
    0.01,
    0.02,
    0.05,
    0.1
  ],
  "result": {
    "seed": 13,
    "model": "MLP",
    "model_rmse": 0.6924305108495001,
    "meta": {
      "n_train": 22865,
      "n_cal": 11432,
      "n_test": 11433,
      "d": 4,
      "p": 6,
      "elapsed": 30516.812029838562
    },
    "Mahal": {
      "params": {},
      "0.01": {
        "coverage": 0.9914283215254089,
        "volume": 402.95842855819666,
        "wsc": 0.9777000437254044,
        "threshold": 21.327982516037288
      },
      "0.02": {
        "coverage": 0.9795329309892417,
        "volume": 170.2834178153789,
        "wsc": 0.9466316710411199,
        "threshold": 13.864551751915831
      },
      "0.05": {
        "coverage": 0.9455086154115281,
        "volume": 77.57846278636916,
        "wsc": 0.8535198950590293,
        "threshold": 9.358155100888913
      },
      "0.1": {
        "coverage": 0.8967899938773726,
        "volume": 39.46901278412517,
        "wsc": 0.745080891998251,
        "threshold": 6.674946448836847
      }
    },
    "Bonferroni": {
      "params": {},
      "0.01": {
        "coverage": 0.9913408554185253,
        "volume": 674.820481133143,
        "wsc": 0.978583916083916,
        "threshold": 4.001859383869757
      },
      "0.02": {
        "coverage": 0.978833202134173,
        "volume": 320.169060876319,
        "wsc": 0.9426946631671042,
        "threshold": 3.2361342876682224
      },
      "0.05": {
        "coverage": 0.9441091577013907,
        "volume": 140.33683016870808,
        "wsc": 0.8513336248360297,
        "threshold": 2.6285272413443197
      },
      "0.1": {
        "coverage": 0.8958278667016532,
        "volume": 68.01592283555044,
        "wsc": 0.7547004809794491,
        "threshold": 2.1919057343296595
      }
    },
    "Density": {
      "params": {
        "lengthscale": 2.494070714924003
      },
      "0.01": {
        "coverage": 0.9895040671739701,
        "volume": 260.52236777131407,
        "wsc": 0.9610843900306077,
        "threshold": 0.8099459913040198
      },
      "0.02": {
        "coverage": 0.9784833377066386,
        "volume": 151.34003067739488,
        "wsc": 0.9326628771316134,
        "threshold": 0.6525466614661517
      },
      "0.05": {
        "coverage": 0.9460334120528295,
        "volume": 70.45163774867031,
        "wsc": 0.8670747704416266,
        "threshold": 0.4756658602735561
      },
      "0.1": {
        "coverage": 0.8954780022741188,
        "volume": 35.00632130949005,
        "wsc": 0.7590730214254482,
        "threshold": 0.35090420714318515
      }
    },
    "Kernel": {
      "params": {
        "lengthscale": 2.494070714924003,
        "gamma": 0.4343848049732943
      },
      "0.01": {
        "coverage": 0.9897664654946209,
        "volume": 134.7573436816777,
        "wsc": 0.9588981198076082,
        "threshold": 0.020897463104227514
      },
      "0.02": {
        "coverage": 0.9768214816758506,
        "volume": 74.71413884663005,
        "wsc": 0.9234805421950153,
        "threshold": 0.011042529198579546
      },
      "0.05": {
        "coverage": 0.9471704714423161,
        "volume": 30.149052616466147,
        "wsc": 0.8460865763008307,
        "threshold": 0.004352872692980264
      },
      "0.1": {
        "coverage": 0.8976646549462084,
        "volume": 13.920393951144302,
        "wsc": 0.7280279842588544,
        "threshold": 0.002131102092573649
      }
    }
  },
  "elapsed_s": 30516.817162275314
}