{
  "dataset": "bio",
  "seed": 48,
  "model": "Ridge",
  "split": [
    0.5,
    0.25,
    0.25
  ],
  "alphas": [
    0.01,
    0.02,
    0.05,
    0.1
  ],
  "result": {
    "seed": 48,
    "model": "Ridge",
    "model_rmse": 0.6961647099013099,
    "meta": {
      "n_train": 22865,
      "n_cal": 11432,
      "n_test": 11433,
      "d": 4,
      "p": 6,
      "elapsed": 24274.740087509155
    },
    "Mahal": {
      "params": {},
      "0.01": {
        "coverage": 0.9881046094638327,
        "volume": 286.42139703052953,
        "wsc": 0.9610843900306077,
        "threshold": 22.454889464430167
      },
      "0.02": {
        "coverage": 0.97778360885157,
        "volume": 115.73494516016646,
        "wsc": 0.9317883690424137,
        "threshold": 14.273827609529624
      },
      "0.05": {
        "coverage": 0.9441091577013907,
        "volume": 46.47439092043613,
        "wsc": 0.8211630957586358,
        "threshold": 9.045134842413276
      },
      "0.1": {
        "coverage": 0.895652934487886,
        "volume": 24.772816109336016,
        "wsc": 0.6936188811188811,
        "threshold": 6.603829951272161
      }
    },
    "Bonferroni": {
      "params": {},
      "0.01": {
        "coverage": 0.9880171433569492,
        "volume": 480.30149633399714,
        "wsc": 0.9641451683428072,
        "threshold": 4.160752108939098
      },
      "0.02": {
        "coverage": 0.9784833377066386,
        "volume": 258.6930380348295,
        "wsc": 0.930506993006993,
        "threshold": 3.4492214487588657
      },
      "0.05": {
        "coverage": 0.9448963526633429,
        "volume": 77.97126537351544,
        "wsc": 0.8325317009182335,
        "threshold": 2.535083645423973
      },
      "0.1": {
        "coverage": 0.8943409428846322,
        "volume": 39.76291049434862,
        "wsc": 0.6843025797988631,
        "threshold": 2.138715443994561
      }
    },
    "Density": {
      "params": {
        "lengthscale": 2.923655363889459
      },
      "0.01": {
        "coverage": 0.9894166010670865,
        "volume": 297.1542423212849,
        "wsc": 0.955400087450809,
        "threshold": 0.6685490705192976
      },
      "0.02": {
        "coverage": 0.9769089477827342,
        "volume": 195.12482408390198,
        "wsc": 0.9112374289462177,
        "threshold": 0.5583202513772131
      },
      "0.05": {
        "coverage": 0.9461208781597131,
        "volume": 89.70535083027919,
        "wsc": 0.8320944468736335,
        "threshold": 0.40168303186226906
      },
      "0.1": {
        "coverage": 0.896702527770489,
        "volume": 49.502295071391146,
        "wsc": 0.7074770441626586,
        "threshold": 0.3094720848148643
      }
    },
    "Kernel": {
      "params": {
        "lengthscale": 2.923655363889459,
        "gamma": 0.4625555807335684
      },
      "0.01": {
        "coverage": 0.9886294061051343,
        "volume": 153.04880975250575,
        "wsc": 0.9540883253170092,
        "threshold": 0.016275987897359838
      },
      "0.02": {
        "coverage": 0.9757718883932476,
        "volume": 71.71558374133814,
        "wsc": 0.9134236991692173,
        "threshold": 0.007364545161888245
      },
      "0.05": {
        "coverage": 0.9435843610600892,
        "volume": 34.65909838426383,
        "wsc": 0.8150415391342369,
        "threshold": 0.003549892029944732
      },
      "0.1": {
        "coverage": 0.8951281378465844,
        "volume": 17.961672710353426,
        "wsc": 0.675120244862265,
        "threshold": 0.0018927330530218354
      }
    }
  },
  "elapsed_s": 24274.74346470833
}