{
  "dataset": "bio",
  "seed": 29,
  "model": "MLP",
  "split": [
    0.5,
    0.25,
    0.25
  ],
  "alphas": [
    0.01,
    0.02,
    0.05,
    0.1
  ],
  "result": {
    "seed": 29,
    "model": "MLP",
    "model_rmse": 0.6470460762750239,
    "meta": {
      "n_train": 22865,
      "n_cal": 11432,
      "n_test": 11433,
      "d": 4,
      "p": 6,
      "elapsed": 5352.115495920181
    },
    "Mahal": {
      "params": {},
      "0.01": {
        "coverage": 0.9892416688533193,
        "volume": 377.78277891020304,
        "wsc": 0.9724529951902056,
        "threshold": 19.870291583373184
      },
      "0.02": {
        "coverage": 0.97778360885157,
        "volume": 177.30504271888546,
        "wsc": 0.9470922606034106,
        "threshold": 13.612682193879495
      },
      "0.05": {
        "coverage": 0.9472579375491997,
        "volume": 87.68946394805029,
        "wsc": 0.8714473108876257,
        "threshold": 9.573194206341583
      },
      "0.1": {
        "coverage": 0.8975771888393248,
        "volume": 42.721767197854305,
        "wsc": 0.7625710537822474,
        "threshold": 6.682019923965235
      }
    },
    "Bonferroni": {
      "params": {},
      "0.01": {
        "coverage": 0.9893291349602029,
        "volume": 738.0822762604744,
        "wsc": 0.9715784871010057,
        "threshold": 3.9408437875094164
      },
      "0.02": {
        "coverage": 0.9768214816758506,
        "volume": 353.5469262681901,
        "wsc": 0.9431569742020114,
        "threshold": 3.2525104280659236
      },
      "0.05": {
        "coverage": 0.948657395259337,
        "volume": 161.4806760262546,
        "wsc": 0.8801923917796239,
        "threshold": 2.669550080344486
      },
      "0.1": {
        "coverage": 0.898364383801277,
        "volume": 73.8299195226543,
        "wsc": 0.7730651508526454,
        "threshold": 2.1951571221072137
      }
    },
    "Density": {
      "params": {
        "lengthscale": 2.4707306296766833
      },
      "0.01": {
        "coverage": 0.9887168722120179,
        "volume": 258.5674075538415,
        "wsc": 0.9588981198076082,
        "threshold": 0.8139991192872463
      },
      "0.02": {
        "coverage": 0.9791830665617074,
        "volume": 149.78254607040904,
        "wsc": 0.9352864013992129,
        "threshold": 0.6581274921055789
      },
      "0.05": {
        "coverage": 0.9478702002973848,
        "volume": 72.99323208210376,
        "wsc": 0.8688237866200262,
        "threshold": 0.48648490607308975
      },
      "0.1": {
        "coverage": 0.9021254263972711,
        "volume": 37.09314319774069,
        "wsc": 0.7809357236554438,
        "threshold": 0.3640378377710396
      }
    },
    "Kernel": {
      "params": {
        "lengthscale": 2.4707306296766833,
        "gamma": 0.5940819676517148
      },
      "0.01": {
        "coverage": 0.9894166010670865,
        "volume": 160.76794228060044,
        "wsc": 0.9571491036292086,
        "threshold": 0.03132869772056382
      },
      "0.02": {
        "coverage": 0.9790956004548238,
        "volume": 75.08495068348012,
        "wsc": 0.929602098819414,
        "threshold": 0.013865117683570266
      },
      "0.05": {
        "coverage": 0.9513688445727281,
        "volume": 31.003917935956192,
        "wsc": 0.8657630083078268,
        "threshold": 0.005718092229621643
      },
      "0.1": {
        "coverage": 0.9014256975422024,
        "volume": 14.688512845220624,
        "wsc": 0.7481416703104504,
        "threshold": 0.0027832842575458497
      }
    }
  },
  "elapsed_s": 5352.118089199066
}