{
  "dataset": "bio",
  "seed": 45,
  "model": "Ridge",
  "split": [
    0.5,
    0.25,
    0.25
  ],
  "alphas": [
    0.01,
    0.02,
    0.05,
    0.1
  ],
  "result": {
    "seed": 45,
    "model": "Ridge",
    "model_rmse": 0.7036569704814954,
    "meta": {
      "n_train": 22865,
      "n_cal": 11432,
      "n_test": 11433,
      "d": 4,
      "p": 6,
      "elapsed": 24279.416013240814
    },
    "Mahal": {
      "params": {},
      "0.01": {
        "coverage": 0.9898539316015044,
        "volume": 468.3751972512129,
        "wsc": 0.9663314385658067,
        "threshold": 23.267485207051887
      },
      "0.02": {
        "coverage": 0.977171346103385,
        "volume": 160.7726182941784,
        "wsc": 0.9234805421950153,
        "threshold": 13.631967570723587
      },
      "0.05": {
        "coverage": 0.9462083442665967,
        "volume": 70.48779011683385,
        "wsc": 0.8277219064276344,
        "threshold": 9.02629346947623
      },
      "0.1": {
        "coverage": 0.8967899938773726,
        "volume": 34.96563184562218,
        "wsc": 0.6974202011368605,
        "threshold": 6.3573071148323645
      }
    },
    "Bonferroni": {
      "params": {},
      "0.01": {
        "coverage": 0.9893291349602029,
        "volume": 676.3016293006721,
        "wsc": 0.9689549628334062,
        "threshold": 4.186091158330241
      },
      "0.02": {
        "coverage": 0.9794454648823581,
        "volume": 374.54491813444855,
        "wsc": 0.9335373852208133,
        "threshold": 3.4168228546446993
      },
      "0.05": {
        "coverage": 0.9468206070147818,
        "volume": 120.99390581703301,
        "wsc": 0.8412767818102318,
        "threshold": 2.534538000454394
      },
      "0.1": {
        "coverage": 0.896877459984256,
        "volume": 62.95520372045821,
        "wsc": 0.6965456930476607,
        "threshold": 2.144950513403516
      }
    },
    "Density": {
      "params": {
        "lengthscale": 2.948160253181893
      },
      "0.01": {
        "coverage": 0.9889792705326685,
        "volume": 322.03942169820243,
        "wsc": 0.9536510712724092,
        "threshold": 0.683446698711328
      },
      "0.02": {
        "coverage": 0.9789206682410566,
        "volume": 210.60442844607164,
        "wsc": 0.9173589855706166,
        "threshold": 0.5659126746559385
      },
      "0.05": {
        "coverage": 0.9475203358698504,
        "volume": 97.98741912408734,
        "wsc": 0.8364669873196328,
        "threshold": 0.4043443898658322
      },
      "0.1": {
        "coverage": 0.896265197236071,
        "volume": 53.122200472691404,
        "wsc": 0.7114123305640577,
        "threshold": 0.30685946721256074
      }
    },
    "Kernel": {
      "params": {
        "lengthscale": 2.948160253181893,
        "gamma": 0.4364363677194261
      },
      "0.01": {
        "coverage": 0.9884544738913671,
        "volume": 173.60218625935335,
        "wsc": 0.9545255793616091,
        "threshold": 0.01700471544864881
      },
      "0.02": {
        "coverage": 0.9773462783171522,
        "volume": 83.30643692315327,
        "wsc": 0.9204197638828159,
        "threshold": 0.0075432961480828235
      },
      "0.05": {
        "coverage": 0.9461208781597131,
        "volume": 39.76027968304313,
        "wsc": 0.8189768255356362,
        "threshold": 0.003499324713816227
      },
      "0.1": {
        "coverage": 0.8947782734190501,
        "volume": 19.85444384000301,
        "wsc": 0.6593790992566682,
        "threshold": 0.0018187361552899723
      }
    }
  },
  "elapsed_s": 24279.418246746063
}