{
  "dataset": "bio",
  "seed": 3,
  "model": "Ridge",
  "split": [
    0.5,
    0.25,
    0.25
  ],
  "alphas": [
    0.01,
    0.02,
    0.05,
    0.1
  ],
  "result": {
    "seed": 3,
    "model": "Ridge",
    "model_rmse": 0.727736389626351,
    "meta": {
      "n_train": 22865,
      "n_cal": 11432,
      "n_test": 11433,
      "d": 4,
      "p": 6,
      "elapsed": 30543.710864543915
    },
    "Mahal": {
      "params": {},
      "0.01": {
        "coverage": 0.9904661943496895,
        "volume": 432.85605381704784,
        "wsc": 0.9658941845212068,
        "threshold": 20.497713713304577
      },
      "0.02": {
        "coverage": 0.9811947870200297,
        "volume": 188.3759174927141,
        "wsc": 0.9370354175776126,
        "threshold": 13.522169189278841
      },
      "0.05": {
        "coverage": 0.9508440479314265,
        "volume": 82.88771489439934,
        "wsc": 0.839965019676432,
        "threshold": 8.969717364829407
      },
      "0.1": {
        "coverage": 0.9043120790693606,
        "volume": 42.006680059776656,
        "wsc": 0.7162221250546568,
        "threshold": 6.385469792661718
      }
    },
    "Bonferroni": {
      "params": {},
      "0.01": {
        "coverage": 0.9902037960290387,
        "volume": 742.8458363485631,
        "wsc": 0.9702667249672059,
        "threshold": 3.971024791492814
      },
      "0.02": {
        "coverage": 0.980932388699379,
        "volume": 414.3710113091191,
        "wsc": 0.9326628771316134,
        "threshold": 3.363403852358149
      },
      "0.05": {
        "coverage": 0.9504067173970087,
        "volume": 142.99762827849327,
        "wsc": 0.8487101005684302,
        "threshold": 2.5329466141144508
      },
      "0.1": {
        "coverage": 0.9007259686871337,
        "volume": 73.5388485631514,
        "wsc": 0.6961084390030607,
        "threshold": 2.138853476382924
      }
    },
    "Density": {
      "params": {
        "lengthscale": 2.93689471537634
      },
      "0.01": {
        "coverage": 0.9894166010670865,
        "volume": 307.1764752166677,
        "wsc": 0.954962833406209,
        "threshold": 0.6766660294639026
      },
      "0.02": {
        "coverage": 0.9804075920580775,
        "volume": 210.3090033370932,
        "wsc": 0.9199825098382161,
        "threshold": 0.5706358177940272
      },
      "0.05": {
        "coverage": 0.94970698854194,
        "volume": 99.19057328095893,
        "wsc": 0.8355924792304329,
        "threshold": 0.40899785559122187
      },
      "0.1": {
        "coverage": 0.9016880958628531,
        "volume": 54.934515491560404,
        "wsc": 0.7127240926978574,
        "threshold": 0.3138226777938095
      }
    },
    "Kernel": {
      "params": {
        "lengthscale": 2.93689471537634,
        "gamma": 0.47472228605960753
      },
      "0.01": {
        "coverage": 0.9897664654946209,
        "volume": 180.9676469817928,
        "wsc": 0.9575863576738085,
        "threshold": 0.01853036690397169
      },
      "0.02": {
        "coverage": 0.9793579987754745,
        "volume": 83.16312579745819,
        "wsc": 0.9226060341058154,
        "threshold": 0.007964207555619402
      },
      "0.05": {
        "coverage": 0.9487448613662206,
        "volume": 39.78555173127225,
        "wsc": 0.824661128115435,
        "threshold": 0.0037252119793103598
      },
      "0.1": {
        "coverage": 0.9019504941835039,
        "volume": 21.044565636070406,
        "wsc": 0.6825535636204635,
        "threshold": 0.002029336187997623
      }
    }
  },
  "elapsed_s": 30543.715183973312
}