{
  "dataset": "bio",
  "seed": 27,
  "model": "Ridge",
  "split": [
    0.5,
    0.25,
    0.25
  ],
  "alphas": [
    0.01,
    0.02,
    0.05,
    0.1
  ],
  "result": {
    "seed": 27,
    "model": "Ridge",
    "model_rmse": 0.6554132560882397,
    "meta": {
      "n_train": 22865,
      "n_cal": 11432,
      "n_test": 11433,
      "d": 4,
      "p": 6,
      "elapsed": 5159.771141290665
    },
    "Mahal": {
      "params": {},
      "0.01": {
        "coverage": 0.9906411265634567,
        "volume": 389.3494899681284,
        "wsc": 0.9724529951902056,
        "threshold": 22.16189198428534
      },
      "0.02": {
        "coverage": 0.9810198548062625,
        "volume": 160.89660608132854,
        "wsc": 0.9392216878006121,
        "threshold": 14.246575054463333
      },
      "0.05": {
        "coverage": 0.9532930989241669,
        "volume": 69.63588828145711,
        "wsc": 0.85002186270223,
        "threshold": 9.3724598507628
      },
      "0.1": {
        "coverage": 0.9022128925041546,
        "volume": 34.64787128336349,
        "wsc": 0.7087888062964582,
        "threshold": 6.611124067589769
      }
    },
    "Bonferroni": {
      "params": {},
      "0.01": {
        "coverage": 0.9895915332808537,
        "volume": 618.5343742354488,
        "wsc": 0.9720157411456056,
        "threshold": 4.093335148861278
      },
      "0.02": {
        "coverage": 0.9801451937374267,
        "volume": 353.9672532150593,
        "wsc": 0.934849147354613,
        "threshold": 3.448527058576403
      },
      "0.05": {
        "coverage": 0.9534680311379341,
        "volume": 119.80572218682985,
        "wsc": 0.8578924355050285,
        "threshold": 2.5980546894345884
      },
      "0.1": {
        "coverage": 0.9018630280766203,
        "volume": 59.410213559364735,
        "wsc": 0.7031045037166593,
        "threshold": 2.167601307130748
      }
    },
    "Density": {
      "params": {
        "lengthscale": 2.928462983641714
      },
      "0.01": {
        "coverage": 0.9901163299221551,
        "volume": 308.87460861402815,
        "wsc": 0.9615216440752077,
        "threshold": 0.6892084598018647
      },
      "0.02": {
        "coverage": 0.9803201259511939,
        "volume": 213.65507742339048,
        "wsc": 0.9239177962396152,
        "threshold": 0.584447638961413
      },
      "0.05": {
        "coverage": 0.9514563106796117,
        "volume": 98.8682019896969,
        "wsc": 0.8465238303454307,
        "threshold": 0.4144448801031696
      },
      "0.1": {
        "coverage": 0.8987142482288113,
        "volume": 53.39067650268901,
        "wsc": 0.7105378224748579,
        "threshold": 0.3154630913695805
      }
    },
    "Kernel": {
      "params": {
        "lengthscale": 2.928462983641714,
        "gamma": 0.5183787600415227
      },
      "0.01": {
        "coverage": 0.990990990990991,
        "volume": 176.46018860260136,
        "wsc": 0.965019676432007,
        "threshold": 0.01920400896186166
      },
      "0.02": {
        "coverage": 0.9821569141957491,
        "volume": 84.98169962365725,
        "wsc": 0.9374726716222125,
        "threshold": 0.008984070542554234
      },
      "0.05": {
        "coverage": 0.9520685734277967,
        "volume": 39.90445025806514,
        "wsc": 0.8382160034980324,
        "threshold": 0.004139437708235484
      },
      "0.1": {
        "coverage": 0.9023878247179218,
        "volume": 20.42947742764369,
        "wsc": 0.684739833843463,
        "threshold": 0.0021605341462766865
      }
    }
  },
  "elapsed_s": 5159.773441314697
}