{
  "dataset": "bio",
  "seed": 15,
  "model": "MLP",
  "split": [
    0.5,
    0.25,
    0.25
  ],
  "alphas": [
    0.01,
    0.02,
    0.05,
    0.1
  ],
  "result": {
    "seed": 15,
    "model": "MLP",
    "model_rmse": 0.67820117647484,
    "meta": {
      "n_train": 22865,
      "n_cal": 11432,
      "n_test": 11433,
      "d": 4,
      "p": 6,
      "elapsed": 4378.249073028564
    },
    "Mahal": {
      "params": {},
      "0.01": {
        "coverage": 0.9919531181667104,
        "volume": 309.0605652025683,
        "wsc": 0.9750765194578049,
        "threshold": 26.5102023723661
      },
      "0.02": {
        "coverage": 0.9839062363334208,
        "volume": 111.57422553635864,
        "wsc": 0.9545255793616091,
        "threshold": 15.928437885527716
      },
      "0.05": {
        "coverage": 0.9471704714423161,
        "volume": 44.009929320586075,
        "wsc": 0.8574551814604285,
        "threshold": 10.003836412881755
      },
      "0.1": {
        "coverage": 0.8915420274643575,
        "volume": 20.90949980914332,
        "wsc": 0.7354613030170529,
        "threshold": 6.895457209223539
      }
    },
    "Bonferroni": {
      "params": {},
      "0.01": {
        "coverage": 0.9921280503804776,
        "volume": 499.56857528412957,
        "wsc": 0.9768255356362047,
        "threshold": 4.633733198528198
      },
      "0.02": {
        "coverage": 0.9825067786232835,
        "volume": 209.9870501032384,
        "wsc": 0.9523393091386095,
        "threshold": 3.4859136058416893
      },
      "0.05": {
        "coverage": 0.9503192512901251,
        "volume": 84.30624151390609,
        "wsc": 0.8705728027984259,
        "threshold": 2.7527142441470094
      },
      "0.1": {
        "coverage": 0.8917169596781247,
        "volume": 34.81247175970001,
        "wsc": 0.7512024486226497,
        "threshold": 2.2004617287510477
      }
    },
    "Density": {
      "params": {
        "lengthscale": 2.4377109391361533
      },
      "0.01": {
        "coverage": 0.992040584273594,
        "volume": 253.54561192164897,
        "wsc": 0.9724529951902056,
        "threshold": 0.8409609735958828
      },
      "0.02": {
        "coverage": 0.9825942447301671,
        "volume": 142.58654567391505,
        "wsc": 0.9505902929602099,
        "threshold": 0.6630988884414705
      },
      "0.05": {
        "coverage": 0.9527683022828654,
        "volume": 74.9433751620379,
        "wsc": 0.8801923917796239,
        "threshold": 0.5025574924471318
      },
      "0.1": {
        "coverage": 0.894166010670865,
        "volume": 36.42013455661906,
        "wsc": 0.7621337997376476,
        "threshold": 0.3679890612788999
      }
    },
    "Kernel": {
      "params": {
        "lengthscale": 2.4377109391361533,
        "gamma": 0.4018264772326758
      },
      "0.01": {
        "coverage": 0.9906411265634567,
        "volume": 132.1519041241008,
        "wsc": 0.9637079142982072,
        "threshold": 0.02054285342831941
      },
      "0.02": {
        "coverage": 0.9815446514475641,
        "volume": 72.04149325816513,
        "wsc": 0.934849147354613,
        "threshold": 0.01052854944266926
      },
      "0.05": {
        "coverage": 0.9460334120528295,
        "volume": 29.564817724473667,
        "wsc": 0.8364669873196328,
        "threshold": 0.004163335732706847
      },
      "0.1": {
        "coverage": 0.8924166885331933,
        "volume": 14.074632788121527,
        "wsc": 0.7131613467424573,
        "threshold": 0.002034646965062447
      }
    }
  },
  "elapsed_s": 4378.251944065094
}