{
  "dataset": "bio",
  "seed": 6,
  "model": "Ridge",
  "split": [
    0.5,
    0.25,
    0.25
  ],
  "alphas": [
    0.01,
    0.02,
    0.05,
    0.1
  ],
  "result": {
    "seed": 6,
    "model": "Ridge",
    "model_rmse": 0.7028680971586807,
    "meta": {
      "n_train": 22865,
      "n_cal": 11432,
      "n_test": 11433,
      "d": 4,
      "p": 6,
      "elapsed": 30576.392069339752
    },
    "Mahal": {
      "params": {},
      "0.01": {
        "coverage": 0.9895040671739701,
        "volume": 445.6029630050232,
        "wsc": 0.9658941845212068,
        "threshold": 20.62733867496959
      },
      "0.02": {
        "coverage": 0.9821569141957491,
        "volume": 212.9986800767361,
        "wsc": 0.9418452120682116,
        "threshold": 14.261250892291338
      },
      "0.05": {
        "coverage": 0.9511939123589609,
        "volume": 89.25969519078484,
        "wsc": 0.8421512898994316,
        "threshold": 9.232022705862777
      },
      "0.1": {
        "coverage": 0.900463570366483,
        "volume": 44.121424283353996,
        "wsc": 0.7101005684302579,
        "threshold": 6.4907357110754615
      }
    },
    "Bonferroni": {
      "params": {},
      "0.01": {
        "coverage": 0.9900288638152716,
        "volume": 753.266393402457,
        "wsc": 0.9707039790118058,
        "threshold": 4.038017756573119
      },
      "0.02": {
        "coverage": 0.9813697192337969,
        "volume": 480.6238870909766,
        "wsc": 0.9387844337560123,
        "threshold": 3.4762623288325383
      },
      "0.05": {
        "coverage": 0.9502317851832415,
        "volume": 150.42544909515922,
        "wsc": 0.8482728465238304,
        "threshold": 2.5579820743350807
      },
      "0.1": {
        "coverage": 0.8981019854806263,
        "volume": 76.72837051779781,
        "wsc": 0.6974202011368605,
        "threshold": 2.1551062418692304
      }
    },
    "Density": {
      "params": {
        "lengthscale": 2.8997873941557444
      },
      "0.01": {
        "coverage": 0.9891542027464357,
        "volume": 290.714412402235,
        "wsc": 0.9532138172278094,
        "threshold": 0.677006672887725
      },
      "0.02": {
        "coverage": 0.9802326598443103,
        "volume": 213.02066228557206,
        "wsc": 0.9243550502842152,
        "threshold": 0.586506563113983
      },
      "0.05": {
        "coverage": 0.9490947257937549,
        "volume": 100.59255420174297,
        "wsc": 0.8382160034980324,
        "threshold": 0.41996646436300633
      },
      "0.1": {
        "coverage": 0.9012507653284352,
        "volume": 54.428101784014096,
        "wsc": 0.7135986007870573,
        "threshold": 0.3211103472567914
      }
    },
    "Kernel": {
      "params": {
        "lengthscale": 2.8997873941557444,
        "gamma": 0.6156858749348258
      },
      "0.01": {
        "coverage": 0.9892416688533193,
        "volume": 170.56326752748512,
        "wsc": 0.954962833406209,
        "threshold": 0.0210815564847682
      },
      "0.02": {
        "coverage": 0.9794454648823581,
        "volume": 84.83755914826462,
        "wsc": 0.9217315260166157,
        "threshold": 0.009887625604764912
      },
      "0.05": {
        "coverage": 0.9504067173970087,
        "volume": 41.62716830306293,
        "wsc": 0.8281591604722344,
        "threshold": 0.004819797368603001
      },
      "0.1": {
        "coverage": 0.8990641126563457,
        "volume": 21.48934987073703,
        "wsc": 0.679930039352864,
        "threshold": 0.0025431997050815564
      }
    }
  },
  "elapsed_s": 30576.398418188095
}