{
  "dataset": "bio",
  "seed": 11,
  "model": "MLP",
  "split": [
    0.5,
    0.25,
    0.25
  ],
  "alphas": [
    0.01,
    0.02,
    0.05,
    0.1
  ],
  "result": {
    "seed": 11,
    "model": "MLP",
    "model_rmse": 0.7046865911472554,
    "meta": {
      "n_train": 22865,
      "n_cal": 11432,
      "n_test": 11433,
      "d": 4,
      "p": 6,
      "elapsed": 30628.302268981934
    },
    "Mahal": {
      "params": {},
      "0.01": {
        "coverage": 0.9885419399982507,
        "volume": 301.1378663306637,
        "wsc": 0.9663314385658067,
        "threshold": 22.343064135569374
      },
      "0.02": {
        "coverage": 0.9790081343479402,
        "volume": 124.56704987612984,
        "wsc": 0.9374726716222125,
        "threshold": 14.370161111592378
      },
      "0.05": {
        "coverage": 0.9504067173970087,
        "volume": 58.788142742075294,
        "wsc": 0.8618277219064276,
        "threshold": 9.871994794593501
      },
      "0.1": {
        "coverage": 0.9035248841074084,
        "volume": 29.08781654762756,
        "wsc": 0.763986013986014,
        "threshold": 6.9440942851458765
      }
    },
    "Bonferroni": {
      "params": {},
      "0.01": {
        "coverage": 0.9888043383189015,
        "volume": 599.577084509617,
        "wsc": 0.9676432006996065,
        "threshold": 4.3250746623318745
      },
      "0.02": {
        "coverage": 0.9804075920580775,
        "volume": 259.65696559540754,
        "wsc": 0.9431569742020114,
        "threshold": 3.3881877577295763
      },
      "0.05": {
        "coverage": 0.9525059039622147,
        "volume": 109.95151477078004,
        "wsc": 0.8731963270660253,
        "threshold": 2.7192297675694643
      },
      "0.1": {
        "coverage": 0.9061488673139159,
        "volume": 50.48764403477298,
        "wsc": 0.7756886751202449,
        "threshold": 2.227900999384028
      }
    },
    "Density": {
      "params": {
        "lengthscale": 2.500990750528576
      },
      "0.01": {
        "coverage": 0.9885419399982507,
        "volume": 255.19790152214074,
        "wsc": 0.9558373414954089,
        "threshold": 0.7932068222707728
      },
      "0.02": {
        "coverage": 0.9781334732791044,
        "volume": 156.22701358976354,
        "wsc": 0.9287275907302143,
        "threshold": 0.6512386112327948
      },
      "0.05": {
        "coverage": 0.9506691157176594,
        "volume": 80.6553185630306,
        "wsc": 0.8653257542632269,
        "threshold": 0.49620225598581924
      },
      "0.1": {
        "coverage": 0.9008134347940173,
        "volume": 38.49029248911058,
        "wsc": 0.7687937062937062,
        "threshold": 0.36131746204689735
      }
    },
    "Kernel": {
      "params": {
        "lengthscale": 2.500990750528576,
        "gamma": 0.3468796694337023
      },
      "0.01": {
        "coverage": 0.9886294061051343,
        "volume": 129.37095667943697,
        "wsc": 0.9536510712724092,
        "threshold": 0.0171015272995463
      },
      "0.02": {
        "coverage": 0.9790081343479402,
        "volume": 74.32257610067126,
        "wsc": 0.9234805421950153,
        "threshold": 0.00923791508700155
      },
      "0.05": {
        "coverage": 0.949269658007522,
        "volume": 31.489416647695,
        "wsc": 0.8539571491036292,
        "threshold": 0.0036581299723835465
      },
      "0.1": {
        "coverage": 0.9006385025802501,
        "volume": 14.582737229836615,
        "wsc": 0.7319632706602536,
        "threshold": 0.0017711821183807022
      }
    }
  },
  "elapsed_s": 30628.308390140533
}