{
  "dataset": "bio",
  "seed": 19,
  "model": "MLP",
  "split": [
    0.5,
    0.25,
    0.25
  ],
  "alphas": [
    0.01,
    0.02,
    0.05,
    0.1
  ],
  "result": {
    "seed": 19,
    "model": "MLP",
    "model_rmse": 0.6686049393542214,
    "meta": {
      "n_train": 22865,
      "n_cal": 11432,
      "n_test": 11433,
      "d": 4,
      "p": 6,
      "elapsed": 4459.072087287903
    },
    "Mahal": {
      "params": {},
      "0.01": {
        "coverage": 0.9913408554185253,
        "volume": 427.0298346201012,
        "wsc": 0.9768255356362047,
        "threshold": 21.276851005226963
      },
      "0.02": {
        "coverage": 0.9832939735852357,
        "volume": 197.28926070106516,
        "wsc": 0.9558373414954089,
        "threshold": 14.462053571130589
      },
      "0.05": {
        "coverage": 0.9550424210618386,
        "volume": 90.97121364305484,
        "wsc": 0.8780061215566244,
        "threshold": 9.82042396774842
      },
      "0.1": {
        "coverage": 0.9078107233447039,
        "volume": 43.1595041664359,
        "wsc": 0.7857455181460429,
        "threshold": 6.764200412795351
      }
    },
    "Bonferroni": {
      "params": {},
      "0.01": {
        "coverage": 0.9915157876322925,
        "volume": 821.7999636420311,
        "wsc": 0.9785745518146043,
        "threshold": 4.139275406309598
      },
      "0.02": {
        "coverage": 0.9843435668678387,
        "volume": 413.63121238248993,
        "wsc": 0.9597726278968081,
        "threshold": 3.395330346058655
      },
      "0.05": {
        "coverage": 0.9564418787719758,
        "volume": 175.57715664438155,
        "wsc": 0.8884514435695539,
        "threshold": 2.73803402456642
      },
      "0.1": {
        "coverage": 0.9065861978483337,
        "volume": 74.64453124509524,
        "wsc": 0.7835592479230433,
        "threshold": 2.2163111463489753
      }
    },
    "Density": {
      "params": {
        "lengthscale": 2.4570538201442083
      },
      "0.01": {
        "coverage": 0.9895915332808537,
        "volume": 266.70466432797474,
        "wsc": 0.9632706602536073,
        "threshold": 0.8291191802939767
      },
      "0.02": {
        "coverage": 0.9817195836613313,
        "volume": 159.69505092940793,
        "wsc": 0.9418452120682116,
        "threshold": 0.6758907632179465
      },
      "0.05": {
        "coverage": 0.9542552260998863,
        "volume": 77.32113719534016,
        "wsc": 0.8806296458242239,
        "threshold": 0.5037431461318026
      },
      "0.1": {
        "coverage": 0.9058864689932651,
        "volume": 37.021830260785435,
        "wsc": 0.7888062964582422,
        "threshold": 0.3651519158322691
      }
    },
    "Kernel": {
      "params": {
        "lengthscale": 2.4570538201442083,
        "gamma": 0.48670592686832465
      },
      "0.01": {
        "coverage": 0.9900288638152716,
        "volume": 162.57649917176343,
        "wsc": 0.9593353738522081,
        "threshold": 0.027557832928641685
      },
      "0.02": {
        "coverage": 0.9819819819819819,
        "volume": 77.55329179306547,
        "wsc": 0.9387844337560123,
        "threshold": 0.012504791582248126
      },
      "0.05": {
        "coverage": 0.9539928277792356,
        "volume": 32.87035980734436,
        "wsc": 0.8622649759510276,
        "threshold": 0.005125710453272992
      },
      "0.1": {
        "coverage": 0.9041371468555934,
        "volume": 14.89886271284283,
        "wsc": 0.7468299081766506,
        "threshold": 0.0023773358275963694
      }
    }
  },
  "elapsed_s": 4459.074540615082
}