{
  "dataset": "bio",
  "seed": 39,
  "model": "MLP",
  "split": [
    0.5,
    0.25,
    0.25
  ],
  "alphas": [
    0.01,
    0.02,
    0.05,
    0.1
  ],
  "result": {
    "seed": 39,
    "model": "MLP",
    "model_rmse": 0.6937951025535414,
    "meta": {
      "n_train": 22865,
      "n_cal": 11432,
      "n_test": 11433,
      "d": 2,
      "p": 8,
      "elapsed": 5584.1030304431915
    },
    "Mahal": {
      "params": {},
      "0.01": {
        "coverage": 0.9923029825942448,
        "volume": 14.64301088899964,
        "wsc": 0.9746392654132051,
        "threshold": 9.94728359563264
      },
      "0.02": {
        "coverage": 0.9850432957229074,
        "volume": 10.991283311254284,
        "wsc": 0.9593353738522081,
        "threshold": 7.466593653845177
      },
      "0.05": {
        "coverage": 0.9568792093063938,
        "volume": 7.020742238873056,
        "wsc": 0.9112374289462177,
        "threshold": 4.769327471740901
      },
      "0.1": {
        "coverage": 0.8999387737251815,
        "volume": 4.478226217176476,
        "wsc": 0.8364669873196328,
        "threshold": 3.042146627174628
      }
    },
    "Bonferroni": {
      "params": {},
      "0.01": {
        "coverage": 0.9916907198460596,
        "volume": 17.671773305871767,
        "wsc": 0.9742020113686052,
        "threshold": 3.0641227689368384
      },
      "0.02": {
        "coverage": 0.9839062363334208,
        "volume": 13.119533163508345,
        "wsc": 0.9606471359860078,
        "threshold": 2.646966432368197
      },
      "0.05": {
        "coverage": 0.9563544126650922,
        "volume": 8.424319054726263,
        "wsc": 0.9186707477044163,
        "threshold": 2.121463901098959
      },
      "0.1": {
        "coverage": 0.9010758331146681,
        "volume": 5.413268216296737,
        "wsc": 0.8543944031482291,
        "threshold": 1.6990032026365132
      }
    },
    "Density": {
      "params": {
        "lengthscale": 0.6928713385710135
      },
      "0.01": {
        "coverage": 0.9916907198460596,
        "volume": 11.849007270389286,
        "wsc": 0.9707039790118058,
        "threshold": 1.4545883690907835
      },
      "0.02": {
        "coverage": 0.9833814396921193,
        "volume": 8.875212454389567,
        "wsc": 0.9505902929602099,
        "threshold": 1.3699512270928096
      },
      "0.05": {
        "coverage": 0.9554797515962564,
        "volume": 5.739656446985217,
        "wsc": 0.9029296020988195,
        "threshold": 1.1882392053939557
      },
      "0.1": {
        "coverage": 0.89941397708388,
        "volume": 3.7354734967868835,
        "wsc": 0.8255356362046349,
        "threshold": 0.9745146191276254
      }
    },
    "Kernel": {
      "params": {
        "lengthscale": 0.6928713385710135,
        "gamma": 6.4574903969186686
      },
      "0.01": {
        "coverage": 0.9913408554185253,
        "volume": 10.345392416427336,
        "wsc": 0.9654569304766069,
        "threshold": 0.2450604080700532
      },
      "0.02": {
        "coverage": 0.9819819819819819,
        "volume": 6.708949885244468,
        "wsc": 0.934849147354613,
        "threshold": 0.11898749839657474
      },
      "0.05": {
        "coverage": 0.9536429633517012,
        "volume": 3.843738861112818,
        "wsc": 0.8635767380848273,
        "threshold": 0.044501991701075834
      },
      "0.1": {
        "coverage": 0.9020379602903875,
        "volume": 2.3359844491031097,
        "wsc": 0.7638828159160472,
        "threshold": 0.020078610474236945
      }
    }
  },
  "elapsed_s": 5584.105590581894
}