{
  "dataset": "bio",
  "seed": 12,
  "model": "MLP",
  "split": [
    0.5,
    0.25,
    0.25
  ],
  "alphas": [
    0.01,
    0.02,
    0.05,
    0.1
  ],
  "result": {
    "seed": 12,
    "model": "MLP",
    "model_rmse": 0.6728788515703686,
    "meta": {
      "n_train": 22865,
      "n_cal": 11432,
      "n_test": 11433,
      "d": 2,
      "p": 8,
      "elapsed": 23929.764180898666
    },
    "Mahal": {
      "params": {},
      "0.01": {
        "coverage": 0.9889792705326685,
        "volume": 10.557115023586903,
        "wsc": 0.9606471359860078,
        "threshold": 9.862824256863487
      },
      "0.02": {
        "coverage": 0.9816321175544477,
        "volume": 7.9274650230307335,
        "wsc": 0.9431569742020114,
        "threshold": 7.406113710980421
      },
      "0.05": {
        "coverage": 0.9511064462520773,
        "volume": 5.053267816736896,
        "wsc": 0.8928727590730214,
        "threshold": 4.720938654924942
      },
      "0.1": {
        "coverage": 0.8967899938773726,
        "volume": 3.3378787931228477,
        "wsc": 0.8172278093572366,
        "threshold": 3.1183625312151775
      }
    },
    "Bonferroni": {
      "params": {},
      "0.01": {
        "coverage": 0.9895915332808537,
        "volume": 12.859148016770346,
        "wsc": 0.9632706602536073,
        "threshold": 3.071065573307633
      },
      "0.02": {
        "coverage": 0.9810198548062625,
        "volume": 9.398429610326193,
        "wsc": 0.9453432444250109,
        "threshold": 2.6255025364508384
      },
      "0.05": {
        "coverage": 0.9522435056415639,
        "volume": 6.141409977152708,
        "wsc": 0.9024923480542195,
        "threshold": 2.120544846311359
      },
      "0.1": {
        "coverage": 0.8966150616636054,
        "volume": 3.9946174090957127,
        "wsc": 0.8202885876694359,
        "threshold": 1.708878830056943
      }
    },
    "Density": {
      "params": {
        "lengthscale": 0.7067470095976289
      },
      "0.01": {
        "coverage": 0.9893291349602029,
        "volume": 10.871464423013483,
        "wsc": 0.9623961521644075,
        "threshold": 1.4262695599076292
      },
      "0.02": {
        "coverage": 0.9819819819819819,
        "volume": 8.408811076345854,
        "wsc": 0.9444687363358111,
        "threshold": 1.3394994755000937
      },
      "0.05": {
        "coverage": 0.9511064462520773,
        "volume": 5.537188736477137,
        "wsc": 0.8959335373852209,
        "threshold": 1.153795187400199
      },
      "0.1": {
        "coverage": 0.8972273244117904,
        "volume": 3.7333644019115417,
        "wsc": 0.8237866200262353,
        "threshold": 0.9572494234546784
      }
    },
    "Kernel": {
      "params": {
        "lengthscale": 0.7067470095976289,
        "gamma": 6.317945140811586
      },
      "0.01": {
        "coverage": 0.9892416688533193,
        "volume": 8.077628692802612,
        "wsc": 0.9562745955400087,
        "threshold": 0.19643645376319355
      },
      "0.02": {
        "coverage": 0.9796203970961253,
        "volume": 5.10896952169406,
        "wsc": 0.9274158285964145,
        "threshold": 0.08680739307880742
      },
      "0.05": {
        "coverage": 0.9483949969386862,
        "volume": 2.964730554459166,
        "wsc": 0.854831657192829,
        "threshold": 0.03327518077872289
      },
      "0.1": {
        "coverage": 0.89941397708388,
        "volume": 1.8871110075325783,
        "wsc": 0.780061215566244,
        "threshold": 0.01665196637048026
      }
    }
  },
  "elapsed_s": 23929.766394853592
}