{
  "dataset": "bio",
  "seed": 31,
  "model": "Ridge",
  "split": [
    0.5,
    0.25,
    0.25
  ],
  "alphas": [
    0.01,
    0.02,
    0.05,
    0.1
  ],
  "result": {
    "seed": 31,
    "model": "Ridge",
    "model_rmse": 0.805490804738435,
    "meta": {
      "n_train": 22865,
      "n_cal": 11432,
      "n_test": 11433,
      "d": 2,
      "p": 8,
      "elapsed": 24555.3984978199
    },
    "Mahal": {
      "params": {},
      "0.01": {
        "coverage": 0.991603253739176,
        "volume": 18.190761823763044,
        "wsc": 0.9680804547442063,
        "threshold": 7.590164116641082
      },
      "0.02": {
        "coverage": 0.9797953293098924,
        "volume": 12.821788702960866,
        "wsc": 0.9392216878006121,
        "threshold": 5.349939791814368
      },
      "0.05": {
        "coverage": 0.9539928277792356,
        "volume": 8.905835066740606,
        "wsc": 0.890249234805422,
        "threshold": 3.715993338112706
      },
      "0.1": {
        "coverage": 0.9057115367794979,
        "volume": 6.309875933570159,
        "wsc": 0.8076082203760385,
        "threshold": 2.632819579270044
      }
    },
    "Bonferroni": {
      "params": {},
      "0.01": {
        "coverage": 0.9922155164873612,
        "volume": 22.39393148874423,
        "wsc": 0.9711412330564058,
        "threshold": 2.7074949349766677
      },
      "0.02": {
        "coverage": 0.9807574564856119,
        "volume": 15.86123658258679,
        "wsc": 0.9440314822912111,
        "threshold": 2.272703897378129
      },
      "0.05": {
        "coverage": 0.9536429633517012,
        "volume": 10.969862600939392,
        "wsc": 0.8928727590730214,
        "threshold": 1.8897628525477554
      },
      "0.1": {
        "coverage": 0.9064987317414502,
        "volume": 7.745609004042521,
        "wsc": 0.8163533012680367,
        "threshold": 1.5898023151412708
      }
    },
    "Density": {
      "params": {
        "lengthscale": 0.9158847351447263
      },
      "0.01": {
        "coverage": 0.989941397708388,
        "volume": 13.220186573757811,
        "wsc": 0.9610843900306077,
        "threshold": 1.317089169871819
      },
      "0.02": {
        "coverage": 0.9817195836613313,
        "volume": 9.852338612627694,
        "wsc": 0.9387844337560123,
        "threshold": 1.180071774605217
      },
      "0.05": {
        "coverage": 0.9531181667103997,
        "volume": 6.724154058468434,
        "wsc": 0.8815041539134237,
        "threshold": 0.9819326108974644
      },
      "0.1": {
        "coverage": 0.9051867401381964,
        "volume": 4.788855073849667,
        "wsc": 0.7958023611718409,
        "threshold": 0.8142593527848205
      }
    },
    "Kernel": {
      "params": {
        "lengthscale": 0.9158847351447263,
        "gamma": 6.426380447778685
      },
      "0.01": {
        "coverage": 0.9895040671739701,
        "volume": 10.656534945650298,
        "wsc": 0.9558373414954089,
        "threshold": 0.18137492858080767
      },
      "0.02": {
        "coverage": 0.9783084054928715,
        "volume": 6.656939675210318,
        "wsc": 0.9169217315260166,
        "threshold": 0.07027575291275481
      },
      "0.05": {
        "coverage": 0.9493571241144056,
        "volume": 4.20225681996066,
        "wsc": 0.8469610843900306,
        "threshold": 0.02743244193502151
      },
      "0.1": {
        "coverage": 0.9024752908248054,
        "volume": 2.862721686947915,
        "wsc": 0.7428946217752515,
        "threshold": 0.013599870646552202
      }
    }
  },
  "elapsed_s": 24555.401421308517
}