{
  "dataset": "bio",
  "seed": 39,
  "model": "Ridge",
  "split": [
    0.5,
    0.25,
    0.25
  ],
  "alphas": [
    0.01,
    0.02,
    0.05,
    0.1
  ],
  "result": {
    "seed": 39,
    "model": "Ridge",
    "model_rmse": 0.7875548497879516,
    "meta": {
      "n_train": 22865,
      "n_cal": 11432,
      "n_test": 11433,
      "d": 2,
      "p": 8,
      "elapsed": 4867.414226531982
    },
    "Mahal": {
      "params": {},
      "0.01": {
        "coverage": 0.992040584273594,
        "volume": 15.731060886194873,
        "wsc": 0.9693922168780061,
        "threshold": 8.152695711187796
      },
      "0.02": {
        "coverage": 0.98364383801277,
        "volume": 11.16324571776601,
        "wsc": 0.9475295146480105,
        "threshold": 5.785404185043536
      },
      "0.05": {
        "coverage": 0.9589783958715997,
        "volume": 7.521464456335464,
        "wsc": 0.9029296020988195,
        "threshold": 3.8980340524160373
      },
      "0.1": {
        "coverage": 0.9071109944896353,
        "volume": 5.155886973854399,
        "wsc": 0.8207258417140358,
        "threshold": 2.672062483465431
      }
    },
    "Bonferroni": {
      "params": {},
      "0.01": {
        "coverage": 0.9916907198460596,
        "volume": 18.85518976085809,
        "wsc": 0.9685177087888063,
        "threshold": 2.767044427408797
      },
      "0.02": {
        "coverage": 0.9832939735852357,
        "volume": 13.204528386201828,
        "wsc": 0.94971578487101,
        "threshold": 2.3164308817814803
      },
      "0.05": {
        "coverage": 0.9579288025889967,
        "volume": 9.013243279895795,
        "wsc": 0.9064276344556187,
        "threshold": 1.9070505608143857
      },
      "0.1": {
        "coverage": 0.9075483250240531,
        "volume": 6.24444943992244,
        "wsc": 0.8294709226060341,
        "threshold": 1.5880056634749071
      }
    },
    "Density": {
      "params": {
        "lengthscale": 0.8990909176616038
      },
      "0.01": {
        "coverage": 0.9914283215254089,
        "volume": 13.811921575163007,
        "wsc": 0.9667686926104067,
        "threshold": 1.3467067572680336
      },
      "0.02": {
        "coverage": 0.9825067786232835,
        "volume": 9.914204804586843,
        "wsc": 0.9435942282466113,
        "threshold": 1.194459236211415
      },
      "0.05": {
        "coverage": 0.9583661331234147,
        "volume": 6.831888447464286,
        "wsc": 0.8994315697420201,
        "threshold": 1.0037722454203835
      },
      "0.1": {
        "coverage": 0.9071984605965189,
        "volume": 4.675627509847997,
        "wsc": 0.8172278093572366,
        "threshold": 0.8213598666224413
      }
    },
    "Kernel": {
      "params": {
        "lengthscale": 0.8990909176616038,
        "gamma": 6.577884426990365
      },
      "0.01": {
        "coverage": 0.9913408554185253,
        "volume": 10.961799329101767,
        "wsc": 0.9619588981198076,
        "threshold": 0.20133408429769198
      },
      "0.02": {
        "coverage": 0.9817195836613313,
        "volume": 6.46092207471398,
        "wsc": 0.9331001311762134,
        "threshold": 0.07258525986829004
      },
      "0.05": {
        "coverage": 0.9571416076270445,
        "volume": 3.9853942343883797,
        "wsc": 0.8613904678618277,
        "threshold": 0.02804004856476403
      },
      "0.1": {
        "coverage": 0.9073733928102861,
        "volume": 2.6245795288063665,
        "wsc": 0.7459554000874508,
        "threshold": 0.013712499299758263
      }
    }
  },
  "elapsed_s": 4867.416681528091
}