{
  "dataset": "bio",
  "seed": 42,
  "model": "MLP",
  "split": [
    0.5,
    0.25,
    0.25
  ],
  "alphas": [
    0.01,
    0.02,
    0.05,
    0.1
  ],
  "result": {
    "seed": 42,
    "model": "MLP",
    "model_rmse": 0.6616770901843086,
    "meta": {
      "n_train": 22865,
      "n_cal": 11432,
      "n_test": 11433,
      "d": 2,
      "p": 8,
      "elapsed": 4995.943331241608
    },
    "Mahal": {
      "params": {},
      "0.01": {
        "coverage": 0.9895040671739701,
        "volume": 12.645004253711498,
        "wsc": 0.9672059466550066,
        "threshold": 9.617046777383209
      },
      "0.02": {
        "coverage": 0.9791830665617074,
        "volume": 9.465152246915833,
        "wsc": 0.9427197201574115,
        "threshold": 7.198638299146923
      },
      "0.05": {
        "coverage": 0.9500568529694743,
        "volume": 6.3183207889811674,
        "wsc": 0.90030607783122,
        "threshold": 4.805343308944292
      },
      "0.1": {
        "coverage": 0.8979270532668591,
        "volume": 4.060201454542543,
        "wsc": 0.8237866200262353,
        "threshold": 3.0879505083973426
      }
    },
    "Bonferroni": {
      "params": {},
      "0.01": {
        "coverage": 0.9895040671739701,
        "volume": 15.431244416265207,
        "wsc": 0.9685177087888063,
        "threshold": 3.0359300420199
      },
      "0.02": {
        "coverage": 0.9804075920580775,
        "volume": 11.553823532628083,
        "wsc": 0.95015303891561,
        "threshold": 2.623240192532104
      },
      "0.05": {
        "coverage": 0.9493571241144056,
        "volume": 7.483034419669895,
        "wsc": 0.9055531263664189,
        "threshold": 2.113442291651345
      },
      "0.1": {
        "coverage": 0.8975771888393248,
        "volume": 4.893106902433509,
        "wsc": 0.8334062090074333,
        "threshold": 1.7119817932228676
      }
    },
    "Density": {
      "params": {
        "lengthscale": 0.6914504710871223
      },
      "0.01": {
        "coverage": 0.9888043383189015,
        "volume": 11.040665051844394,
        "wsc": 0.960209881941408,
        "threshold": 1.4455810880220157
      },
      "0.02": {
        "coverage": 0.9790081343479402,
        "volume": 8.1611161747928,
        "wsc": 0.940096195889812,
        "threshold": 1.3470430310436645
      },
      "0.05": {
        "coverage": 0.9511939123589609,
        "volume": 5.520907171477385,
        "wsc": 0.8972452995190205,
        "threshold": 1.1763275936282016
      },
      "0.1": {
        "coverage": 0.8982769176943934,
        "volume": 3.617681092691739,
        "wsc": 0.8207258417140358,
        "threshold": 0.9645652770079595
      }
    },
    "Kernel": {
      "params": {
        "lengthscale": 0.6914504710871223,
        "gamma": 6.803029621518198
      },
      "0.01": {
        "coverage": 0.9872299483949969,
        "volume": 8.680883079461163,
        "wsc": 0.9492785308264101,
        "threshold": 0.22693333892151418
      },
      "0.02": {
        "coverage": 0.9762092189276655,
        "volume": 5.669453047493717,
        "wsc": 0.9177962396152164,
        "threshold": 0.1076896241866808
      },
      "0.05": {
        "coverage": 0.9457710137321788,
        "volume": 3.182674407413739,
        "wsc": 0.8469610843900306,
        "threshold": 0.039125496212068823
      },
      "0.1": {
        "coverage": 0.8950406717397008,
        "volume": 1.9885609437311988,
        "wsc": 0.7564494971578487,
        "threshold": 0.018643603147594005
      }
    }
  },
  "elapsed_s": 4995.946015834808
}