{
  "dataset": "bio",
  "seed": 37,
  "model": "MLP",
  "split": [
    0.5,
    0.25,
    0.25
  ],
  "alphas": [
    0.01,
    0.02,
    0.05,
    0.1
  ],
  "result": {
    "seed": 37,
    "model": "MLP",
    "model_rmse": 0.9282185728267206,
    "meta": {
      "n_train": 22865,
      "n_cal": 11432,
      "n_test": 11433,
      "d": 2,
      "p": 8,
      "elapsed": 5213.834662914276
    },
    "Mahal": {
      "params": {},
      "0.01": {
        "coverage": 0.9911659232047582,
        "volume": 16.20463697822557,
        "wsc": 0.9733275032794053,
        "threshold": 9.738041052785922
      },
      "0.02": {
        "coverage": 0.9819819819819819,
        "volume": 12.13690313708314,
        "wsc": 0.9545255793616091,
        "threshold": 7.293570424404765
      },
      "0.05": {
        "coverage": 0.9509315140383101,
        "volume": 7.578327707574234,
        "wsc": 0.9081766506340183,
        "threshold": 4.554132649005747
      },
      "0.1": {
        "coverage": 0.9020379602903875,
        "volume": 5.055075421375502,
        "wsc": 0.8543307086614174,
        "threshold": 3.037805292672103
      }
    },
    "Bonferroni": {
      "params": {},
      "0.01": {
        "coverage": 0.9909035248841074,
        "volume": 19.370698732440115,
        "wsc": 0.9733275032794053,
        "threshold": 3.023089621483975
      },
      "0.02": {
        "coverage": 0.9816321175544477,
        "volume": 14.913073525542064,
        "wsc": 0.9562745955400087,
        "threshold": 2.6486694023678172
      },
      "0.05": {
        "coverage": 0.9504067173970087,
        "volume": 9.35941235092867,
        "wsc": 0.9147354613030171,
        "threshold": 2.0981623600302495
      },
      "0.1": {
        "coverage": 0.9020379602903875,
        "volume": 6.170977151119513,
        "wsc": 0.8552055993000874,
        "threshold": 1.708474748427241
      }
    },
    "Density": {
      "params": {
        "lengthscale": 0.7115847796246351
      },
      "0.01": {
        "coverage": 0.9908160587772238,
        "volume": 12.73627988770316,
        "wsc": 0.9672059466550066,
        "threshold": 1.4664190495729248
      },
      "0.02": {
        "coverage": 0.9821569141957491,
        "volume": 9.392879098034483,
        "wsc": 0.9462177525142108,
        "threshold": 1.3795716265152629
      },
      "0.05": {
        "coverage": 0.9525059039622147,
        "volume": 5.778470410606783,
        "wsc": 0.9042413642326191,
        "threshold": 1.173738223552124
      },
      "0.1": {
        "coverage": 0.9026502230385726,
        "volume": 3.8166642460236933,
        "wsc": 0.8439003060778312,
        "threshold": 0.9684383699558801
      }
    },
    "Kernel": {
      "params": {
        "lengthscale": 0.7115847796246351,
        "gamma": 6.677298141414611
      },
      "0.01": {
        "coverage": 0.9896789993877373,
        "volume": 10.637696582774577,
        "wsc": 0.9593353738522081,
        "threshold": 0.24471825278842024
      },
      "0.02": {
        "coverage": 0.9814571853406805,
        "volume": 6.68389142741511,
        "wsc": 0.9326628771316134,
        "threshold": 0.12153978585248422
      },
      "0.05": {
        "coverage": 0.9532056328172833,
        "volume": 3.551476652109161,
        "wsc": 0.8653257542632269,
        "threshold": 0.0411348530610159
      },
      "0.1": {
        "coverage": 0.9049243418175457,
        "volume": 2.223356068594816,
        "wsc": 0.789680804547442,
        "threshold": 0.01957033841765122
      }
    }
  },
  "elapsed_s": 5213.838006019592
}