{
  "dataset": "bio",
  "seed": 16,
  "model": "MLP",
  "split": [
    0.5,
    0.25,
    0.25
  ],
  "alphas": [
    0.01,
    0.02,
    0.05,
    0.1
  ],
  "result": {
    "seed": 16,
    "model": "MLP",
    "model_rmse": 0.7126740909978931,
    "meta": {
      "n_train": 22865,
      "n_cal": 11432,
      "n_test": 11433,
      "d": 2,
      "p": 8,
      "elapsed": 24418.18146443367
    },
    "Mahal": {
      "params": {},
      "0.01": {
        "coverage": 0.9877547450362985,
        "volume": 11.453427744268343,
        "wsc": 0.954962833406209,
        "threshold": 12.743482781229025
      },
      "0.02": {
        "coverage": 0.9775212105309192,
        "volume": 7.960760707968579,
        "wsc": 0.9291648447748142,
        "threshold": 8.857419741286606
      },
      "0.05": {
        "coverage": 0.9483949969386862,
        "volume": 4.814428270199329,
        "wsc": 0.8801923917796239,
        "threshold": 5.356700643041132
      },
      "0.1": {
        "coverage": 0.8989766465494621,
        "volume": 3.096272383980243,
        "wsc": 0.8167905553126367,
        "threshold": 3.4450205381522427
      }
    },
    "Bonferroni": {
      "params": {},
      "0.01": {
        "coverage": 0.9870550161812298,
        "volume": 13.001714938876582,
        "wsc": 0.9540883253170092,
        "threshold": 3.364809161065091
      },
      "0.02": {
        "coverage": 0.9773462783171522,
        "volume": 9.115203993207569,
        "wsc": 0.9331001311762134,
        "threshold": 2.8107694308781137
      },
      "0.05": {
        "coverage": 0.9483949969386862,
        "volume": 5.637627117898632,
        "wsc": 0.8889374726716223,
        "threshold": 2.209379092479836
      },
      "0.1": {
        "coverage": 0.9012507653284352,
        "volume": 3.671546074014823,
        "wsc": 0.834717971141233,
        "threshold": 1.779449862204307
      }
    },
    "Density": {
      "params": {
        "lengthscale": 0.675252554933643
      },
      "0.01": {
        "coverage": 0.9885419399982507,
        "volume": 11.936906864947936,
        "wsc": 0.9584608657630083,
        "threshold": 1.4689856144073623
      },
      "0.02": {
        "coverage": 0.9765590833551998,
        "volume": 8.491305051193297,
        "wsc": 0.9335373852208133,
        "threshold": 1.372253030009104
      },
      "0.05": {
        "coverage": 0.9488323274731042,
        "volume": 5.49046478640777,
        "wsc": 0.8889374726716223,
        "threshold": 1.1884166133855485
      },
      "0.1": {
        "coverage": 0.8980145193737427,
        "volume": 3.631480936645583,
        "wsc": 0.8294709226060341,
        "threshold": 0.9827498636099398
      }
    },
    "Kernel": {
      "params": {
        "lengthscale": 0.675252554933643,
        "gamma": 6.596252406314654
      },
      "0.01": {
        "coverage": 0.9874923467156477,
        "volume": 10.2339459059025,
        "wsc": 0.9510275470048098,
        "threshold": 0.2506005090960735
      },
      "0.02": {
        "coverage": 0.9789206682410566,
        "volume": 6.941092428368089,
        "wsc": 0.9278530826410144,
        "threshold": 0.13343984706256481
      },
      "0.05": {
        "coverage": 0.9464707425872474,
        "volume": 3.6374521830804216,
        "wsc": 0.8578924355050285,
        "threshold": 0.044521769641407395
      },
      "0.1": {
        "coverage": 0.8995014431907635,
        "volume": 2.2455739012048057,
        "wsc": 0.7809357236554438,
        "threshold": 0.02052800690956546
      }
    }
  },
  "elapsed_s": 24418.184621095657
}