{
  "dataset": "bio",
  "seed": 30,
  "model": "Ridge",
  "split": [
    0.5,
    0.25,
    0.25
  ],
  "alphas": [
    0.01,
    0.02,
    0.05,
    0.1
  ],
  "result": {
    "seed": 30,
    "model": "Ridge",
    "model_rmse": 1.1244742290594152,
    "meta": {
      "n_train": 22865,
      "n_cal": 11432,
      "n_test": 11433,
      "d": 2,
      "p": 8,
      "elapsed": 24604.538586616516
    },
    "Mahal": {
      "params": {},
      "0.01": {
        "coverage": 0.989941397708388,
        "volume": 22.024364319842647,
        "wsc": 0.9623961521644075,
        "threshold": 7.47861913216724
      },
      "0.02": {
        "coverage": 0.980932388699379,
        "volume": 16.58408872414088,
        "wsc": 0.9409707039790118,
        "threshold": 5.631312732607625
      },
      "0.05": {
        "coverage": 0.9547800227411878,
        "volume": 11.221024226871627,
        "wsc": 0.8941845212068211,
        "threshold": 3.8102242247232225
      },
      "0.1": {
        "coverage": 0.903612350214292,
        "volume": 7.728356242420173,
        "wsc": 0.8124180148666376,
        "threshold": 2.6242497633720836
      }
    },
    "Bonferroni": {
      "params": {},
      "0.01": {
        "coverage": 0.9906411265634567,
        "volume": 26.862588512011516,
        "wsc": 0.9663314385658067,
        "threshold": 2.6787948694003556
      },
      "0.02": {
        "coverage": 0.9814571853406805,
        "volume": 20.210637387181848,
        "wsc": 0.944905990380411,
        "threshold": 2.3159599482975297
      },
      "0.05": {
        "coverage": 0.9539928277792356,
        "volume": 13.644310397765343,
        "wsc": 0.8989943156974202,
        "threshold": 1.9053823504824716
      },
      "0.1": {
        "coverage": 0.9048368757106621,
        "volume": 9.520986179234733,
        "wsc": 0.8216003498032357,
        "threshold": 1.587129783787956
      }
    },
    "Density": {
      "params": {
        "lengthscale": 0.9618922289352844
      },
      "0.01": {
        "coverage": 0.9893291349602029,
        "volume": 15.223553597751591,
        "wsc": 0.9584608657630083,
        "threshold": 1.3437891767746883
      },
      "0.02": {
        "coverage": 0.9808449225924954,
        "volume": 11.068903476021042,
        "wsc": 0.9357236554438129,
        "threshold": 1.1937665881777078
      },
      "0.05": {
        "coverage": 0.9526808361759818,
        "volume": 7.4396931706307985,
        "wsc": 0.8793178836904242,
        "threshold": 0.9897560405256223
      },
      "0.1": {
        "coverage": 0.9071109944896353,
        "volume": 5.170444742827232,
        "wsc": 0.8041101880192392,
        "threshold": 0.8106171562398972
      }
    },
    "Kernel": {
      "params": {
        "lengthscale": 0.9618922289352844,
        "gamma": 6.889452373448967
      },
      "0.01": {
        "coverage": 0.9891542027464357,
        "volume": 13.211595254896855,
        "wsc": 0.9545255793616091,
        "threshold": 0.21745556309229208
      },
      "0.02": {
        "coverage": 0.9802326598443103,
        "volume": 8.229105931269256,
        "wsc": 0.9252295583734149,
        "threshold": 0.08532840894916865
      },
      "0.05": {
        "coverage": 0.9514563106796117,
        "volume": 5.008803082315548,
        "wsc": 0.8482728465238304,
        "threshold": 0.030875854362872795
      },
      "0.1": {
        "coverage": 0.9019504941835039,
        "volume": 3.3376705662761457,
        "wsc": 0.7341495408832531,
        "threshold": 0.01497335635635926
      }
    }
  },
  "elapsed_s": 24604.541516065598
}