{
  "dataset": "bio",
  "seed": 13,
  "model": "Ridge",
  "split": [
    0.5,
    0.25,
    0.25
  ],
  "alphas": [
    0.01,
    0.02,
    0.05,
    0.1
  ],
  "result": {
    "seed": 13,
    "model": "Ridge",
    "model_rmse": 0.8972846362644196,
    "meta": {
      "n_train": 22865,
      "n_cal": 11432,
      "n_test": 11433,
      "d": 2,
      "p": 8,
      "elapsed": 24784.614921092987
    },
    "Mahal": {
      "params": {},
      "0.01": {
        "coverage": 0.9884544738913671,
        "volume": 20.84236013195821,
        "wsc": 0.9571491036292086,
        "threshold": 7.278694555343168
      },
      "0.02": {
        "coverage": 0.9757718883932476,
        "volume": 15.110906607650845,
        "wsc": 0.9269785745518146,
        "threshold": 5.277121830495576
      },
      "0.05": {
        "coverage": 0.9420099711361847,
        "volume": 10.42272266134526,
        "wsc": 0.8692610406646262,
        "threshold": 3.639885992117627
      },
      "0.1": {
        "coverage": 0.8943409428846322,
        "volume": 7.479578606214997,
        "wsc": 0.7940533449934412,
        "threshold": 2.6120634962948097
      }
    },
    "Bonferroni": {
      "params": {},
      "0.01": {
        "coverage": 0.9886294061051343,
        "volume": 24.714549243256457,
        "wsc": 0.9580236117184084,
        "threshold": 2.633288016440334
      },
      "0.02": {
        "coverage": 0.9766465494620834,
        "volume": 18.959380328812227,
        "wsc": 0.9326628771316134,
        "threshold": 2.2724148143238114
      },
      "0.05": {
        "coverage": 0.9410478439604654,
        "volume": 12.768239029916323,
        "wsc": 0.8692610406646262,
        "threshold": 1.871578964198573
      },
      "0.1": {
        "coverage": 0.8942534767777486,
        "volume": 9.235445597208523,
        "wsc": 0.8006121556624399,
        "threshold": 1.5873941047667186
      }
    },
    "Density": {
      "params": {
        "lengthscale": 0.9142734523120515
      },
      "0.01": {
        "coverage": 0.9875798128225313,
        "volume": 13.59266864410887,
        "wsc": 0.9527765631832095,
        "threshold": 1.3273615148829978
      },
      "0.02": {
        "coverage": 0.9769964138896178,
        "volume": 9.922331342501403,
        "wsc": 0.9256668124180149,
        "threshold": 1.1811425450198936
      },
      "0.05": {
        "coverage": 0.940260648998513,
        "volume": 6.6783800344829025,
        "wsc": 0.8565806733712287,
        "threshold": 0.9784019261500838
      },
      "0.1": {
        "coverage": 0.8940785445639815,
        "volume": 4.7490146734630345,
        "wsc": 0.779623961521644,
        "threshold": 0.8140142380218445
      }
    },
    "Kernel": {
      "params": {
        "lengthscale": 0.9142734523120515,
        "gamma": 6.290444102941797
      },
      "0.01": {
        "coverage": 0.9881920755707163,
        "volume": 11.023932692506914,
        "wsc": 0.9492785308264101,
        "threshold": 0.18062260785015086
      },
      "0.02": {
        "coverage": 0.9773462783171522,
        "volume": 7.040578889252025,
        "wsc": 0.9134236991692173,
        "threshold": 0.07314334460626151
      },
      "0.05": {
        "coverage": 0.9441966238082743,
        "volume": 4.323879078682246,
        "wsc": 0.8216003498032357,
        "threshold": 0.02721696525040417
      },
      "0.1": {
        "coverage": 0.8873436543339456,
        "volume": 2.9209316159056473,
        "wsc": 0.7009182334936598,
        "threshold": 0.013432798879981481
      }
    }
  },
  "elapsed_s": 24784.617226839066
}