{
  "dataset": "bio",
  "seed": 2,
  "model": "MLP",
  "split": [
    0.5,
    0.25,
    0.25
  ],
  "alphas": [
    0.01,
    0.02,
    0.05,
    0.1
  ],
  "result": {
    "seed": 2,
    "model": "MLP",
    "model_rmse": 0.8373658331713121,
    "meta": {
      "n_train": 22865,
      "n_cal": 11432,
      "n_test": 11433,
      "d": 2,
      "p": 8,
      "elapsed": 24421.751922607422
    },
    "Mahal": {
      "params": {},
      "0.01": {
        "coverage": 0.9883670077844835,
        "volume": 14.460577043157253,
        "wsc": 0.9663314385658067,
        "threshold": 9.793917235857245
      },
      "0.02": {
        "coverage": 0.977171346103385,
        "volume": 10.926125814248529,
        "wsc": 0.9462177525142108,
        "threshold": 7.400090025034676
      },
      "0.05": {
        "coverage": 0.9470830053354325,
        "volume": 7.142643635812187,
        "wsc": 0.8989943156974202,
        "threshold": 4.837598140488416
      },
      "0.1": {
        "coverage": 0.8972273244117904,
        "volume": 4.676586464474519,
        "wsc": 0.834717971141233,
        "threshold": 3.16737711383843
      }
    },
    "Bonferroni": {
      "params": {},
      "0.01": {
        "coverage": 0.9877547450362985,
        "volume": 17.508834016434307,
        "wsc": 0.9667686926104067,
        "threshold": 3.0546002609232685
      },
      "0.02": {
        "coverage": 0.976734015568967,
        "volume": 13.06280077425857,
        "wsc": 0.9492785308264101,
        "threshold": 2.635082034724435
      },
      "0.05": {
        "coverage": 0.9456835476252952,
        "volume": 8.622446880718122,
        "wsc": 0.9020550940096196,
        "threshold": 2.1420664674981396
      },
      "0.1": {
        "coverage": 0.8958278667016532,
        "volume": 5.640788847189618,
        "wsc": 0.8417140358548316,
        "threshold": 1.7255895814589657
      }
    },
    "Density": {
      "params": {
        "lengthscale": 0.6983913527032928
      },
      "0.01": {
        "coverage": 0.9905536604565731,
        "volume": 12.70619746257942,
        "wsc": 0.9663314385658067,
        "threshold": 1.468134702035817
      },
      "0.02": {
        "coverage": 0.9769964138896178,
        "volume": 8.86456648043322,
        "wsc": 0.9427197201574115,
        "threshold": 1.3638775199075353
      },
      "0.05": {
        "coverage": 0.9472579375491997,
        "volume": 5.853614964470047,
        "wsc": 0.8889374726716223,
        "threshold": 1.1907295310317618
      },
      "0.1": {
        "coverage": 0.8985393160150442,
        "volume": 3.9265222985895187,
        "wsc": 0.8272846523830345,
        "threshold": 0.9886870117438953
      }
    },
    "Kernel": {
      "params": {
        "lengthscale": 0.6983913527032928,
        "gamma": 7.090315010749895
      },
      "0.01": {
        "coverage": 0.9901163299221551,
        "volume": 11.141686370099402,
        "wsc": 0.9628334062090075,
        "threshold": 0.2720697348533726
      },
      "0.02": {
        "coverage": 0.9803201259511939,
        "volume": 7.113234709160687,
        "wsc": 0.9317883690424137,
        "threshold": 0.1326676465251298
      },
      "0.05": {
        "coverage": 0.9497944546488236,
        "volume": 3.8927451198638323,
        "wsc": 0.8670747704416266,
        "threshold": 0.04691098668118514
      },
      "0.1": {
        "coverage": 0.89941397708388,
        "volume": 2.3895112100277567,
        "wsc": 0.7778749453432444,
        "threshold": 0.022036110163166745
      }
    }
  },
  "elapsed_s": 24421.75403356552
}