{
  "dataset": "bio",
  "seed": 3,
  "model": "MLP",
  "split": [
    0.5,
    0.25,
    0.25
  ],
  "alphas": [
    0.01,
    0.02,
    0.05,
    0.1
  ],
  "result": {
    "seed": 3,
    "model": "MLP",
    "model_rmse": 0.7536060845335422,
    "meta": {
      "n_train": 22865,
      "n_cal": 11432,
      "n_test": 11433,
      "d": 2,
      "p": 8,
      "elapsed": 24422.51389670372
    },
    "Mahal": {
      "params": {},
      "0.01": {
        "coverage": 0.989941397708388,
        "volume": 15.906377150864236,
        "wsc": 0.9685177087888063,
        "threshold": 8.921493957197308
      },
      "0.02": {
        "coverage": 0.9779585410653372,
        "volume": 11.927636659293634,
        "wsc": 0.944905990380411,
        "threshold": 6.6899167151805905
      },
      "0.05": {
        "coverage": 0.9502317851832415,
        "volume": 7.996952367778465,
        "wsc": 0.8963707914298207,
        "threshold": 4.4852930084870986
      },
      "0.1": {
        "coverage": 0.9035248841074084,
        "volume": 5.3643642601281325,
        "wsc": 0.8360297332750328,
        "threshold": 3.0087393802515296
      }
    },
    "Bonferroni": {
      "params": {},
      "0.01": {
        "coverage": 0.9901163299221551,
        "volume": 19.522924009089653,
        "wsc": 0.9715784871010057,
        "threshold": 2.932036208442877
      },
      "0.02": {
        "coverage": 0.9797953293098924,
        "volume": 14.898678650007591,
        "wsc": 0.9523393091386095,
        "threshold": 2.558913530840111
      },
      "0.05": {
        "coverage": 0.949269658007522,
        "volume": 9.683071434481668,
        "wsc": 0.9029296020988195,
        "threshold": 2.0643531461245925
      },
      "0.1": {
        "coverage": 0.9027376891454562,
        "volume": 6.52924797006698,
        "wsc": 0.8460865763008307,
        "threshold": 1.6971569503620971
      }
    },
    "Density": {
      "params": {
        "lengthscale": 0.7233493834905409
      },
      "0.01": {
        "coverage": 0.9888043383189015,
        "volume": 12.196359324368075,
        "wsc": 0.9597726278968081,
        "threshold": 1.4426012526914143
      },
      "0.02": {
        "coverage": 0.9797953293098924,
        "volume": 9.069038578141743,
        "wsc": 0.9379099256668124,
        "threshold": 1.3470589160526425
      },
      "0.05": {
        "coverage": 0.9500568529694743,
        "volume": 5.875301381515671,
        "wsc": 0.885002186270223,
        "threshold": 1.1543676790951445
      },
      "0.1": {
        "coverage": 0.9059739351001487,
        "volume": 4.006700094307535,
        "wsc": 0.8264101442938347,
        "threshold": 0.9633993993866996
      }
    },
    "Kernel": {
      "params": {
        "lengthscale": 0.7233493834905409,
        "gamma": 6.139867952740353
      },
      "0.01": {
        "coverage": 0.9896789993877373,
        "volume": 10.60970864150115,
        "wsc": 0.9575863576738085,
        "threshold": 0.23654591590137702
      },
      "0.02": {
        "coverage": 0.9808449225924954,
        "volume": 6.763621405612224,
        "wsc": 0.9287275907302143,
        "threshold": 0.11148243985137292
      },
      "0.05": {
        "coverage": 0.9500568529694743,
        "volume": 3.6206544763590323,
        "wsc": 0.8530826410144294,
        "threshold": 0.03737280488156364
      },
      "0.1": {
        "coverage": 0.9012507653284352,
        "volume": 2.2319759052605725,
        "wsc": 0.7630083078268474,
        "threshold": 0.017182256307788843
      }
    }
  },
  "elapsed_s": 24422.516018152237
}