{
  "dataset": "bio",
  "seed": 23,
  "model": "MLP",
  "split": [
    0.5,
    0.25,
    0.25
  ],
  "alphas": [
    0.01,
    0.02,
    0.05,
    0.1
  ],
  "result": {
    "seed": 23,
    "model": "MLP",
    "model_rmse": 0.7771603329812374,
    "meta": {
      "n_train": 22865,
      "n_cal": 11432,
      "n_test": 11433,
      "d": 2,
      "p": 8,
      "elapsed": 24653.708695173264
    },
    "Mahal": {
      "params": {},
      "0.01": {
        "coverage": 0.9898539316015044,
        "volume": 21.40345219651738,
        "wsc": 0.9750765194578049,
        "threshold": 9.75847273740252
      },
      "0.02": {
        "coverage": 0.9797953293098924,
        "volume": 16.001542916815023,
        "wsc": 0.9562745955400087,
        "threshold": 7.295581052832381
      },
      "0.05": {
        "coverage": 0.9473454036560832,
        "volume": 10.18629738999538,
        "wsc": 0.9055531263664189,
        "threshold": 4.644237035346966
      },
      "0.1": {
        "coverage": 0.8988891804425785,
        "volume": 6.616330020412645,
        "wsc": 0.8382160034980324,
        "threshold": 3.016582350036052
      }
    },
    "Bonferroni": {
      "params": {},
      "0.01": {
        "coverage": 0.9897664654946209,
        "volume": 26.025016124989058,
        "wsc": 0.9768153980752406,
        "threshold": 3.0505426879571114
      },
      "0.02": {
        "coverage": 0.9801451937374267,
        "volume": 19.912359032656493,
        "wsc": 0.9597726278968081,
        "threshold": 2.667437697208006
      },
      "0.05": {
        "coverage": 0.9466456748010146,
        "volume": 12.654475311682221,
        "wsc": 0.9077393965894185,
        "threshold": 2.1261943862678554
      },
      "0.1": {
        "coverage": 0.8985393160150442,
        "volume": 8.209848375053966,
        "wsc": 0.8417140358548316,
        "threshold": 1.712313461468133
      }
    },
    "Density": {
      "params": {
        "lengthscale": 0.6809683406436947
      },
      "0.01": {
        "coverage": 0.9906411265634567,
        "volume": 13.306385807318211,
        "wsc": 0.9667686926104067,
        "threshold": 1.48845306486255
      },
      "0.02": {
        "coverage": 0.9802326598443103,
        "volume": 9.182533900633093,
        "wsc": 0.9457804984696109,
        "threshold": 1.395971374966062
      },
      "0.05": {
        "coverage": 0.9460334120528295,
        "volume": 5.663970528710241,
        "wsc": 0.8915609969392216,
        "threshold": 1.2058209631484873
      },
      "0.1": {
        "coverage": 0.8993265109769965,
        "volume": 3.766018395021843,
        "wsc": 0.8207258417140358,
        "threshold": 1.0055522206372391
      }
    },
    "Kernel": {
      "params": {
        "lengthscale": 0.6809683406436947,
        "gamma": 6.023016862400096
      },
      "0.01": {
        "coverage": 0.990990990990991,
        "volume": 11.693744135045076,
        "wsc": 0.9654569304766069,
        "threshold": 0.29270004289125723
      },
      "0.02": {
        "coverage": 0.9815446514475641,
        "volume": 6.95065695316538,
        "wsc": 0.9387844337560123,
        "threshold": 0.1339156073246894
      },
      "0.05": {
        "coverage": 0.947607801976734,
        "volume": 3.561997506412047,
        "wsc": 0.8657630083078268,
        "threshold": 0.041868424957084045
      },
      "0.1": {
        "coverage": 0.8966150616636054,
        "volume": 2.193623030853375,
        "wsc": 0.780061215566244,
        "threshold": 0.019050950193332174
      }
    }
  },
  "elapsed_s": 24653.711300611496
}