{
  "dataset": "bio",
  "seed": 18,
  "model": "Ridge",
  "split": [
    0.5,
    0.25,
    0.25
  ],
  "alphas": [
    0.01,
    0.02,
    0.05,
    0.1
  ],
  "result": {
    "seed": 18,
    "model": "Ridge",
    "model_rmse": 0.9273164167321707,
    "meta": {
      "n_train": 22865,
      "n_cal": 11432,
      "n_test": 11433,
      "d": 2,
      "p": 8,
      "elapsed": 24390.852853775024
    },
    "Mahal": {
      "params": {},
      "0.01": {
        "coverage": 0.9891542027464357,
        "volume": 13.71162807809428,
        "wsc": 0.9571491036292086,
        "threshold": 8.561452095140043
      },
      "0.02": {
        "coverage": 0.9787457360272894,
        "volume": 9.414253957345995,
        "wsc": 0.9309138609532138,
        "threshold": 5.878199423747969
      },
      "0.05": {
        "coverage": 0.9488323274731042,
        "volume": 6.277404370381338,
        "wsc": 0.8675120244862266,
        "threshold": 3.9195707827507063
      },
      "0.1": {
        "coverage": 0.8986267821219277,
        "volume": 4.4386887529066055,
        "wsc": 0.7888062964582422,
        "threshold": 2.771488615852863
      }
    },
    "Bonferroni": {
      "params": {},
      "0.01": {
        "coverage": 0.9895040671739701,
        "volume": 16.220805401075673,
        "wsc": 0.9584608657630083,
        "threshold": 2.8180395100317606
      },
      "0.02": {
        "coverage": 0.9795329309892417,
        "volume": 11.180719946308727,
        "wsc": 0.9357236554438129,
        "threshold": 2.3336301753807223
      },
      "0.05": {
        "coverage": 0.9476952680836176,
        "volume": 7.344890829913589,
        "wsc": 0.8762571053782248,
        "threshold": 1.8969633840696236
      },
      "0.1": {
        "coverage": 0.9002886381527159,
        "volume": 5.2564403425813335,
        "wsc": 0.804984696108439,
        "threshold": 1.604424099844757
      }
    },
    "Density": {
      "params": {
        "lengthscale": 0.8994677157593179
      },
      "0.01": {
        "coverage": 0.9891542027464357,
        "volume": 13.835760971460681,
        "wsc": 0.9562745955400087,
        "threshold": 1.3456695882588057
      },
      "0.02": {
        "coverage": 0.9789206682410566,
        "volume": 9.630474593126308,
        "wsc": 0.9322256230870135,
        "threshold": 1.1801937966316236
      },
      "0.05": {
        "coverage": 0.9490947257937549,
        "volume": 6.537136114457813,
        "wsc": 0.8731963270660253,
        "threshold": 0.9868639404829398
      },
      "0.1": {
        "coverage": 0.9026502230385726,
        "volume": 4.673980799560373,
        "wsc": 0.7988631394840402,
        "threshold": 0.823487341204119
      }
    },
    "Kernel": {
      "params": {
        "lengthscale": 0.8994677157593179,
        "gamma": 6.593966921409788
      },
      "0.01": {
        "coverage": 0.9882795416775999,
        "volume": 10.588426090205296,
        "wsc": 0.95015303891561,
        "threshold": 0.19225150463304466
      },
      "0.02": {
        "coverage": 0.9789206682410566,
        "volume": 6.660959056450757,
        "wsc": 0.9186707477044163,
        "threshold": 0.0788352932643285
      },
      "0.05": {
        "coverage": 0.9476952680836176,
        "volume": 3.9395364179921164,
        "wsc": 0.8294709226060341,
        "threshold": 0.0275240573945227
      },
      "0.1": {
        "coverage": 0.8988891804425785,
        "volume": 2.6733686086238344,
        "wsc": 0.7271534761696545,
        "threshold": 0.013671373757740768
      }
    }
  },
  "elapsed_s": 24390.855167388916
}