{
  "dataset": "bio",
  "seed": 37,
  "model": "Ridge",
  "split": [
    0.5,
    0.25,
    0.25
  ],
  "alphas": [
    0.01,
    0.02,
    0.05,
    0.1
  ],
  "result": {
    "seed": 37,
    "model": "Ridge",
    "model_rmse": 1.0043903136481138,
    "meta": {
      "n_train": 22865,
      "n_cal": 11432,
      "n_test": 11433,
      "d": 2,
      "p": 8,
      "elapsed": 5524.85495018959
    },
    "Mahal": {
      "params": {},
      "0.01": {
        "coverage": 0.9908160587772238,
        "volume": 17.557524627378456,
        "wsc": 0.9632706602536073,
        "threshold": 8.055572253130785
      },
      "0.02": {
        "coverage": 0.9814571853406805,
        "volume": 12.42317300202991,
        "wsc": 0.9379099256668124,
        "threshold": 5.699879103398308
      },
      "0.05": {
        "coverage": 0.9525059039622147,
        "volume": 8.215881446796022,
        "wsc": 0.8876257105378225,
        "threshold": 3.7695306156437405
      },
      "0.1": {
        "coverage": 0.9000262398320651,
        "volume": 5.667043051010645,
        "wsc": 0.8111062527328378,
        "threshold": 2.6000974355936446
      }
    },
    "Bonferroni": {
      "params": {},
      "0.01": {
        "coverage": 0.9902912621359223,
        "volume": 20.948777082926735,
        "wsc": 0.9641451683428072,
        "threshold": 2.742263262854762
      },
      "0.02": {
        "coverage": 0.9801451937374267,
        "volume": 14.927867834031828,
        "wsc": 0.9379099256668124,
        "threshold": 2.3158328017226473
      },
      "0.05": {
        "coverage": 0.9517187090002625,
        "volume": 9.925203409400844,
        "wsc": 0.8933100131176214,
        "threshold": 1.8839749082584039
      },
      "0.1": {
        "coverage": 0.9000262398320651,
        "volume": 6.914173721987879,
        "wsc": 0.8211630957586358,
        "threshold": 1.5700064799883497
      }
    },
    "Density": {
      "params": {
        "lengthscale": 0.918873910134705
      },
      "0.01": {
        "coverage": 0.989941397708388,
        "volume": 14.628451716656029,
        "wsc": 0.9593353738522081,
        "threshold": 1.354745939244389
      },
      "0.02": {
        "coverage": 0.9814571853406805,
        "volume": 10.25950668001761,
        "wsc": 0.9379099256668124,
        "threshold": 1.1927642642999823
      },
      "0.05": {
        "coverage": 0.9522435056415639,
        "volume": 6.865485057574657,
        "wsc": 0.8867512024486226,
        "threshold": 0.9843973935613571
      },
      "0.1": {
        "coverage": 0.8996763754045307,
        "volume": 4.684462917048511,
        "wsc": 0.7993003935286401,
        "threshold": 0.8025333544032032
      }
    },
    "Kernel": {
      "params": {
        "lengthscale": 0.918873910134705,
        "gamma": 6.838292501696246
      },
      "0.01": {
        "coverage": 0.9897664654946209,
        "volume": 11.952108675170177,
        "wsc": 0.954962833406209,
        "threshold": 0.20800071567010062
      },
      "0.02": {
        "coverage": 0.9817195836613313,
        "volume": 7.291031652052425,
        "wsc": 0.929602098819414,
        "threshold": 0.08000533334556656
      },
      "0.05": {
        "coverage": 0.9553048193824892,
        "volume": 4.469772743257925,
        "wsc": 0.8596414516834281,
        "threshold": 0.030568454224631135
      },
      "0.1": {
        "coverage": 0.9014256975422024,
        "volume": 2.953523390861914,
        "wsc": 0.739833843463052,
        "threshold": 0.014600955104089148
      }
    }
  },
  "elapsed_s": 5524.857445716858
}