{
  "dataset": "bio",
  "seed": 40,
  "model": "MLP",
  "split": [
    0.5,
    0.25,
    0.25
  ],
  "alphas": [
    0.01,
    0.02,
    0.05,
    0.1
  ],
  "result": {
    "seed": 40,
    "model": "MLP",
    "model_rmse": 0.8101608140024045,
    "meta": {
      "n_train": 22865,
      "n_cal": 11432,
      "n_test": 11433,
      "d": 2,
      "p": 8,
      "elapsed": 4783.093031167984
    },
    "Mahal": {
      "params": {},
      "0.01": {
        "coverage": 0.9907285926703402,
        "volume": 17.595607518868967,
        "wsc": 0.9711412330564058,
        "threshold": 9.276329316887695
      },
      "0.02": {
        "coverage": 0.9784833377066386,
        "volume": 12.723754518998495,
        "wsc": 0.9479667686926104,
        "threshold": 6.707909172155418
      },
      "0.05": {
        "coverage": 0.9518061751071459,
        "volume": 8.654048461866612,
        "wsc": 0.9055531263664189,
        "threshold": 4.562377478043467
      },
      "0.1": {
        "coverage": 0.9071109944896353,
        "volume": 5.717805154169233,
        "wsc": 0.8460865763008307,
        "threshold": 3.01440251625259
      }
    },
    "Bonferroni": {
      "params": {},
      "0.01": {
        "coverage": 0.9909035248841074,
        "volume": 21.61896582849684,
        "wsc": 0.9733275032794053,
        "threshold": 2.9910132770277333
      },
      "0.02": {
        "coverage": 0.9780460071722208,
        "volume": 15.488182056397147,
        "wsc": 0.9519020550940096,
        "threshold": 2.5358602445119085
      },
      "0.05": {
        "coverage": 0.9518936412140295,
        "volume": 10.66509291860829,
        "wsc": 0.9077393965894185,
        "threshold": 2.1032704022061988
      },
      "0.1": {
        "coverage": 0.9036998163211756,
        "volume": 6.948324560248203,
        "wsc": 0.85002186270223,
        "threshold": 1.6930378145194582
      }
    },
    "Density": {
      "params": {
        "lengthscale": 0.702577402119456
      },
      "0.01": {
        "coverage": 0.9900288638152716,
        "volume": 12.672036644104702,
        "wsc": 0.9615216440752077,
        "threshold": 1.4662051243877976
      },
      "0.02": {
        "coverage": 0.9790956004548238,
        "volume": 8.731039116044649,
        "wsc": 0.9405334499344119,
        "threshold": 1.3545949845252685
      },
      "0.05": {
        "coverage": 0.9521560395346803,
        "volume": 5.81667762115635,
        "wsc": 0.895059029296021,
        "threshold": 1.1790825886526755
      },
      "0.1": {
        "coverage": 0.9062363334207995,
        "volume": 3.8603862149860997,
        "wsc": 0.8294709226060341,
        "threshold": 0.9739262706277511
      }
    },
    "Kernel": {
      "params": {
        "lengthscale": 0.702577402119456,
        "gamma": 6.623274773544708
      },
      "0.01": {
        "coverage": 0.9894166010670865,
        "volume": 10.75682303348555,
        "wsc": 0.9571491036292086,
        "threshold": 0.2651208740720557
      },
      "0.02": {
        "coverage": 0.9803201259511939,
        "volume": 6.76393776367674,
        "wsc": 0.929602098819414,
        "threshold": 0.12793855966433837
      },
      "0.05": {
        "coverage": 0.9499693868625907,
        "volume": 3.491612621843176,
        "wsc": 0.8578924355050285,
        "threshold": 0.04024279775782222
      },
      "0.1": {
        "coverage": 0.9068485961689845,
        "volume": 2.204611313110711,
        "wsc": 0.7735024048972453,
        "threshold": 0.01913916615471989
      }
    }
  },
  "elapsed_s": 4783.095447778702
}