{
  "dataset": "bio",
  "seed": 46,
  "model": "Ridge",
  "split": [
    0.5,
    0.25,
    0.25
  ],
  "alphas": [
    0.01,
    0.02,
    0.05,
    0.1
  ],
  "result": {
    "seed": 46,
    "model": "Ridge",
    "model_rmse": 0.8400423497998235,
    "meta": {
      "n_train": 22865,
      "n_cal": 11432,
      "n_test": 11433,
      "d": 2,
      "p": 8,
      "elapsed": 5036.86673784256
    },
    "Mahal": {
      "params": {},
      "0.01": {
        "coverage": 0.9885419399982507,
        "volume": 15.145058673296893,
        "wsc": 0.9588981198076082,
        "threshold": 7.438886510590163
      },
      "0.02": {
        "coverage": 0.978833202134173,
        "volume": 11.132816699646645,
        "wsc": 0.9357236554438129,
        "threshold": 5.468170296222848
      },
      "0.05": {
        "coverage": 0.948045132511152,
        "volume": 7.530743469733887,
        "wsc": 0.879755137735024,
        "threshold": 3.6989190481309233
      },
      "0.1": {
        "coverage": 0.9017755619697367,
        "volume": 5.3987854728477265,
        "wsc": 0.8062964582422387,
        "threshold": 2.65175284519347
      }
    },
    "Bonferroni": {
      "params": {},
      "0.01": {
        "coverage": 0.9881046094638327,
        "volume": 17.83701917483342,
        "wsc": 0.9580236117184084,
        "threshold": 2.619657403261679
      },
      "0.02": {
        "coverage": 0.9799702615236596,
        "volume": 13.596027732937461,
        "wsc": 0.9409707039790118,
        "threshold": 2.2863341625359443
      },
      "0.05": {
        "coverage": 0.9483949969386862,
        "volume": 9.152307388523111,
        "wsc": 0.8919982509838216,
        "threshold": 1.871665369391695
      },
      "0.1": {
        "coverage": 0.9016880958628531,
        "volume": 6.534882859432868,
        "wsc": 0.8207258417140358,
        "threshold": 1.5818107824321013
      }
    },
    "Density": {
      "params": {
        "lengthscale": 0.9035248390514838
      },
      "0.01": {
        "coverage": 0.9881920755707163,
        "volume": 12.942713016260027,
        "wsc": 0.9597726278968081,
        "threshold": 1.314787720287646
      },
      "0.02": {
        "coverage": 0.9797078632030088,
        "volume": 9.60011609442847,
        "wsc": 0.9365981635330127,
        "threshold": 1.1728607836039902
      },
      "0.05": {
        "coverage": 0.9483949969386862,
        "volume": 6.480729248486173,
        "wsc": 0.8801923917796239,
        "threshold": 0.9741989642073252
      },
      "0.1": {
        "coverage": 0.902562756931689,
        "volume": 4.705115658791665,
        "wsc": 0.8036729339746392,
        "threshold": 0.816024891402445
      }
    },
    "Kernel": {
      "params": {
        "lengthscale": 0.9035248390514838,
        "gamma": 6.518836977284295
      },
      "0.01": {
        "coverage": 0.9887168722120179,
        "volume": 9.84901442166424,
        "wsc": 0.9523393091386095,
        "threshold": 0.1666239041351898
      },
      "0.02": {
        "coverage": 0.9780460071722208,
        "volume": 6.434212685237089,
        "wsc": 0.9191080017490162,
        "threshold": 0.07099064332735161
      },
      "0.05": {
        "coverage": 0.9497944546488236,
        "volume": 3.9948702229138613,
        "wsc": 0.835155225185833,
        "threshold": 0.02717305276900848
      },
      "0.1": {
        "coverage": 0.8993265109769965,
        "volume": 2.68615795836874,
        "wsc": 0.7354613030170529,
        "threshold": 0.013523821718956467
      }
    }
  },
  "elapsed_s": 5036.869771242142
}