{
  "dataset": "bio",
  "seed": 8,
  "model": "MLP",
  "split": [
    0.5,
    0.25,
    0.25
  ],
  "alphas": [
    0.01,
    0.02,
    0.05,
    0.1
  ],
  "result": {
    "seed": 8,
    "model": "MLP",
    "model_rmse": 0.695185709775435,
    "meta": {
      "n_train": 22865,
      "n_cal": 11432,
      "n_test": 11433,
      "d": 2,
      "p": 8,
      "elapsed": 24760.217705249786
    },
    "Mahal": {
      "params": {},
      "0.01": {
        "coverage": 0.9916907198460596,
        "volume": 15.958670308797116,
        "wsc": 0.9733275032794053,
        "threshold": 10.05069622629852
      },
      "0.02": {
        "coverage": 0.9831190413714685,
        "volume": 12.07606375720272,
        "wsc": 0.9545255793616091,
        "threshold": 7.6054487049683415
      },
      "0.05": {
        "coverage": 0.9553922854893728,
        "volume": 7.695724329301637,
        "wsc": 0.9156099693922168,
        "threshold": 4.846731336539262
      },
      "0.1": {
        "coverage": 0.9013382314353188,
        "volume": 4.7887930168325585,
        "wsc": 0.8460865763008307,
        "threshold": 3.0159595361946887
      }
    },
    "Bonferroni": {
      "params": {},
      "0.01": {
        "coverage": 0.9919531181667104,
        "volume": 19.73318096664065,
        "wsc": 0.9737647573240052,
        "threshold": 3.1178686518643053
      },
      "0.02": {
        "coverage": 0.98364383801277,
        "volume": 14.924982485268178,
        "wsc": 0.9588981198076082,
        "threshold": 2.7127038962509444
      },
      "0.05": {
        "coverage": 0.9558296160237908,
        "volume": 9.470097361730518,
        "wsc": 0.9212942719720157,
        "threshold": 2.164145553661517
      },
      "0.1": {
        "coverage": 0.9019504941835039,
        "volume": 5.858344892794817,
        "wsc": 0.8517708788806296,
        "threshold": 1.7019735749760279
      }
    },
    "Density": {
      "params": {
        "lengthscale": 0.6853486859104234
      },
      "0.01": {
        "coverage": 0.9918656520598268,
        "volume": 12.57661642592077,
        "wsc": 0.9702667249672059,
        "threshold": 1.476326643779931
      },
      "0.02": {
        "coverage": 0.983031575264585,
        "volume": 9.086931740026085,
        "wsc": 0.9523393091386095,
        "threshold": 1.3897410848692027
      },
      "0.05": {
        "coverage": 0.9561794804513251,
        "volume": 5.821997165834713,
        "wsc": 0.9108001749016178,
        "threshold": 1.210879925863005
      },
      "0.1": {
        "coverage": 0.904224612962477,
        "volume": 3.714131899873329,
        "wsc": 0.8430257979886314,
        "threshold": 0.9931850447962989
      }
    },
    "Kernel": {
      "params": {
        "lengthscale": 0.6853486859104234,
        "gamma": 6.485317118109554
      },
      "0.01": {
        "coverage": 0.9916907198460596,
        "volume": 10.224918491602018,
        "wsc": 0.9676432006996065,
        "threshold": 0.2588997681851354
      },
      "0.02": {
        "coverage": 0.9829441091577014,
        "volume": 6.323292900159486,
        "wsc": 0.939658941845212,
        "threshold": 0.11942383440424037
      },
      "0.05": {
        "coverage": 0.9550424210618386,
        "volume": 3.406084913886444,
        "wsc": 0.8740708351552252,
        "threshold": 0.041124045521502756
      },
      "0.1": {
        "coverage": 0.9049243418175457,
        "volume": 2.09241748200334,
        "wsc": 0.790118058592042,
        "threshold": 0.019388627265005884
      }
    }
  },
  "elapsed_s": 24760.221143245697
}