{
  "dataset": "bio",
  "seed": 31,
  "model": "MLP",
  "split": [
    0.5,
    0.25,
    0.25
  ],
  "alphas": [
    0.01,
    0.02,
    0.05,
    0.1
  ],
  "result": {
    "seed": 31,
    "model": "MLP",
    "model_rmse": 0.7058153087985584,
    "meta": {
      "n_train": 22865,
      "n_cal": 11432,
      "n_test": 11433,
      "d": 2,
      "p": 8,
      "elapsed": 24513.225697755814
    },
    "Mahal": {
      "params": {},
      "0.01": {
        "coverage": 0.9900288638152716,
        "volume": 16.559451805582924,
        "wsc": 0.9689549628334062,
        "threshold": 8.762260836987226
      },
      "0.02": {
        "coverage": 0.9831190413714685,
        "volume": 13.311455768366395,
        "wsc": 0.9545255793616091,
        "threshold": 7.043617683232759
      },
      "0.05": {
        "coverage": 0.9523309717484475,
        "volume": 8.431399929168332,
        "wsc": 0.9024923480542195,
        "threshold": 4.4613871441940445
      },
      "0.1": {
        "coverage": 0.9000262398320651,
        "volume": 5.529588715180225,
        "wsc": 0.8329689549628334,
        "threshold": 2.9259240711902645
      }
    },
    "Bonferroni": {
      "params": {},
      "0.01": {
        "coverage": 0.9903787282428059,
        "volume": 20.432184643372672,
        "wsc": 0.9715784871010057,
        "threshold": 2.912218873723069
      },
      "0.02": {
        "coverage": 0.9825942447301671,
        "volume": 16.116304221277872,
        "wsc": 0.9567118495846086,
        "threshold": 2.587690091583825
      },
      "0.05": {
        "coverage": 0.9505816496107758,
        "volume": 10.210797980909405,
        "wsc": 0.9073021425448186,
        "threshold": 2.0583683512208677
      },
      "0.1": {
        "coverage": 0.9009883670077845,
        "volume": 6.851869654244962,
        "wsc": 0.8443375601224311,
        "threshold": 1.6849507144888811
      }
    },
    "Density": {
      "params": {
        "lengthscale": 0.7068837495875481
      },
      "0.01": {
        "coverage": 0.9897664654946209,
        "volume": 11.779577332373904,
        "wsc": 0.9632706602536073,
        "threshold": 1.4467344183677864
      },
      "0.02": {
        "coverage": 0.9811073209131461,
        "volume": 8.817062771382203,
        "wsc": 0.9427197201574115,
        "threshold": 1.3548732397039245
      },
      "0.05": {
        "coverage": 0.9514563106796117,
        "volume": 5.690754542604186,
        "wsc": 0.8832531700918234,
        "threshold": 1.1688031798771905
      },
      "0.1": {
        "coverage": 0.9029126213592233,
        "volume": 3.770232425772304,
        "wsc": 0.8233493659816353,
        "threshold": 0.9621058210181236
      }
    },
    "Kernel": {
      "params": {
        "lengthscale": 0.7068837495875481,
        "gamma": 6.254663195392138
      },
      "0.01": {
        "coverage": 0.9888043383189015,
        "volume": 9.83159082276169,
        "wsc": 0.9558373414954089,
        "threshold": 0.2293609579783605
      },
      "0.02": {
        "coverage": 0.9787457360272894,
        "volume": 6.392254695547601,
        "wsc": 0.9239177962396152,
        "threshold": 0.11198174579479837
      },
      "0.05": {
        "coverage": 0.9494445902212892,
        "volume": 3.4889705719978212,
        "wsc": 0.8495846086576301,
        "threshold": 0.03796917192909537
      },
      "0.1": {
        "coverage": 0.9007259686871337,
        "volume": 2.157112970301005,
        "wsc": 0.7665063401836467,
        "threshold": 0.01805879998039169
      }
    }
  },
  "elapsed_s": 24513.22800564766
}