{
  "dataset": "bio",
  "seed": 46,
  "model": "MLP",
  "split": [
    0.5,
    0.25,
    0.25
  ],
  "alphas": [
    0.01,
    0.02,
    0.05,
    0.1
  ],
  "result": {
    "seed": 46,
    "model": "MLP",
    "model_rmse": 0.7416710637073188,
    "meta": {
      "n_train": 22865,
      "n_cal": 11432,
      "n_test": 11433,
      "d": 2,
      "p": 8,
      "elapsed": 5139.7798953056335
    },
    "Mahal": {
      "params": {},
      "0.01": {
        "coverage": 0.9869675500743462,
        "volume": 14.966046380842936,
        "wsc": 0.9641451683428072,
        "threshold": 9.759798497991698
      },
      "0.02": {
        "coverage": 0.977171346103385,
        "volume": 11.474339001106404,
        "wsc": 0.9470922606034106,
        "threshold": 7.482753540827817
      },
      "0.05": {
        "coverage": 0.946995539228549,
        "volume": 7.5249419377447415,
        "wsc": 0.9011805859204197,
        "threshold": 4.907235695559789
      },
      "0.1": {
        "coverage": 0.9000262398320651,
        "volume": 4.975717017009058,
        "wsc": 0.8425885439440315,
        "threshold": 3.2448112369341424
      }
    },
    "Bonferroni": {
      "params": {},
      "0.01": {
        "coverage": 0.9870550161812298,
        "volume": 18.019685088425575,
        "wsc": 0.9663314385658067,
        "threshold": 3.038889316734635
      },
      "0.02": {
        "coverage": 0.9784833377066386,
        "volume": 14.109890335492915,
        "wsc": 0.9532138172278094,
        "threshold": 2.688756495038434
      },
      "0.05": {
        "coverage": 0.946558208694131,
        "volume": 9.147380645198636,
        "wsc": 0.9055531263664189,
        "threshold": 2.1590032505435537
      },
      "0.1": {
        "coverage": 0.8969649260911396,
        "volume": 5.997673753419665,
        "wsc": 0.8465238303454307,
        "threshold": 1.7543605073945776
      }
    },
    "Density": {
      "params": {
        "lengthscale": 0.6600451397903105
      },
      "0.01": {
        "coverage": 0.9868800839674626,
        "volume": 11.89679259766665,
        "wsc": 0.9558373414954089,
        "threshold": 1.4690113692372602
      },
      "0.02": {
        "coverage": 0.9764716172483163,
        "volume": 8.474709638413863,
        "wsc": 0.9370354175776126,
        "threshold": 1.38297697285903
      },
      "0.05": {
        "coverage": 0.9478702002973848,
        "volume": 5.559914447950598,
        "wsc": 0.8937472671622213,
        "threshold": 1.217509105043324
      },
      "0.1": {
        "coverage": 0.8996763754045307,
        "volume": 3.769387759042815,
        "wsc": 0.8320944468736335,
        "threshold": 1.0297974108950771
      }
    },
    "Kernel": {
      "params": {
        "lengthscale": 0.6600451397903105,
        "gamma": 6.598922574035075
      },
      "0.01": {
        "coverage": 0.9867051517536954,
        "volume": 9.90308078779327,
        "wsc": 0.9505902929602099,
        "threshold": 0.2693152416198003
      },
      "0.02": {
        "coverage": 0.9762092189276655,
        "volume": 6.230897870674194,
        "wsc": 0.9217315260166157,
        "threshold": 0.12645284363077133
      },
      "0.05": {
        "coverage": 0.9472579375491997,
        "volume": 3.422757992877255,
        "wsc": 0.8543944031482291,
        "threshold": 0.04456541497586156
      },
      "0.1": {
        "coverage": 0.8944284089915158,
        "volume": 2.089229067735944,
        "wsc": 0.7673808482728465,
        "threshold": 0.020537003019859956
      }
    }
  },
  "elapsed_s": 5139.782188177109
}