{
  "dataset": "bio",
  "seed": 16,
  "model": "Ridge",
  "split": [
    0.5,
    0.25,
    0.25
  ],
  "alphas": [
    0.01,
    0.02,
    0.05,
    0.1
  ],
  "result": {
    "seed": 16,
    "model": "Ridge",
    "model_rmse": 0.8202896040441046,
    "meta": {
      "n_train": 22865,
      "n_cal": 11432,
      "n_test": 11433,
      "d": 2,
      "p": 8,
      "elapsed": 24375.49499464035
    },
    "Mahal": {
      "params": {},
      "0.01": {
        "coverage": 0.9904661943496895,
        "volume": 11.719429661777685,
        "wsc": 0.9615216440752077,
        "threshold": 9.400278411452799
      },
      "0.02": {
        "coverage": 0.9786582699204058,
        "volume": 7.875333512969412,
        "wsc": 0.9352864013992129,
        "threshold": 6.31688825663617
      },
      "0.05": {
        "coverage": 0.948220064724919,
        "volume": 5.169858833281595,
        "wsc": 0.8705728027984259,
        "threshold": 4.146798417951665
      },
      "0.1": {
        "coverage": 0.8960902650223038,
        "volume": 3.577624851113901,
        "wsc": 0.7730651508526454,
        "threshold": 2.8696507102122646
      }
    },
    "Bonferroni": {
      "params": {},
      "0.01": {
        "coverage": 0.9890667366395521,
        "volume": 13.043257263615683,
        "wsc": 0.9593353738522081,
        "threshold": 2.863053537630951
      },
      "0.02": {
        "coverage": 0.9794454648823581,
        "volume": 9.153541143756183,
        "wsc": 0.9392216878006121,
        "threshold": 2.3925926005447717
      },
      "0.05": {
        "coverage": 0.9489197935799878,
        "volume": 5.995246129418173,
        "wsc": 0.879755137735024,
        "threshold": 1.931839479611128
      },
      "0.1": {
        "coverage": 0.9001137059389487,
        "volume": 4.26458739864716,
        "wsc": 0.7944905990380411,
        "threshold": 1.6286974981914653
      }
    },
    "Density": {
      "params": {
        "lengthscale": 0.8801837233684171
      },
      "0.01": {
        "coverage": 0.9894166010670865,
        "volume": 13.058704762406167,
        "wsc": 0.960209881941408,
        "threshold": 1.339131136236
      },
      "0.02": {
        "coverage": 0.9793579987754745,
        "volume": 9.470933357276929,
        "wsc": 0.9392216878006121,
        "threshold": 1.1922340779247718
      },
      "0.05": {
        "coverage": 0.9485699291524534,
        "volume": 6.410532375971633,
        "wsc": 0.8801923917796239,
        "threshold": 0.9919683450412291
      },
      "0.1": {
        "coverage": 0.8997638415114143,
        "volume": 4.572818886140991,
        "wsc": 0.7914298207258417,
        "threshold": 0.827192352257041
      }
    },
    "Kernel": {
      "params": {
        "lengthscale": 0.8801837233684171,
        "gamma": 6.907566498690439
      },
      "0.01": {
        "coverage": 0.990990990990991,
        "volume": 10.620873906773143,
        "wsc": 0.960209881941408,
        "threshold": 0.21331006824263588
      },
      "0.02": {
        "coverage": 0.9795329309892417,
        "volume": 6.112898591136389,
        "wsc": 0.9243550502842152,
        "threshold": 0.07644836614216159
      },
      "0.05": {
        "coverage": 0.9455086154115281,
        "volume": 3.6619553237393503,
        "wsc": 0.835155225185833,
        "threshold": 0.027472633433315713
      },
      "0.1": {
        "coverage": 0.8921542902125427,
        "volume": 2.4875861715046974,
        "wsc": 0.7232181897682554,
        "threshold": 0.014041593389616113
      }
    }
  },
  "elapsed_s": 24375.497283935547
}