{
  "dataset": "bio",
  "seed": 19,
  "model": "Ridge",
  "split": [
    0.5,
    0.25,
    0.25
  ],
  "alphas": [
    0.01,
    0.02,
    0.05,
    0.1
  ],
  "result": {
    "seed": 19,
    "model": "Ridge",
    "model_rmse": 0.8664780978603693,
    "meta": {
      "n_train": 22865,
      "n_cal": 11432,
      "n_test": 11433,
      "d": 2,
      "p": 8,
      "elapsed": 24562.6813082695
    },
    "Mahal": {
      "params": {},
      "0.01": {
        "coverage": 0.9902037960290387,
        "volume": 23.532563265528633,
        "wsc": 0.9645824223874071,
        "threshold": 7.627232702675083
      },
      "0.02": {
        "coverage": 0.9805825242718447,
        "volume": 17.434024793473018,
        "wsc": 0.9440314822912111,
        "threshold": 5.650611135881229
      },
      "0.05": {
        "coverage": 0.9476952680836176,
        "volume": 11.329976413387795,
        "wsc": 0.8867512024486226,
        "threshold": 3.672203730875106
      },
      "0.1": {
        "coverage": 0.8970523921980232,
        "volume": 7.9791091480353415,
        "wsc": 0.8132925229558373,
        "threshold": 2.5861408103067496
      }
    },
    "Bonferroni": {
      "params": {},
      "0.01": {
        "coverage": 0.9902912621359223,
        "volume": 26.266855933841057,
        "wsc": 0.9658941845212068,
        "threshold": 2.7141645220373025
      },
      "0.02": {
        "coverage": 0.9795329309892417,
        "volume": 20.580974247282107,
        "wsc": 0.9431569742020114,
        "threshold": 2.3136095968765096
      },
      "0.05": {
        "coverage": 0.948657395259337,
        "volume": 14.123470324771864,
        "wsc": 0.8889374726716223,
        "threshold": 1.8887471083448206
      },
      "0.1": {
        "coverage": 0.8977521210530919,
        "volume": 9.92825764714488,
        "wsc": 0.8154787931788369,
        "threshold": 1.5880797347265323
      }
    },
    "Density": {
      "params": {
        "lengthscale": 0.916655317638845
      },
      "0.01": {
        "coverage": 0.9902037960290387,
        "volume": 14.767906330448623,
        "wsc": 0.960209881941408,
        "threshold": 1.362038663565458
      },
      "0.02": {
        "coverage": 0.9804950581649611,
        "volume": 10.54138032561119,
        "wsc": 0.939658941845212,
        "threshold": 1.2087333925782409
      },
      "0.05": {
        "coverage": 0.9502317851832415,
        "volume": 6.966635427894941,
        "wsc": 0.8810668998688238,
        "threshold": 0.9996240233919255
      },
      "0.1": {
        "coverage": 0.894166010670865,
        "volume": 4.770450096011518,
        "wsc": 0.7923043288150415,
        "threshold": 0.8153301031034239
      }
    },
    "Kernel": {
      "params": {
        "lengthscale": 0.916655317638845,
        "gamma": 6.669967652375828
      },
      "0.01": {
        "coverage": 0.9909035248841074,
        "volume": 12.458451802606419,
        "wsc": 0.9593353738522081,
        "threshold": 0.23384752762051692
      },
      "0.02": {
        "coverage": 0.9805825242718447,
        "volume": 7.464942573256274,
        "wsc": 0.9278530826410144,
        "threshold": 0.08507704394763162
      },
      "0.05": {
        "coverage": 0.950756581824543,
        "volume": 4.359124415123653,
        "wsc": 0.8513336248360297,
        "threshold": 0.029085011345272683
      },
      "0.1": {
        "coverage": 0.9041371468555934,
        "volume": 2.9902294564545455,
        "wsc": 0.7603847835592479,
        "threshold": 0.014765869009063034
      }
    }
  },
  "elapsed_s": 24562.683540821075
}