{
  "dataset": "bio",
  "seed": 17,
  "model": "Ridge",
  "split": [
    0.5,
    0.25,
    0.25
  ],
  "alphas": [
    0.01,
    0.02,
    0.05,
    0.1
  ],
  "result": {
    "seed": 17,
    "model": "Ridge",
    "model_rmse": 0.7217434266279277,
    "meta": {
      "n_train": 22865,
      "n_cal": 11432,
      "n_test": 11433,
      "d": 2,
      "p": 8,
      "elapsed": 24701.43287062645
    },
    "Mahal": {
      "params": {},
      "0.01": {
        "coverage": 0.9913408554185253,
        "volume": 16.184434650561137,
        "wsc": 0.9667686926104067,
        "threshold": 7.860460217728066
      },
      "0.02": {
        "coverage": 0.9815446514475641,
        "volume": 11.737341495303244,
        "wsc": 0.9427197201574115,
        "threshold": 5.70059491590095
      },
      "0.05": {
        "coverage": 0.9490072596868714,
        "volume": 7.700543948357381,
        "wsc": 0.8885002186270223,
        "threshold": 3.7400020864387225
      },
      "0.1": {
        "coverage": 0.8963526633429546,
        "volume": 5.390795460571999,
        "wsc": 0.8084827284652383,
        "threshold": 2.6182028705133717
      }
    },
    "Bonferroni": {
      "params": {},
      "0.01": {
        "coverage": 0.9912533893116418,
        "volume": 19.808701836705293,
        "wsc": 0.9685177087888063,
        "threshold": 2.7437419231863376
      },
      "0.02": {
        "coverage": 0.980932388699379,
        "volume": 14.256650202416584,
        "wsc": 0.9466550065588106,
        "threshold": 2.3235511009348917
      },
      "0.05": {
        "coverage": 0.9489197935799878,
        "volume": 9.355045699863108,
        "wsc": 0.8941845212068211,
        "threshold": 1.8826401086479878
      },
      "0.1": {
        "coverage": 0.8953030700603516,
        "volume": 6.476570099905228,
        "wsc": 0.8176650634018364,
        "threshold": 1.5732105465025146
      }
    },
    "Density": {
      "params": {
        "lengthscale": 0.9030288842424402
      },
      "0.01": {
        "coverage": 0.9930027114493134,
        "volume": 14.602218406006035,
        "wsc": 0.9693922168780061,
        "threshold": 1.366764525736158
      },
      "0.02": {
        "coverage": 0.9815446514475641,
        "volume": 9.939808715524986,
        "wsc": 0.9427197201574115,
        "threshold": 1.19505824934566
      },
      "0.05": {
        "coverage": 0.9488323274731042,
        "volume": 6.591953259556206,
        "wsc": 0.8836904241364233,
        "threshold": 0.9840679835018806
      },
      "0.1": {
        "coverage": 0.8958278667016532,
        "volume": 4.608932357040796,
        "wsc": 0.7984258854394403,
        "threshold": 0.8117980178941341
      }
    },
    "Kernel": {
      "params": {
        "lengthscale": 0.9030288842424402,
        "gamma": 6.168202430968893
      },
      "0.01": {
        "coverage": 0.9900288638152716,
        "volume": 10.197894976910549,
        "wsc": 0.9562745955400087,
        "threshold": 0.17383029197138317
      },
      "0.02": {
        "coverage": 0.980932388699379,
        "volume": 6.403329404106623,
        "wsc": 0.9291648447748142,
        "threshold": 0.0682163270264831
      },
      "0.05": {
        "coverage": 0.9504941835038923,
        "volume": 3.959647776032527,
        "wsc": 0.8473983384346305,
        "threshold": 0.02608388920785221
      },
      "0.1": {
        "coverage": 0.9016880958628531,
        "volume": 2.68578281696393,
        "wsc": 0.7485789243550502,
        "threshold": 0.013108631272986034
      }
    }
  },
  "elapsed_s": 24701.435103416443
}