{
  "dataset": "bio",
  "seed": 44,
  "model": "MLP",
  "split": [
    0.5,
    0.25,
    0.25
  ],
  "alphas": [
    0.01,
    0.02,
    0.05,
    0.1
  ],
  "result": {
    "seed": 44,
    "model": "MLP",
    "model_rmse": 0.8309550755408893,
    "meta": {
      "n_train": 22865,
      "n_cal": 11432,
      "n_test": 11433,
      "d": 2,
      "p": 8,
      "elapsed": 5599.370486974716
    },
    "Mahal": {
      "params": {},
      "0.01": {
        "coverage": 0.9907285926703402,
        "volume": 14.769306792084558,
        "wsc": 0.9685177087888063,
        "threshold": 10.956929116317925
      },
      "0.02": {
        "coverage": 0.978833202134173,
        "volume": 10.20789294062296,
        "wsc": 0.9440314822912111,
        "threshold": 7.5729457686742006
      },
      "0.05": {
        "coverage": 0.9525933700690983,
        "volume": 6.678130438095863,
        "wsc": 0.9029296020988195,
        "threshold": 4.95431524781902
      },
      "0.1": {
        "coverage": 0.9000262398320651,
        "volume": 4.259428597549799,
        "wsc": 0.839965019676432,
        "threshold": 3.159949067100631
      }
    },
    "Bonferroni": {
      "params": {},
      "0.01": {
        "coverage": 0.9909035248841074,
        "volume": 18.205445673462076,
        "wsc": 0.9689549628334062,
        "threshold": 3.2546432538430357
      },
      "0.02": {
        "coverage": 0.978220939385988,
        "volume": 12.345457006301075,
        "wsc": 0.944905990380411,
        "threshold": 2.6847693814399722
      },
      "0.05": {
        "coverage": 0.9516312428933789,
        "volume": 7.966854687792897,
        "wsc": 0.910362920857018,
        "threshold": 2.1541191959621875
      },
      "0.1": {
        "coverage": 0.8995014431907635,
        "volume": 5.142533885027789,
        "wsc": 0.8473983384346305,
        "threshold": 1.7269264044130395
      }
    },
    "Density": {
      "params": {
        "lengthscale": 0.6849812659419018
      },
      "0.01": {
        "coverage": 0.9902912621359223,
        "volume": 12.376278452788899,
        "wsc": 0.9628334062090075,
        "threshold": 1.470532646651581
      },
      "0.02": {
        "coverage": 0.9801451937374267,
        "volume": 8.837927473055894,
        "wsc": 0.9414079580236118,
        "threshold": 1.3756261736716842
      },
      "0.05": {
        "coverage": 0.953905361672352,
        "volume": 5.82133955172389,
        "wsc": 0.8981198076082204,
        "threshold": 1.2050631265776963
      },
      "0.1": {
        "coverage": 0.9011632992215517,
        "volume": 3.766331837881029,
        "wsc": 0.8355924792304329,
        "threshold": 0.989949993512068
      }
    },
    "Kernel": {
      "params": {
        "lengthscale": 0.6849812659419018,
        "gamma": 6.682543349496821
      },
      "0.01": {
        "coverage": 0.9895915332808537,
        "volume": 10.395878208618942,
        "wsc": 0.9580236117184084,
        "threshold": 0.2629596033032353
      },
      "0.02": {
        "coverage": 0.9818945158750984,
        "volume": 6.78145207128504,
        "wsc": 0.9339746392654132,
        "threshold": 0.13166300663631772
      },
      "0.05": {
        "coverage": 0.9573165398408117,
        "volume": 3.64549219847639,
        "wsc": 0.8784433756012243,
        "threshold": 0.04544047753272512
      },
      "0.1": {
        "coverage": 0.9050992740313129,
        "volume": 2.1839196368514533,
        "wsc": 0.7905553126366419,
        "threshold": 0.020197755837118074
      }
    }
  },
  "elapsed_s": 5599.3733813762665
}