{
  "dataset": "bio",
  "seed": 47,
  "model": "MLP",
  "split": [
    0.5,
    0.25,
    0.25
  ],
  "alphas": [
    0.01,
    0.02,
    0.05,
    0.1
  ],
  "result": {
    "seed": 47,
    "model": "MLP",
    "model_rmse": 0.8188333478319721,
    "meta": {
      "n_train": 22865,
      "n_cal": 11432,
      "n_test": 11433,
      "d": 2,
      "p": 8,
      "elapsed": 4890.824910879135
    },
    "Mahal": {
      "params": {},
      "0.01": {
        "coverage": 0.9904661943496895,
        "volume": 15.702710109600119,
        "wsc": 0.9693922168780061,
        "threshold": 8.919568006631124
      },
      "0.02": {
        "coverage": 0.978833202134173,
        "volume": 11.591535654980683,
        "wsc": 0.9462177525142108,
        "threshold": 6.584308686478238
      },
      "0.05": {
        "coverage": 0.9525933700690983,
        "volume": 7.931489658121823,
        "wsc": 0.9068648885002186,
        "threshold": 4.505302645576934
      },
      "0.1": {
        "coverage": 0.9000262398320651,
        "volume": 5.244613867874342,
        "wsc": 0.8355924792304329,
        "threshold": 2.979083848362351
      }
    },
    "Bonferroni": {
      "params": {},
      "0.01": {
        "coverage": 0.9908160587772238,
        "volume": 19.501818974480944,
        "wsc": 0.9720157411456056,
        "threshold": 2.945070921600504
      },
      "0.02": {
        "coverage": 0.9790081343479402,
        "volume": 14.301608237420837,
        "wsc": 0.9475295146480105,
        "threshold": 2.524480618410944
      },
      "0.05": {
        "coverage": 0.9524184378553311,
        "volume": 9.67652580453251,
        "wsc": 0.9112374289462177,
        "threshold": 2.081615683327321
      },
      "0.1": {
        "coverage": 0.9000262398320651,
        "volume": 6.448907027625702,
        "wsc": 0.8417140358548316,
        "threshold": 1.6951722958336608
      }
    },
    "Density": {
      "params": {
        "lengthscale": 0.7293970143653983
      },
      "0.01": {
        "coverage": 0.9902912621359223,
        "volume": 12.09541986093359,
        "wsc": 0.9628334062090075,
        "threshold": 1.4413409337960328
      },
      "0.02": {
        "coverage": 0.9785708038135222,
        "volume": 8.533865827614438,
        "wsc": 0.9379099256668124,
        "threshold": 1.3223898677479917
      },
      "0.05": {
        "coverage": 0.9498819207557072,
        "volume": 5.764577146712442,
        "wsc": 0.8880629645824224,
        "threshold": 1.139440443957166
      },
      "0.1": {
        "coverage": 0.8999387737251815,
        "volume": 3.9068842368697383,
        "wsc": 0.8211630957586358,
        "threshold": 0.9434198219219507
      }
    },
    "Kernel": {
      "params": {
        "lengthscale": 0.7293970143653983,
        "gamma": 6.741516587407724
      },
      "0.01": {
        "coverage": 0.9887168722120179,
        "volume": 9.859161485053765,
        "wsc": 0.9536510712724092,
        "threshold": 0.23821715828111753
      },
      "0.02": {
        "coverage": 0.9779585410653372,
        "volume": 6.292859557093678,
        "wsc": 0.9226060341058154,
        "threshold": 0.10907196926619867
      },
      "0.05": {
        "coverage": 0.9498819207557072,
        "volume": 3.4637474037159155,
        "wsc": 0.85002186270223,
        "threshold": 0.037717485479059364
      },
      "0.1": {
        "coverage": 0.9021254263972711,
        "volume": 2.199224797680543,
        "wsc": 0.7660690861390468,
        "threshold": 0.018062332161334148
      }
    }
  },
  "elapsed_s": 4890.827175378799
}