{
  "dataset": "bio",
  "seed": 14,
  "model": "MLP",
  "split": [
    0.5,
    0.25,
    0.25
  ],
  "alphas": [
    0.01,
    0.02,
    0.05,
    0.1
  ],
  "result": {
    "seed": 14,
    "model": "MLP",
    "model_rmse": 0.8660474643153196,
    "meta": {
      "n_train": 22865,
      "n_cal": 11432,
      "n_test": 11433,
      "d": 2,
      "p": 8,
      "elapsed": 24702.93484210968
    },
    "Mahal": {
      "params": {},
      "0.01": {
        "coverage": 0.9883670077844835,
        "volume": 13.434263316674897,
        "wsc": 0.9615216440752077,
        "threshold": 9.679913279425797
      },
      "0.02": {
        "coverage": 0.9806699903787283,
        "volume": 10.358586539587208,
        "wsc": 0.9457804984696109,
        "threshold": 7.463767609510371
      },
      "0.05": {
        "coverage": 0.9536429633517012,
        "volume": 6.753480701055855,
        "wsc": 0.9068648885002186,
        "threshold": 4.866147549702546
      },
      "0.1": {
        "coverage": 0.8980145193737427,
        "volume": 4.344948562763786,
        "wsc": 0.8290336685614342,
        "threshold": 3.1307057409627355
      }
    },
    "Bonferroni": {
      "params": {},
      "0.01": {
        "coverage": 0.9884544738913671,
        "volume": 16.48452105037222,
        "wsc": 0.9641451683428072,
        "threshold": 3.0458662645575147
      },
      "0.02": {
        "coverage": 0.9811073209131461,
        "volume": 12.75848328667399,
        "wsc": 0.95015303891561,
        "threshold": 2.682254081790905
      },
      "0.05": {
        "coverage": 0.9511064462520773,
        "volume": 8.099225132376446,
        "wsc": 0.9055531263664189,
        "threshold": 2.1366071603753003
      },
      "0.1": {
        "coverage": 0.8967899938773726,
        "volume": 5.234410996963767,
        "wsc": 0.835155225185833,
        "threshold": 1.7205348656458994
      }
    },
    "Density": {
      "params": {
        "lengthscale": 0.6747928306848708
      },
      "0.01": {
        "coverage": 0.9881920755707163,
        "volume": 11.152654359934308,
        "wsc": 0.9580236117184084,
        "threshold": 1.4535017172897
      },
      "0.02": {
        "coverage": 0.9787457360272894,
        "volume": 8.324249233600453,
        "wsc": 0.9361609094884128,
        "threshold": 1.3666386169120437
      },
      "0.05": {
        "coverage": 0.952855768389749,
        "volume": 5.632720081247136,
        "wsc": 0.8985570616528203,
        "threshold": 1.204584035871071
      },
      "0.1": {
        "coverage": 0.9002011720458323,
        "volume": 3.752865454598415,
        "wsc": 0.8281591604722344,
        "threshold": 1.0061143059982316
      }
    },
    "Kernel": {
      "params": {
        "lengthscale": 0.6747928306848708,
        "gamma": 5.902772439386285
      },
      "0.01": {
        "coverage": 0.9882795416775999,
        "volume": 9.137840022940775,
        "wsc": 0.9505902929602099,
        "threshold": 0.23318655779830483
      },
      "0.02": {
        "coverage": 0.9769964138896178,
        "volume": 5.82462019676785,
        "wsc": 0.9191080017490162,
        "threshold": 0.10620652465527637
      },
      "0.05": {
        "coverage": 0.9470830053354325,
        "volume": 3.1944114807578163,
        "wsc": 0.8583296895496283,
        "threshold": 0.03547827740878449
      },
      "0.1": {
        "coverage": 0.8985393160150442,
        "volume": 2.0966661694338944,
        "wsc": 0.7783121993878444,
        "threshold": 0.017912457346346566
      }
    }
  },
  "elapsed_s": 24702.937084197998
}