{
  "dataset": "bio",
  "seed": 41,
  "model": "Ridge",
  "split": [
    0.5,
    0.25,
    0.25
  ],
  "alphas": [
    0.01,
    0.02,
    0.05,
    0.1
  ],
  "result": {
    "seed": 41,
    "model": "Ridge",
    "model_rmse": 0.8261343875993438,
    "meta": {
      "n_train": 22865,
      "n_cal": 11432,
      "n_test": 11433,
      "d": 2,
      "p": 8,
      "elapsed": 4803.253477096558
    },
    "Mahal": {
      "params": {},
      "0.01": {
        "coverage": 0.9893291349602029,
        "volume": 19.003096351892097,
        "wsc": 0.9597726278968081,
        "threshold": 7.170260263460727
      },
      "0.02": {
        "coverage": 0.9785708038135222,
        "volume": 14.009384903716754,
        "wsc": 0.9331001311762134,
        "threshold": 5.2860299201001055
      },
      "0.05": {
        "coverage": 0.9495320563281728,
        "volume": 9.769335232448801,
        "wsc": 0.8867512024486226,
        "threshold": 3.686171712257824
      },
      "0.1": {
        "coverage": 0.903175019679874,
        "volume": 6.863506980020719,
        "wsc": 0.8167905553126367,
        "threshold": 2.5897427690476262
      }
    },
    "Bonferroni": {
      "params": {},
      "0.01": {
        "coverage": 0.9884544738913671,
        "volume": 22.393671634283997,
        "wsc": 0.9575863576738085,
        "threshold": 2.5863206739073985
      },
      "0.02": {
        "coverage": 0.9778710749584536,
        "volume": 17.214123660451992,
        "wsc": 0.9331001311762134,
        "threshold": 2.2532025403821843
      },
      "0.05": {
        "coverage": 0.9483949969386862,
        "volume": 11.89511028423686,
        "wsc": 0.8854394403148229,
        "threshold": 1.8741546190704883
      },
      "0.1": {
        "coverage": 0.9010758331146681,
        "volume": 8.46532253541271,
        "wsc": 0.8172278093572366,
        "threshold": 1.5790369179675339
      }
    },
    "Density": {
      "params": {
        "lengthscale": 0.9124015131628584
      },
      "0.01": {
        "coverage": 0.989941397708388,
        "volume": 13.671020272191553,
        "wsc": 0.9606471359860078,
        "threshold": 1.329414120308314
      },
      "0.02": {
        "coverage": 0.9791830665617074,
        "volume": 9.836479670798985,
        "wsc": 0.9309138609532138,
        "threshold": 1.1754318676926343
      },
      "0.05": {
        "coverage": 0.9498819207557072,
        "volume": 6.770135728728686,
        "wsc": 0.879755137735024,
        "threshold": 0.9852965656348284
      },
      "0.1": {
        "coverage": 0.9026502230385726,
        "volume": 4.756982963894003,
        "wsc": 0.8067337122868387,
        "threshold": 0.8131186644579026
      }
    },
    "Kernel": {
      "params": {
        "lengthscale": 0.9124015131628584,
        "gamma": 6.469321667941927
      },
      "0.01": {
        "coverage": 0.9900288638152716,
        "volume": 11.45662802728774,
        "wsc": 0.9562745955400087,
        "threshold": 0.20144282182243398
      },
      "0.02": {
        "coverage": 0.9804075920580775,
        "volume": 6.883072386093283,
        "wsc": 0.9291648447748142,
        "threshold": 0.07480173480321933
      },
      "0.05": {
        "coverage": 0.9516312428933789,
        "volume": 4.24308327467792,
        "wsc": 0.8508963707914298,
        "threshold": 0.02812880592475568
      },
      "0.1": {
        "coverage": 0.9070235283827517,
        "volume": 2.8662414082162484,
        "wsc": 0.7581985133362483,
        "threshold": 0.013879642866504928
      }
    }
  },
  "elapsed_s": 4803.255774021149
}