{
  "dataset": "bio",
  "seed": 41,
  "model": "MLP",
  "split": [
    0.5,
    0.25,
    0.25
  ],
  "alphas": [
    0.01,
    0.02,
    0.05,
    0.1
  ],
  "result": {
    "seed": 41,
    "model": "MLP",
    "model_rmse": 0.7236747274244516,
    "meta": {
      "n_train": 22865,
      "n_cal": 11432,
      "n_test": 11433,
      "d": 2,
      "p": 8,
      "elapsed": 4901.461424827576
    },
    "Mahal": {
      "params": {},
      "0.01": {
        "coverage": 0.9900288638152716,
        "volume": 18.98331937951877,
        "wsc": 0.9707039790118058,
        "threshold": 9.151661806510688
      },
      "0.02": {
        "coverage": 0.9818945158750984,
        "volume": 14.6907306838942,
        "wsc": 0.9558373414954089,
        "threshold": 7.082249222155655
      },
      "0.05": {
        "coverage": 0.9463832764803639,
        "volume": 9.259859540346055,
        "wsc": 0.9028871391076115,
        "threshold": 4.464082450220402
      },
      "0.1": {
        "coverage": 0.8938161462433307,
        "volume": 6.110136810274643,
        "wsc": 0.8417140358548316,
        "threshold": 2.94563371985806
      }
    },
    "Bonferroni": {
      "params": {},
      "0.01": {
        "coverage": 0.989941397708388,
        "volume": 23.68078101896546,
        "wsc": 0.9720034995625547,
        "threshold": 2.9892155134485034
      },
      "0.02": {
        "coverage": 0.9800577276305432,
        "volume": 17.89762458471108,
        "wsc": 0.9532138172278094,
        "threshold": 2.598712678448875
      },
      "0.05": {
        "coverage": 0.9468206070147818,
        "volume": 11.502817370661422,
        "wsc": 0.9072615923009624,
        "threshold": 2.085538110282325
      },
      "0.1": {
        "coverage": 0.8907548325024053,
        "volume": 7.466462611228259,
        "wsc": 0.8460192475940508,
        "threshold": 1.6834965989845316
      }
    },
    "Density": {
      "params": {
        "lengthscale": 0.7028099536742394
      },
      "0.01": {
        "coverage": 0.9898539316015044,
        "volume": 11.813540019701545,
        "wsc": 0.9641451683428072,
        "threshold": 1.4546753957022456
      },
      "0.02": {
        "coverage": 0.9818070497682149,
        "volume": 8.968739070935289,
        "wsc": 0.9514648010494097,
        "threshold": 1.3707614278878457
      },
      "0.05": {
        "coverage": 0.9511064462520773,
        "volume": 5.776739336067678,
        "wsc": 0.89986882378662,
        "threshold": 1.1846661259683142
      },
      "0.1": {
        "coverage": 0.8906673663955217,
        "volume": 3.7472475990219176,
        "wsc": 0.8220376038478356,
        "threshold": 0.9649648599536568
      }
    },
    "Kernel": {
      "params": {
        "lengthscale": 0.7028099536742394,
        "gamma": 6.4507851843566995
      },
      "0.01": {
        "coverage": 0.9911659232047582,
        "volume": 10.494657471330154,
        "wsc": 0.965019676432007,
        "threshold": 0.2514717534719702
      },
      "0.02": {
        "coverage": 0.9811073209131461,
        "volume": 6.346847848654338,
        "wsc": 0.9357236554438129,
        "threshold": 0.113128676801504
      },
      "0.05": {
        "coverage": 0.9510189801451937,
        "volume": 3.542575941067228,
        "wsc": 0.8771316134674245,
        "threshold": 0.03986823033596601
      },
      "0.1": {
        "coverage": 0.9001137059389487,
        "volume": 2.2199782305877482,
        "wsc": 0.7857455181460429,
        "threshold": 0.018898299411666125
      }
    }
  },
  "elapsed_s": 4901.463751077652
}