{
  "dataset": "bio",
  "seed": 45,
  "model": "MLP",
  "split": [
    0.5,
    0.25,
    0.25
  ],
  "alphas": [
    0.01,
    0.02,
    0.05,
    0.1
  ],
  "result": {
    "seed": 45,
    "model": "MLP",
    "model_rmse": 0.6897838498133928,
    "meta": {
      "n_train": 22865,
      "n_cal": 11432,
      "n_test": 11433,
      "d": 2,
      "p": 8,
      "elapsed": 5143.828169822693
    },
    "Mahal": {
      "params": {},
      "0.01": {
        "coverage": 0.9889792705326685,
        "volume": 15.347316163489237,
        "wsc": 0.9676432006996065,
        "threshold": 10.330803276634901
      },
      "0.02": {
        "coverage": 0.9784833377066386,
        "volume": 11.422478790289713,
        "wsc": 0.9466550065588106,
        "threshold": 7.68886103973956
      },
      "0.05": {
        "coverage": 0.9526808361759818,
        "volume": 7.314477216766436,
        "wsc": 0.9038041101880192,
        "threshold": 4.923624716718051
      },
      "0.1": {
        "coverage": 0.9009009009009009,
        "volume": 4.602706138151432,
        "wsc": 0.8412767818102318,
        "threshold": 3.098238880783695
      }
    },
    "Bonferroni": {
      "params": {},
      "0.01": {
        "coverage": 0.9895040671739701,
        "volume": 18.71449046021964,
        "wsc": 0.9693922168780061,
        "threshold": 3.141892209139315
      },
      "0.02": {
        "coverage": 0.9792705326685909,
        "volume": 13.99711412157385,
        "wsc": 0.94971578487101,
        "threshold": 2.720686155493094
      },
      "0.05": {
        "coverage": 0.9514563106796117,
        "volume": 8.918933884880948,
        "wsc": 0.9059903804110188,
        "threshold": 2.166930205817397
      },
      "0.1": {
        "coverage": 0.9005510364733665,
        "volume": 5.552841228366816,
        "wsc": 0.85045911674683,
        "threshold": 1.720521970057834
      }
    },
    "Density": {
      "params": {
        "lengthscale": 0.6633596991786951
      },
      "0.01": {
        "coverage": 0.9900288638152716,
        "volume": 12.432348388891928,
        "wsc": 0.9637079142982072,
        "threshold": 1.480236586806196
      },
      "0.02": {
        "coverage": 0.9787457360272894,
        "volume": 8.957399119214328,
        "wsc": 0.9422824661128115,
        "threshold": 1.4000884596307595
      },
      "0.05": {
        "coverage": 0.9514563106796117,
        "volume": 5.713241255537014,
        "wsc": 0.8959335373852209,
        "threshold": 1.2283403604976761
      },
      "0.1": {
        "coverage": 0.8998513076182979,
        "volume": 3.6041924570377577,
        "wsc": 0.8303454306952339,
        "threshold": 1.0105925882846454
      }
    },
    "Kernel": {
      "params": {
        "lengthscale": 0.6633596991786951,
        "gamma": 5.888439948646263
      },
      "0.01": {
        "coverage": 0.9897664654946209,
        "volume": 10.961437827983456,
        "wsc": 0.9610843900306077,
        "threshold": 0.2787344401991169
      },
      "0.02": {
        "coverage": 0.979882795416776,
        "volume": 6.428309961794558,
        "wsc": 0.9287275907302143,
        "threshold": 0.12766389221916868
      },
      "0.05": {
        "coverage": 0.9523309717484475,
        "volume": 3.2918547542507075,
        "wsc": 0.8644512461740271,
        "threshold": 0.04078220146384372
      },
      "0.1": {
        "coverage": 0.9016880958628531,
        "volume": 1.963650212719077,
        "wsc": 0.7765631832094447,
        "threshold": 0.018685572255834164
      }
    }
  },
  "elapsed_s": 5143.831788301468
}