{
  "dataset": "bio",
  "seed": 26,
  "model": "MLP",
  "split": [
    0.5,
    0.25,
    0.25
  ],
  "alphas": [
    0.01,
    0.02,
    0.05,
    0.1
  ],
  "result": {
    "seed": 26,
    "model": "MLP",
    "model_rmse": 0.6427134336628351,
    "meta": {
      "n_train": 22865,
      "n_cal": 11432,
      "n_test": 11433,
      "d": 2,
      "p": 8,
      "elapsed": 24171.99841094017
    },
    "Mahal": {
      "params": {},
      "0.01": {
        "coverage": 0.9891542027464357,
        "volume": 13.687187805428469,
        "wsc": 0.9667686926104067,
        "threshold": 9.248630053688405
      },
      "0.02": {
        "coverage": 0.9800577276305432,
        "volume": 10.658560307725562,
        "wsc": 0.9479667686926104,
        "threshold": 7.202142806280801
      },
      "0.05": {
        "coverage": 0.9502317851832415,
        "volume": 6.906062758400327,
        "wsc": 0.9016178399650197,
        "threshold": 4.666526132904191
      },
      "0.1": {
        "coverage": 0.8984518499081606,
        "volume": 4.485103604876244,
        "wsc": 0.834717971141233,
        "threshold": 3.030649143099566
      }
    },
    "Bonferroni": {
      "params": {},
      "0.01": {
        "coverage": 0.9897664654946209,
        "volume": 17.071877409945117,
        "wsc": 0.9711412330564058,
        "threshold": 3.0099296176009296
      },
      "0.02": {
        "coverage": 0.9807574564856119,
        "volume": 13.243500191990544,
        "wsc": 0.9519230769230769,
        "threshold": 2.6497848068855525
      },
      "0.05": {
        "coverage": 0.950756581824543,
        "volume": 8.475111265448819,
        "wsc": 0.9059903804110188,
        "threshold": 2.1218998774650997
      },
      "0.1": {
        "coverage": 0.8990641126563457,
        "volume": 5.511448352970509,
        "wsc": 0.8408395277656319,
        "threshold": 1.7061174569834354
      }
    },
    "Density": {
      "params": {
        "lengthscale": 0.6736433928897424
      },
      "0.01": {
        "coverage": 0.9885419399982507,
        "volume": 10.661415578551033,
        "wsc": 0.960209881941408,
        "threshold": 1.436890732831171
      },
      "0.02": {
        "coverage": 0.9796203970961253,
        "volume": 8.267172529455765,
        "wsc": 0.9392216878006121,
        "threshold": 1.3582896013579102
      },
      "0.05": {
        "coverage": 0.9490072596868714,
        "volume": 5.459463668972246,
        "wsc": 0.8963707914298207,
        "threshold": 1.1851583276385182
      },
      "0.1": {
        "coverage": 0.8981894515875098,
        "volume": 3.6801940723306585,
        "wsc": 0.8281591604722344,
        "threshold": 0.9922069461409576
      }
    },
    "Kernel": {
      "params": {
        "lengthscale": 0.6736433928897424,
        "gamma": 6.221456368637429
      },
      "0.01": {
        "coverage": 0.9864427534330447,
        "volume": 7.6465718689404145,
        "wsc": 0.9488412767818102,
        "threshold": 0.19158820505869595
      },
      "0.02": {
        "coverage": 0.97778360885157,
        "volume": 5.292523163142771,
        "wsc": 0.9239177962396152,
        "threshold": 0.097011251180207
      },
      "0.05": {
        "coverage": 0.9487448613662206,
        "volume": 3.0973760945150777,
        "wsc": 0.8613904678618277,
        "threshold": 0.035892443767185304
      },
      "0.1": {
        "coverage": 0.9006385025802501,
        "volume": 2.0083773534380573,
        "wsc": 0.7835592479230433,
        "threshold": 0.018273695340153117
      }
    }
  },
  "elapsed_s": 24172.00282073021
}