{
  "dataset": "bio",
  "seed": 49,
  "model": "Ridge",
  "split": [
    0.5,
    0.25,
    0.25
  ],
  "alphas": [
    0.01,
    0.02,
    0.05,
    0.1
  ],
  "result": {
    "seed": 49,
    "model": "Ridge",
    "model_rmse": 0.8345741327586746,
    "meta": {
      "n_train": 22865,
      "n_cal": 11432,
      "n_test": 11433,
      "d": 2,
      "p": 8,
      "elapsed": 3733.948582172394
    },
    "Mahal": {
      "params": {},
      "0.01": {
        "coverage": 0.9897664654946209,
        "volume": 12.814616288886985,
        "wsc": 0.9610843900306077,
        "threshold": 7.933435140662025
      },
      "0.02": {
        "coverage": 0.9786582699204058,
        "volume": 9.296807106574004,
        "wsc": 0.9331001311762134,
        "threshold": 5.755585226473968
      },
      "0.05": {
        "coverage": 0.9515437767864953,
        "volume": 6.335577129742331,
        "wsc": 0.8836904241364233,
        "threshold": 3.922309424205011
      },
      "0.1": {
        "coverage": 0.9040496807487098,
        "volume": 4.4307087170008845,
        "wsc": 0.8128552689112374,
        "threshold": 2.743019333631986
      }
    },
    "Bonferroni": {
      "params": {},
      "0.01": {
        "coverage": 0.9885419399982507,
        "volume": 15.053730288271451,
        "wsc": 0.9606471359860078,
        "threshold": 2.700117236441756
      },
      "0.02": {
        "coverage": 0.9796203970961253,
        "volume": 11.140785036390696,
        "wsc": 0.939658941845212,
        "threshold": 2.3191983293213143
      },
      "0.05": {
        "coverage": 0.9504941835038923,
        "volume": 7.352068695566193,
        "wsc": 0.8941845212068211,
        "threshold": 1.8876586419859165
      },
      "0.1": {
        "coverage": 0.9023878247179218,
        "volume": 5.2452206890417,
        "wsc": 0.8207258417140358,
        "threshold": 1.5940010532093707
      }
    },
    "Density": {
      "params": {
        "lengthscale": 0.9045460739140732
      },
      "0.01": {
        "coverage": 0.9894166010670865,
        "volume": 12.974754152817273,
        "wsc": 0.9606471359860078,
        "threshold": 1.3149806351960636
      },
      "0.02": {
        "coverage": 0.9790081343479402,
        "volume": 9.650303550106832,
        "wsc": 0.934849147354613,
        "threshold": 1.1765522599892284
      },
      "0.05": {
        "coverage": 0.9514563106796117,
        "volume": 6.617843977656813,
        "wsc": 0.8858766943594228,
        "threshold": 0.9853084068780567
      },
      "0.1": {
        "coverage": 0.9022128925041546,
        "volume": 4.6856596965062804,
        "wsc": 0.8089199825098382,
        "threshold": 0.8172094243157095
      }
    },
    "Kernel": {
      "params": {
        "lengthscale": 0.9045460739140732,
        "gamma": 6.000616347038179
      },
      "0.01": {
        "coverage": 0.9902912621359223,
        "volume": 10.459384150319337,
        "wsc": 0.9593353738522081,
        "threshold": 0.17070600321898458
      },
      "0.02": {
        "coverage": 0.9818070497682149,
        "volume": 6.582805054025563,
        "wsc": 0.929602098819414,
        "threshold": 0.06913709240976795
      },
      "0.05": {
        "coverage": 0.9479576664042684,
        "volume": 3.924624893091171,
        "wsc": 0.8395277656318321,
        "threshold": 0.024143206897017523
      },
      "0.1": {
        "coverage": 0.9009883670077845,
        "volume": 2.7080840824698087,
        "wsc": 0.7372103191954525,
        "threshold": 0.012441742570800513
      }
    }
  },
  "elapsed_s": 3733.9509394168854
}