{
  "dataset": "bio",
  "seed": 44,
  "model": "MLP",
  "split": [
    0.5,
    0.25,
    0.25
  ],
  "alphas": [
    0.01,
    0.02,
    0.05,
    0.1
  ],
  "result": {
    "seed": 44,
    "model": "MLP",
    "model_rmse": 0.7760259712548957,
    "meta": {
      "n_train": 22865,
      "n_cal": 11432,
      "n_test": 11433,
      "d": 3,
      "p": 7,
      "elapsed": 12216.658705472946
    },
    "Mahal": {
      "params": {},
      "0.01": {
        "coverage": 0.9913408554185253,
        "volume": 70.9594202177737,
        "wsc": 0.9658941845212068,
        "threshold": 15.690250509038643
      },
      "0.02": {
        "coverage": 0.9833814396921193,
        "volume": 45.60281536320477,
        "wsc": 0.939658941845212,
        "threshold": 11.684701138886993
      },
      "0.05": {
        "coverage": 0.9531181667103997,
        "volume": 24.890535633679953,
        "wsc": 0.8683865325754263,
        "threshold": 7.803917453830183
      },
      "0.1": {
        "coverage": 0.9072859267034025,
        "volume": 14.031719637049207,
        "wsc": 0.7774376912986445,
        "threshold": 5.325541471853054
      }
    },
    "Bonferroni": {
      "params": {},
      "0.01": {
        "coverage": 0.9915157876322925,
        "volume": 106.66584512834918,
        "wsc": 0.9658941845212068,
        "threshold": 3.641557500301044
      },
      "0.02": {
        "coverage": 0.9833814396921193,
        "volume": 67.36365613173193,
        "wsc": 0.9405334499344119,
        "threshold": 3.130723215523249
      },
      "0.05": {
        "coverage": 0.9536429633517012,
        "volume": 36.39788765441084,
        "wsc": 0.8714473108876257,
        "threshold": 2.5143407213220397
      },
      "0.1": {
        "coverage": 0.9055366045657308,
        "volume": 19.6712632576295,
        "wsc": 0.779623961521644,
        "threshold": 2.0587676679391302
      }
    },
    "Density": {
      "params": {
        "lengthscale": 1.6181979560338706
      },
      "0.01": {
        "coverage": 0.9918656520598268,
        "volume": 73.03780042067221,
        "wsc": 0.9689549628334062,
        "threshold": 1.1998608209724264
      },
      "0.02": {
        "coverage": 0.9827691769439342,
        "volume": 47.90752630685845,
        "wsc": 0.9422824661128115,
        "threshold": 1.018154123399745
      },
      "0.05": {
        "coverage": 0.956004548237558,
        "volume": 26.89167909450376,
        "wsc": 0.8810668998688238,
        "threshold": 0.7855376568384166
      },
      "0.1": {
        "coverage": 0.9005510364733665,
        "volume": 14.575290069221039,
        "wsc": 0.7778749453432444,
        "threshold": 0.5808326562010623
      }
    },
    "Kernel": {
      "params": {
        "lengthscale": 1.6181979560338706,
        "gamma": 1.4668970784918962
      },
      "0.01": {
        "coverage": 0.9889792705326685,
        "volume": 44.81498321099052,
        "wsc": 0.9558373414954089,
        "threshold": 0.05890877649912249
      },
      "0.02": {
        "coverage": 0.9793579987754745,
        "volume": 28.411058963343223,
        "wsc": 0.9221687800612156,
        "threshold": 0.0313041222809026
      },
      "0.05": {
        "coverage": 0.954517624420537,
        "volume": 14.696302625146306,
        "wsc": 0.8526453869698295,
        "threshold": 0.013097505335507739
      },
      "0.1": {
        "coverage": 0.9043120790693606,
        "volume": 7.610345183744565,
        "wsc": 0.7389593353738522,
        "threshold": 0.005901248077509495
      }
    }
  },
  "elapsed_s": 12216.660935640335
}