{
  "dataset": "bio",
  "seed": 2,
  "model": "MLP",
  "split": [
    0.5,
    0.25,
    0.25
  ],
  "alphas": [
    0.01,
    0.02,
    0.05,
    0.1
  ],
  "result": {
    "seed": 2,
    "model": "MLP",
    "model_rmse": 0.7725412858232632,
    "meta": {
      "n_train": 22865,
      "n_cal": 11432,
      "n_test": 11433,
      "d": 3,
      "p": 7,
      "elapsed": 12143.338806390762
    },
    "Mahal": {
      "params": {},
      "0.01": {
        "coverage": 0.9897664654946209,
        "volume": 69.8109610927016,
        "wsc": 0.9575863576738085,
        "threshold": 15.010113942176286
      },
      "0.02": {
        "coverage": 0.980932388699379,
        "volume": 49.345819259628605,
        "wsc": 0.9313511149978138,
        "threshold": 11.910641513878533
      },
      "0.05": {
        "coverage": 0.9514563106796117,
        "volume": 26.335999384198285,
        "wsc": 0.8714473108876257,
        "threshold": 7.83672811779576
      },
      "0.1": {
        "coverage": 0.8960027989154202,
        "volume": 14.236517582532315,
        "wsc": 0.7660690861390468,
        "threshold": 5.200408069739802
      }
    },
    "Bonferroni": {
      "params": {},
      "0.01": {
        "coverage": 0.9884544738913671,
        "volume": 102.98664453364957,
        "wsc": 0.9536510712724092,
        "threshold": 3.525590087103147
      },
      "0.02": {
        "coverage": 0.9796203970961253,
        "volume": 68.87470300147538,
        "wsc": 0.9287275907302143,
        "threshold": 3.0966549199282243
      },
      "0.05": {
        "coverage": 0.9501443190763579,
        "volume": 36.80498954787215,
        "wsc": 0.8701355487538259,
        "threshold": 2.515477454938257
      },
      "0.1": {
        "coverage": 0.895652934487886,
        "volume": 20.018323583354853,
        "wsc": 0.7726278968080454,
        "threshold": 2.045480666828339
      }
    },
    "Density": {
      "params": {
        "lengthscale": 1.5882912155384827
      },
      "0.01": {
        "coverage": 0.9908160587772238,
        "volume": 71.9043820191356,
        "wsc": 0.9654569304766069,
        "threshold": 1.2131699073160147
      },
      "0.02": {
        "coverage": 0.9795329309892417,
        "volume": 46.85903547314454,
        "wsc": 0.9357236554438129,
        "threshold": 1.0346648686230573
      },
      "0.05": {
        "coverage": 0.9470830053354325,
        "volume": 24.372084542066556,
        "wsc": 0.8675120244862266,
        "threshold": 0.7841365761534387
      },
      "0.1": {
        "coverage": 0.8958278667016532,
        "volume": 13.330587677704912,
        "wsc": 0.7739396589418452,
        "threshold": 0.5885418597952433
      }
    },
    "Kernel": {
      "params": {
        "lengthscale": 1.5882912155384827,
        "gamma": 1.683717012952388
      },
      "0.01": {
        "coverage": 0.9904661943496895,
        "volume": 48.92370561851298,
        "wsc": 0.9610843900306077,
        "threshold": 0.07468735532939831
      },
      "0.02": {
        "coverage": 0.9797953293098924,
        "volume": 28.77072963437323,
        "wsc": 0.9278530826410144,
        "threshold": 0.03667862872887972
      },
      "0.05": {
        "coverage": 0.94970698854194,
        "volume": 14.048733815224368,
        "wsc": 0.85045911674683,
        "threshold": 0.014421223778593829
      },
      "0.1": {
        "coverage": 0.8990641126563457,
        "volume": 7.360997909574429,
        "wsc": 0.7446436379536511,
        "threshold": 0.00668633202418631
      }
    }
  },
  "elapsed_s": 12143.343301773071
}