{
  "dataset": "bio",
  "seed": 40,
  "model": "Ridge",
  "split": [
    0.5,
    0.25,
    0.25
  ],
  "alphas": [
    0.01,
    0.02,
    0.05,
    0.1
  ],
  "result": {
    "seed": 40,
    "model": "Ridge",
    "model_rmse": 0.8444507117893911,
    "meta": {
      "n_train": 22865,
      "n_cal": 11432,
      "n_test": 11433,
      "d": 3,
      "p": 7,
      "elapsed": 12061.794938087463
    },
    "Mahal": {
      "params": {},
      "0.01": {
        "coverage": 0.9923904487011284,
        "volume": 114.33111620873447,
        "wsc": 0.965019676432007,
        "threshold": 13.404169614866888
      },
      "0.02": {
        "coverage": 0.9825942447301671,
        "volume": 77.12495809137708,
        "wsc": 0.9239177962396152,
        "threshold": 10.310037535425968
      },
      "0.05": {
        "coverage": 0.9534680311379341,
        "volume": 39.43531408215913,
        "wsc": 0.834717971141233,
        "threshold": 6.592555912194078
      },
      "0.1": {
        "coverage": 0.9073733928102861,
        "volume": 24.916145869267595,
        "wsc": 0.7048535198950591,
        "threshold": 4.854198468182133
      }
    },
    "Bonferroni": {
      "params": {},
      "0.01": {
        "coverage": 0.9911659232047582,
        "volume": 190.68005854167583,
        "wsc": 0.9588981198076082,
        "threshold": 3.4873414500694913
      },
      "0.02": {
        "coverage": 0.9825942447301671,
        "volume": 119.59669683252363,
        "wsc": 0.9234805421950153,
        "threshold": 2.9853960510061834
      },
      "0.05": {
        "coverage": 0.9546925566343042,
        "volume": 58.84502960379381,
        "wsc": 0.8338434630520333,
        "threshold": 2.3419979528460724
      },
      "0.1": {
        "coverage": 0.9056240706726144,
        "volume": 35.085391508437574,
        "wsc": 0.6891123742894621,
        "threshold": 1.9727719666521428
      }
    },
    "Density": {
      "params": {
        "lengthscale": 2.0661598272345367
      },
      "0.01": {
        "coverage": 0.9919531181667104,
        "volume": 86.3201666605638,
        "wsc": 0.9641451683428072,
        "threshold": 0.9735748298807472
      },
      "0.02": {
        "coverage": 0.9826817108370507,
        "volume": 65.49381721895523,
        "wsc": 0.9287275907302143,
        "threshold": 0.8592266015005169
      },
      "0.05": {
        "coverage": 0.9530307006035161,
        "volume": 34.303181200771526,
        "wsc": 0.8425885439440315,
        "threshold": 0.6273882258903093
      },
      "0.1": {
        "coverage": 0.9076357911309367,
        "volume": 21.315230883899837,
        "wsc": 0.730214254481854,
        "threshold": 0.4927303090234478
      }
    },
    "Kernel": {
      "params": {
        "lengthscale": 2.0661598272345367,
        "gamma": 1.4000774875154094
      },
      "0.01": {
        "coverage": 0.9916907198460596,
        "volume": 53.076228584756706,
        "wsc": 0.9632706602536073,
        "threshold": 0.04004009793175085
      },
      "0.02": {
        "coverage": 0.9843435668678387,
        "volume": 32.44543172006466,
        "wsc": 0.9339746392654132,
        "threshold": 0.019122560722396178
      },
      "0.05": {
        "coverage": 0.9539928277792356,
        "volume": 19.490073499345723,
        "wsc": 0.8307826847398339,
        "threshold": 0.009001556385045835
      },
      "0.1": {
        "coverage": 0.9066736639552173,
        "volume": 11.537602038074223,
        "wsc": 0.6882378662002624,
        "threshold": 0.004575206747788272
      }
    }
  },
  "elapsed_s": 12061.799448728561
}