{
  "dataset": "bio",
  "seed": 32,
  "model": "Ridge",
  "split": [
    0.5,
    0.25,
    0.25
  ],
  "alphas": [
    0.01,
    0.02,
    0.05,
    0.1
  ],
  "result": {
    "seed": 32,
    "model": "Ridge",
    "model_rmse": 0.8396914245792865,
    "meta": {
      "n_train": 22865,
      "n_cal": 11432,
      "n_test": 11433,
      "d": 3,
      "p": 7,
      "elapsed": 12194.34629034996
    },
    "Mahal": {
      "params": {},
      "0.01": {
        "coverage": 0.9891542027464357,
        "volume": 91.73663418036892,
        "wsc": 0.9510275470048098,
        "threshold": 13.574294775035625
      },
      "0.02": {
        "coverage": 0.979882795416776,
        "volume": 60.60560437360698,
        "wsc": 0.9142982072584172,
        "threshold": 10.29668118016494
      },
      "0.05": {
        "coverage": 0.9506691157176594,
        "volume": 32.20333426059862,
        "wsc": 0.8181023174464364,
        "threshold": 6.754957713913121
      },
      "0.1": {
        "coverage": 0.9018630280766203,
        "volume": 19.832739622978494,
        "wsc": 0.6733712286838653,
        "threshold": 4.889643710335541
      }
    },
    "Bonferroni": {
      "params": {},
      "0.01": {
        "coverage": 0.989941397708388,
        "volume": 155.48764118129736,
        "wsc": 0.9540883253170092,
        "threshold": 3.5280340305642093
      },
      "0.02": {
        "coverage": 0.979882795416776,
        "volume": 91.92718861181083,
        "wsc": 0.9134236991692173,
        "threshold": 2.9542064921029776
      },
      "0.05": {
        "coverage": 0.9497944546488236,
        "volume": 48.21554967416793,
        "wsc": 0.8128552689112374,
        "threshold": 2.355166491108618
      },
      "0.1": {
        "coverage": 0.896265197236071,
        "volume": 27.655592241820347,
        "wsc": 0.6536947966768692,
        "threshold": 1.9658536407186362
      }
    },
    "Density": {
      "params": {
        "lengthscale": 2.042597117241931
      },
      "0.01": {
        "coverage": 0.9900288638152716,
        "volume": 83.02998950772806,
        "wsc": 0.9558373414954089,
        "threshold": 0.9719062983738017
      },
      "0.02": {
        "coverage": 0.9810198548062625,
        "volume": 63.513042982786274,
        "wsc": 0.9204197638828159,
        "threshold": 0.8613138600275702
      },
      "0.05": {
        "coverage": 0.9512813784658445,
        "volume": 33.06028512565038,
        "wsc": 0.8325317009182335,
        "threshold": 0.6264065303750586
      },
      "0.1": {
        "coverage": 0.8985393160150442,
        "volume": 20.575760627914338,
        "wsc": 0.695233930913861,
        "threshold": 0.4870321092106123
      }
    },
    "Kernel": {
      "params": {
        "lengthscale": 2.042597117241931,
        "gamma": 1.4754724692686252
      },
      "0.01": {
        "coverage": 0.9895040671739701,
        "volume": 48.1207305007674,
        "wsc": 0.9527765631832095,
        "threshold": 0.0385198928683528
      },
      "0.02": {
        "coverage": 0.979882795416776,
        "volume": 29.583582100964392,
        "wsc": 0.9134236991692173,
        "threshold": 0.018987979441795866
      },
      "0.05": {
        "coverage": 0.9504067173970087,
        "volume": 18.110462119500642,
        "wsc": 0.8062964582422387,
        "threshold": 0.00920346513300247
      },
      "0.1": {
        "coverage": 0.9009009009009009,
        "volume": 10.667157007559277,
        "wsc": 0.6624398775688675,
        "threshold": 0.0047497344999606365
      }
    }
  },
  "elapsed_s": 12194.348477840424
}