{
  "dataset": "bio",
  "seed": 19,
  "model": "Ridge",
  "split": [
    0.5,
    0.25,
    0.25
  ],
  "alphas": [
    0.01,
    0.02,
    0.05,
    0.1
  ],
  "result": {
    "seed": 19,
    "model": "Ridge",
    "model_rmse": 0.8225793100188507,
    "meta": {
      "n_train": 22865,
      "n_cal": 11432,
      "n_test": 11433,
      "d": 3,
      "p": 7,
      "elapsed": 11840.718444824219
    },
    "Mahal": {
      "params": {},
      "0.01": {
        "coverage": 0.9902912621359223,
        "volume": 140.1339487667364,
        "wsc": 0.9571491036292086,
        "threshold": 13.119273450739469
      },
      "0.02": {
        "coverage": 0.9805825242718447,
        "volume": 91.10927259533368,
        "wsc": 0.9182334936598163,
        "threshold": 9.845911563073804
      },
      "0.05": {
        "coverage": 0.9511939123589609,
        "volume": 48.73106992849284,
        "wsc": 0.8342807170966331,
        "threshold": 6.487611608313496
      },
      "0.1": {
        "coverage": 0.9030000874661069,
        "volume": 31.281052145595677,
        "wsc": 0.7026672496720595,
        "threshold": 4.827642617823786
      }
    },
    "Bonferroni": {
      "params": {},
      "0.01": {
        "coverage": 0.991603253739176,
        "volume": 244.50961303247124,
        "wsc": 0.960209881941408,
        "threshold": 3.4951705793418175
      },
      "0.02": {
        "coverage": 0.9803201259511939,
        "volume": 138.0203558728669,
        "wsc": 0.9195452557936161,
        "threshold": 2.8965256734371194
      },
      "0.05": {
        "coverage": 0.9503192512901251,
        "volume": 73.7791432499686,
        "wsc": 0.8277219064276344,
        "threshold": 2.3447670777517375
      },
      "0.1": {
        "coverage": 0.904224612962477,
        "volume": 45.93624592023245,
        "wsc": 0.6961084390030607,
        "threshold": 1.9979057024121292
      }
    },
    "Density": {
      "params": {
        "lengthscale": 2.0510593550017306
      },
      "0.01": {
        "coverage": 0.9903787282428059,
        "volume": 85.40302383985302,
        "wsc": 0.9562745955400087,
        "threshold": 0.978170661750007
      },
      "0.02": {
        "coverage": 0.9797953293098924,
        "volume": 63.59124270694897,
        "wsc": 0.9169217315260166,
        "threshold": 0.8607661834408225
      },
      "0.05": {
        "coverage": 0.9499693868625907,
        "volume": 33.48100846111052,
        "wsc": 0.8430257979886314,
        "threshold": 0.6253264209915305
      },
      "0.1": {
        "coverage": 0.8999387737251815,
        "volume": 21.131580058073368,
        "wsc": 0.7184083952776563,
        "threshold": 0.48916834043547014
      }
    },
    "Kernel": {
      "params": {
        "lengthscale": 2.0510593550017306,
        "gamma": 1.4872823977330853
      },
      "0.01": {
        "coverage": 0.9906411265634567,
        "volume": 53.73588491162433,
        "wsc": 0.9584608657630083,
        "threshold": 0.044253974472137046
      },
      "0.02": {
        "coverage": 0.9805825242718447,
        "volume": 30.412545834652086,
        "wsc": 0.9164844774814167,
        "threshold": 0.01972784065916451
      },
      "0.05": {
        "coverage": 0.9513688445727281,
        "volume": 18.773549665326982,
        "wsc": 0.8224748578924355,
        "threshold": 0.00949553052994747
      },
      "0.1": {
        "coverage": 0.9014256975422024,
        "volume": 10.83787045896896,
        "wsc": 0.689986882378662,
        "threshold": 0.004827135943835615
      }
    }
  },
  "elapsed_s": 11840.72058916092
}