{
  "dataset": "bio",
  "seed": 21,
  "model": "Ridge",
  "split": [
    0.5,
    0.25,
    0.25
  ],
  "alphas": [
    0.01,
    0.02,
    0.05,
    0.1
  ],
  "result": {
    "seed": 21,
    "model": "Ridge",
    "model_rmse": 0.8576890010377212,
    "meta": {
      "n_train": 22865,
      "n_cal": 11432,
      "n_test": 11433,
      "d": 3,
      "p": 7,
      "elapsed": 12035.763891220093
    },
    "Mahal": {
      "params": {},
      "0.01": {
        "coverage": 0.9907285926703402,
        "volume": 117.80651111821201,
        "wsc": 0.9606471359860078,
        "threshold": 13.380112146100645
      },
      "0.02": {
        "coverage": 0.9792705326685909,
        "volume": 75.39961154215882,
        "wsc": 0.9164844774814167,
        "threshold": 9.937099296007805
      },
      "0.05": {
        "coverage": 0.9472579375491997,
        "volume": 40.51067268024006,
        "wsc": 0.8146042850896371,
        "threshold": 6.567395842854102
      },
      "0.1": {
        "coverage": 0.8998513076182979,
        "volume": 25.788170822274264,
        "wsc": 0.685177087888063,
        "threshold": 4.859899064508651
      }
    },
    "Bonferroni": {
      "params": {},
      "0.01": {
        "coverage": 0.9897664654946209,
        "volume": 196.53968107816488,
        "wsc": 0.9540883253170092,
        "threshold": 3.4769172632870897
      },
      "0.02": {
        "coverage": 0.978220939385988,
        "volume": 112.85339583736702,
        "wsc": 0.9142982072584172,
        "threshold": 2.8910603104264982
      },
      "0.05": {
        "coverage": 0.946558208694131,
        "volume": 59.572311771275,
        "wsc": 0.8119807608220376,
        "threshold": 2.3269591039495716
      },
      "0.1": {
        "coverage": 0.8967899938773726,
        "volume": 36.27893321981948,
        "wsc": 0.6641888937472672,
        "threshold": 1.9808880844886123
      }
    },
    "Density": {
      "params": {
        "lengthscale": 2.0467824840355284
      },
      "0.01": {
        "coverage": 0.9892416688533193,
        "volume": 85.12592544793355,
        "wsc": 0.9567118495846086,
        "threshold": 0.9759308844469913
      },
      "0.02": {
        "coverage": 0.9786582699204058,
        "volume": 60.954366370125264,
        "wsc": 0.9173589855706166,
        "threshold": 0.8455520456259291
      },
      "0.05": {
        "coverage": 0.9504067173970087,
        "volume": 33.270085186905874,
        "wsc": 0.8408395277656319,
        "threshold": 0.629379446479036
      },
      "0.1": {
        "coverage": 0.8963526633429546,
        "volume": 21.00435062210977,
        "wsc": 0.7048535198950591,
        "threshold": 0.4900880968345497
      }
    },
    "Kernel": {
      "params": {
        "lengthscale": 2.0467824840355284,
        "gamma": 1.3835066897330885
      },
      "0.01": {
        "coverage": 0.9892416688533193,
        "volume": 50.20025402282163,
        "wsc": 0.9558373414954089,
        "threshold": 0.0387798048278509
      },
      "0.02": {
        "coverage": 0.9800577276305432,
        "volume": 31.369760113486763,
        "wsc": 0.9208570179274158,
        "threshold": 0.018882081842555267
      },
      "0.05": {
        "coverage": 0.9471704714423161,
        "volume": 18.08188100162431,
        "wsc": 0.8076082203760385,
        "threshold": 0.00876379877226457
      },
      "0.1": {
        "coverage": 0.8954780022741188,
        "volume": 11.142815203230267,
        "wsc": 0.6571928290336686,
        "threshold": 0.004526589445582195
      }
    }
  },
  "elapsed_s": 12035.766587018967
}