{
  "dataset": "bio",
  "seed": 28,
  "model": "MLP",
  "split": [
    0.5,
    0.25,
    0.25
  ],
  "alphas": [
    0.01,
    0.02,
    0.05,
    0.1
  ],
  "result": {
    "seed": 28,
    "model": "MLP",
    "model_rmse": 0.7815925582665078,
    "meta": {
      "n_train": 22865,
      "n_cal": 11432,
      "n_test": 11433,
      "d": 3,
      "p": 7,
      "elapsed": 12045.257971525192
    },
    "Mahal": {
      "params": {},
      "0.01": {
        "coverage": 0.9880171433569492,
        "volume": 46.210439896140976,
        "wsc": 0.95015303891561,
        "threshold": 15.570867568889946
      },
      "0.02": {
        "coverage": 0.9769964138896178,
        "volume": 29.435673634242107,
        "wsc": 0.9173589855706166,
        "threshold": 11.527507016217983
      },
      "0.05": {
        "coverage": 0.9464707425872474,
        "volume": 16.515561295597482,
        "wsc": 0.8395277656318321,
        "threshold": 7.841785667466445
      },
      "0.1": {
        "coverage": 0.8953905361672352,
        "volume": 9.4210625146921,
        "wsc": 0.7380848272846524,
        "threshold": 5.393690219117799
      }
    },
    "Bonferroni": {
      "params": {},
      "0.01": {
        "coverage": 0.9880171433569492,
        "volume": 67.51324431244144,
        "wsc": 0.9510275470048098,
        "threshold": 3.5917031754446844
      },
      "0.02": {
        "coverage": 0.9776086766378028,
        "volume": 42.44611419986062,
        "wsc": 0.9195452557936161,
        "threshold": 3.068305201552711
      },
      "0.05": {
        "coverage": 0.9462958103734803,
        "volume": 23.1253101742823,
        "wsc": 0.8439003060778312,
        "threshold": 2.5009957747327567
      },
      "0.1": {
        "coverage": 0.8938161462433307,
        "volume": 12.971844164621107,
        "wsc": 0.7337122868386533,
        "threshold": 2.0568744008185997
      }
    },
    "Density": {
      "params": {
        "lengthscale": 1.6649238161961983
      },
      "0.01": {
        "coverage": 0.9885419399982507,
        "volume": 63.75743584244086,
        "wsc": 0.9584608657630083,
        "threshold": 1.108967119207011
      },
      "0.02": {
        "coverage": 0.9781334732791044,
        "volume": 41.52085830449581,
        "wsc": 0.9326628771316134,
        "threshold": 0.9354980231924622
      },
      "0.05": {
        "coverage": 0.9448088865564593,
        "volume": 23.271403210392535,
        "wsc": 0.8565806733712287,
        "threshold": 0.7189338456403281
      },
      "0.1": {
        "coverage": 0.894166010670865,
        "volume": 14.353640797830396,
        "wsc": 0.7660690861390468,
        "threshold": 0.556003899757964
      }
    },
    "Kernel": {
      "params": {
        "lengthscale": 1.6649238161961983,
        "gamma": 1.7377791383701875
      },
      "0.01": {
        "coverage": 0.9876672789294149,
        "volume": 35.82931710603465,
        "wsc": 0.95015303891561,
        "threshold": 0.054698689746212566
      },
      "0.02": {
        "coverage": 0.976734015568967,
        "volume": 23.271403210392535,
        "wsc": 0.9129864451246174,
        "threshold": 0.0288210717625142
      },
      "0.05": {
        "coverage": 0.9431470305256713,
        "volume": 11.967454541363256,
        "wsc": 0.8255356362046349,
        "threshold": 0.011929701547433943
      },
      "0.1": {
        "coverage": 0.8939910784570979,
        "volume": 6.641145933177676,
        "wsc": 0.7205946655006559,
        "threshold": 0.0058091577973623885
      }
    }
  },
  "elapsed_s": 12045.260436296463
}