{
  "dataset": "bio",
  "seed": 30,
  "model": "Ridge",
  "split": [
    0.5,
    0.25,
    0.25
  ],
  "alphas": [
    0.01,
    0.02,
    0.05,
    0.1
  ],
  "result": {
    "seed": 30,
    "model": "Ridge",
    "model_rmse": 1.0115285372122744,
    "meta": {
      "n_train": 22865,
      "n_cal": 11432,
      "n_test": 11433,
      "d": 3,
      "p": 7,
      "elapsed": 12103.107855558395
    },
    "Mahal": {
      "params": {},
      "0.01": {
        "coverage": 0.9891542027464357,
        "volume": 138.1596428077185,
        "wsc": 0.9540883253170092,
        "threshold": 13.433510073321024
      },
      "0.02": {
        "coverage": 0.9786582699204058,
        "volume": 89.42468801681254,
        "wsc": 0.9108001749016178,
        "threshold": 10.051718708073317
      },
      "0.05": {
        "coverage": 0.9472579375491997,
        "volume": 47.284019764460126,
        "wsc": 0.8150415391342369,
        "threshold": 6.572717467898441
      },
      "0.1": {
        "coverage": 0.8990641126563457,
        "volume": 30.25308156554765,
        "wsc": 0.6860515959772628,
        "threshold": 4.880321688734157
      }
    },
    "Bonferroni": {
      "params": {},
      "0.01": {
        "coverage": 0.9896789993877373,
        "volume": 240.08764487246586,
        "wsc": 0.9536510712724092,
        "threshold": 3.537564694697925
      },
      "0.02": {
        "coverage": 0.9780460071722208,
        "volume": 130.78190370745074,
        "wsc": 0.9055531263664189,
        "threshold": 2.879463721295579
      },
      "0.05": {
        "coverage": 0.9447214204495757,
        "volume": 70.07117005277988,
        "wsc": 0.8041101880192392,
        "threshold": 2.3377038469728366
      },
      "0.1": {
        "coverage": 0.898364383801277,
        "volume": 44.14125148221173,
        "wsc": 0.6685614341932663,
        "threshold": 1.9852932697177479
      }
    },
    "Density": {
      "params": {
        "lengthscale": 2.0917553997209577
      },
      "0.01": {
        "coverage": 0.9890667366395521,
        "volume": 86.75388331070002,
        "wsc": 0.9545255793616091,
        "threshold": 0.961264113897967
      },
      "0.02": {
        "coverage": 0.9774337444240356,
        "volume": 65.2965926158412,
        "wsc": 0.9077393965894185,
        "threshold": 0.8428802211655484
      },
      "0.05": {
        "coverage": 0.9504941835038923,
        "volume": 35.96974148144316,
        "wsc": 0.8320944468736335,
        "threshold": 0.6266803643637817
      },
      "0.1": {
        "coverage": 0.8963526633429546,
        "volume": 21.570521780319798,
        "wsc": 0.6961084390030607,
        "threshold": 0.4825058920083717
      }
    },
    "Kernel": {
      "params": {
        "lengthscale": 2.0917553997209577,
        "gamma": 1.5922624308970617
      },
      "0.01": {
        "coverage": 0.9890667366395521,
        "volume": 58.12529053664477,
        "wsc": 0.9514648010494097,
        "threshold": 0.04512010911950034
      },
      "0.02": {
        "coverage": 0.978220939385988,
        "volume": 34.101428571336726,
        "wsc": 0.9068648885002186,
        "threshold": 0.02031803090335428
      },
      "0.05": {
        "coverage": 0.9516312428933789,
        "volume": 21.362931456974636,
        "wsc": 0.8119807608220376,
        "threshold": 0.010428257501405299
      },
      "0.1": {
        "coverage": 0.8997638415114143,
        "volume": 13.134805913475573,
        "wsc": 0.6759947529514648,
        "threshold": 0.005272070537210025
      }
    }
  },
  "elapsed_s": 12103.110134124756
}