{
  "dataset": "bio",
  "seed": 27,
  "model": "MLP",
  "split": [
    0.5,
    0.25,
    0.25
  ],
  "alphas": [
    0.01,
    0.02,
    0.05,
    0.1
  ],
  "result": {
    "seed": 27,
    "model": "MLP",
    "model_rmse": 0.606264669257765,
    "meta": {
      "n_train": 22865,
      "n_cal": 11432,
      "n_test": 11433,
      "d": 3,
      "p": 7,
      "elapsed": 11980.026354074478
    },
    "Mahal": {
      "params": {},
      "0.01": {
        "coverage": 0.9887168722120179,
        "volume": 57.403483808026536,
        "wsc": 0.9571491036292086,
        "threshold": 14.823508244770252
      },
      "0.02": {
        "coverage": 0.9796203970961253,
        "volume": 38.43955883289843,
        "wsc": 0.9282903366856143,
        "threshold": 11.346043093609618
      },
      "0.05": {
        "coverage": 0.9488323274731042,
        "volume": 21.406574385022697,
        "wsc": 0.8487101005684302,
        "threshold": 7.679924463172676
      },
      "0.1": {
        "coverage": 0.888743112044083,
        "volume": 11.793003769013005,
        "wsc": 0.7385220813292523,
        "threshold": 5.161094255292025
      }
    },
    "Bonferroni": {
      "params": {},
      "0.01": {
        "coverage": 0.9887168722120179,
        "volume": 83.85695303506519,
        "wsc": 0.9571491036292086,
        "threshold": 3.4924157935611566
      },
      "0.02": {
        "coverage": 0.9795329309892417,
        "volume": 57.5692685437222,
        "wsc": 0.9309138609532138,
        "threshold": 3.0723702578020617
      },
      "0.05": {
        "coverage": 0.9462083442665967,
        "volume": 31.230884564449912,
        "wsc": 0.8517708788806296,
        "threshold": 2.4926224492985227
      },
      "0.1": {
        "coverage": 0.8912796291437068,
        "volume": 17.187126408033315,
        "wsc": 0.7485789243550502,
        "threshold": 2.0384220278765515
      }
    },
    "Density": {
      "params": {
        "lengthscale": 1.5840947851000462
      },
      "0.01": {
        "coverage": 0.9889792705326685,
        "volume": 59.57189831692963,
        "wsc": 0.9619588981198076,
        "threshold": 1.1346523806808895
      },
      "0.02": {
        "coverage": 0.9808449225924954,
        "volume": 43.72830833902281,
        "wsc": 0.9405334499344119,
        "threshold": 1.001534602160946
      },
      "0.05": {
        "coverage": 0.9496195224350564,
        "volume": 23.52456239919604,
        "wsc": 0.8640139921294272,
        "threshold": 0.7598479171946539
      },
      "0.1": {
        "coverage": 0.8930289512813785,
        "volume": 13.562113021088233,
        "wsc": 0.7568867512024486,
        "threshold": 0.5768466614044717
      }
    },
    "Kernel": {
      "params": {
        "lengthscale": 1.5840947851000462,
        "gamma": 1.6839532028619688
      },
      "0.01": {
        "coverage": 0.9892416688533193,
        "volume": 40.787738039123305,
        "wsc": 0.955400087450809,
        "threshold": 0.06383345949870732
      },
      "0.02": {
        "coverage": 0.9796203970961253,
        "volume": 26.36373372323694,
        "wsc": 0.9243550502842152,
        "threshold": 0.034583918985086275
      },
      "0.05": {
        "coverage": 0.9509315140383101,
        "volume": 12.700221726290103,
        "wsc": 0.8408395277656319,
        "threshold": 0.012961866061707178
      },
      "0.1": {
        "coverage": 0.8954780022741188,
        "volume": 6.362785735127377,
        "wsc": 0.7179711412330564,
        "threshold": 0.00592285419095288
      }
    }
  },
  "elapsed_s": 11980.028206586838
}