{
  "dataset": "bio",
  "seed": 17,
  "model": "Ridge",
  "split": [
    0.5,
    0.25,
    0.25
  ],
  "alphas": [
    0.01,
    0.02,
    0.05,
    0.1
  ],
  "result": {
    "seed": 17,
    "model": "Ridge",
    "model_rmse": 0.7280566019420321,
    "meta": {
      "n_train": 22865,
      "n_cal": 11432,
      "n_test": 11433,
      "d": 3,
      "p": 7,
      "elapsed": 12004.810248613358
    },
    "Mahal": {
      "params": {},
      "0.01": {
        "coverage": 0.9909035248841074,
        "volume": 100.13334748075904,
        "wsc": 0.9575863576738085,
        "threshold": 13.65674176000483
      },
      "0.02": {
        "coverage": 0.9793579987754745,
        "volume": 62.88237396589982,
        "wsc": 0.909925666812418,
        "threshold": 10.014914054541087
      },
      "0.05": {
        "coverage": 0.9463832764803639,
        "volume": 34.04293452812054,
        "wsc": 0.8137297770004372,
        "threshold": 6.652413971342133
      },
      "0.1": {
        "coverage": 0.897314790518674,
        "volume": 21.33957187088463,
        "wsc": 0.684739833843463,
        "threshold": 4.872498813002704
      }
    },
    "Bonferroni": {
      "params": {},
      "0.01": {
        "coverage": 0.9902912621359223,
        "volume": 166.70074344745137,
        "wsc": 0.9536510712724092,
        "threshold": 3.513244099558725
      },
      "0.02": {
        "coverage": 0.9797953293098924,
        "volume": 98.50384343189513,
        "wsc": 0.910362920857018,
        "threshold": 2.9461910947828653
      },
      "0.05": {
        "coverage": 0.9462083442665967,
        "volume": 50.01775582878795,
        "wsc": 0.8128552689112374,
        "threshold": 2.3435488979647605
      },
      "0.1": {
        "coverage": 0.8949532056328173,
        "volume": 30.193951498050957,
        "wsc": 0.6646261477918671,
        "threshold": 1.9772573493443388
      }
    },
    "Density": {
      "params": {
        "lengthscale": 2.042634043266804
      },
      "0.01": {
        "coverage": 0.9907285926703402,
        "volume": 85.07035981321967,
        "wsc": 0.9580236117184084,
        "threshold": 0.982403856372929
      },
      "0.02": {
        "coverage": 0.978220939385988,
        "volume": 60.387902996101914,
        "wsc": 0.9108001749016178,
        "threshold": 0.8440450778565823
      },
      "0.05": {
        "coverage": 0.9477827341905012,
        "volume": 33.1066320583619,
        "wsc": 0.8342807170966331,
        "threshold": 0.6267844316183502
      },
      "0.1": {
        "coverage": 0.8999387737251815,
        "volume": 20.87839556809095,
        "wsc": 0.7205946655006559,
        "threshold": 0.49271009991352466
      }
    },
    "Kernel": {
      "params": {
        "lengthscale": 2.042634043266804,
        "gamma": 1.50526636042387
      },
      "0.01": {
        "coverage": 0.9911659232047582,
        "volume": 46.30157718287398,
        "wsc": 0.9580236117184084,
        "threshold": 0.039031876811976694
      },
      "0.02": {
        "coverage": 0.9804950581649611,
        "volume": 28.737611217895484,
        "wsc": 0.9182334936598163,
        "threshold": 0.019200913791354177
      },
      "0.05": {
        "coverage": 0.948220064724919,
        "volume": 17.14966226458944,
        "wsc": 0.810231744643638,
        "threshold": 0.00913903381264902
      },
      "0.1": {
        "coverage": 0.8987142482288113,
        "volume": 10.370147167313966,
        "wsc": 0.6729339746392654,
        "threshold": 0.004763731647466812
      }
    }
  },
  "elapsed_s": 12004.812489509583
}