{
  "dataset": "bio",
  "seed": 7,
  "model": "Ridge",
  "split": [
    0.5,
    0.25,
    0.25
  ],
  "alphas": [
    0.01,
    0.02,
    0.05,
    0.1
  ],
  "result": {
    "seed": 7,
    "model": "Ridge",
    "model_rmse": 0.8819633998386779,
    "meta": {
      "n_train": 22865,
      "n_cal": 11432,
      "n_test": 11433,
      "d": 3,
      "p": 7,
      "elapsed": 12060.435561180115
    },
    "Mahal": {
      "params": {},
      "0.01": {
        "coverage": 0.9902912621359223,
        "volume": 145.6078533215374,
        "wsc": 0.9580236117184084,
        "threshold": 13.164388142178783
      },
      "0.02": {
        "coverage": 0.9811947870200297,
        "volume": 96.45367874394287,
        "wsc": 0.9169217315260166,
        "threshold": 10.003608266122942
      },
      "0.05": {
        "coverage": 0.9504067173970087,
        "volume": 50.6269820947289,
        "wsc": 0.825098382160035,
        "threshold": 6.509268293334112
      },
      "0.1": {
        "coverage": 0.9043120790693606,
        "volume": 32.599932530164914,
        "wsc": 0.6926104066462615,
        "threshold": 4.8538752845037445
      }
    },
    "Bonferroni": {
      "params": {},
      "0.01": {
        "coverage": 0.9894166010670865,
        "volume": 244.12245812513035,
        "wsc": 0.9514648010494097,
        "threshold": 3.455684827853266
      },
      "0.02": {
        "coverage": 0.9800577276305432,
        "volume": 144.74547413054225,
        "wsc": 0.9125491910800175,
        "threshold": 2.9085844484316468
      },
      "0.05": {
        "coverage": 0.9508440479314265,
        "volume": 76.03203275958258,
        "wsc": 0.8242238740708352,
        "threshold": 2.341419018132113
      },
      "0.1": {
        "coverage": 0.9048368757106621,
        "volume": 46.994843777870344,
        "wsc": 0.679930039352864,
        "threshold": 1.9916752194554381
      }
    },
    "Density": {
      "params": {
        "lengthscale": 2.0617720473497236
      },
      "0.01": {
        "coverage": 0.9905536604565731,
        "volume": 90.41509778027903,
        "wsc": 0.9593353738522081,
        "threshold": 0.9914731548484041
      },
      "0.02": {
        "coverage": 0.9804075920580775,
        "volume": 67.74779389607191,
        "wsc": 0.9195452557936161,
        "threshold": 0.8754056211251412
      },
      "0.05": {
        "coverage": 0.9490947257937549,
        "volume": 34.94966211742845,
        "wsc": 0.8316571928290337,
        "threshold": 0.6311364582427512
      },
      "0.1": {
        "coverage": 0.9010758331146681,
        "volume": 22.192950738648214,
        "wsc": 0.7039790118058592,
        "threshold": 0.5009832635844661
      }
    },
    "Kernel": {
      "params": {
        "lengthscale": 2.0617720473497236,
        "gamma": 1.5394693877358747
      },
      "0.01": {
        "coverage": 0.989941397708388,
        "volume": 56.93931865083714,
        "wsc": 0.955400087450809,
        "threshold": 0.04531233865388546
      },
      "0.02": {
        "coverage": 0.979882795416776,
        "volume": 31.69695483359604,
        "wsc": 0.9164844774814167,
        "threshold": 0.019641156272202365
      },
      "0.05": {
        "coverage": 0.9512813784658445,
        "volume": 19.60094962184426,
        "wsc": 0.8154787931788369,
        "threshold": 0.009866550758460544
      },
      "0.1": {
        "coverage": 0.901513163649086,
        "volume": 12.079064027981813,
        "wsc": 0.6742457367730651,
        "threshold": 0.005085110418990235
      }
    }
  },
  "elapsed_s": 12060.438027858734
}