{
  "dataset": "bio",
  "seed": 45,
  "model": "MLP",
  "split": [
    0.5,
    0.25,
    0.25
  ],
  "alphas": [
    0.01,
    0.02,
    0.05,
    0.1
  ],
  "result": {
    "seed": 45,
    "model": "MLP",
    "model_rmse": 0.6780318492248796,
    "meta": {
      "n_train": 22865,
      "n_cal": 11432,
      "n_test": 11433,
      "d": 3,
      "p": 7,
      "elapsed": 12348.48715543747
    },
    "Mahal": {
      "params": {},
      "0.01": {
        "coverage": 0.9900288638152716,
        "volume": 63.02012549022953,
        "wsc": 0.9623961521644075,
        "threshold": 13.675687890450503
      },
      "0.02": {
        "coverage": 0.9804950581649611,
        "volume": 43.81184925049876,
        "wsc": 0.9344118933100131,
        "threshold": 10.732248698432992
      },
      "0.05": {
        "coverage": 0.9536429633517012,
        "volume": 26.099186066828597,
        "wsc": 0.8723218189768255,
        "threshold": 7.598262863126176
      },
      "0.1": {
        "coverage": 0.9041371468555934,
        "volume": 14.720944150659527,
        "wsc": 0.7730651508526454,
        "threshold": 5.187046185196318
      }
    },
    "Bonferroni": {
      "params": {},
      "0.01": {
        "coverage": 0.9893291349602029,
        "volume": 96.92270859565275,
        "wsc": 0.9597726278968081,
        "threshold": 3.407033334108737
      },
      "0.02": {
        "coverage": 0.9813697192337969,
        "volume": 69.37898979903292,
        "wsc": 0.9370354175776126,
        "threshold": 3.0483010762086558
      },
      "0.05": {
        "coverage": 0.9511064462520773,
        "volume": 37.93757494628767,
        "wsc": 0.8627022299956275,
        "threshold": 2.4748289654755955
      },
      "0.1": {
        "coverage": 0.9054491384588472,
        "volume": 23.0223913715143,
        "wsc": 0.7761259291648448,
        "threshold": 2.0504036128722842
      }
    },
    "Density": {
      "params": {
        "lengthscale": 1.6575401238051384
      },
      "0.01": {
        "coverage": 0.9892416688533193,
        "volume": 61.16784344079532,
        "wsc": 0.9628334062090075,
        "threshold": 1.092162918856672
      },
      "0.02": {
        "coverage": 0.9786582699204058,
        "volume": 42.74473341550905,
        "wsc": 0.934849147354613,
        "threshold": 0.9375731275171632
      },
      "0.05": {
        "coverage": 0.9515437767864953,
        "volume": 25.958655733795467,
        "wsc": 0.8762571053782248,
        "threshold": 0.7455156927357638
      },
      "0.1": {
        "coverage": 0.9055366045657308,
        "volume": 15.77267670712097,
        "wsc": 0.7883690424136424,
        "threshold": 0.5745598126880458
      }
    },
    "Kernel": {
      "params": {
        "lengthscale": 1.6575401238051384,
        "gamma": 1.6895780796920787
      },
      "0.01": {
        "coverage": 0.9888918044257851,
        "volume": 41.393532116052235,
        "wsc": 0.954962833406209,
        "threshold": 0.05859167017595959
      },
      "0.02": {
        "coverage": 0.979882795416776,
        "volume": 26.270471418285503,
        "wsc": 0.9252295583734149,
        "threshold": 0.030076960955064513
      },
      "0.05": {
        "coverage": 0.9500568529694743,
        "volume": 13.901782600180756,
        "wsc": 0.845212068211631,
        "threshold": 0.012403553306170344
      },
      "0.1": {
        "coverage": 0.908422986092889,
        "volume": 7.743422831502552,
        "wsc": 0.7564494971578487,
        "threshold": 0.006141336072792086
      }
    }
  },
  "elapsed_s": 12348.489352703094
}