{
  "dataset": "bio",
  "seed": 43,
  "model": "MLP",
  "split": [
    0.5,
    0.25,
    0.25
  ],
  "alphas": [
    0.01,
    0.02,
    0.05,
    0.1
  ],
  "result": {
    "seed": 43,
    "model": "MLP",
    "model_rmse": 0.8144667080261783,
    "meta": {
      "n_train": 22865,
      "n_cal": 11432,
      "n_test": 11433,
      "d": 3,
      "p": 7,
      "elapsed": 12229.139281749725
    },
    "Mahal": {
      "params": {},
      "0.01": {
        "coverage": 0.9883670077844835,
        "volume": 59.247993871491715,
        "wsc": 0.955400087450809,
        "threshold": 14.969335164644862
      },
      "0.02": {
        "coverage": 0.9762092189276655,
        "volume": 39.2250460591915,
        "wsc": 0.9186707477044163,
        "threshold": 11.37092305308963
      },
      "0.05": {
        "coverage": 0.9440216915945071,
        "volume": 21.093476976453967,
        "wsc": 0.8495846086576301,
        "threshold": 7.5194405146347405
      },
      "0.1": {
        "coverage": 0.8942534767777486,
        "volume": 12.283383424295028,
        "wsc": 0.7577612592916484,
        "threshold": 5.243630547814002
      }
    },
    "Bonferroni": {
      "params": {},
      "0.01": {
        "coverage": 0.9874048806087641,
        "volume": 85.27368514820427,
        "wsc": 0.9523393091386095,
        "threshold": 3.505134582900911
      },
      "0.02": {
        "coverage": 0.9753345578588297,
        "volume": 57.04778972370009,
        "wsc": 0.9208570179274158,
        "threshold": 3.0583778155157404
      },
      "0.05": {
        "coverage": 0.9442840899151579,
        "volume": 30.732147102695123,
        "wsc": 0.8517708788806296,
        "threshold": 2.479962033528354
      },
      "0.1": {
        "coverage": 0.889967637540453,
        "volume": 17.008890962356872,
        "wsc": 0.7603847835592479,
        "threshold": 2.031880438981955
      }
    },
    "Density": {
      "params": {
        "lengthscale": 1.5723391211923063
      },
      "0.01": {
        "coverage": 0.9881046094638327,
        "volume": 63.08418858275756,
        "wsc": 0.960209881941408,
        "threshold": 1.1714710043363725
      },
      "0.02": {
        "coverage": 0.978220939385988,
        "volume": 42.05612572183838,
        "wsc": 0.9352864013992129,
        "threshold": 0.9995215790815799
      },
      "0.05": {
        "coverage": 0.9434968949532057,
        "volume": 22.816059484994437,
        "wsc": 0.8613904678618277,
        "threshold": 0.7625410502720694
      },
      "0.1": {
        "coverage": 0.8939910784570979,
        "volume": 13.478743781490351,
        "wsc": 0.7730651508526454,
        "threshold": 0.5908940155758845
      }
    },
    "Kernel": {
      "params": {
        "lengthscale": 1.5723391211923063,
        "gamma": 1.79419691443531
      },
      "0.01": {
        "coverage": 0.986792617860579,
        "volume": 38.113363935416025,
        "wsc": 0.9488412767818102,
        "threshold": 0.06497834795137344
      },
      "0.02": {
        "coverage": 0.9766465494620834,
        "volume": 22.342316789726638,
        "wsc": 0.9169217315260166,
        "threshold": 0.03163084197635167
      },
      "0.05": {
        "coverage": 0.9448088865564593,
        "volume": 11.767157269555069,
        "wsc": 0.8325317009182335,
        "threshold": 0.013564266200580936
      },
      "0.1": {
        "coverage": 0.8932038834951457,
        "volume": 6.449013464613297,
        "wsc": 0.7332750327940534,
        "threshold": 0.006491348529419368
      }
    }
  },
  "elapsed_s": 12229.14354801178
}