{
  "dataset": "bio",
  "seed": 14,
  "model": "MLP",
  "split": [
    0.5,
    0.25,
    0.25
  ],
  "alphas": [
    0.01,
    0.02,
    0.05,
    0.1
  ],
  "result": {
    "seed": 14,
    "model": "MLP",
    "model_rmse": 0.7999850782188404,
    "meta": {
      "n_train": 22865,
      "n_cal": 11432,
      "n_test": 11433,
      "d": 3,
      "p": 7,
      "elapsed": 1978.4394009113312
    },
    "Mahal": {
      "params": {},
      "0.01": {
        "coverage": 0.9869675500743462,
        "volume": 59.73866592255475,
        "wsc": 0.9492785308264101,
        "threshold": 13.992297789476355
      },
      "0.02": {
        "coverage": 0.9753345578588297,
        "volume": 40.26595231998647,
        "wsc": 0.9112374289462177,
        "threshold": 10.756657555997963
      },
      "0.05": {
        "coverage": 0.946995539228549,
        "volume": 23.84314465414663,
        "wsc": 0.8439003060778312,
        "threshold": 7.585095421308469
      },
      "0.1": {
        "coverage": 0.89941397708388,
        "volume": 13.612734807057297,
        "wsc": 0.7564494971578487,
        "threshold": 5.220141582192801
      }
    },
    "Bonferroni": {
      "params": {},
      "0.01": {
        "coverage": 0.9860054228986268,
        "volume": 86.42166194633307,
        "wsc": 0.9427197201574115,
        "threshold": 3.3902236422592944
      },
      "0.02": {
        "coverage": 0.9764716172483163,
        "volume": 60.95254077406088,
        "wsc": 0.9160472234368168,
        "threshold": 3.0275411928094553
      },
      "0.05": {
        "coverage": 0.9487448613662206,
        "volume": 34.33664241811567,
        "wsc": 0.8565806733712287,
        "threshold": 2.482872906835378
      },
      "0.1": {
        "coverage": 0.9011632992215517,
        "volume": 19.9619237669589,
        "wsc": 0.7621337997376476,
        "threshold": 2.0539726581930053
      }
    },
    "Density": {
      "params": {
        "lengthscale": 1.614564747412054
      },
      "0.01": {
        "coverage": 0.986792617860579,
        "volume": 58.56564407781128,
        "wsc": 0.9532138172278094,
        "threshold": 1.1094401102000082
      },
      "0.02": {
        "coverage": 0.9762092189276655,
        "volume": 40.87060544136876,
        "wsc": 0.9226060341058154,
        "threshold": 0.9636835683017632
      },
      "0.05": {
        "coverage": 0.9493571241144056,
        "volume": 24.295674751769617,
        "wsc": 0.8631394840402273,
        "threshold": 0.752474387922709
      },
      "0.1": {
        "coverage": 0.9008134347940173,
        "volume": 14.281376322253161,
        "wsc": 0.7717533887188457,
        "threshold": 0.575328360605109
      }
    },
    "Kernel": {
      "params": {
        "lengthscale": 1.614564747412054,
        "gamma": 1.6869010150828796
      },
      "0.01": {
        "coverage": 0.9858304906848596,
        "volume": 37.08357381156493,
        "wsc": 0.9383471797114123,
        "threshold": 0.05840312253729308
      },
      "0.02": {
        "coverage": 0.9744598967899939,
        "volume": 23.282243752244646,
        "wsc": 0.9024923480542195,
        "threshold": 0.029674995925897205
      },
      "0.05": {
        "coverage": 0.9462958103734803,
        "volume": 12.46786821784006,
        "wsc": 0.8307826847398339,
        "threshold": 0.012583183403759279
      },
      "0.1": {
        "coverage": 0.9000262398320651,
        "volume": 7.067347759845168,
        "wsc": 0.7328377787494534,
        "threshold": 0.0061333503222069765
      }
    }
  },
  "elapsed_s": 1978.441885471344
}