{
  "dataset": "bio",
  "seed": 4,
  "model": "Ridge",
  "split": [
    0.5,
    0.25,
    0.25
  ],
  "alphas": [
    0.01,
    0.02,
    0.05,
    0.1
  ],
  "result": {
    "seed": 4,
    "model": "Ridge",
    "model_rmse": 0.7472654310697993,
    "meta": {
      "n_train": 22865,
      "n_cal": 11432,
      "n_test": 11433,
      "d": 3,
      "p": 7,
      "elapsed": 12106.340600967407
    },
    "Mahal": {
      "params": {},
      "0.01": {
        "coverage": 0.9888918044257851,
        "volume": 96.92030182107317,
        "wsc": 0.95015303891561,
        "threshold": 13.12095598641085
      },
      "0.02": {
        "coverage": 0.9783084054928715,
        "volume": 63.25931587847364,
        "wsc": 0.9029296020988195,
        "threshold": 9.872761233491346
      },
      "0.05": {
        "coverage": 0.9476952680836176,
        "volume": 33.14476451520426,
        "wsc": 0.8229121119370354,
        "threshold": 6.416510834820869
      },
      "0.1": {
        "coverage": 0.8978395871599755,
        "volume": 21.22996212775899,
        "wsc": 0.6878006121556625,
        "threshold": 4.7678412460964035
      }
    },
    "Bonferroni": {
      "params": {},
      "0.01": {
        "coverage": 0.9897664654946209,
        "volume": 169.66260449655846,
        "wsc": 0.9523393091386095,
        "threshold": 3.5011489903256265
      },
      "0.02": {
        "coverage": 0.978395871599755,
        "volume": 94.14585607114847,
        "wsc": 0.9073021425448186,
        "threshold": 2.8724622610548445
      },
      "0.05": {
        "coverage": 0.9466456748010146,
        "volume": 49.71144756205238,
        "wsc": 0.8124180148666376,
        "threshold": 2.3129738400759967
      },
      "0.1": {
        "coverage": 0.8982769176943934,
        "volume": 30.473450794818923,
        "wsc": 0.6773065150852645,
        "threshold": 1.9573262634920863
      }
    },
    "Density": {
      "params": {
        "lengthscale": 2.043156633360123
      },
      "0.01": {
        "coverage": 0.9888043383189015,
        "volume": 79.445532995056,
        "wsc": 0.9492785308264101,
        "threshold": 0.9572674362881323
      },
      "0.02": {
        "coverage": 0.9772588122102686,
        "volume": 58.49684774362244,
        "wsc": 0.9046786182772191,
        "threshold": 0.8316380016225114
      },
      "0.05": {
        "coverage": 0.9468206070147818,
        "volume": 32.0246683186275,
        "wsc": 0.8303454306952339,
        "threshold": 0.6108436518399546
      },
      "0.1": {
        "coverage": 0.8965275955567218,
        "volume": 19.948367408977564,
        "wsc": 0.7070397901180586,
        "threshold": 0.47995379912430625
      }
    },
    "Kernel": {
      "params": {
        "lengthscale": 2.043156633360123,
        "gamma": 1.3677645559220861
      },
      "0.01": {
        "coverage": 0.9892416688533193,
        "volume": 43.78202730749437,
        "wsc": 0.9492785308264101,
        "threshold": 0.033439315751131064
      },
      "0.02": {
        "coverage": 0.9785708038135222,
        "volume": 27.35651838716618,
        "wsc": 0.910362920857018,
        "threshold": 0.01663244591632548
      },
      "0.05": {
        "coverage": 0.9485699291524534,
        "volume": 16.700958761004472,
        "wsc": 0.8058592041976388,
        "threshold": 0.008312282425307118
      },
      "0.1": {
        "coverage": 0.896877459984256,
        "volume": 10.249633545165072,
        "wsc": 0.6659379099256668,
        "threshold": 0.004295345334330516
      }
    }
  },
  "elapsed_s": 12106.343220472336
}