{
  "dataset": "bio",
  "seed": 10,
  "model": "MLP",
  "split": [
    0.5,
    0.25,
    0.25
  ],
  "alphas": [
    0.01,
    0.02,
    0.05,
    0.1
  ],
  "result": {
    "seed": 10,
    "model": "MLP",
    "model_rmse": 0.7613278793880627,
    "meta": {
      "n_train": 22865,
      "n_cal": 11432,
      "n_test": 11433,
      "d": 3,
      "p": 7,
      "elapsed": 12223.522357225418
    },
    "Mahal": {
      "params": {},
      "0.01": {
        "coverage": 0.9921280503804776,
        "volume": 82.89269770558839,
        "wsc": 0.9698294709226061,
        "threshold": 14.143651719811022
      },
      "0.02": {
        "coverage": 0.9823318464095163,
        "volume": 57.23337066458381,
        "wsc": 0.9405334499344119,
        "threshold": 11.04884599410142
      },
      "0.05": {
        "coverage": 0.9514563106796117,
        "volume": 32.65309900512029,
        "wsc": 0.8631394840402273,
        "threshold": 7.600350854961372
      },
      "0.1": {
        "coverage": 0.901513163649086,
        "volume": 18.251630326377985,
        "wsc": 0.7743769129864452,
        "threshold": 5.157253511523621
      }
    },
    "Bonferroni": {
      "params": {},
      "0.01": {
        "coverage": 0.9907285926703402,
        "volume": 116.79001903897948,
        "wsc": 0.9645824223874071,
        "threshold": 3.3798084469608125
      },
      "0.02": {
        "coverage": 0.9826817108370507,
        "volume": 88.25652510872848,
        "wsc": 0.9427197201574115,
        "threshold": 3.070431257179539
      },
      "0.05": {
        "coverage": 0.9537304294585848,
        "volume": 48.64353619492258,
        "wsc": 0.8675120244862266,
        "threshold": 2.5209294165545435
      },
      "0.1": {
        "coverage": 0.9009009009009009,
        "volume": 26.33277232392845,
        "wsc": 0.7691298644512462,
        "threshold": 2.0490140181657397
      }
    },
    "Density": {
      "params": {
        "lengthscale": 1.6224438173914595
      },
      "0.01": {
        "coverage": 0.9911659232047582,
        "volume": 68.35517196189784,
        "wsc": 0.9698294709226061,
        "threshold": 1.1727478614248663
      },
      "0.02": {
        "coverage": 0.9797953293098924,
        "volume": 43.35042129695714,
        "wsc": 0.9361609094884128,
        "threshold": 0.9845356584352043
      },
      "0.05": {
        "coverage": 0.9532056328172833,
        "volume": 26.143054944073054,
        "wsc": 0.8723218189768255,
        "threshold": 0.7737297982395832
      },
      "0.1": {
        "coverage": 0.8995014431907635,
        "volume": 14.418520869009813,
        "wsc": 0.7761259291648448,
        "threshold": 0.5822696594055278
      }
    },
    "Kernel": {
      "params": {
        "lengthscale": 1.6224438173914595,
        "gamma": 1.7880491842500064
      },
      "0.01": {
        "coverage": 0.9898539316015044,
        "volume": 42.95201479926081,
        "wsc": 0.9597726278968081,
        "threshold": 0.06654863556112606
      },
      "0.02": {
        "coverage": 0.9807574564856119,
        "volume": 27.186500533277712,
        "wsc": 0.9287275907302143,
        "threshold": 0.034600942714037984
      },
      "0.05": {
        "coverage": 0.9523309717484475,
        "volume": 14.152916537212263,
        "wsc": 0.8487101005684302,
        "threshold": 0.01429098723253946
      },
      "0.1": {
        "coverage": 0.9016880958628531,
        "volume": 7.342062600403682,
        "wsc": 0.7411456055968517,
        "threshold": 0.006622507807382346
      }
    }
  },
  "elapsed_s": 12223.526601076126
}