{
  "dataset": "bio",
  "seed": 37,
  "model": "Ridge",
  "split": [
    0.5,
    0.25,
    0.25
  ],
  "alphas": [
    0.01,
    0.02,
    0.05,
    0.1
  ],
  "result": {
    "seed": 37,
    "model": "Ridge",
    "model_rmse": 0.9210392154147511,
    "meta": {
      "n_train": 22865,
      "n_cal": 11432,
      "n_test": 11433,
      "d": 3,
      "p": 7,
      "elapsed": 12208.788017749786
    },
    "Mahal": {
      "params": {},
      "0.01": {
        "coverage": 0.9888918044257851,
        "volume": 98.67355790529489,
        "wsc": 0.9479667686926104,
        "threshold": 13.088445253592836
      },
      "0.02": {
        "coverage": 0.9797953293098924,
        "volume": 66.90721872168406,
        "wsc": 0.9094884127678181,
        "threshold": 10.101895077537069
      },
      "0.05": {
        "coverage": 0.9488323274731042,
        "volume": 36.36729249390659,
        "wsc": 0.8128552689112374,
        "threshold": 6.728137346271747
      },
      "0.1": {
        "coverage": 0.8992390448701129,
        "volume": 22.023316169643223,
        "wsc": 0.6786182772190643,
        "threshold": 4.815883929615393
      }
    },
    "Bonferroni": {
      "params": {},
      "0.01": {
        "coverage": 0.9898539316015044,
        "volume": 169.94873710300593,
        "wsc": 0.9505902929602099,
        "threshold": 3.480320304246063
      },
      "0.02": {
        "coverage": 0.9778710749584536,
        "volume": 98.73296558231863,
        "wsc": 0.9016178399650197,
        "threshold": 2.899099928800502
      },
      "0.05": {
        "coverage": 0.948220064724919,
        "volume": 53.07140062914888,
        "wsc": 0.8089199825098382,
        "threshold": 2.338970982620909
      },
      "0.1": {
        "coverage": 0.8981019854806263,
        "volume": 31.39011533380182,
        "wsc": 0.6676869261040664,
        "threshold": 1.967588320813186
      }
    },
    "Density": {
      "params": {
        "lengthscale": 2.049877948409608
      },
      "0.01": {
        "coverage": 0.9888918044257851,
        "volume": 80.73007126693258,
        "wsc": 0.95015303891561,
        "threshold": 0.9561506545500799
      },
      "0.02": {
        "coverage": 0.9797078632030088,
        "volume": 62.709492379527475,
        "wsc": 0.9138609532138172,
        "threshold": 0.8503279716403399
      },
      "0.05": {
        "coverage": 0.9506691157176594,
        "volume": 33.547633120125106,
        "wsc": 0.8255356362046349,
        "threshold": 0.6271121338915958
      },
      "0.1": {
        "coverage": 0.8980145193737427,
        "volume": 20.584841830166376,
        "wsc": 0.7026672496720595,
        "threshold": 0.4825296057448706
      }
    },
    "Kernel": {
      "params": {
        "lengthscale": 2.049877948409608,
        "gamma": 1.4431610419006626
      },
      "0.01": {
        "coverage": 0.9896789993877373,
        "volume": 50.84314455474943,
        "wsc": 0.9536510712724092,
        "threshold": 0.03966771779627009
      },
      "0.02": {
        "coverage": 0.9818070497682149,
        "volume": 31.566961053992255,
        "wsc": 0.9226060341058154,
        "threshold": 0.01951201535242242
      },
      "0.05": {
        "coverage": 0.9509315140383101,
        "volume": 19.063968636528656,
        "wsc": 0.8106689986882378,
        "threshold": 0.00928551553690308
      },
      "0.1": {
        "coverage": 0.9001137059389487,
        "volume": 11.21201866007344,
        "wsc": 0.6685614341932663,
        "threshold": 0.004618202591914649
      }
    }
  },
  "elapsed_s": 12208.79087638855
}