{
  "dataset": "bio",
  "seed": 24,
  "model": "Ridge",
  "split": [
    0.5,
    0.25,
    0.25
  ],
  "alphas": [
    0.01,
    0.02,
    0.05,
    0.1
  ],
  "result": {
    "seed": 24,
    "model": "Ridge",
    "model_rmse": 0.6855832639918648,
    "meta": {
      "n_train": 22865,
      "n_cal": 11432,
      "n_test": 11433,
      "d": 3,
      "p": 7,
      "elapsed": 12134.22556090355
    },
    "Mahal": {
      "params": {},
      "0.01": {
        "coverage": 0.9917781859529432,
        "volume": 72.11290763983213,
        "wsc": 0.9615216440752077,
        "threshold": 13.812641848809283
      },
      "0.02": {
        "coverage": 0.9815446514475641,
        "volume": 50.087015496755036,
        "wsc": 0.9186707477044163,
        "threshold": 10.833069166528421
      },
      "0.05": {
        "coverage": 0.9526808361759818,
        "volume": 25.277304315161985,
        "wsc": 0.8290336685614342,
        "threshold": 6.866813480470205
      },
      "0.1": {
        "coverage": 0.9030000874661069,
        "volume": 15.419753664640714,
        "wsc": 0.6860515959772628,
        "threshold": 4.939159339480446
      }
    },
    "Bonferroni": {
      "params": {},
      "0.01": {
        "coverage": 0.9910784570978746,
        "volume": 119.41103557496605,
        "wsc": 0.9571491036292086,
        "threshold": 3.526906581075118
      },
      "0.02": {
        "coverage": 0.9813697192337969,
        "volume": 72.76338544630421,
        "wsc": 0.9186707477044163,
        "threshold": 2.9918123483131285
      },
      "0.05": {
        "coverage": 0.9534680311379341,
        "volume": 36.57195623671112,
        "wsc": 0.829908176650634,
        "threshold": 2.3667223985487706
      },
      "0.1": {
        "coverage": 0.9076357911309367,
        "volume": 21.68176821904995,
        "wsc": 0.6856143419326629,
        "threshold": 1.99701304495083
      }
    },
    "Density": {
      "params": {
        "lengthscale": 2.04303895512277
      },
      "0.01": {
        "coverage": 0.9917781859529432,
        "volume": 83.74076294599108,
        "wsc": 0.9615216440752077,
        "threshold": 0.9776677917498711
      },
      "0.02": {
        "coverage": 0.9824193125163999,
        "volume": 64.81367951020844,
        "wsc": 0.9226060341058154,
        "threshold": 0.8715318530926278
      },
      "0.05": {
        "coverage": 0.953905361672352,
        "volume": 33.767637493384925,
        "wsc": 0.8469610843900306,
        "threshold": 0.6345609074179998
      },
      "0.1": {
        "coverage": 0.9056240706726144,
        "volume": 20.34992362413692,
        "wsc": 0.7192829033668562,
        "threshold": 0.4904714056702943
      }
    },
    "Kernel": {
      "params": {
        "lengthscale": 2.04303895512277,
        "gamma": 1.4755375068465577
      },
      "0.01": {
        "coverage": 0.991603253739176,
        "volume": 46.82964131554436,
        "wsc": 0.9623961521644075,
        "threshold": 0.039500348232895825
      },
      "0.02": {
        "coverage": 0.9822443803026327,
        "volume": 27.75365599958511,
        "wsc": 0.9243550502842152,
        "threshold": 0.01893606613750416
      },
      "0.05": {
        "coverage": 0.9519811073209131,
        "volume": 15.65124207189718,
        "wsc": 0.8172278093572366,
        "threshold": 0.008733002965347014
      },
      "0.1": {
        "coverage": 0.9002011720458323,
        "volume": 9.116103997479224,
        "wsc": 0.6694359422824662,
        "threshold": 0.004422675918068658
      }
    }
  },
  "elapsed_s": 12134.227753400803
}