{
  "dataset": "bio",
  "seed": 34,
  "model": "Ridge",
  "split": [
    0.5,
    0.25,
    0.25
  ],
  "alphas": [
    0.01,
    0.02,
    0.05,
    0.1
  ],
  "result": {
    "seed": 34,
    "model": "Ridge",
    "model_rmse": 0.824648407476246,
    "meta": {
      "n_train": 22865,
      "n_cal": 11432,
      "n_test": 11433,
      "d": 3,
      "p": 7,
      "elapsed": 12057.536180257797
    },
    "Mahal": {
      "params": {},
      "0.01": {
        "coverage": 0.9895040671739701,
        "volume": 133.8023647730463,
        "wsc": 0.954962833406209,
        "threshold": 12.674878426114988
      },
      "0.02": {
        "coverage": 0.9804075920580775,
        "volume": 87.8092328784688,
        "wsc": 0.9164844774814167,
        "threshold": 9.571824600068204
      },
      "0.05": {
        "coverage": 0.9511939123589609,
        "volume": 48.46896241950152,
        "wsc": 0.8338434630520333,
        "threshold": 6.440858500750986
      },
      "0.1": {
        "coverage": 0.8999387737251815,
        "volume": 30.644019769932623,
        "wsc": 0.6921731526016616,
        "threshold": 4.744587193271472
      }
    },
    "Bonferroni": {
      "params": {},
      "0.01": {
        "coverage": 0.9905536604565731,
        "volume": 227.60503985268417,
        "wsc": 0.9562745955400087,
        "threshold": 3.410371378208791
      },
      "0.02": {
        "coverage": 0.9803201259511939,
        "volume": 133.38577761710857,
        "wsc": 0.9173589855706166,
        "threshold": 2.8468622558156866
      },
      "0.05": {
        "coverage": 0.9525059039622147,
        "volume": 73.73920115523195,
        "wsc": 0.8338434630520333,
        "threshold": 2.3289556433300276
      },
      "0.1": {
        "coverage": 0.9009883670077845,
        "volume": 44.05317874922892,
        "wsc": 0.6838653257542632,
        "threshold": 1.9707608125645146
      }
    },
    "Density": {
      "params": {
        "lengthscale": 2.0559497344804
      },
      "0.01": {
        "coverage": 0.9897664654946209,
        "volume": 80.03512699226341,
        "wsc": 0.955400087450809,
        "threshold": 0.9485563788296184
      },
      "0.02": {
        "coverage": 0.9811073209131461,
        "volume": 62.15396553069439,
        "wsc": 0.9234805421950153,
        "threshold": 0.8488810894936467
      },
      "0.05": {
        "coverage": 0.9518936412140295,
        "volume": 33.58437183416496,
        "wsc": 0.8408395277656319,
        "threshold": 0.629575239864065
      },
      "0.1": {
        "coverage": 0.9047494096037786,
        "volume": 21.175541260015727,
        "wsc": 0.7262789680804548,
        "threshold": 0.49204033214707005
      }
    },
    "Kernel": {
      "params": {
        "lengthscale": 2.0559497344804,
        "gamma": 1.4945713489613444
      },
      "0.01": {
        "coverage": 0.9904661943496895,
        "volume": 52.12440925542333,
        "wsc": 0.9571491036292086,
        "threshold": 0.039942921941221336
      },
      "0.02": {
        "coverage": 0.9820694480888655,
        "volume": 32.449641014699985,
        "wsc": 0.9247923043288151,
        "threshold": 0.01949159052752774
      },
      "0.05": {
        "coverage": 0.9502317851832415,
        "volume": 19.345330260878672,
        "wsc": 0.8132925229558373,
        "threshold": 0.009285501694796795
      },
      "0.1": {
        "coverage": 0.9030000874661069,
        "volume": 11.768256724451264,
        "wsc": 0.674682990817665,
        "threshold": 0.004867751534326368
      }
    }
  },
  "elapsed_s": 12057.538625240326
}