{
  "dataset": "bio",
  "seed": 11,
  "model": "Ridge",
  "split": [
    0.5,
    0.25,
    0.25
  ],
  "alphas": [
    0.01,
    0.02,
    0.05,
    0.1
  ],
  "result": {
    "seed": 11,
    "model": "Ridge",
    "model_rmse": 0.8498857677236372,
    "meta": {
      "n_train": 22865,
      "n_cal": 11432,
      "n_test": 11433,
      "d": 3,
      "p": 7,
      "elapsed": 12092.911041259766
    },
    "Mahal": {
      "params": {},
      "0.01": {
        "coverage": 0.9894166010670865,
        "volume": 92.33297166484685,
        "wsc": 0.9545255793616091,
        "threshold": 13.48542308691177
      },
      "0.02": {
        "coverage": 0.9765590833551998,
        "volume": 57.08832135476907,
        "wsc": 0.8981198076082204,
        "threshold": 9.787194436746471
      },
      "0.05": {
        "coverage": 0.9476952680836176,
        "volume": 31.34467844945412,
        "wsc": 0.8132925229558373,
        "threshold": 6.562498949727619
      },
      "0.1": {
        "coverage": 0.8986267821219277,
        "volume": 19.726702609130268,
        "wsc": 0.6786182772190643,
        "threshold": 4.819437647436124
      }
    },
    "Bonferroni": {
      "params": {},
      "0.01": {
        "coverage": 0.9879296772500656,
        "volume": 150.25362440304153,
        "wsc": 0.9462177525142108,
        "threshold": 3.4613987355888156
      },
      "0.02": {
        "coverage": 0.9765590833551998,
        "volume": 89.02355295207258,
        "wsc": 0.8985570616528203,
        "threshold": 2.90645214004839
      },
      "0.05": {
        "coverage": 0.9477827341905012,
        "volume": 46.67679176732023,
        "wsc": 0.8080454744206383,
        "threshold": 2.3385126748202167
      },
      "0.1": {
        "coverage": 0.8988891804425785,
        "volume": 28.793921780108462,
        "wsc": 0.6606908613904678,
        "threshold": 1.976545414064512
      }
    },
    "Density": {
      "params": {
        "lengthscale": 2.047412954027359
      },
      "0.01": {
        "coverage": 0.9882795416775999,
        "volume": 83.31791698587301,
        "wsc": 0.9470922606034106,
        "threshold": 0.9670813483840497
      },
      "0.02": {
        "coverage": 0.9769964138896178,
        "volume": 60.229631171964115,
        "wsc": 0.9029296020988195,
        "threshold": 0.8416967593971247
      },
      "0.05": {
        "coverage": 0.9473454036560832,
        "volume": 32.87384229292513,
        "wsc": 0.819851333624836,
        "threshold": 0.619235995440533
      },
      "0.1": {
        "coverage": 0.8996763754045307,
        "volume": 20.82166330678853,
        "wsc": 0.6996064713598601,
        "threshold": 0.48686847780590964
      }
    },
    "Kernel": {
      "params": {
        "lengthscale": 2.047412954027359,
        "gamma": 1.4320394916860804
      },
      "0.01": {
        "coverage": 0.9871424822881134,
        "volume": 43.753630327102925,
        "wsc": 0.9414079580236118,
        "threshold": 0.03402254477571555
      },
      "0.02": {
        "coverage": 0.9772588122102686,
        "volume": 28.19991036444933,
        "wsc": 0.9055531263664189,
        "threshold": 0.017708685408570367
      },
      "0.05": {
        "coverage": 0.9471704714423161,
        "volume": 16.6323196384557,
        "wsc": 0.8010494097070398,
        "threshold": 0.008530277951628277
      },
      "0.1": {
        "coverage": 0.8955654683810024,
        "volume": 9.769924599656779,
        "wsc": 0.6628771316134674,
        "threshold": 0.004386176775647797
      }
    }
  },
  "elapsed_s": 12092.913294792175
}