{
  "dataset": "bio",
  "seed": 46,
  "model": "Ridge",
  "split": [
    0.5,
    0.25,
    0.25
  ],
  "alphas": [
    0.01,
    0.02,
    0.05,
    0.1
  ],
  "result": {
    "seed": 46,
    "model": "Ridge",
    "model_rmse": 0.803170624296742,
    "meta": {
      "n_train": 22865,
      "n_cal": 11432,
      "n_test": 11433,
      "d": 3,
      "p": 7,
      "elapsed": 12280.938942432404
    },
    "Mahal": {
      "params": {},
      "0.01": {
        "coverage": 0.9886294061051343,
        "volume": 92.60315890631956,
        "wsc": 0.9488412767818102,
        "threshold": 13.097455858959309
      },
      "0.02": {
        "coverage": 0.9785708038135222,
        "volume": 60.57674493897206,
        "wsc": 0.909925666812418,
        "threshold": 9.869769972499034
      },
      "0.05": {
        "coverage": 0.9497944546488236,
        "volume": 32.66805713142856,
        "wsc": 0.8285964145168343,
        "threshold": 6.539109551425073
      },
      "0.1": {
        "coverage": 0.8997638415114143,
        "volume": 20.539784354737293,
        "wsc": 0.6943594228246611,
        "threshold": 4.799179517840449
      }
    },
    "Bonferroni": {
      "params": {},
      "0.01": {
        "coverage": 0.9884544738913671,
        "volume": 155.32670982511175,
        "wsc": 0.9479667686926104,
        "threshold": 3.4475624885666463
      },
      "0.02": {
        "coverage": 0.9795329309892417,
        "volume": 92.5525722801846,
        "wsc": 0.9134236991692173,
        "threshold": 2.900778654549044
      },
      "0.05": {
        "coverage": 0.9504067173970087,
        "volume": 48.513409754625464,
        "wsc": 0.8268473983384347,
        "threshold": 2.331719137269428
      },
      "0.1": {
        "coverage": 0.8988891804425785,
        "volume": 29.19483727059663,
        "wsc": 0.6790555312636641,
        "threshold": 1.9621677552414198
      }
    },
    "Density": {
      "params": {
        "lengthscale": 2.0453694734048877
      },
      "0.01": {
        "coverage": 0.9881920755707163,
        "volume": 78.80062176676671,
        "wsc": 0.9484040227372104,
        "threshold": 0.947847541159424
      },
      "0.02": {
        "coverage": 0.9792705326685909,
        "volume": 58.449530691414886,
        "wsc": 0.915172715347617,
        "threshold": 0.8316872797057997
      },
      "0.05": {
        "coverage": 0.9504067173970087,
        "volume": 32.32232111967644,
        "wsc": 0.8421512898994316,
        "threshold": 0.6201661993116258
      },
      "0.1": {
        "coverage": 0.9012507653284352,
        "volume": 20.695263939126164,
        "wsc": 0.7210319195452558,
        "threshold": 0.4874164916045006
      }
    },
    "Kernel": {
      "params": {
        "lengthscale": 2.0453694734048877,
        "gamma": 1.4173161852933107
      },
      "0.01": {
        "coverage": 0.9895915332808537,
        "volume": 45.95455933265108,
        "wsc": 0.9536510712724092,
        "threshold": 0.035722904618575003
      },
      "0.02": {
        "coverage": 0.9797953293098924,
        "volume": 28.296995017272287,
        "wsc": 0.9169217315260166,
        "threshold": 0.01784105365073078
      },
      "0.05": {
        "coverage": 0.9501443190763579,
        "volume": 16.520297461167956,
        "wsc": 0.8106689986882378,
        "threshold": 0.008470588667248459
      },
      "0.1": {
        "coverage": 0.9003761042595994,
        "volume": 9.966049011900235,
        "wsc": 0.675120244862265,
        "threshold": 0.004483954960662175
      }
    }
  },
  "elapsed_s": 12280.941392183304
}