{
  "dataset": "bio",
  "seed": 7,
  "model": "MLP",
  "split": [
    0.5,
    0.25,
    0.25
  ],
  "alphas": [
    0.01,
    0.02,
    0.05,
    0.1
  ],
  "result": {
    "seed": 7,
    "model": "MLP",
    "model_rmse": 0.7990615485415551,
    "meta": {
      "n_train": 22865,
      "n_cal": 11432,
      "n_test": 11433,
      "d": 3,
      "p": 7,
      "elapsed": 12196.460491657257
    },
    "Mahal": {
      "params": {},
      "0.01": {
        "coverage": 0.9896789993877373,
        "volume": 97.69563570134773,
        "wsc": 0.9588981198076082,
        "threshold": 12.851087334402898
      },
      "0.02": {
        "coverage": 0.9807574564856119,
        "volume": 72.31031075361346,
        "wsc": 0.9304766069086139,
        "threshold": 10.515338351201764
      },
      "0.05": {
        "coverage": 0.9487448613662206,
        "volume": 41.12677005752509,
        "wsc": 0.8517708788806296,
        "threshold": 7.218376019150075
      },
      "0.1": {
        "coverage": 0.9036998163211756,
        "volume": 24.19863797741393,
        "wsc": 0.7577612592916484,
        "threshold": 5.068549759685662
      }
    },
    "Bonferroni": {
      "params": {},
      "0.01": {
        "coverage": 0.9886294061051343,
        "volume": 151.80447055678212,
        "wsc": 0.9540883253170092,
        "threshold": 3.320962635844526
      },
      "0.02": {
        "coverage": 0.9790956004548238,
        "volume": 108.0468168368778,
        "wsc": 0.9230432881504154,
        "threshold": 2.959524894481511
      },
      "0.05": {
        "coverage": 0.9491821919006385,
        "volume": 60.79015955665021,
        "wsc": 0.85045911674683,
        "threshold": 2.4334920540777616
      },
      "0.1": {
        "coverage": 0.9076357911309367,
        "volume": 35.070472466688045,
        "wsc": 0.7643200699606472,
        "threshold": 2.0302954715437487
      }
    },
    "Density": {
      "params": {
        "lengthscale": 1.6941028495119377
      },
      "0.01": {
        "coverage": 0.9895915332808537,
        "volume": 66.42073999854966,
        "wsc": 0.9584608657630083,
        "threshold": 1.1064658919524215
      },
      "0.02": {
        "coverage": 0.9790956004548238,
        "volume": 45.10497118278743,
        "wsc": 0.9304766069086139,
        "threshold": 0.9426609448459953
      },
      "0.05": {
        "coverage": 0.9496195224350564,
        "volume": 26.946349257661684,
        "wsc": 0.8574551814604285,
        "threshold": 0.7447690559617093
      },
      "0.1": {
        "coverage": 0.9043120790693606,
        "volume": 15.846062100774185,
        "wsc": 0.7695671184958461,
        "threshold": 0.5643853032294849
      }
    },
    "Kernel": {
      "params": {
        "lengthscale": 1.6941028495119377,
        "gamma": 1.63722260226855
      },
      "0.01": {
        "coverage": 0.9883670077844835,
        "volume": 45.285954125562775,
        "wsc": 0.9510275470048098,
        "threshold": 0.05989227479065662
      },
      "0.02": {
        "coverage": 0.9797953293098924,
        "volume": 29.01759849164613,
        "wsc": 0.9204197638828159,
        "threshold": 0.031495823444511885
      },
      "0.05": {
        "coverage": 0.9530307006035161,
        "volume": 14.80038287585,
        "wsc": 0.8513336248360297,
        "threshold": 0.012827350790677473
      },
      "0.1": {
        "coverage": 0.8991515787632293,
        "volume": 7.9632494821149455,
        "wsc": 0.7306515085264539,
        "threshold": 0.005863487115167449
      }
    }
  },
  "elapsed_s": 12196.464614868164
}