{
  "dataset": "bio",
  "seed": 22,
  "model": "Ridge",
  "split": [
    0.5,
    0.25,
    0.25
  ],
  "alphas": [
    0.01,
    0.02,
    0.05,
    0.1
  ],
  "result": {
    "seed": 22,
    "model": "Ridge",
    "model_rmse": 0.7797095552415904,
    "meta": {
      "n_train": 22865,
      "n_cal": 11432,
      "n_test": 11433,
      "d": 3,
      "p": 7,
      "elapsed": 11960.213218450546
    },
    "Mahal": {
      "params": {},
      "0.01": {
        "coverage": 0.9907285926703402,
        "volume": 94.13928979537786,
        "wsc": 0.9580236117184084,
        "threshold": 13.793219102690632
      },
      "0.02": {
        "coverage": 0.9794454648823581,
        "volume": 59.17788303124257,
        "wsc": 0.9073021425448186,
        "threshold": 10.121805164758863
      },
      "0.05": {
        "coverage": 0.9503192512901251,
        "volume": 32.034208773312066,
        "wsc": 0.8255356362046349,
        "threshold": 6.7229676936913245
      },
      "0.1": {
        "coverage": 0.9011632992215517,
        "volume": 19.85789922346974,
        "wsc": 0.689986882378662,
        "threshold": 4.887730196922818
      }
    },
    "Bonferroni": {
      "params": {},
      "0.01": {
        "coverage": 0.9901163299221551,
        "volume": 158.42475108864406,
        "wsc": 0.9532138172278094,
        "threshold": 3.5432949255477864
      },
      "0.02": {
        "coverage": 0.9786582699204058,
        "volume": 86.7909074289705,
        "wsc": 0.9064276344556187,
        "threshold": 2.902217056478274
      },
      "0.05": {
        "coverage": 0.9494445902212892,
        "volume": 46.57175016613939,
        "wsc": 0.825098382160035,
        "threshold": 2.34819086911074
      },
      "0.1": {
        "coverage": 0.8974022566255576,
        "volume": 28.140872071672618,
        "wsc": 0.6724967205946655,
        "threshold": 1.9753397335626515
      }
    },
    "Density": {
      "params": {
        "lengthscale": 2.010026492674692
      },
      "0.01": {
        "coverage": 0.9914283215254089,
        "volume": 88.30940003085779,
        "wsc": 0.9606471359860078,
        "threshold": 1.0099179219861134
      },
      "0.02": {
        "coverage": 0.9804950581649611,
        "volume": 62.592543672289636,
        "wsc": 0.9160472234368168,
        "threshold": 0.8716677614060285
      },
      "0.05": {
        "coverage": 0.9504941835038923,
        "volume": 33.14214587054909,
        "wsc": 0.8408395277656319,
        "threshold": 0.6428833071138522
      },
      "0.1": {
        "coverage": 0.8953030700603516,
        "volume": 20.255855441689103,
        "wsc": 0.7057280279842588,
        "threshold": 0.4980619618505049
      }
    },
    "Kernel": {
      "params": {
        "lengthscale": 2.010026492674692,
        "gamma": 1.6113978346969056
      },
      "0.01": {
        "coverage": 0.9910784570978746,
        "volume": 49.05149037839569,
        "wsc": 0.960209881941408,
        "threshold": 0.04427689516691315
      },
      "0.02": {
        "coverage": 0.983031575264585,
        "volume": 29.645433548771948,
        "wsc": 0.9304766069086139,
        "threshold": 0.021550853063629246
      },
      "0.05": {
        "coverage": 0.9508440479314265,
        "volume": 17.14921461397475,
        "wsc": 0.8080454744206383,
        "threshold": 0.00978020851603621
      },
      "0.1": {
        "coverage": 0.9043120790693606,
        "volume": 10.517999214907341,
        "wsc": 0.6878006121556625,
        "threshold": 0.00520893442685842
      }
    }
  },
  "elapsed_s": 11960.215700149536
}