{
  "dataset": "bio",
  "seed": 29,
  "model": "MLP",
  "split": [
    0.5,
    0.25,
    0.25
  ],
  "alphas": [
    0.01,
    0.02,
    0.05,
    0.1
  ],
  "result": {
    "seed": 29,
    "model": "MLP",
    "model_rmse": 0.7005467899787204,
    "meta": {
      "n_train": 22865,
      "n_cal": 11432,
      "n_test": 11433,
      "d": 3,
      "p": 7,
      "elapsed": 12209.513378620148
    },
    "Mahal": {
      "params": {},
      "0.01": {
        "coverage": 0.9912533893116418,
        "volume": 105.13177156351284,
        "wsc": 0.9672059466550066,
        "threshold": 13.246114527158905
      },
      "0.02": {
        "coverage": 0.9814571853406805,
        "volume": 76.40186936957117,
        "wsc": 0.9383471797114123,
        "threshold": 10.707017366577372
      },
      "0.05": {
        "coverage": 0.9522435056415639,
        "volume": 43.23685905428826,
        "wsc": 0.8718845649322257,
        "threshold": 7.325466307917229
      },
      "0.1": {
        "coverage": 0.9044870112831278,
        "volume": 25.454493771061124,
        "wsc": 0.7788461538461539,
        "threshold": 5.145672717374141
      }
    },
    "Bonferroni": {
      "params": {},
      "0.01": {
        "coverage": 0.9917781859529432,
        "volume": 166.3400084293913,
        "wsc": 0.9689549628334062,
        "threshold": 3.398690632824986
      },
      "0.02": {
        "coverage": 0.9820694480888655,
        "volume": 114.23835280953038,
        "wsc": 0.9422824661128115,
        "threshold": 2.9992625984395316
      },
      "0.05": {
        "coverage": 0.9519811073209131,
        "volume": 63.45018430613653,
        "wsc": 0.8675120244862266,
        "threshold": 2.4621522726289817
      },
      "0.1": {
        "coverage": 0.8986267821219277,
        "volume": 36.164678606727,
        "wsc": 0.7752514210756449,
        "threshold": 2.0338542991799975
      }
    },
    "Density": {
      "params": {
        "lengthscale": 1.6596501384849076
      },
      "0.01": {
        "coverage": 0.9900288638152716,
        "volume": 67.02286926292699,
        "wsc": 0.9637079142982072,
        "threshold": 1.1322354521035451
      },
      "0.02": {
        "coverage": 0.979882795416776,
        "volume": 44.150680274846856,
        "wsc": 0.9392216878006121,
        "threshold": 0.9640689418866947
      },
      "0.05": {
        "coverage": 0.9519811073209131,
        "volume": 25.709321159649026,
        "wsc": 0.8727590730214254,
        "threshold": 0.7500348524710101
      },
      "0.1": {
        "coverage": 0.9034374180005248,
        "volume": 15.113858420147894,
        "wsc": 0.7813729777000438,
        "threshold": 0.5816940188030814
      }
    },
    "Kernel": {
      "params": {
        "lengthscale": 1.6596501384849076,
        "gamma": 1.693523783195159
      },
      "0.01": {
        "coverage": 0.9895040671739701,
        "volume": 46.70760186156945,
        "wsc": 0.955400087450809,
        "threshold": 0.06644866420596125
      },
      "0.02": {
        "coverage": 0.9810198548062625,
        "volume": 28.318782231030298,
        "wsc": 0.9282903366856143,
        "threshold": 0.03440536811276997
      },
      "0.05": {
        "coverage": 0.9501443190763579,
        "volume": 13.695292334363446,
        "wsc": 0.8443375601224311,
        "threshold": 0.012889798874820316
      },
      "0.1": {
        "coverage": 0.9029126213592233,
        "volume": 7.635738437061972,
        "wsc": 0.7420201136860516,
        "threshold": 0.006255224033953214
      }
    }
  },
  "elapsed_s": 12209.517325639725
}