{
  "dataset": "bio",
  "seed": 31,
  "model": "MLP",
  "split": [
    0.5,
    0.25,
    0.25
  ],
  "alphas": [
    0.01,
    0.02,
    0.05,
    0.1
  ],
  "result": {
    "seed": 31,
    "model": "MLP",
    "model_rmse": 0.6871575448999896,
    "meta": {
      "n_train": 22865,
      "n_cal": 11432,
      "n_test": 11433,
      "d": 3,
      "p": 7,
      "elapsed": 12134.899634838104
    },
    "Mahal": {
      "params": {},
      "0.01": {
        "coverage": 0.9912533893116418,
        "volume": 80.9344902542612,
        "wsc": 0.9658941845212068,
        "threshold": 13.951606361252484
      },
      "0.02": {
        "coverage": 0.980932388699379,
        "volume": 55.746208564852544,
        "wsc": 0.9317883690424137,
        "threshold": 10.881247299559616
      },
      "0.05": {
        "coverage": 0.9483949969386862,
        "volume": 30.797350205963035,
        "wsc": 0.85002186270223,
        "threshold": 7.326176176732515
      },
      "0.1": {
        "coverage": 0.9002011720458323,
        "volume": 17.637795755271018,
        "wsc": 0.755137735024049,
        "threshold": 5.052403142690736
      }
    },
    "Bonferroni": {
      "params": {},
      "0.01": {
        "coverage": 0.9896789993877373,
        "volume": 119.06825012537116,
        "wsc": 0.9597726278968081,
        "threshold": 3.421129841521667
      },
      "0.02": {
        "coverage": 0.9820694480888655,
        "volume": 86.35277876311034,
        "wsc": 0.9339746392654132,
        "threshold": 3.063277735733596
      },
      "0.05": {
        "coverage": 0.9521560395346803,
        "volume": 45.27587554598597,
        "wsc": 0.8583296895496283,
        "threshold": 2.466921680287919
      },
      "0.1": {
        "coverage": 0.9017755619697367,
        "volume": 24.865218747432614,
        "wsc": 0.7586357673808483,
        "threshold": 2.0124331622804763
      }
    },
    "Density": {
      "params": {
        "lengthscale": 1.6476273787532882
      },
      "0.01": {
        "coverage": 0.9914283215254089,
        "volume": 67.67648010039112,
        "wsc": 0.9676432006996065,
        "threshold": 1.1460345833799834
      },
      "0.02": {
        "coverage": 0.9819819819819819,
        "volume": 43.669312220160656,
        "wsc": 0.9435942282466113,
        "threshold": 0.9666286620302502
      },
      "0.05": {
        "coverage": 0.9493571241144056,
        "volume": 24.500090718835953,
        "wsc": 0.8583296895496283,
        "threshold": 0.7484286631417748
      },
      "0.1": {
        "coverage": 0.8997638415114143,
        "volume": 14.148711108120615,
        "wsc": 0.7621337997376476,
        "threshold": 0.5663124503611033
      }
    },
    "Kernel": {
      "params": {
        "lengthscale": 1.6476273787532882,
        "gamma": 1.6751204899213696
      },
      "0.01": {
        "coverage": 0.9884544738913671,
        "volume": 41.387262041431526,
        "wsc": 0.9519020550940096,
        "threshold": 0.06156133891188534
      },
      "0.02": {
        "coverage": 0.9774337444240356,
        "volume": 24.18973189452879,
        "wsc": 0.9147354613030171,
        "threshold": 0.029410499365819458
      },
      "0.05": {
        "coverage": 0.9462083442665967,
        "volume": 12.889019409462133,
        "wsc": 0.8281591604722344,
        "threshold": 0.012573000948446282
      },
      "0.1": {
        "coverage": 0.8947782734190501,
        "volume": 6.590560916169732,
        "wsc": 0.7262789680804548,
        "threshold": 0.005827055684187117
      }
    }
  },
  "elapsed_s": 12134.901771068573
}