{
  "dataset": "bio",
  "seed": 30,
  "model": "MLP",
  "split": [
    0.5,
    0.25,
    0.25
  ],
  "alphas": [
    0.01,
    0.02,
    0.05,
    0.1
  ],
  "result": {
    "seed": 30,
    "model": "MLP",
    "model_rmse": 0.9350822770216688,
    "meta": {
      "n_train": 22865,
      "n_cal": 11432,
      "n_test": 11433,
      "d": 3,
      "p": 7,
      "elapsed": 12246.826867341995
    },
    "Mahal": {
      "params": {},
      "0.01": {
        "coverage": 0.9908160587772238,
        "volume": 94.14632597895682,
        "wsc": 0.9663314385658067,
        "threshold": 13.161841613250038
      },
      "0.02": {
        "coverage": 0.980932388699379,
        "volume": 68.02043132299333,
        "wsc": 0.9379099256668124,
        "threshold": 10.597595289717061
      },
      "0.05": {
        "coverage": 0.9530307006035161,
        "volume": 40.51613275981438,
        "wsc": 0.8740708351552252,
        "threshold": 7.502391665924579
      },
      "0.1": {
        "coverage": 0.9071109944896353,
        "volume": 23.959384671070612,
        "wsc": 0.7892435505028421,
        "threshold": 5.285647331038417
      }
    },
    "Bonferroni": {
      "params": {},
      "0.01": {
        "coverage": 0.9904661943496895,
        "volume": 146.11778865926897,
        "wsc": 0.965019676432007,
        "threshold": 3.3747594154763414
      },
      "0.02": {
        "coverage": 0.980932388699379,
        "volume": 100.86545995040257,
        "wsc": 0.9374726716222125,
        "threshold": 2.9896426254814137
      },
      "0.05": {
        "coverage": 0.9541677599930027,
        "volume": 59.70793371308763,
        "wsc": 0.8775688675120245,
        "threshold": 2.493254329665249
      },
      "0.1": {
        "coverage": 0.9030000874661069,
        "volume": 34.205884832122926,
        "wsc": 0.7804984696108439,
        "threshold": 2.0780032318794097
      }
    },
    "Density": {
      "params": {
        "lengthscale": 1.7009079379882315
      },
      "0.01": {
        "coverage": 0.9896789993877373,
        "volume": 70.20205539599394,
        "wsc": 0.9628334062090075,
        "threshold": 1.1213686541707184
      },
      "0.02": {
        "coverage": 0.980932388699379,
        "volume": 47.13784240506918,
        "wsc": 0.9387844337560123,
        "threshold": 0.9584816941669021
      },
      "0.05": {
        "coverage": 0.9518061751071459,
        "volume": 27.082833090912473,
        "wsc": 0.8753825972890249,
        "threshold": 0.7528100062338478
      },
      "0.1": {
        "coverage": 0.9049243418175457,
        "volume": 16.436346664878666,
        "wsc": 0.7892435505028421,
        "threshold": 0.5796413936339802
      }
    },
    "Kernel": {
      "params": {
        "lengthscale": 1.7009079379882315,
        "gamma": 1.8454000581591723
      },
      "0.01": {
        "coverage": 0.9885419399982507,
        "volume": 49.74708863112755,
        "wsc": 0.9527765631832095,
        "threshold": 0.06665292588603335
      },
      "0.02": {
        "coverage": 0.9793579987754745,
        "volume": 31.501410641609866,
        "wsc": 0.9239177962396152,
        "threshold": 0.03669816591998119
      },
      "0.05": {
        "coverage": 0.9543426922067699,
        "volume": 15.807842099477744,
        "wsc": 0.8543944031482291,
        "threshold": 0.014745533555810682
      },
      "0.1": {
        "coverage": 0.9037872824280592,
        "volume": 8.189604943102928,
        "wsc": 0.7455181460428509,
        "threshold": 0.006898079335205582
      }
    }
  },
  "elapsed_s": 12246.829163312912
}