{
  "dataset": "bio",
  "seed": 16,
  "model": "MLP",
  "split": [
    0.5,
    0.25,
    0.25
  ],
  "alphas": [
    0.01,
    0.02,
    0.05,
    0.1
  ],
  "result": {
    "seed": 16,
    "model": "MLP",
    "model_rmse": 0.6967821638802782,
    "meta": {
      "n_train": 22865,
      "n_cal": 11432,
      "n_test": 11433,
      "d": 3,
      "p": 7,
      "elapsed": 12021.545563697815
    },
    "Mahal": {
      "params": {},
      "0.01": {
        "coverage": 0.9918656520598268,
        "volume": 54.27652321610433,
        "wsc": 0.9654569304766069,
        "threshold": 17.266293553859473
      },
      "0.02": {
        "coverage": 0.9814571853406805,
        "volume": 32.41831544701221,
        "wsc": 0.930039352864014,
        "threshold": 12.245731588495413
      },
      "0.05": {
        "coverage": 0.9540802938861191,
        "volume": 17.93640605067724,
        "wsc": 0.8683865325754263,
        "threshold": 8.253054723842471
      },
      "0.1": {
        "coverage": 0.9049243418175457,
        "volume": 9.975221323413312,
        "wsc": 0.7643200699606472,
        "threshold": 5.581352692201495
      }
    },
    "Bonferroni": {
      "params": {},
      "0.01": {
        "coverage": 0.9910784570978746,
        "volume": 77.22961589399318,
        "wsc": 0.9637079142982072,
        "threshold": 3.7398710147509933
      },
      "0.02": {
        "coverage": 0.9812822531269133,
        "volume": 48.50261121496982,
        "wsc": 0.9322256230870135,
        "threshold": 3.2013793300248743
      },
      "0.05": {
        "coverage": 0.9527683022828654,
        "volume": 24.970803330569105,
        "wsc": 0.8635767380848273,
        "threshold": 2.5520578646488916
      },
      "0.1": {
        "coverage": 0.9030000874661069,
        "volume": 13.522324854435304,
        "wsc": 0.774814167031045,
        "threshold": 2.083697074414387
      }
    },
    "Density": {
      "params": {
        "lengthscale": 1.630169458598088
      },
      "0.01": {
        "coverage": 0.9906411265634567,
        "volume": 61.199629857632075,
        "wsc": 0.9672059466550066,
        "threshold": 1.1139979645147327
      },
      "0.02": {
        "coverage": 0.9821569141957491,
        "volume": 44.069235538906916,
        "wsc": 0.9479667686926104,
        "threshold": 0.9776817737831884
      },
      "0.05": {
        "coverage": 0.9521560395346803,
        "volume": 24.89673738848691,
        "wsc": 0.8780061215566244,
        "threshold": 0.7536139184623541
      },
      "0.1": {
        "coverage": 0.900463570366483,
        "volume": 14.749703323225988,
        "wsc": 0.7831219938784434,
        "threshold": 0.575908587175812
      }
    },
    "Kernel": {
      "params": {
        "lengthscale": 1.630169458598088,
        "gamma": 1.2169374103335135
      },
      "0.01": {
        "coverage": 0.991603253739176,
        "volume": 44.03749299230026,
        "wsc": 0.9654569304766069,
        "threshold": 0.0530973030977836
      },
      "0.02": {
        "coverage": 0.9821569141957491,
        "volume": 27.45730281475713,
        "wsc": 0.9339746392654132,
        "threshold": 0.027277746680514414
      },
      "0.05": {
        "coverage": 0.9525933700690983,
        "volume": 13.501163156697531,
        "wsc": 0.8543944031482291,
        "threshold": 0.010341481912599695
      },
      "0.1": {
        "coverage": 0.8998513076182979,
        "volume": 7.279624021793027,
        "wsc": 0.7337122868386533,
        "threshold": 0.004644169214345283
      }
    }
  },
  "elapsed_s": 12021.548519611359
}