{
  "dataset": "bio",
  "seed": 31,
  "model": "Ridge",
  "split": [
    0.5,
    0.25,
    0.25
  ],
  "alphas": [
    0.01,
    0.02,
    0.05,
    0.1
  ],
  "result": {
    "seed": 31,
    "model": "Ridge",
    "model_rmse": 0.7809383223697985,
    "meta": {
      "n_train": 22865,
      "n_cal": 11432,
      "n_test": 11433,
      "d": 3,
      "p": 7,
      "elapsed": 12107.568214178085
    },
    "Mahal": {
      "params": {},
      "0.01": {
        "coverage": 0.9911659232047582,
        "volume": 111.08489581115448,
        "wsc": 0.9593353738522081,
        "threshold": 13.273196898615293
      },
      "0.02": {
        "coverage": 0.9818070497682149,
        "volume": 73.94382501063883,
        "wsc": 0.9204197638828159,
        "threshold": 10.119059208481085
      },
      "0.05": {
        "coverage": 0.9538178955654684,
        "volume": 40.13496487431772,
        "wsc": 0.8373414954088325,
        "threshold": 6.733188717530233
      },
      "0.1": {
        "coverage": 0.8986267821219277,
        "volume": 24.096459703594416,
        "wsc": 0.6912986445124617,
        "threshold": 4.791899364891372
      }
    },
    "Bonferroni": {
      "params": {},
      "0.01": {
        "coverage": 0.9911659232047582,
        "volume": 190.7543483494313,
        "wsc": 0.9588981198076082,
        "threshold": 3.499192473809581
      },
      "0.02": {
        "coverage": 0.9806699903787283,
        "volume": 110.15857173079712,
        "wsc": 0.9156099693922168,
        "threshold": 2.904941840842684
      },
      "0.05": {
        "coverage": 0.9518936412140295,
        "volume": 58.22474324274653,
        "wsc": 0.8268473983384347,
        "threshold": 2.3509736549054727
      },
      "0.1": {
        "coverage": 0.8974897227324412,
        "volume": 33.49649359839285,
        "wsc": 0.6764320069960648,
        "threshold": 1.9524769032741425
      }
    },
    "Density": {
      "params": {
        "lengthscale": 2.0520672488451486
      },
      "0.01": {
        "coverage": 0.9913408554185253,
        "volume": 84.78471508297825,
        "wsc": 0.9619588981198076,
        "threshold": 0.9730157667164487
      },
      "0.02": {
        "coverage": 0.9817195836613313,
        "volume": 62.143427612616776,
        "wsc": 0.9239177962396152,
        "threshold": 0.8494530051011543
      },
      "0.05": {
        "coverage": 0.9513688445727281,
        "volume": 32.865900711287296,
        "wsc": 0.8404022737210319,
        "threshold": 0.6211349044881671
      },
      "0.1": {
        "coverage": 0.8984518499081606,
        "volume": 20.82457939084307,
        "wsc": 0.7114123305640577,
        "threshold": 0.4858471726233588
      }
    },
    "Kernel": {
      "params": {
        "lengthscale": 2.0520672488451486,
        "gamma": 1.3937700492734448
      },
      "0.01": {
        "coverage": 0.9902037960290387,
        "volume": 48.30041232901382,
        "wsc": 0.9558373414954089,
        "threshold": 0.037540684300563655
      },
      "0.02": {
        "coverage": 0.9797953293098924,
        "volume": 29.86307743935607,
        "wsc": 0.9169217315260166,
        "threshold": 0.01796181584288588
      },
      "0.05": {
        "coverage": 0.9519811073209131,
        "volume": 18.317221958780493,
        "wsc": 0.8194140795802362,
        "threshold": 0.008969715401220846
      },
      "0.1": {
        "coverage": 0.8967899938773726,
        "volume": 10.614980266276895,
        "wsc": 0.6724967205946655,
        "threshold": 0.004485514961840875
      }
    }
  },
  "elapsed_s": 12107.570521116257
}