{
  "dataset": "bio",
  "seed": 26,
  "model": "MLP",
  "split": [
    0.5,
    0.25,
    0.25
  ],
  "alphas": [
    0.01,
    0.02,
    0.05,
    0.1
  ],
  "result": {
    "seed": 26,
    "model": "MLP",
    "model_rmse": 0.6471829569731804,
    "meta": {
      "n_train": 22865,
      "n_cal": 11432,
      "n_test": 11433,
      "d": 3,
      "p": 7,
      "elapsed": 12046.663504838943
    },
    "Mahal": {
      "params": {},
      "0.01": {
        "coverage": 0.989941397708388,
        "volume": 64.20200318798285,
        "wsc": 0.9623961521644075,
        "threshold": 13.945016315166416
      },
      "0.02": {
        "coverage": 0.9770838799965014,
        "volume": 44.83289805391085,
        "wsc": 0.9182334936598163,
        "threshold": 10.976179049791899
      },
      "0.05": {
        "coverage": 0.9497944546488236,
        "volume": 26.007593943217923,
        "wsc": 0.8543944031482291,
        "threshold": 7.634608264110362
      },
      "0.1": {
        "coverage": 0.8993265109769965,
        "volume": 14.90714347697573,
        "wsc": 0.7625710537822474,
        "threshold": 5.268046443868729
      }
    },
    "Bonferroni": {
      "params": {},
      "0.01": {
        "coverage": 0.9894166010670865,
        "volume": 99.1001788517096,
        "wsc": 0.9567118495846086,
        "threshold": 3.45905473073851
      },
      "0.02": {
        "coverage": 0.9776961427446864,
        "volume": 68.03206370959136,
        "wsc": 0.9173589855706166,
        "threshold": 3.0412315493689204
      },
      "0.05": {
        "coverage": 0.9497944546488236,
        "volume": 37.730546294174104,
        "wsc": 0.854831657192829,
        "threshold": 2.4969487613173746
      },
      "0.1": {
        "coverage": 0.9013382314353188,
        "volume": 21.576241471511462,
        "wsc": 0.7721906427634455,
        "threshold": 2.068681596619878
      }
    },
    "Density": {
      "params": {
        "lengthscale": 1.6159684626688953
      },
      "0.01": {
        "coverage": 0.9888918044257851,
        "volume": 62.05260144132365,
        "wsc": 0.9637079142982072,
        "threshold": 1.1316401812701566
      },
      "0.02": {
        "coverage": 0.97778360885157,
        "volume": 42.497390340205705,
        "wsc": 0.9331001311762134,
        "threshold": 0.9732302618875783
      },
      "0.05": {
        "coverage": 0.9489197935799878,
        "volume": 26.078260848319083,
        "wsc": 0.8627022299956275,
        "threshold": 0.7765985194913162
      },
      "0.1": {
        "coverage": 0.8995889092976471,
        "volume": 15.122882426737682,
        "wsc": 0.7870572802798426,
        "threshold": 0.5946288053971632
      }
    },
    "Kernel": {
      "params": {
        "lengthscale": 1.6159684626688953,
        "gamma": 1.7930819209200746
      },
      "0.01": {
        "coverage": 0.9888918044257851,
        "volume": 37.20089695572615,
        "wsc": 0.9527765631832095,
        "threshold": 0.0590518235389077
      },
      "0.02": {
        "coverage": 0.9784833377066386,
        "volume": 22.34283919821245,
        "wsc": 0.9212942719720157,
        "threshold": 0.02964476062324115
      },
      "0.05": {
        "coverage": 0.9462958103734803,
        "volume": 12.349192470128651,
        "wsc": 0.835155225185833,
        "threshold": 0.013350909014134658
      },
      "0.1": {
        "coverage": 0.8989766465494621,
        "volume": 6.676369292541336,
        "wsc": 0.7367730651508526,
        "threshold": 0.006461476609603468
      }
    }
  },
  "elapsed_s": 12046.666130781174
}