{
  "dataset": "bio",
  "seed": 6,
  "model": "MLP",
  "split": [
    0.5,
    0.25,
    0.25
  ],
  "alphas": [
    0.01,
    0.02,
    0.05,
    0.1
  ],
  "result": {
    "seed": 6,
    "model": "MLP",
    "model_rmse": 0.6765638079747691,
    "meta": {
      "n_train": 22865,
      "n_cal": 11432,
      "n_test": 11433,
      "d": 3,
      "p": 7,
      "elapsed": 12155.017699480057
    },
    "Mahal": {
      "params": {},
      "0.01": {
        "coverage": 0.9896789993877373,
        "volume": 80.31434204010577,
        "wsc": 0.9575863576738085,
        "threshold": 14.52578884517824
      },
      "0.02": {
        "coverage": 0.9790956004548238,
        "volume": 54.39320602242602,
        "wsc": 0.9252295583734149,
        "threshold": 11.202305904404819
      },
      "0.05": {
        "coverage": 0.948045132511152,
        "volume": 29.419242574329527,
        "wsc": 0.8578924355050285,
        "threshold": 7.436444042434424
      },
      "0.1": {
        "coverage": 0.8930289512813785,
        "volume": 16.187274324943008,
        "wsc": 0.7599475295146481,
        "threshold": 4.993366853004714
      }
    },
    "Bonferroni": {
      "params": {},
      "0.01": {
        "coverage": 0.9886294061051343,
        "volume": 119.45702024433713,
        "wsc": 0.9540883253170092,
        "threshold": 3.487192565865678
      },
      "0.02": {
        "coverage": 0.9794454648823581,
        "volume": 83.27977038080141,
        "wsc": 0.9282903366856143,
        "threshold": 3.0812381284786445
      },
      "0.05": {
        "coverage": 0.9441966238082743,
        "volume": 42.40705732598412,
        "wsc": 0.8487101005684302,
        "threshold": 2.446753590731388
      },
      "0.1": {
        "coverage": 0.8924166885331933,
        "volume": 23.939467845313615,
        "wsc": 0.7625710537822474,
        "threshold": 2.007029871581519
      }
    },
    "Density": {
      "params": {
        "lengthscale": 1.611528387612447
      },
      "0.01": {
        "coverage": 0.9897664654946209,
        "volume": 67.52963400689625,
        "wsc": 0.9588981198076082,
        "threshold": 1.171485990217654
      },
      "0.02": {
        "coverage": 0.9796203970961253,
        "volume": 46.270647117235505,
        "wsc": 0.934849147354613,
        "threshold": 1.0049561674192733
      },
      "0.05": {
        "coverage": 0.9470830053354325,
        "volume": 25.99142223205478,
        "wsc": 0.8613904678618277,
        "threshold": 0.7659158599893664
      },
      "0.1": {
        "coverage": 0.8951281378465844,
        "volume": 14.511569311637983,
        "wsc": 0.7603847835592479,
        "threshold": 0.571320616769849
      }
    },
    "Kernel": {
      "params": {
        "lengthscale": 1.611528387612447,
        "gamma": 1.457499900606995
      },
      "0.01": {
        "coverage": 0.9907285926703402,
        "volume": 47.305867348384204,
        "wsc": 0.960209881941408,
        "threshold": 0.06535426949797685
      },
      "0.02": {
        "coverage": 0.9802326598443103,
        "volume": 28.875250018826154,
        "wsc": 0.9234805421950153,
        "threshold": 0.031823459725142306
      },
      "0.05": {
        "coverage": 0.9453336831977609,
        "volume": 14.493083236081757,
        "wsc": 0.8325317009182335,
        "threshold": 0.012102890895593245
      },
      "0.1": {
        "coverage": 0.895215603953468,
        "volume": 7.930526413621267,
        "wsc": 0.7170966331438566,
        "threshold": 0.005559245823505377
      }
    }
  },
  "elapsed_s": 12155.022024154663
}