{
  "dataset": "bio",
  "seed": 9,
  "model": "MLP",
  "split": [
    0.5,
    0.25,
    0.25
  ],
  "alphas": [
    0.01,
    0.02,
    0.05,
    0.1
  ],
  "result": {
    "seed": 9,
    "model": "MLP",
    "model_rmse": 0.6557412616929397,
    "meta": {
      "n_train": 22865,
      "n_cal": 11432,
      "n_test": 11433,
      "d": 3,
      "p": 7,
      "elapsed": 12114.639132976532
    },
    "Mahal": {
      "params": {},
      "0.01": {
        "coverage": 0.9875798128225313,
        "volume": 50.27275053509883,
        "wsc": 0.94971578487101,
        "threshold": 15.73895597039901
      },
      "0.02": {
        "coverage": 0.9781334732791044,
        "volume": 32.55317297962223,
        "wsc": 0.9243550502842152,
        "threshold": 11.780119778990949
      },
      "0.05": {
        "coverage": 0.9475203358698504,
        "volume": 17.460410676615453,
        "wsc": 0.85002186270223,
        "threshold": 7.776612490755778
      },
      "0.1": {
        "coverage": 0.9016880958628531,
        "volume": 10.102802945192545,
        "wsc": 0.7555749890686488,
        "threshold": 5.399854740123012
      }
    },
    "Bonferroni": {
      "params": {},
      "0.01": {
        "coverage": 0.9868800839674626,
        "volume": 71.25641519859872,
        "wsc": 0.9470922606034106,
        "threshold": 3.5689909592317632
      },
      "0.02": {
        "coverage": 0.9763841511414327,
        "volume": 46.93814726863753,
        "wsc": 0.9230432881504154,
        "threshold": 3.099093393699534
      },
      "0.05": {
        "coverage": 0.9475203358698504,
        "volume": 24.944489421719844,
        "wsc": 0.8578924355050285,
        "threshold": 2.489055539262597
      },
      "0.1": {
        "coverage": 0.8997638415114143,
        "volume": 14.327188675084429,
        "wsc": 0.7568867512024486,
        "threshold": 2.0562366447922305
      }
    },
    "Density": {
      "params": {
        "lengthscale": 1.5938029715632878
      },
      "0.01": {
        "coverage": 0.9886294061051343,
        "volume": 61.68281693822773,
        "wsc": 0.9615216440752077,
        "threshold": 1.1470483484631528
      },
      "0.02": {
        "coverage": 0.9763841511414327,
        "volume": 41.35908306933313,
        "wsc": 0.9317883690424137,
        "threshold": 0.980575860201429
      },
      "0.05": {
        "coverage": 0.9477827341905012,
        "volume": 23.568699780734914,
        "wsc": 0.8675120244862266,
        "threshold": 0.7635326958394152
      },
      "0.1": {
        "coverage": 0.8996763754045307,
        "volume": 14.4789999458138,
        "wsc": 0.7686926104066463,
        "threshold": 0.587258802956125
      }
    },
    "Kernel": {
      "params": {
        "lengthscale": 1.5938029715632878,
        "gamma": 1.6308658762979513
      },
      "0.01": {
        "coverage": 0.9888043383189015,
        "volume": 39.432977571954225,
        "wsc": 0.9523393091386095,
        "threshold": 0.06431859409401994
      },
      "0.02": {
        "coverage": 0.9768214816758506,
        "volume": 23.0468485376027,
        "wsc": 0.9138609532138172,
        "threshold": 0.029608834138019725
      },
      "0.05": {
        "coverage": 0.9476952680836176,
        "volume": 11.983602183199757,
        "wsc": 0.839965019676432,
        "threshold": 0.012045500435180946
      },
      "0.1": {
        "coverage": 0.8975771888393248,
        "volume": 6.717648729774686,
        "wsc": 0.7271534761696545,
        "threshold": 0.005874604516203994
      }
    }
  },
  "elapsed_s": 12114.642377376556
}