{
  "dataset": "bio",
  "seed": 20,
  "model": "Ridge",
  "split": [
    0.5,
    0.25,
    0.25
  ],
  "alphas": [
    0.01,
    0.02,
    0.05,
    0.1
  ],
  "result": {
    "seed": 20,
    "model": "Ridge",
    "model_rmse": 0.7360172639845173,
    "meta": {
      "n_train": 22865,
      "n_cal": 11432,
      "n_test": 11433,
      "d": 3,
      "p": 7,
      "elapsed": 11945.544931173325
    },
    "Mahal": {
      "params": {},
      "0.01": {
        "coverage": 0.9893291349602029,
        "volume": 119.15202929149065,
        "wsc": 0.9505902929602099,
        "threshold": 13.007597068228186
      },
      "0.02": {
        "coverage": 0.977171346103385,
        "volume": 74.8540149630891,
        "wsc": 0.9016178399650197,
        "threshold": 9.54126986811804
      },
      "0.05": {
        "coverage": 0.9462083442665967,
        "volume": 41.24326898040988,
        "wsc": 0.8124180148666376,
        "threshold": 6.412560866203791
      },
      "0.1": {
        "coverage": 0.8955654683810024,
        "volume": 26.06005948177945,
        "wsc": 0.6764320069960648,
        "threshold": 4.721859369429198
      }
    },
    "Bonferroni": {
      "params": {},
      "0.01": {
        "coverage": 0.9895040671739701,
        "volume": 203.938584878123,
        "wsc": 0.95015303891561,
        "threshold": 3.4620104257308433
      },
      "0.02": {
        "coverage": 0.979882795416776,
        "volume": 120.53180010559724,
        "wsc": 0.9134236991692173,
        "threshold": 2.9073633137499817
      },
      "0.05": {
        "coverage": 0.9475203358698504,
        "volume": 63.40650606647905,
        "wsc": 0.8106689986882378,
        "threshold": 2.3406086381102025
      },
      "0.1": {
        "coverage": 0.8960027989154202,
        "volume": 37.07682189040629,
        "wsc": 0.6676869261040664,
        "threshold": 1.9560092030460874
      }
    },
    "Density": {
      "params": {
        "lengthscale": 2.0047253024069884
      },
      "0.01": {
        "coverage": 0.9882795416775999,
        "volume": 80.56337165528058,
        "wsc": 0.9466550065588106,
        "threshold": 0.9776611989481423
      },
      "0.02": {
        "coverage": 0.97778360885157,
        "volume": 60.75586671989454,
        "wsc": 0.910362920857018,
        "threshold": 0.8643431629739674
      },
      "0.05": {
        "coverage": 0.9483949969386862,
        "volume": 33.26953991985764,
        "wsc": 0.8268473983384347,
        "threshold": 0.6420018758685055
      },
      "0.1": {
        "coverage": 0.896265197236071,
        "volume": 20.369761766479716,
        "wsc": 0.7035417577612593,
        "threshold": 0.49912852391372603
      }
    },
    "Kernel": {
      "params": {
        "lengthscale": 2.0047253024069884,
        "gamma": 1.5577315600036044
      },
      "0.01": {
        "coverage": 0.9893291349602029,
        "volume": 47.92034649007018,
        "wsc": 0.9514648010494097,
        "threshold": 0.04228737933137917
      },
      "0.02": {
        "coverage": 0.9769964138896178,
        "volume": 28.12890603557254,
        "wsc": 0.9024923480542195,
        "threshold": 0.019399700814771218
      },
      "0.05": {
        "coverage": 0.9455086154115281,
        "volume": 16.642802200373016,
        "wsc": 0.7962396152164407,
        "threshold": 0.009379184554924811
      },
      "0.1": {
        "coverage": 0.8960902650223038,
        "volume": 10.602557386338022,
        "wsc": 0.6668124180148667,
        "threshold": 0.0049779406731505224
      }
    }
  },
  "elapsed_s": 11945.547155380249
}