{
  "dataset": "house",
  "seed": 2,
  "model": "Ridge",
  "split": [
    0.5,
    0.25,
    0.25
  ],
  "alphas": [
    0.01,
    0.02,
    0.05,
    0.1
  ],
  "result": {
    "seed": 2,
    "model": "Ridge",
    "model_rmse": 0.7235274442385442,
    "meta": {
      "n_train": 10806,
      "n_cal": 5403,
      "n_test": 5404,
      "d": 3,
      "p": 16,
      "elapsed": 7681.496754169464
    },
    "Mahal": {
      "params": {},
      "0.01": {
        "coverage": 0.9890821613619541,
        "volume": 115.11492256883488,
        "wsc": 0.9491211840888066,
        "threshold": 21.628178820975027
      },
      "0.02": {
        "coverage": 0.9800148038490007,
        "volume": 67.7331489308619,
        "wsc": 0.9158186864014801,
        "threshold": 15.186803680474187
      },
      "0.05": {
        "coverage": 0.9533678756476683,
        "volume": 29.103402552215588,
        "wsc": 0.8251618871415356,
        "threshold": 8.647582463022038
      },
      "0.1": {
        "coverage": 0.8972982975573649,
        "volume": 16.610213518387162,
        "wsc": 0.7076780758556892,
        "threshold": 5.9499823572309065
      }
    },
    "Bonferroni": {
      "params": {},
      "0.01": {
        "coverage": 0.9903774981495189,
        "volume": 120.53422821997265,
        "wsc": 0.9555966697502313,
        "threshold": 4.104045864098858
      },
      "0.02": {
        "coverage": 0.9790895632864545,
        "volume": 81.84242781150067,
        "wsc": 0.913968547641073,
        "threshold": 3.376591925264868
      },
      "0.05": {
        "coverage": 0.9489267209474463,
        "volume": 37.8146249462547,
        "wsc": 0.8260869565217391,
        "threshold": 2.5158532836279277
      },
      "0.1": {
        "coverage": 0.8993338267949667,
        "volume": 21.08423778351848,
        "wsc": 0.7335800185013877,
        "threshold": 2.070666531457119
      }
    },
    "Density": {
      "params": {
        "lengthscale": 2.094932696841509
      },
      "0.01": {
        "coverage": 0.9900074019245003,
        "volume": 93.81507220350875,
        "wsc": 0.9555966697502313,
        "threshold": 0.9953722909801765
      },
      "0.02": {
        "coverage": 0.9761287934863064,
        "volume": 56.20773111394434,
        "wsc": 0.9084181313598519,
        "threshold": 0.789481864098954
      },
      "0.05": {
        "coverage": 0.9520725388601037,
        "volume": 35.157744096445505,
        "wsc": 0.8566142460684552,
        "threshold": 0.6275674476972609
      },
      "0.1": {
        "coverage": 0.9004441154700222,
        "volume": 22.73316751903542,
        "wsc": 0.759481961147086,
        "threshold": 0.5003485833052675
      }
    },
    "Kernel": {
      "params": {
        "lengthscale": 2.094932696841509,
        "gamma": 0.7787930345251098
      },
      "0.01": {
        "coverage": 0.9900074019245003,
        "volume": 72.79266372488287,
        "wsc": 0.9555966697502313,
        "threshold": 0.04884851964806089
      },
      "0.02": {
        "coverage": 0.9785344189489267,
        "volume": 46.55257361755084,
        "wsc": 0.910268270120259,
        "threshold": 0.02534523878502601
      },
      "0.05": {
        "coverage": 0.9526276831976314,
        "volume": 26.90642319171412,
        "wsc": 0.8334875115633672,
        "threshold": 0.011699117714477755
      },
      "0.1": {
        "coverage": 0.8985936343449297,
        "volume": 15.90036210568885,
        "wsc": 0.7252543940795559,
        "threshold": 0.005920683524914371
      }
    }
  },
  "elapsed_s": 7681.497375011444
}