{
  "dataset": "house",
  "seed": 46,
  "model": "MLP",
  "split": [
    0.5,
    0.25,
    0.25
  ],
  "alphas": [
    0.01,
    0.02,
    0.05,
    0.1
  ],
  "result": {
    "seed": 46,
    "model": "MLP",
    "model_rmse": 0.578192882171505,
    "meta": {
      "n_train": 10806,
      "n_cal": 5403,
      "n_test": 5404,
      "d": 3,
      "p": 16,
      "elapsed": 5729.095255613327
    },
    "Mahal": {
      "params": {},
      "0.01": {
        "coverage": 0.9894522575869726,
        "volume": 75.2105852913899,
        "wsc": 0.9546716003700277,
        "threshold": 23.737656700639036
      },
      "0.02": {
        "coverage": 0.9742783123612139,
        "volume": 40.65056872029721,
        "wsc": 0.9047178538390379,
        "threshold": 15.750570286464676
      },
      "0.05": {
        "coverage": 0.944300518134715,
        "volume": 19.97637534713901,
        "wsc": 0.8177613320999075,
        "threshold": 9.808358373086183
      },
      "0.1": {
        "coverage": 0.8969282013323464,
        "volume": 10.968199456462251,
        "wsc": 0.7086031452358927,
        "threshold": 6.576711009855539
      }
    },
    "Bonferroni": {
      "params": {},
      "0.01": {
        "coverage": 0.9881569207994079,
        "volume": 105.17257817090346,
        "wsc": 0.9537465309898242,
        "threshold": 4.297278773375627
      },
      "0.02": {
        "coverage": 0.9731680236861584,
        "volume": 59.60972231375302,
        "wsc": 0.9056429232192414,
        "threshold": 3.5516856037552786
      },
      "0.05": {
        "coverage": 0.9435603256846781,
        "volume": 27.568900169265387,
        "wsc": 0.8288621646623496,
        "threshold": 2.748035093001428
      },
      "0.1": {
        "coverage": 0.8961880088823094,
        "volume": 14.366392727706394,
        "wsc": 0.7298797409805735,
        "threshold": 2.215887958694087
      }
    },
    "Density": {
      "params": {
        "lengthscale": 1.6184674607830907
      },
      "0.01": {
        "coverage": 0.9883419689119171,
        "volume": 74.29202676198514,
        "wsc": 0.9555966697502313,
        "threshold": 1.2143109132155896
      },
      "0.02": {
        "coverage": 0.9744633604737232,
        "volume": 44.02233440076529,
        "wsc": 0.9185938945420906,
        "threshold": 0.997716672968153
      },
      "0.05": {
        "coverage": 0.9435603256846781,
        "volume": 24.216043053022126,
        "wsc": 0.8427382053654024,
        "threshold": 0.7642065048730283
      },
      "0.1": {
        "coverage": 0.8978534418948927,
        "volume": 13.863970197350838,
        "wsc": 0.7520814061054579,
        "threshold": 0.5788769132469856
      }
    },
    "Kernel": {
      "params": {
        "lengthscale": 1.6184674607830907,
        "gamma": 1.0827842698137196
      },
      "0.01": {
        "coverage": 0.9863064396743153,
        "volume": 55.7580572177323,
        "wsc": 0.9454209065679926,
        "threshold": 0.08717978850176498
      },
      "0.02": {
        "coverage": 0.9753886010362695,
        "volume": 36.499008827513116,
        "wsc": 0.9084181313598519,
        "threshold": 0.04873116721862839
      },
      "0.05": {
        "coverage": 0.9439304219096966,
        "volume": 18.79494009599147,
        "wsc": 0.8159111933395005,
        "threshold": 0.01979203827225286
      },
      "0.1": {
        "coverage": 0.8961880088823094,
        "volume": 10.348458305093192,
        "wsc": 0.7086031452358927,
        "threshold": 0.009523794034696494
      }
    }
  },
  "elapsed_s": 5729.095791816711
}