{
  "dataset": "house",
  "seed": 15,
  "model": "Ridge",
  "split": [
    0.5,
    0.25,
    0.25
  ],
  "alphas": [
    0.01,
    0.02,
    0.05,
    0.1
  ],
  "result": {
    "seed": 15,
    "model": "Ridge",
    "model_rmse": 0.7128779488020931,
    "meta": {
      "n_train": 10806,
      "n_cal": 5403,
      "n_test": 5404,
      "d": 3,
      "p": 16,
      "elapsed": 7639.896150112152
    },
    "Mahal": {
      "params": {},
      "0.01": {
        "coverage": 0.9890821613619541,
        "volume": 118.00040919375903,
        "wsc": 0.9500462534690102,
        "threshold": 21.690199427793203
      },
      "0.02": {
        "coverage": 0.9818652849740933,
        "volume": 66.68664652974104,
        "wsc": 0.9259944495837188,
        "threshold": 14.826334312793245
      },
      "0.05": {
        "coverage": 0.9529977794226498,
        "volume": 28.88269134662575,
        "wsc": 0.8334875115633672,
        "threshold": 8.487236595692764
      },
      "0.1": {
        "coverage": 0.9006291635825314,
        "volume": 16.411080319972886,
        "wsc": 0.730804810360777,
        "threshold": 5.822363516283588
      }
    },
    "Bonferroni": {
      "params": {},
      "0.01": {
        "coverage": 0.9892672094744633,
        "volume": 127.10385905684056,
        "wsc": 0.9528214616096207,
        "threshold": 4.1506038092658075
      },
      "0.02": {
        "coverage": 0.9822353811991118,
        "volume": 84.6232707371602,
        "wsc": 0.9287696577243293,
        "threshold": 3.38736013391678
      },
      "0.05": {
        "coverage": 0.9533678756476683,
        "volume": 38.47695732270577,
        "wsc": 0.8464384828862165,
        "threshold": 2.5119915600276976
      },
      "0.1": {
        "coverage": 0.8993338267949667,
        "volume": 20.931701133035446,
        "wsc": 0.7437557816836263,
        "threshold": 2.0469196999324186
      }
    },
    "Density": {
      "params": {
        "lengthscale": 2.1036730050398416
      },
      "0.01": {
        "coverage": 0.9901924500370096,
        "volume": 95.89510997204154,
        "wsc": 0.9574468085106383,
        "threshold": 1.0020794762814447
      },
      "0.02": {
        "coverage": 0.9826054774241303,
        "volume": 61.01371149119385,
        "wsc": 0.9296947271045328,
        "threshold": 0.8158592090814308
      },
      "0.05": {
        "coverage": 0.9504071058475203,
        "volume": 34.55826442136628,
        "wsc": 0.8612395929694727,
        "threshold": 0.6158286787420616
      },
      "0.1": {
        "coverage": 0.8985936343449297,
        "volume": 22.104216148867973,
        "wsc": 0.7687326549491211,
        "threshold": 0.48828823752702494
      }
    },
    "Kernel": {
      "params": {
        "lengthscale": 2.1036730050398416,
        "gamma": 0.8208558862620622
      },
      "0.01": {
        "coverage": 0.9907475943745374,
        "volume": 76.17054536121162,
        "wsc": 0.9583718778908418,
        "threshold": 0.05312183666418945
      },
      "0.02": {
        "coverage": 0.9844559585492227,
        "volume": 50.14671307083421,
        "wsc": 0.9361702127659575,
        "threshold": 0.028766325133986626
      },
      "0.05": {
        "coverage": 0.9509622501850481,
        "volume": 27.194962445955017,
        "wsc": 0.8427382053654024,
        "threshold": 0.012128643915353413
      },
      "0.1": {
        "coverage": 0.8985936343449297,
        "volume": 15.567214125559154,
        "wsc": 0.730804810360777,
        "threshold": 0.005928438356883531
      }
    }
  },
  "elapsed_s": 7639.896883964539
}