{
  "dataset": "house",
  "seed": 40,
  "model": "MLP",
  "split": [
    0.5,
    0.25,
    0.25
  ],
  "alphas": [
    0.01,
    0.02,
    0.05,
    0.1
  ],
  "result": {
    "seed": 40,
    "model": "MLP",
    "model_rmse": 0.5758803963783055,
    "meta": {
      "n_train": 10806,
      "n_cal": 5403,
      "n_test": 5404,
      "d": 3,
      "p": 16,
      "elapsed": 5883.806021928787
    },
    "Mahal": {
      "params": {},
      "0.01": {
        "coverage": 0.9887120651369357,
        "volume": 82.01528211628984,
        "wsc": 0.9500462534690102,
        "threshold": 24.66094550016516
      },
      "0.02": {
        "coverage": 0.9772390821613619,
        "volume": 45.573219032457025,
        "wsc": 0.9121184088806661,
        "threshold": 16.668109256168
      },
      "0.05": {
        "coverage": 0.9480014803849001,
        "volume": 21.50447587091574,
        "wsc": 0.8390379278445883,
        "threshold": 10.102583359839159
      },
      "0.1": {
        "coverage": 0.9080310880829016,
        "volume": 11.993864047055988,
        "wsc": 0.7548566142460684,
        "threshold": 6.845196965414944
      }
    },
    "Bonferroni": {
      "params": {},
      "0.01": {
        "coverage": 0.9885270170244264,
        "volume": 116.21321652708319,
        "wsc": 0.9500462534690102,
        "threshold": 4.398591642241093
      },
      "0.02": {
        "coverage": 0.9774241302738712,
        "volume": 64.41614671551845,
        "wsc": 0.9185938945420906,
        "threshold": 3.6154423899242767
      },
      "0.05": {
        "coverage": 0.9481865284974094,
        "volume": 29.4673641740883,
        "wsc": 0.8501387604070305,
        "threshold": 2.785603428521159
      },
      "0.1": {
        "coverage": 0.9022945965951147,
        "volume": 15.6959933610872,
        "wsc": 0.7548566142460684,
        "threshold": 2.250896357357667
      }
    },
    "Density": {
      "params": {
        "lengthscale": 1.5819770162942004
      },
      "0.01": {
        "coverage": 0.9874167283493709,
        "volume": 79.39961403284661,
        "wsc": 0.9500462534690102,
        "threshold": 1.264040615301768
      },
      "0.02": {
        "coverage": 0.9768689859363434,
        "volume": 49.073134526569824,
        "wsc": 0.9269195189639223,
        "threshold": 1.0664053729360863
      },
      "0.05": {
        "coverage": 0.9502220577350111,
        "volume": 26.138839236814718,
        "wsc": 0.8686401480111008,
        "threshold": 0.8138782232469186
      },
      "0.1": {
        "coverage": 0.9043301258327165,
        "volume": 14.581623049046442,
        "wsc": 0.7779833487511564,
        "threshold": 0.6102069497944033
      }
    },
    "Kernel": {
      "params": {
        "lengthscale": 1.5819770162942004,
        "gamma": 1.0105785522751909
      },
      "0.01": {
        "coverage": 0.9870466321243523,
        "volume": 59.05360423879351,
        "wsc": 0.9472710453283997,
        "threshold": 0.08926175343333988
      },
      "0.02": {
        "coverage": 0.9770540340488527,
        "volume": 39.010253920850964,
        "wsc": 0.9130434782608695,
        "threshold": 0.05032626970215685
      },
      "0.05": {
        "coverage": 0.9522575869726129,
        "volume": 20.05647771690638,
        "wsc": 0.849213691026827,
        "threshold": 0.0207268300220305
      },
      "0.1": {
        "coverage": 0.9058105107327905,
        "volume": 11.022639329963384,
        "wsc": 0.7428307123034228,
        "threshold": 0.009941142502184341
      }
    }
  },
  "elapsed_s": 5883.806729316711
}