{
  "dataset": "house",
  "seed": 1,
  "model": "Ridge",
  "split": [
    0.5,
    0.25,
    0.25
  ],
  "alphas": [
    0.01,
    0.02,
    0.05,
    0.1
  ],
  "result": {
    "seed": 1,
    "model": "Ridge",
    "model_rmse": 0.7164557704393693,
    "meta": {
      "n_train": 10806,
      "n_cal": 5403,
      "n_test": 5404,
      "d": 3,
      "p": 16,
      "elapsed": 7636.461485862732
    },
    "Mahal": {
      "params": {},
      "0.01": {
        "coverage": 0.9881569207994079,
        "volume": 109.09797255200384,
        "wsc": 0.9454209065679926,
        "threshold": 21.17351075852141
      },
      "0.02": {
        "coverage": 0.9774241302738712,
        "volume": 60.31512918755187,
        "wsc": 0.902867715078631,
        "threshold": 14.262618385629752
      },
      "0.05": {
        "coverage": 0.9437453737971873,
        "volume": 25.460720631765625,
        "wsc": 0.8038852913968547,
        "threshold": 8.025933341608015
      },
      "0.1": {
        "coverage": 0.8954478164322723,
        "volume": 15.630898144386618,
        "wsc": 0.7095282146160962,
        "threshold": 5.797459313179123
      }
    },
    "Bonferroni": {
      "params": {},
      "0.01": {
        "coverage": 0.9876017764618801,
        "volume": 132.84253528923537,
        "wsc": 0.9454209065679926,
        "threshold": 4.095963201693085
      },
      "0.02": {
        "coverage": 0.978719467061436,
        "volume": 84.8502199366024,
        "wsc": 0.910268270120259,
        "threshold": 3.300004381674397
      },
      "0.05": {
        "coverage": 0.9446706143597335,
        "volume": 35.417953616966024,
        "wsc": 0.8233117483811286,
        "threshold": 2.465696833832769
      },
      "0.1": {
        "coverage": 0.8998889711324944,
        "volume": 20.141162895606403,
        "wsc": 0.7345050878815911,
        "threshold": 2.040767920494654
      }
    },
    "Density": {
      "params": {
        "lengthscale": 2.0965383090291327
      },
      "0.01": {
        "coverage": 0.9870466321243523,
        "volume": 83.7719373263907,
        "wsc": 0.9435707678075855,
        "threshold": 0.943085340354545
      },
      "0.02": {
        "coverage": 0.9764988897113249,
        "volume": 56.51841157789168,
        "wsc": 0.906567992599445,
        "threshold": 0.7886331121148457
      },
      "0.05": {
        "coverage": 0.9415247964470762,
        "volume": 33.26474962662434,
        "wsc": 0.8325624421831638,
        "threshold": 0.6075322538701159
      },
      "0.1": {
        "coverage": 0.8937823834196891,
        "volume": 21.999250884774188,
        "wsc": 0.7409805735430157,
        "threshold": 0.48944565369063714
      }
    },
    "Kernel": {
      "params": {
        "lengthscale": 2.0965383090291327,
        "gamma": 1.0487164967645344
      },
      "0.01": {
        "coverage": 0.9859363434492968,
        "volume": 65.05257475534648,
        "wsc": 0.9352451433857539,
        "threshold": 0.05156731183347828
      },
      "0.02": {
        "coverage": 0.9777942264988897,
        "volume": 45.708695635121046,
        "wsc": 0.9037927844588344,
        "threshold": 0.0313007052021628
      },
      "0.05": {
        "coverage": 0.9411547002220577,
        "volume": 24.469082748812706,
        "wsc": 0.8094357076780758,
        "threshold": 0.01329825097252258
      },
      "0.1": {
        "coverage": 0.8937823834196891,
        "volume": 14.939323221156206,
        "wsc": 0.7095282146160962,
        "threshold": 0.007111327434041612
      }
    }
  },
  "elapsed_s": 7636.46218585968
}