{
  "dataset": "house",
  "seed": 21,
  "model": "Ridge",
  "split": [
    0.5,
    0.25,
    0.25
  ],
  "alphas": [
    0.01,
    0.02,
    0.05,
    0.1
  ],
  "result": {
    "seed": 21,
    "model": "Ridge",
    "model_rmse": 0.7222637847784624,
    "meta": {
      "n_train": 10806,
      "n_cal": 5403,
      "n_test": 5404,
      "d": 3,
      "p": 16,
      "elapsed": 7532.489335536957
    },
    "Mahal": {
      "params": {},
      "0.01": {
        "coverage": 0.9898223538119911,
        "volume": 132.47269621840368,
        "wsc": 0.9537465309898242,
        "threshold": 22.163315048789098
      },
      "0.02": {
        "coverage": 0.9772390821613619,
        "volume": 68.70085273065789,
        "wsc": 0.9084181313598519,
        "threshold": 14.306230607153646
      },
      "0.05": {
        "coverage": 0.9426350851221318,
        "volume": 28.345714228129825,
        "wsc": 0.8011100832562442,
        "threshold": 7.928823295835416
      },
      "0.1": {
        "coverage": 0.8902664692820134,
        "volume": 16.97867943441356,
        "wsc": 0.6938020351526365,
        "threshold": 5.634037612972309
      }
    },
    "Bonferroni": {
      "params": {},
      "0.01": {
        "coverage": 0.9900074019245003,
        "volume": 140.26986802110562,
        "wsc": 0.9565217391304348,
        "threshold": 4.267658645018085
      },
      "0.02": {
        "coverage": 0.979459659511473,
        "volume": 85.34942571163499,
        "wsc": 0.9176688251618872,
        "threshold": 3.3238857175614203
      },
      "0.05": {
        "coverage": 0.9430051813471503,
        "volume": 38.2182509487389,
        "wsc": 0.8149861239592969,
        "threshold": 2.4329067981367944
      },
      "0.1": {
        "coverage": 0.8952627683197631,
        "volume": 21.43973326150274,
        "wsc": 0.723404255319149,
        "threshold": 2.003055484385921
      }
    },
    "Density": {
      "params": {
        "lengthscale": 2.131924739800517
      },
      "0.01": {
        "coverage": 0.9903774981495189,
        "volume": 103.85955544974136,
        "wsc": 0.9565217391304348,
        "threshold": 1.0184919522173868
      },
      "0.02": {
        "coverage": 0.9807549962990377,
        "volume": 65.34993704591163,
        "wsc": 0.9213691026827012,
        "threshold": 0.8232706126708171
      },
      "0.05": {
        "coverage": 0.9489267209474463,
        "volume": 36.91074779035854,
        "wsc": 0.849213691026827,
        "threshold": 0.6227137542445861
      },
      "0.1": {
        "coverage": 0.8958179126572909,
        "volume": 22.822899039200532,
        "wsc": 0.7493061979648473,
        "threshold": 0.4846064627237056
      }
    },
    "Kernel": {
      "params": {
        "lengthscale": 2.131924739800517,
        "gamma": 0.874842996212753
      },
      "0.01": {
        "coverage": 0.9911176905995559,
        "volume": 80.44794813567617,
        "wsc": 0.9611470860314524,
        "threshold": 0.05688165232032405
      },
      "0.02": {
        "coverage": 0.977979274611399,
        "volume": 50.19285601650451,
        "wsc": 0.9111933395004626,
        "threshold": 0.028976561306435628
      },
      "0.05": {
        "coverage": 0.9444855662472242,
        "volume": 27.089208837205042,
        "wsc": 0.8140610545790934,
        "threshold": 0.012470867557157012
      },
      "0.1": {
        "coverage": 0.8904515173945226,
        "volume": 16.184499754875535,
        "wsc": 0.6956521739130435,
        "threshold": 0.00644454957145678
      }
    }
  },
  "elapsed_s": 7532.490316390991
}