{
  "dataset": "house",
  "seed": 10,
  "model": "Ridge",
  "split": [
    0.5,
    0.25,
    0.25
  ],
  "alphas": [
    0.01,
    0.02,
    0.05,
    0.1
  ],
  "result": {
    "seed": 10,
    "model": "Ridge",
    "model_rmse": 0.7203061723457136,
    "meta": {
      "n_train": 10806,
      "n_cal": 5403,
      "n_test": 5404,
      "d": 3,
      "p": 16,
      "elapsed": 7630.971060037613
    },
    "Mahal": {
      "params": {},
      "0.01": {
        "coverage": 0.9881569207994079,
        "volume": 105.35287937752939,
        "wsc": 0.9463459759481961,
        "threshold": 19.71065878106385
      },
      "0.02": {
        "coverage": 0.9792746113989638,
        "volume": 64.3640590900427,
        "wsc": 0.9121184088806661,
        "threshold": 14.191636645415498
      },
      "0.05": {
        "coverage": 0.9505921539600296,
        "volume": 28.12873647091021,
        "wsc": 0.8242368177613321,
        "threshold": 8.172790181286123
      },
      "0.1": {
        "coverage": 0.8950777202072538,
        "volume": 16.446736542486835,
        "wsc": 0.7095282146160962,
        "threshold": 5.714655091964151
      }
    },
    "Bonferroni": {
      "params": {},
      "0.01": {
        "coverage": 0.9883419689119171,
        "volume": 113.67893211796823,
        "wsc": 0.9481961147086031,
        "threshold": 3.9371495635305003
      },
      "0.02": {
        "coverage": 0.9776091783863805,
        "volume": 76.63598675154627,
        "wsc": 0.910268270120259,
        "threshold": 3.2307067966354657
      },
      "0.05": {
        "coverage": 0.9485566247224279,
        "volume": 37.91808929324435,
        "wsc": 0.8325624421831638,
        "threshold": 2.489070524300151
      },
      "0.1": {
        "coverage": 0.8991487786824575,
        "volume": 20.69079131537665,
        "wsc": 0.7335800185013877,
        "threshold": 2.032058429791331
      }
    },
    "Density": {
      "params": {
        "lengthscale": 2.1026715144969006
      },
      "0.01": {
        "coverage": 0.985381199111769,
        "volume": 78.66419720817835,
        "wsc": 0.9361702127659575,
        "threshold": 0.9168839493061471
      },
      "0.02": {
        "coverage": 0.9755736491487786,
        "volume": 55.459221221676366,
        "wsc": 0.906567992599445,
        "threshold": 0.779241546746494
      },
      "0.05": {
        "coverage": 0.945040710584752,
        "volume": 34.248496047902115,
        "wsc": 0.8390379278445883,
        "threshold": 0.614281312875862
      },
      "0.1": {
        "coverage": 0.8952627683197631,
        "volume": 21.61980226356456,
        "wsc": 0.7483811285846439,
        "threshold": 0.483584382084406
      }
    },
    "Kernel": {
      "params": {
        "lengthscale": 2.1026715144969006,
        "gamma": 0.870608334946908
      },
      "0.01": {
        "coverage": 0.9887120651369357,
        "volume": 68.60082273118994,
        "wsc": 0.9509713228492137,
        "threshold": 0.05018037652297786
      },
      "0.02": {
        "coverage": 0.9770540340488527,
        "volume": 47.31398111418179,
        "wsc": 0.9010175763182239,
        "threshold": 0.028672901319247997
      },
      "0.05": {
        "coverage": 0.9467061435973353,
        "volume": 26.165710457932782,
        "wsc": 0.8233117483811286,
        "threshold": 0.01229276025533162
      },
      "0.1": {
        "coverage": 0.8943375277572169,
        "volume": 15.48325557597544,
        "wsc": 0.7141535615171137,
        "threshold": 0.0062071033986962985
      }
    }
  },
  "elapsed_s": 7630.9718606472015
}