{
  "dataset": "house",
  "seed": 1,
  "model": "MLP",
  "split": [
    0.5,
    0.25,
    0.25
  ],
  "alphas": [
    0.01,
    0.02,
    0.05,
    0.1
  ],
  "result": {
    "seed": 1,
    "model": "MLP",
    "model_rmse": 0.5818528567160671,
    "meta": {
      "n_train": 10806,
      "n_cal": 5403,
      "n_test": 5404,
      "d": 3,
      "p": 16,
      "elapsed": 7659.12494969368
    },
    "Mahal": {
      "params": {},
      "0.01": {
        "coverage": 0.9877868245743894,
        "volume": 67.78478717201443,
        "wsc": 0.9444958371877891,
        "threshold": 22.802698558331645
      },
      "0.02": {
        "coverage": 0.9746484085862325,
        "volume": 39.56698646915869,
        "wsc": 0.9010175763182239,
        "threshold": 15.926489925031166
      },
      "0.05": {
        "coverage": 0.939119170984456,
        "volume": 17.954606785038816,
        "wsc": 0.8103607770582794,
        "threshold": 9.404781001948509
      },
      "0.1": {
        "coverage": 0.8961880088823094,
        "volume": 10.51534235447685,
        "wsc": 0.7187789084181314,
        "threshold": 6.583351335146615
      }
    },
    "Bonferroni": {
      "params": {},
      "0.01": {
        "coverage": 0.9888971132494448,
        "volume": 105.2347438994545,
        "wsc": 0.9518963922294172,
        "threshold": 4.350735125608039
      },
      "0.02": {
        "coverage": 0.9740932642487047,
        "volume": 56.8313844069799,
        "wsc": 0.9074930619796485,
        "threshold": 3.544638487685453
      },
      "0.05": {
        "coverage": 0.9426350851221318,
        "volume": 26.276904903601626,
        "wsc": 0.8251618871415356,
        "threshold": 2.736377560166452
      },
      "0.1": {
        "coverage": 0.8943375277572169,
        "volume": 14.18276269426133,
        "wsc": 0.7335800185013877,
        "threshold": 2.229978376045781
      }
    },
    "Density": {
      "params": {
        "lengthscale": 1.6369607108783175
      },
      "0.01": {
        "coverage": 0.9892672094744633,
        "volume": 70.34333010947962,
        "wsc": 0.9602220166512488,
        "threshold": 1.1781183261112163
      },
      "0.02": {
        "coverage": 0.9757586972612879,
        "volume": 45.255194863165805,
        "wsc": 0.9222941720629048,
        "threshold": 0.9942017276733228
      },
      "0.05": {
        "coverage": 0.9437453737971873,
        "volume": 24.051179301335416,
        "wsc": 0.8418131359851989,
        "threshold": 0.7478383004169518
      },
      "0.1": {
        "coverage": 0.8913767579570688,
        "volume": 13.668487177476196,
        "wsc": 0.7520814061054579,
        "threshold": 0.5628360300155335
      }
    },
    "Kernel": {
      "params": {
        "lengthscale": 1.6369607108783175,
        "gamma": 0.987227770860657
      },
      "0.01": {
        "coverage": 0.9872316802368616,
        "volume": 51.531562457189075,
        "wsc": 0.9472710453283997,
        "threshold": 0.07488931386083218
      },
      "0.02": {
        "coverage": 0.9764988897113249,
        "volume": 34.80736467589355,
        "wsc": 0.913968547641073,
        "threshold": 0.04354406901752022
      },
      "0.05": {
        "coverage": 0.938378978534419,
        "volume": 16.873910265752897,
        "wsc": 0.8029602220166513,
        "threshold": 0.016441325750089473
      },
      "0.1": {
        "coverage": 0.8958179126572909,
        "volume": 10.059628341609113,
        "wsc": 0.7243293246993524,
        "threshold": 0.008612666236501624
      }
    }
  },
  "elapsed_s": 7659.125438690186
}