{
  "dataset": "house",
  "seed": 20,
  "model": "Ridge",
  "split": [
    0.5,
    0.25,
    0.25
  ],
  "alphas": [
    0.01,
    0.02,
    0.05,
    0.1
  ],
  "result": {
    "seed": 20,
    "model": "Ridge",
    "model_rmse": 0.7170678516838952,
    "meta": {
      "n_train": 10806,
      "n_cal": 5403,
      "n_test": 5404,
      "d": 3,
      "p": 16,
      "elapsed": 7522.4612429142
    },
    "Mahal": {
      "params": {},
      "0.01": {
        "coverage": 0.9918578830495929,
        "volume": 130.93144705082764,
        "wsc": 0.9620721554116559,
        "threshold": 21.751153446047194
      },
      "0.02": {
        "coverage": 0.9826054774241303,
        "volume": 72.40211528492213,
        "wsc": 0.9232192414431082,
        "threshold": 14.653920017934498
      },
      "0.05": {
        "coverage": 0.9481865284974094,
        "volume": 28.68176835778357,
        "wsc": 0.8159111933395005,
        "threshold": 7.904181964324176
      },
      "0.1": {
        "coverage": 0.9004441154700222,
        "volume": 17.512028964809172,
        "wsc": 0.7095282146160962,
        "threshold": 5.688668479340919
      }
    },
    "Bonferroni": {
      "params": {},
      "0.01": {
        "coverage": 0.9918578830495929,
        "volume": 139.60369729720455,
        "wsc": 0.9629972247918593,
        "threshold": 4.185962423435847
      },
      "0.02": {
        "coverage": 0.9807549962990377,
        "volume": 87.9084283831691,
        "wsc": 0.9213691026827012,
        "threshold": 3.3149788296654856
      },
      "0.05": {
        "coverage": 0.9502220577350111,
        "volume": 39.89518449451078,
        "wsc": 0.8288621646623496,
        "threshold": 2.4592125636539977
      },
      "0.1": {
        "coverage": 0.8998889711324944,
        "volume": 21.951703776712286,
        "wsc": 0.730804810360777,
        "threshold": 2.014840439302162
      }
    },
    "Density": {
      "params": {
        "lengthscale": 2.1389154784883293
      },
      "0.01": {
        "coverage": 0.9905625462620281,
        "volume": 102.20224499161593,
        "wsc": 0.9574468085106383,
        "threshold": 1.0056092953314493
      },
      "0.02": {
        "coverage": 0.982420429311621,
        "volume": 64.10568020980035,
        "wsc": 0.9278445883441259,
        "threshold": 0.8132292018480384
      },
      "0.05": {
        "coverage": 0.9491117690599555,
        "volume": 36.245520385159104,
        "wsc": 0.8408880666049954,
        "threshold": 0.6133589206104032
      },
      "0.1": {
        "coverage": 0.9022945965951147,
        "volume": 23.451955843652733,
        "wsc": 0.7641073080481036,
        "threshold": 0.4898649513425426
      }
    },
    "Kernel": {
      "params": {
        "lengthscale": 2.1389154784883293,
        "gamma": 0.9699905591635538
      },
      "0.01": {
        "coverage": 0.9885270170244264,
        "volume": 71.31698673691444,
        "wsc": 0.9472710453283997,
        "threshold": 0.049816139216777626
      },
      "0.02": {
        "coverage": 0.9764988897113249,
        "volume": 48.21711765961874,
        "wsc": 0.9019426456984274,
        "threshold": 0.028312683134256975
      },
      "0.05": {
        "coverage": 0.9481865284974094,
        "volume": 28.184416203216383,
        "wsc": 0.818686401480111,
        "threshold": 0.01358591214664887
      },
      "0.1": {
        "coverage": 0.9022945965951147,
        "volume": 16.9784782019192,
        "wsc": 0.7243293246993524,
        "threshold": 0.007088852256406394
      }
    }
  },
  "elapsed_s": 7522.4619109630585
}