{
  "dataset": "house",
  "seed": 2,
  "model": "MLP",
  "split": [
    0.5,
    0.25,
    0.25
  ],
  "alphas": [
    0.01,
    0.02,
    0.05,
    0.1
  ],
  "result": {
    "seed": 2,
    "model": "MLP",
    "model_rmse": 0.5850505747955398,
    "meta": {
      "n_train": 10806,
      "n_cal": 5403,
      "n_test": 5404,
      "d": 3,
      "p": 16,
      "elapsed": 7645.515477657318
    },
    "Mahal": {
      "params": {},
      "0.01": {
        "coverage": 0.9914877868245744,
        "volume": 78.30305037114901,
        "wsc": 0.9620721554116559,
        "threshold": 23.968055433819632
      },
      "0.02": {
        "coverage": 0.9800148038490007,
        "volume": 43.00136022650412,
        "wsc": 0.9259944495837188,
        "threshold": 16.07318002397613
      },
      "0.05": {
        "coverage": 0.9467061435973353,
        "volume": 20.379926442469117,
        "wsc": 0.8353376503237743,
        "threshold": 9.77046923127925
      },
      "0.1": {
        "coverage": 0.899518874907476,
        "volume": 11.294588688694246,
        "wsc": 0.7317298797409806,
        "threshold": 6.592153224102962
      }
    },
    "Bonferroni": {
      "params": {},
      "0.01": {
        "coverage": 0.9907475943745374,
        "volume": 106.87638008009371,
        "wsc": 0.9611470860314524,
        "threshold": 4.276696943010057
      },
      "0.02": {
        "coverage": 0.9796447076239823,
        "volume": 61.53084469129763,
        "wsc": 0.9287696577243293,
        "threshold": 3.5583760899397925
      },
      "0.05": {
        "coverage": 0.9500370096225018,
        "volume": 30.85425300826335,
        "wsc": 0.8519888991674376,
        "threshold": 2.823924028568745
      },
      "0.1": {
        "coverage": 0.8967431532198371,
        "volume": 14.69794963641145,
        "wsc": 0.7567067530064755,
        "threshold": 2.2092586810523693
      }
    },
    "Density": {
      "params": {
        "lengthscale": 1.6488146790655374
      },
      "0.01": {
        "coverage": 0.9911176905995559,
        "volume": 76.80166145803955,
        "wsc": 0.969472710453284,
        "threshold": 1.2057779621627467
      },
      "0.02": {
        "coverage": 0.9783493708364175,
        "volume": 47.7643077168581,
        "wsc": 0.9315448658649399,
        "threshold": 1.006447950549613
      },
      "0.05": {
        "coverage": 0.9491117690599555,
        "volume": 26.601258426759248,
        "wsc": 0.8704902867715079,
        "threshold": 0.7777278891373441
      },
      "0.1": {
        "coverage": 0.8945225758697262,
        "volume": 14.457039267960237,
        "wsc": 0.7733580018501388,
        "threshold": 0.5757971081839564
      }
    },
    "Kernel": {
      "params": {
        "lengthscale": 1.6488146790655374,
        "gamma": 1.0429012987502195
      },
      "0.01": {
        "coverage": 0.9913027387120651,
        "volume": 61.41683526943861,
        "wsc": 0.96577243293247,
        "threshold": 0.09118445836259563
      },
      "0.02": {
        "coverage": 0.9789045151739453,
        "volume": 36.46488628822997,
        "wsc": 0.9241443108233117,
        "threshold": 0.0445052698361609
      },
      "0.05": {
        "coverage": 0.9444855662472242,
        "volume": 18.9835758898964,
        "wsc": 0.8334875115633672,
        "threshold": 0.01856667276340676
      },
      "0.1": {
        "coverage": 0.9009992598075499,
        "volume": 10.835729398381723,
        "wsc": 0.7354301572617946,
        "threshold": 0.009368398041962506
      }
    }
  },
  "elapsed_s": 7645.516162157059
}