{
  "dataset": "house",
  "seed": 23,
  "model": "Ridge",
  "split": [
    0.5,
    0.25,
    0.25
  ],
  "alphas": [
    0.01,
    0.02,
    0.05,
    0.1
  ],
  "result": {
    "seed": 23,
    "model": "Ridge",
    "model_rmse": 0.7185274314488708,
    "meta": {
      "n_train": 10806,
      "n_cal": 5403,
      "n_test": 5404,
      "d": 3,
      "p": 16,
      "elapsed": 7565.692155122757
    },
    "Mahal": {
      "params": {},
      "0.01": {
        "coverage": 0.9896373056994818,
        "volume": 119.59846252689704,
        "wsc": 0.9509713228492137,
        "threshold": 20.20711227709603
      },
      "0.02": {
        "coverage": 0.9842709104367136,
        "volume": 75.99804912358472,
        "wsc": 0.9315448658649399,
        "threshold": 14.935582075730332
      },
      "0.05": {
        "coverage": 0.9598445595854922,
        "volume": 31.95489362482659,
        "wsc": 0.8547641073080481,
        "threshold": 8.382600601166024
      },
      "0.1": {
        "coverage": 0.9126572908956329,
        "volume": 18.403370846402176,
        "wsc": 0.7520814061054579,
        "threshold": 5.802548447196281
      }
    },
    "Bonferroni": {
      "params": {},
      "0.01": {
        "coverage": 0.9901924500370096,
        "volume": 145.6078726532023,
        "wsc": 0.9546716003700277,
        "threshold": 4.014624803621272
      },
      "0.02": {
        "coverage": 0.9839008142116951,
        "volume": 98.88516202727561,
        "wsc": 0.9315448658649399,
        "threshold": 3.3258652560364226
      },
      "0.05": {
        "coverage": 0.9616950407105848,
        "volume": 44.53360351673176,
        "wsc": 0.8686401480111008,
        "threshold": 2.531760243391742
      },
      "0.1": {
        "coverage": 0.9115470022205774,
        "volume": 22.912965251903536,
        "wsc": 0.7687326549491211,
        "threshold": 2.0283485557673964
      }
    },
    "Density": {
      "params": {
        "lengthscale": 2.1551982348792045
      },
      "0.01": {
        "coverage": 0.9909326424870466,
        "volume": 100.23344063375527,
        "wsc": 0.9574468085106383,
        "threshold": 0.9815350019171529
      },
      "0.02": {
        "coverage": 0.9837157660991858,
        "volume": 66.15113335825974,
        "wsc": 0.9296947271045328,
        "threshold": 0.8155906144644144
      },
      "0.05": {
        "coverage": 0.9563286454478165,
        "volume": 38.43720831913355,
        "wsc": 0.8695652173913043,
        "threshold": 0.626011521635468
      },
      "0.1": {
        "coverage": 0.9111769059955589,
        "volume": 24.230159625380782,
        "wsc": 0.7816836262719704,
        "threshold": 0.4927203610493768
      }
    },
    "Kernel": {
      "params": {
        "lengthscale": 2.1551982348792045,
        "gamma": 0.9961099174575301
      },
      "0.01": {
        "coverage": 0.9898223538119911,
        "volume": 76.90083823631916,
        "wsc": 0.9518963922294172,
        "threshold": 0.05440516702760485
      },
      "0.02": {
        "coverage": 0.9822353811991118,
        "volume": 52.17643930620001,
        "wsc": 0.9222941720629048,
        "threshold": 0.031009152453016293
      },
      "0.05": {
        "coverage": 0.959659511472983,
        "volume": 29.67456303575338,
        "wsc": 0.8603145235892692,
        "threshold": 0.014185217377251537
      },
      "0.1": {
        "coverage": 0.9135825314581791,
        "volume": 17.539278471611425,
        "wsc": 0.7641073080481036,
        "threshold": 0.007334669672420189
      }
    }
  },
  "elapsed_s": 7565.694050312042
}