{
  "dataset": "house",
  "seed": 33,
  "model": "Ridge",
  "split": [
    0.5,
    0.25,
    0.25
  ],
  "alphas": [
    0.01,
    0.02,
    0.05,
    0.1
  ],
  "result": {
    "seed": 33,
    "model": "Ridge",
    "model_rmse": 0.7019059585977535,
    "meta": {
      "n_train": 10806,
      "n_cal": 5403,
      "n_test": 5404,
      "d": 3,
      "p": 16,
      "elapsed": 5897.312412977219
    },
    "Mahal": {
      "params": {},
      "0.01": {
        "coverage": 0.9896373056994818,
        "volume": 103.25503241724223,
        "wsc": 0.9537465309898242,
        "threshold": 20.48413853429611
      },
      "0.02": {
        "coverage": 0.9807549962990377,
        "volume": 62.72664884536951,
        "wsc": 0.9204440333024977,
        "threshold": 14.693038281457573
      },
      "0.05": {
        "coverage": 0.9509622501850481,
        "volume": 26.883756342699876,
        "wsc": 0.8233117483811286,
        "threshold": 8.352250665327126
      },
      "0.1": {
        "coverage": 0.9009992598075499,
        "volume": 15.951828039952641,
        "wsc": 0.7132284921369103,
        "threshold": 5.897716045254599
      }
    },
    "Bonferroni": {
      "params": {},
      "0.01": {
        "coverage": 0.9905625462620281,
        "volume": 111.1279933492334,
        "wsc": 0.9592969472710453,
        "threshold": 4.070776818893088
      },
      "0.02": {
        "coverage": 0.9796447076239823,
        "volume": 73.33205264530751,
        "wsc": 0.9176688251618872,
        "threshold": 3.3054010961012517
      },
      "0.05": {
        "coverage": 0.9500370096225018,
        "volume": 35.662034095316066,
        "wsc": 0.8279370952821462,
        "threshold": 2.4890382989870705
      },
      "0.1": {
        "coverage": 0.906180606957809,
        "volume": 20.114371588961596,
        "wsc": 0.7391304347826086,
        "threshold": 2.0584960887852946
      }
    },
    "Density": {
      "params": {
        "lengthscale": 2.11730280101239
      },
      "0.01": {
        "coverage": 0.9896373056994818,
        "volume": 80.78887826095887,
        "wsc": 0.9555966697502313,
        "threshold": 0.9244711234303074
      },
      "0.02": {
        "coverage": 0.9801998519615099,
        "volume": 55.180983456399375,
        "wsc": 0.9222941720629048,
        "threshold": 0.7724893440314521
      },
      "0.05": {
        "coverage": 0.9504071058475203,
        "volume": 33.69263868781415,
        "wsc": 0.8501387604070305,
        "threshold": 0.6053524311358938
      },
      "0.1": {
        "coverage": 0.90840118430792,
        "volume": 22.533634046406796,
        "wsc": 0.7705827937095282,
        "threshold": 0.4902446068599101
      }
    },
    "Kernel": {
      "params": {
        "lengthscale": 2.11730280101239,
        "gamma": 0.7592760912300553
      },
      "0.01": {
        "coverage": 0.9901924500370096,
        "volume": 65.46157952398971,
        "wsc": 0.9546716003700277,
        "threshold": 0.043261467339078916
      },
      "0.02": {
        "coverage": 0.9789045151739453,
        "volume": 43.94310821857608,
        "wsc": 0.9158186864014801,
        "threshold": 0.023526697025733633
      },
      "0.05": {
        "coverage": 0.9481865284974094,
        "volume": 25.11266869916669,
        "wsc": 0.8297872340425532,
        "threshold": 0.010555070672459026
      },
      "0.1": {
        "coverage": 0.902479644707624,
        "volume": 15.439003873523921,
        "wsc": 0.7261794634597595,
        "threshold": 0.005576252968242186
      }
    }
  },
  "elapsed_s": 5897.31333732605
}