{
  "dataset": "house",
  "seed": 4,
  "model": "MLP",
  "split": [
    0.5,
    0.25,
    0.25
  ],
  "alphas": [
    0.01,
    0.02,
    0.05,
    0.1
  ],
  "result": {
    "seed": 4,
    "model": "MLP",
    "model_rmse": 0.5655661324580338,
    "meta": {
      "n_train": 10806,
      "n_cal": 5403,
      "n_test": 5404,
      "d": 3,
      "p": 16,
      "elapsed": 7631.399101257324
    },
    "Mahal": {
      "params": {},
      "0.01": {
        "coverage": 0.9901924500370096,
        "volume": 80.13283557540964,
        "wsc": 0.9546716003700277,
        "threshold": 22.877600405638532
      },
      "0.02": {
        "coverage": 0.9811250925240562,
        "volume": 46.33148396518077,
        "wsc": 0.9259944495837188,
        "threshold": 15.877700410288577
      },
      "0.05": {
        "coverage": 0.9550333086602517,
        "volume": 23.24532098498222,
        "wsc": 0.849213691026827,
        "threshold": 10.025218060388669
      },
      "0.1": {
        "coverage": 0.9096965210954848,
        "volume": 11.823890043924294,
        "wsc": 0.7391304347826086,
        "threshold": 6.388178620930353
      }
    },
    "Bonferroni": {
      "params": {},
      "0.01": {
        "coverage": 0.9909326424870466,
        "volume": 120.39089862576849,
        "wsc": 0.9583718778908418,
        "threshold": 4.313294123191778
      },
      "0.02": {
        "coverage": 0.9813101406365655,
        "volume": 66.761323061366,
        "wsc": 0.9333950046253469,
        "threshold": 3.547560541696176
      },
      "0.05": {
        "coverage": 0.9522575869726129,
        "volume": 30.958827639821678,
        "wsc": 0.8547641073080481,
        "threshold": 2.7508983671208127
      },
      "0.1": {
        "coverage": 0.9063656550703183,
        "volume": 15.492261745061297,
        "wsc": 0.7465309898242368,
        "threshold": 2.1831473007347633
      }
    },
    "Density": {
      "params": {
        "lengthscale": 1.6000375429380813
      },
      "0.01": {
        "coverage": 0.9898223538119911,
        "volume": 81.59483664416746,
        "wsc": 0.9592969472710453,
        "threshold": 1.2618927645657934
      },
      "0.02": {
        "coverage": 0.982420429311621,
        "volume": 54.75493700826304,
        "wsc": 0.9343200740055504,
        "threshold": 1.0983059431802156
      },
      "0.05": {
        "coverage": 0.9559585492227979,
        "volume": 28.469250143621576,
        "wsc": 0.8640148011100832,
        "threshold": 0.8337897641198819
      },
      "0.1": {
        "coverage": 0.9078460399703923,
        "volume": 14.933960997614124,
        "wsc": 0.755781683626272,
        "threshold": 0.6106241819246471
      }
    },
    "Kernel": {
      "params": {
        "lengthscale": 1.6000375429380813,
        "gamma": 1.0322032523880913
      },
      "0.01": {
        "coverage": 0.9881569207994079,
        "volume": 62.29316509199538,
        "wsc": 0.9472710453283997,
        "threshold": 0.09346126626038706
      },
      "0.02": {
        "coverage": 0.9813101406365655,
        "volume": 42.95294976437192,
        "wsc": 0.9250693802035153,
        "threshold": 0.055983915683265995
      },
      "0.05": {
        "coverage": 0.9555884529977794,
        "volume": 21.952432109350653,
        "wsc": 0.8464384828862165,
        "threshold": 0.023060761899188178
      },
      "0.1": {
        "coverage": 0.9067357512953368,
        "volume": 10.73677744959861,
        "wsc": 0.7261794634597595,
        "threshold": 0.009646146534040998
      }
    }
  },
  "elapsed_s": 7631.399871587753
}