{
  "dataset": "house",
  "seed": 15,
  "model": "MLP",
  "split": [
    0.5,
    0.25,
    0.25
  ],
  "alphas": [
    0.01,
    0.02,
    0.05,
    0.1
  ],
  "result": {
    "seed": 15,
    "model": "MLP",
    "model_rmse": 0.5729869061654815,
    "meta": {
      "n_train": 10806,
      "n_cal": 5403,
      "n_test": 5404,
      "d": 3,
      "p": 16,
      "elapsed": 7636.86014175415
    },
    "Mahal": {
      "params": {},
      "0.01": {
        "coverage": 0.9879718726868986,
        "volume": 68.53818966938425,
        "wsc": 0.9500462534690102,
        "threshold": 23.445214185175242
      },
      "0.02": {
        "coverage": 0.9776091783863805,
        "volume": 40.79395007310315,
        "wsc": 0.9195189639222942,
        "threshold": 16.58935975413646
      },
      "0.05": {
        "coverage": 0.9452257586972613,
        "volume": 18.721882302574027,
        "wsc": 0.8381128584643849,
        "threshold": 9.870340290938103
      },
      "0.1": {
        "coverage": 0.8919319022945966,
        "volume": 10.27780083214229,
        "wsc": 0.7372802960222017,
        "threshold": 6.6175807627003405
      }
    },
    "Bonferroni": {
      "params": {},
      "0.01": {
        "coverage": 0.9874167283493709,
        "volume": 94.39193252099214,
        "wsc": 0.9481961147086031,
        "threshold": 4.2489067326086225
      },
      "0.02": {
        "coverage": 0.9763138415988157,
        "volume": 56.43429655508154,
        "wsc": 0.9232192414431082,
        "threshold": 3.583378114378861
      },
      "0.05": {
        "coverage": 0.9444855662472242,
        "volume": 25.67221753245103,
        "wsc": 0.845513413506013,
        "threshold": 2.7513715133827366
      },
      "0.1": {
        "coverage": 0.8895262768319763,
        "volume": 13.538495018823353,
        "wsc": 0.7511563367252544,
        "threshold": 2.218918864863037
      }
    },
    "Density": {
      "params": {
        "lengthscale": 1.584983487980543
      },
      "0.01": {
        "coverage": 0.9883419689119171,
        "volume": 66.72620622856377,
        "wsc": 0.9574468085106383,
        "threshold": 1.1968383971537975
      },
      "0.02": {
        "coverage": 0.9759437453737971,
        "volume": 42.753373212814736,
        "wsc": 0.9324699352451434,
        "threshold": 1.0119784118962767
      },
      "0.05": {
        "coverage": 0.9426350851221318,
        "volume": 22.54513540369773,
        "wsc": 0.8658649398704903,
        "threshold": 0.7585616239258275
      },
      "0.1": {
        "coverage": 0.8902664692820134,
        "volume": 12.67075533592644,
        "wsc": 0.7742830712303422,
        "threshold": 0.5735443651433445
      }
    },
    "Kernel": {
      "params": {
        "lengthscale": 1.584983487980543,
        "gamma": 0.9498737784279442
      },
      "0.01": {
        "coverage": 0.9894522575869726,
        "volume": 57.29715855566875,
        "wsc": 0.9555966697502313,
        "threshold": 0.08943137509768463
      },
      "0.02": {
        "coverage": 0.975018504811251,
        "volume": 34.19986951451216,
        "wsc": 0.9158186864014801,
        "threshold": 0.04339645367245492
      },
      "0.05": {
        "coverage": 0.9463360473723168,
        "volume": 18.190340637591127,
        "wsc": 0.845513413506013,
        "threshold": 0.018363654244303477
      },
      "0.1": {
        "coverage": 0.887120651369356,
        "volume": 9.564647241104884,
        "wsc": 0.7206290471785384,
        "threshold": 0.00843982914734838
      }
    }
  },
  "elapsed_s": 7636.86085319519
}