{
  "dataset": "house",
  "seed": 12,
  "model": "MLP",
  "split": [
    0.5,
    0.25,
    0.25
  ],
  "alphas": [
    0.01,
    0.02,
    0.05,
    0.1
  ],
  "result": {
    "seed": 12,
    "model": "MLP",
    "model_rmse": 0.5744536250261965,
    "meta": {
      "n_train": 10806,
      "n_cal": 5403,
      "n_test": 5404,
      "d": 3,
      "p": 16,
      "elapsed": 7645.014239549637
    },
    "Mahal": {
      "params": {},
      "0.01": {
        "coverage": 0.9883419689119171,
        "volume": 58.84280510674399,
        "wsc": 0.9509713228492137,
        "threshold": 20.895511804859613
      },
      "0.02": {
        "coverage": 0.980940044411547,
        "volume": 41.33554185164153,
        "wsc": 0.9241443108233117,
        "threshold": 16.512260231040223
      },
      "0.05": {
        "coverage": 0.9465210954848261,
        "volume": 18.30364945286138,
        "wsc": 0.8223866790009251,
        "threshold": 9.592884765725293
      },
      "0.1": {
        "coverage": 0.8958179126572909,
        "volume": 10.081185300204998,
        "wsc": 0.7197039777983348,
        "threshold": 6.445626944158642
      }
    },
    "Bonferroni": {
      "params": {},
      "0.01": {
        "coverage": 0.9903774981495189,
        "volume": 91.31224424533868,
        "wsc": 0.9583718778908418,
        "threshold": 4.163988907615017
      },
      "0.02": {
        "coverage": 0.9813101406365655,
        "volume": 54.39441519668285,
        "wsc": 0.9296947271045328,
        "threshold": 3.5057126912848413
      },
      "0.05": {
        "coverage": 0.9491117690599555,
        "volume": 25.253083308278537,
        "wsc": 0.849213691026827,
        "threshold": 2.7114688077400166
      },
      "0.1": {
        "coverage": 0.8967431532198371,
        "volume": 13.526970882110723,
        "wsc": 0.7382053654024052,
        "threshold": 2.2038274469140884
      }
    },
    "Density": {
      "params": {
        "lengthscale": 1.6619391267027481
      },
      "0.01": {
        "coverage": 0.9883419689119171,
        "volume": 58.826658683177214,
        "wsc": 0.9565217391304348,
        "threshold": 1.0887243650591296
      },
      "0.02": {
        "coverage": 0.9813101406365655,
        "volume": 42.450058842854,
        "wsc": 0.9380203515263644,
        "threshold": 0.9535671887917032
      },
      "0.05": {
        "coverage": 0.9454108068097705,
        "volume": 22.56632983941983,
        "wsc": 0.8640148011100832,
        "threshold": 0.7127833722465134
      },
      "0.1": {
        "coverage": 0.8930421909696521,
        "volume": 13.541274395340093,
        "wsc": 0.7604070305272895,
        "threshold": 0.5500602430419618
      }
    },
    "Kernel": {
      "params": {
        "lengthscale": 1.6619391267027481,
        "gamma": 0.9229639459864486
      },
      "0.01": {
        "coverage": 0.9876017764618801,
        "volume": 45.75740022440633,
        "wsc": 0.9509713228492137,
        "threshold": 0.061615968987494114
      },
      "0.02": {
        "coverage": 0.9796447076239823,
        "volume": 32.58109611824145,
        "wsc": 0.9213691026827012,
        "threshold": 0.03771652605916019
      },
      "0.05": {
        "coverage": 0.9480014803849001,
        "volume": 17.5790177588954,
        "wsc": 0.8371877890841813,
        "threshold": 0.016123225022867973
      },
      "0.1": {
        "coverage": 0.8915618060695781,
        "volume": 9.535829287464008,
        "wsc": 0.7150786308973173,
        "threshold": 0.007451422878983814
      }
    }
  },
  "elapsed_s": 7645.014804124832
}