{
  "dataset": "house",
  "seed": 42,
  "model": "Ridge",
  "split": [
    0.5,
    0.25,
    0.25
  ],
  "alphas": [
    0.01,
    0.02,
    0.05,
    0.1
  ],
  "result": {
    "seed": 42,
    "model": "Ridge",
    "model_rmse": 0.698541335972263,
    "meta": {
      "n_train": 10806,
      "n_cal": 5403,
      "n_test": 5404,
      "d": 3,
      "p": 16,
      "elapsed": 5862.287440061569
    },
    "Mahal": {
      "params": {},
      "0.01": {
        "coverage": 0.9911176905995559,
        "volume": 114.73631762064392,
        "wsc": 0.9592969472710453,
        "threshold": 21.92825153698136
      },
      "0.02": {
        "coverage": 0.9811250925240562,
        "volume": 62.081329801616214,
        "wsc": 0.9222941720629048,
        "threshold": 14.560537485713283
      },
      "0.05": {
        "coverage": 0.9524426350851222,
        "volume": 27.06000184214187,
        "wsc": 0.8307123034227567,
        "threshold": 8.37057477993354
      },
      "0.1": {
        "coverage": 0.8991487786824575,
        "volume": 15.91841058910115,
        "wsc": 0.7076780758556892,
        "threshold": 5.876740775837039
      }
    },
    "Bonferroni": {
      "params": {},
      "0.01": {
        "coverage": 0.9918578830495929,
        "volume": 118.08624875488002,
        "wsc": 0.9629972247918593,
        "threshold": 4.211255328796329
      },
      "0.02": {
        "coverage": 0.9839008142116951,
        "volume": 77.0547571236704,
        "wsc": 0.9380203515263644,
        "threshold": 3.398896293079759
      },
      "0.05": {
        "coverage": 0.9544781643227239,
        "volume": 36.75369973909442,
        "wsc": 0.84736355226642,
        "threshold": 2.512995509261443
      },
      "0.1": {
        "coverage": 0.8948926720947447,
        "volume": 19.352314992283702,
        "wsc": 0.7206290471785384,
        "threshold": 2.0300114141585826
      }
    },
    "Density": {
      "params": {
        "lengthscale": 2.0921441045585745
      },
      "0.01": {
        "coverage": 0.9913027387120651,
        "volume": 83.58487655562844,
        "wsc": 0.9611470860314524,
        "threshold": 0.9482086396119576
      },
      "0.02": {
        "coverage": 0.9835307179866766,
        "volume": 57.43644853774652,
        "wsc": 0.9333950046253469,
        "threshold": 0.7981894838055055
      },
      "0.05": {
        "coverage": 0.9554034048852702,
        "volume": 34.98444637894485,
        "wsc": 0.8723404255319149,
        "threshold": 0.6258404851034333
      },
      "0.1": {
        "coverage": 0.9048852701702442,
        "volume": 22.565666671670673,
        "wsc": 0.7668825161887142,
        "threshold": 0.49823743988911134
      }
    },
    "Kernel": {
      "params": {
        "lengthscale": 2.0921441045585745,
        "gamma": 0.949570914399312
      },
      "0.01": {
        "coverage": 0.9911176905995559,
        "volume": 66.08846082264854,
        "wsc": 0.9592969472710453,
        "threshold": 0.04961168067471397
      },
      "0.02": {
        "coverage": 0.9813101406365655,
        "volume": 44.28024701132627,
        "wsc": 0.9222941720629048,
        "threshold": 0.027588029669953332
      },
      "0.05": {
        "coverage": 0.9505921539600296,
        "volume": 25.241906943934833,
        "wsc": 0.8344125809435707,
        "threshold": 0.012696902242681727
      },
      "0.1": {
        "coverage": 0.9006291635825314,
        "volume": 15.72623069649533,
        "wsc": 0.723404255319149,
        "threshold": 0.00689891412868505
      }
    }
  },
  "elapsed_s": 5862.288101911545
}