{
  "dataset": "house",
  "seed": 17,
  "model": "Ridge",
  "split": [
    0.5,
    0.25,
    0.25
  ],
  "alphas": [
    0.01,
    0.02,
    0.05,
    0.1
  ],
  "result": {
    "seed": 17,
    "model": "Ridge",
    "model_rmse": 0.7116909037094242,
    "meta": {
      "n_train": 10806,
      "n_cal": 5403,
      "n_test": 5404,
      "d": 3,
      "p": 16,
      "elapsed": 7560.859268188477
    },
    "Mahal": {
      "params": {},
      "0.01": {
        "coverage": 0.9857512953367875,
        "volume": 91.43182185354,
        "wsc": 0.9361702127659575,
        "threshold": 18.826089658443504
      },
      "0.02": {
        "coverage": 0.9753886010362695,
        "volume": 53.51021946348076,
        "wsc": 0.8954671600370028,
        "threshold": 13.172039622302574
      },
      "0.05": {
        "coverage": 0.942820133234641,
        "volume": 24.97022196865241,
        "wsc": 0.7992599444958371,
        "threshold": 7.924590125484491
      },
      "0.1": {
        "coverage": 0.8991487786824575,
        "volume": 15.768755169017293,
        "wsc": 0.7076780758556892,
        "threshold": 5.83302020069329
      }
    },
    "Bonferroni": {
      "params": {},
      "0.01": {
        "coverage": 0.9868615840118431,
        "volume": 98.55485660390711,
        "wsc": 0.940795559666975,
        "threshold": 3.9315409188573467
      },
      "0.02": {
        "coverage": 0.9742783123612139,
        "volume": 62.98807877342513,
        "wsc": 0.8973172987974098,
        "threshold": 3.140871180520828
      },
      "0.05": {
        "coverage": 0.9474463360473723,
        "volume": 34.44842692316346,
        "wsc": 0.8223866790009251,
        "threshold": 2.4488168741235588
      },
      "0.1": {
        "coverage": 0.8945225758697262,
        "volume": 19.35483532753067,
        "wsc": 0.7123034227567068,
        "threshold": 2.0199798101762516
      }
    },
    "Density": {
      "params": {
        "lengthscale": 2.105308981154816
      },
      "0.01": {
        "coverage": 0.9881569207994079,
        "volume": 77.5954096387498,
        "wsc": 0.9463459759481961,
        "threshold": 0.9163644057620084
      },
      "0.02": {
        "coverage": 0.9759437453737971,
        "volume": 52.06355109220955,
        "wsc": 0.9000925069380203,
        "threshold": 0.7563909149608435
      },
      "0.05": {
        "coverage": 0.9494818652849741,
        "volume": 33.68367584480522,
        "wsc": 0.8501387604070305,
        "threshold": 0.6079178192675712
      },
      "0.1": {
        "coverage": 0.8984085862324205,
        "volume": 22.02561141496031,
        "wsc": 0.7493061979648473,
        "threshold": 0.486262020038838
      }
    },
    "Kernel": {
      "params": {
        "lengthscale": 2.105308981154816,
        "gamma": 0.9827713954544376
      },
      "0.01": {
        "coverage": 0.9851961509992598,
        "volume": 58.759512542962206,
        "wsc": 0.9352451433857539,
        "threshold": 0.04500758761660431
      },
      "0.02": {
        "coverage": 0.9748334566987417,
        "volume": 41.611627872045695,
        "wsc": 0.8973172987974098,
        "threshold": 0.026930760915094706
      },
      "0.05": {
        "coverage": 0.9485566247224279,
        "volume": 24.90367016074598,
        "wsc": 0.8251618871415356,
        "threshold": 0.01309581336087122
      },
      "0.1": {
        "coverage": 0.8974833456698742,
        "volume": 15.295997014968673,
        "wsc": 0.7086031452358927,
        "threshold": 0.006909646331490691
      }
    }
  },
  "elapsed_s": 7560.860592842102
}