{
  "dataset": "house",
  "seed": 23,
  "model": "MLP",
  "split": [
    0.5,
    0.25,
    0.25
  ],
  "alphas": [
    0.01,
    0.02,
    0.05,
    0.1
  ],
  "result": {
    "seed": 23,
    "model": "MLP",
    "model_rmse": 0.5812010563917277,
    "meta": {
      "n_train": 10806,
      "n_cal": 5403,
      "n_test": 5404,
      "d": 3,
      "p": 16,
      "elapsed": 7526.287858963013
    },
    "Mahal": {
      "params": {},
      "0.01": {
        "coverage": 0.9922279792746114,
        "volume": 79.0319832252024,
        "wsc": 0.96577243293247,
        "threshold": 23.816184480366438
      },
      "0.02": {
        "coverage": 0.9826054774241303,
        "volume": 46.39581778208987,
        "wsc": 0.9296947271045328,
        "threshold": 16.697680811257154
      },
      "0.05": {
        "coverage": 0.9505921539600296,
        "volume": 20.962438110536926,
        "wsc": 0.8353376503237743,
        "threshold": 9.83176435927286
      },
      "0.1": {
        "coverage": 0.9039600296076981,
        "volume": 11.510962157669578,
        "wsc": 0.7419056429232193,
        "threshold": 6.592923193653956
      }
    },
    "Bonferroni": {
      "params": {},
      "0.01": {
        "coverage": 0.9922279792746114,
        "volume": 102.40655688098072,
        "wsc": 0.9639222941720629,
        "threshold": 4.23911267460635
      },
      "0.02": {
        "coverage": 0.9831606217616581,
        "volume": 65.1819717614938,
        "wsc": 0.9380203515263644,
        "threshold": 3.609594850450779
      },
      "0.05": {
        "coverage": 0.9504071058475203,
        "volume": 29.506974016553762,
        "wsc": 0.8482886216466234,
        "threshold": 2.764726828590897
      },
      "0.1": {
        "coverage": 0.9006291635825314,
        "volume": 15.329379323030773,
        "wsc": 0.7539315448658649,
        "threshold": 2.2254341557424864
      }
    },
    "Density": {
      "params": {
        "lengthscale": 1.660145572257001
      },
      "0.01": {
        "coverage": 0.9885270170244264,
        "volume": 70.34508272587999,
        "wsc": 0.9574468085106383,
        "threshold": 1.1594948327474717
      },
      "0.02": {
        "coverage": 0.9781643227239082,
        "volume": 48.23046106556823,
        "wsc": 0.9278445883441259,
        "threshold": 1.0024228068557783
      },
      "0.05": {
        "coverage": 0.9504071058475203,
        "volume": 26.47261316762335,
        "wsc": 0.8667900092506938,
        "threshold": 0.7665934432838319
      },
      "0.1": {
        "coverage": 0.8974833456698742,
        "volume": 15.114125819736081,
        "wsc": 0.7650323774283071,
        "threshold": 0.5786328750221903
      }
    },
    "Kernel": {
      "params": {
        "lengthscale": 1.660145572257001,
        "gamma": 1.0389416554932114
      },
      "0.01": {
        "coverage": 0.9900074019245003,
        "volume": 59.324935829304,
        "wsc": 0.9583718778908418,
        "threshold": 0.0832034800129577
      },
      "0.02": {
        "coverage": 0.9772390821613619,
        "volume": 37.961917561711815,
        "wsc": 0.9148936170212766,
        "threshold": 0.04482501349466343
      },
      "0.05": {
        "coverage": 0.9505921539600296,
        "volume": 20.201719671087954,
        "wsc": 0.8381128584643849,
        "threshold": 0.019043806678731828
      },
      "0.1": {
        "coverage": 0.905440414507772,
        "volume": 11.106367222481333,
        "wsc": 0.7446808510638298,
        "threshold": 0.009190914137186904
      }
    }
  },
  "elapsed_s": 7526.288663387299
}