{
  "dataset": "house",
  "seed": 10,
  "model": "MLP",
  "split": [
    0.5,
    0.25,
    0.25
  ],
  "alphas": [
    0.01,
    0.02,
    0.05,
    0.1
  ],
  "result": {
    "seed": 10,
    "model": "MLP",
    "model_rmse": 0.5823218182417249,
    "meta": {
      "n_train": 10806,
      "n_cal": 5403,
      "n_test": 5404,
      "d": 3,
      "p": 16,
      "elapsed": 7639.502282857895
    },
    "Mahal": {
      "params": {},
      "0.01": {
        "coverage": 0.9874167283493709,
        "volume": 69.62302783824704,
        "wsc": 0.9472710453283997,
        "threshold": 21.78715105504699
      },
      "0.02": {
        "coverage": 0.977979274611399,
        "volume": 40.58783505378005,
        "wsc": 0.9176688251618872,
        "threshold": 15.204160005373835
      },
      "0.05": {
        "coverage": 0.9559585492227979,
        "volume": 21.900057091145147,
        "wsc": 0.8584643848288621,
        "threshold": 10.076939973087908
      },
      "0.1": {
        "coverage": 0.9028497409326425,
        "volume": 11.300666401469844,
        "wsc": 0.7298797409805735,
        "threshold": 6.482878415656806
      }
    },
    "Bonferroni": {
      "params": {},
      "0.01": {
        "coverage": 0.9877868245743894,
        "volume": 103.5875726692051,
        "wsc": 0.9491211840888066,
        "threshold": 4.213156374865136
      },
      "0.02": {
        "coverage": 0.9781643227239082,
        "volume": 56.406544933313384,
        "wsc": 0.9213691026827012,
        "threshold": 3.445987331034353
      },
      "0.05": {
        "coverage": 0.9513323464100666,
        "volume": 28.672406924037197,
        "wsc": 0.8529139685476411,
        "threshold": 2.746334476912005
      },
      "0.1": {
        "coverage": 0.9013693560325685,
        "volume": 14.870717986832839,
        "wsc": 0.7400555041628122,
        "threshold": 2.206170661826276
      }
    },
    "Density": {
      "params": {
        "lengthscale": 1.6514849906371847
      },
      "0.01": {
        "coverage": 0.9909326424870466,
        "volume": 79.54026429038113,
        "wsc": 0.9648473635522664,
        "threshold": 1.2165165334191472
      },
      "0.02": {
        "coverage": 0.9790895632864545,
        "volume": 48.313271950058784,
        "wsc": 0.9315448658649399,
        "threshold": 1.008239451766286
      },
      "0.05": {
        "coverage": 0.9515173945225759,
        "volume": 26.496246533825463,
        "wsc": 0.8695652173913043,
        "threshold": 0.7734962048403062
      },
      "0.1": {
        "coverage": 0.9006291635825314,
        "volume": 14.87115096741187,
        "wsc": 0.7789084181313598,
        "threshold": 0.5821037341498444
      }
    },
    "Kernel": {
      "params": {
        "lengthscale": 1.6514849906371847,
        "gamma": 0.9676671004565842
      },
      "0.01": {
        "coverage": 0.9874167283493709,
        "volume": 55.09028397305798,
        "wsc": 0.9491211840888066,
        "threshold": 0.07579048105814645
      },
      "0.02": {
        "coverage": 0.9772390821613619,
        "volume": 36.297194920779845,
        "wsc": 0.9176688251618872,
        "threshold": 0.042254250151952465
      },
      "0.05": {
        "coverage": 0.9481865284974094,
        "volume": 19.431735406349425,
        "wsc": 0.8418131359851989,
        "threshold": 0.018091423062088212
      },
      "0.1": {
        "coverage": 0.901739452257587,
        "volume": 10.688991554547746,
        "wsc": 0.730804810360777,
        "threshold": 0.008537774244654702
      }
    }
  },
  "elapsed_s": 7639.502806901932
}