{
  "dataset": "house",
  "seed": 27,
  "model": "MLP",
  "split": [
    0.5,
    0.25,
    0.25
  ],
  "alphas": [
    0.01,
    0.02,
    0.05,
    0.1
  ],
  "result": {
    "seed": 27,
    "model": "MLP",
    "model_rmse": 0.5625108849280397,
    "meta": {
      "n_train": 10806,
      "n_cal": 5403,
      "n_test": 5404,
      "d": 3,
      "p": 16,
      "elapsed": 7577.787769317627
    },
    "Mahal": {
      "params": {},
      "0.01": {
        "coverage": 0.9924130273871207,
        "volume": 74.45231463526196,
        "wsc": 0.96577243293247,
        "threshold": 23.50415132625384
      },
      "0.02": {
        "coverage": 0.982420429311621,
        "volume": 42.10328636212812,
        "wsc": 0.9315448658649399,
        "threshold": 16.073227898242536
      },
      "0.05": {
        "coverage": 0.9563286454478165,
        "volume": 20.554290276073875,
        "wsc": 0.8686401480111008,
        "threshold": 9.96538531657328
      },
      "0.1": {
        "coverage": 0.9069207994078461,
        "volume": 10.689260096515227,
        "wsc": 0.7659574468085106,
        "threshold": 6.444524340731181
      }
    },
    "Bonferroni": {
      "params": {},
      "0.01": {
        "coverage": 0.993338267949667,
        "volume": 108.76804033234644,
        "wsc": 0.9703977798334875,
        "threshold": 4.385778159299624
      },
      "0.02": {
        "coverage": 0.982420429311621,
        "volume": 58.876229796747175,
        "wsc": 0.937095282146161,
        "threshold": 3.5295689387125506
      },
      "0.05": {
        "coverage": 0.9554034048852702,
        "volume": 28.92132747099314,
        "wsc": 0.8723404255319149,
        "threshold": 2.786080998723281
      },
      "0.1": {
        "coverage": 0.9080310880829016,
        "volume": 14.455207787150073,
        "wsc": 0.7733580018501388,
        "threshold": 2.2103355075413007
      }
    },
    "Density": {
      "params": {
        "lengthscale": 1.6262870542484462
      },
      "0.01": {
        "coverage": 0.9940784603997039,
        "volume": 74.36021120411323,
        "wsc": 0.973172987974098,
        "threshold": 1.20854351864886
      },
      "0.02": {
        "coverage": 0.9829755736491488,
        "volume": 46.95651032518243,
        "wsc": 0.9454209065679926,
        "threshold": 1.0170703848934928
      },
      "0.05": {
        "coverage": 0.9522575869726129,
        "volume": 24.122275305412035,
        "wsc": 0.8806660499537465,
        "threshold": 0.7560855632734836
      },
      "0.1": {
        "coverage": 0.9039600296076981,
        "volume": 13.941039214975945,
        "wsc": 0.7974098057354302,
        "threshold": 0.5758467993522361
      }
    },
    "Kernel": {
      "params": {
        "lengthscale": 1.6262870542484462,
        "gamma": 1.057167409389542
      },
      "0.01": {
        "coverage": 0.9914877868245744,
        "volume": 55.34252117168628,
        "wsc": 0.9629972247918593,
        "threshold": 0.08448316338724332
      },
      "0.02": {
        "coverage": 0.9850111028867505,
        "volume": 37.446574119299655,
        "wsc": 0.9426456984273821,
        "threshold": 0.049135099457135775
      },
      "0.05": {
        "coverage": 0.9541080680977054,
        "volume": 18.720449966509648,
        "wsc": 0.8649398704902868,
        "threshold": 0.019480718792522046
      },
      "0.1": {
        "coverage": 0.9028497409326425,
        "volume": 9.963434632443827,
        "wsc": 0.7493061979648473,
        "threshold": 0.009038400582998117
      }
    }
  },
  "elapsed_s": 7577.788649320602
}