{
  "dataset": "house",
  "seed": 22,
  "model": "MLP",
  "split": [
    0.5,
    0.25,
    0.25
  ],
  "alphas": [
    0.01,
    0.02,
    0.05,
    0.1
  ],
  "result": {
    "seed": 22,
    "model": "MLP",
    "model_rmse": 0.5869211362772044,
    "meta": {
      "n_train": 10806,
      "n_cal": 5403,
      "n_test": 5404,
      "d": 3,
      "p": 16,
      "elapsed": 7558.683886289597
    },
    "Mahal": {
      "params": {},
      "0.01": {
        "coverage": 0.9909326424870466,
        "volume": 79.59414785774983,
        "wsc": 0.9620721554116559,
        "threshold": 23.995395663916124
      },
      "0.02": {
        "coverage": 0.9807549962990377,
        "volume": 43.317396382446624,
        "wsc": 0.9278445883441259,
        "threshold": 15.994919325538415
      },
      "0.05": {
        "coverage": 0.9537379718726869,
        "volume": 21.871725067588113,
        "wsc": 0.8538390379278445,
        "threshold": 10.142130223555295
      },
      "0.1": {
        "coverage": 0.9011843079200592,
        "volume": 11.564120172861184,
        "wsc": 0.7437557816836263,
        "threshold": 6.631557728734338
      }
    },
    "Bonferroni": {
      "params": {},
      "0.01": {
        "coverage": 0.9907475943745374,
        "volume": 100.25576844179255,
        "wsc": 0.9611470860314524,
        "threshold": 4.240350124251077
      },
      "0.02": {
        "coverage": 0.9803849000740192,
        "volume": 59.66425444595197,
        "wsc": 0.9296947271045328,
        "threshold": 3.493503205088638
      },
      "0.05": {
        "coverage": 0.9535529237601776,
        "volume": 29.51895457970063,
        "wsc": 0.8621646623496763,
        "threshold": 2.764174034043683
      },
      "0.1": {
        "coverage": 0.9002590673575129,
        "volume": 15.352638720159927,
        "wsc": 0.759481961147086,
        "threshold": 2.2200385137620833
      }
    },
    "Density": {
      "params": {
        "lengthscale": 1.6713490496245216
      },
      "0.01": {
        "coverage": 0.9911176905995559,
        "volume": 74.36980796941049,
        "wsc": 0.9629972247918593,
        "threshold": 1.173516044481244
      },
      "0.02": {
        "coverage": 0.9844559585492227,
        "volume": 51.1516380934882,
        "wsc": 0.9435707678075855,
        "threshold": 1.0183012020972702
      },
      "0.05": {
        "coverage": 0.9550333086602517,
        "volume": 27.182364394570296,
        "wsc": 0.883441258094357,
        "threshold": 0.7680261963874476
      },
      "0.1": {
        "coverage": 0.8978534418948927,
        "volume": 15.370506950443596,
        "wsc": 0.7816836262719704,
        "threshold": 0.5779992961676815
      }
    },
    "Kernel": {
      "params": {
        "lengthscale": 1.6713490496245216,
        "gamma": 0.9938342174786419
      },
      "0.01": {
        "coverage": 0.9905625462620281,
        "volume": 58.65757111479176,
        "wsc": 0.9592969472710453,
        "threshold": 0.07880605052670146
      },
      "0.02": {
        "coverage": 0.9813101406365655,
        "volume": 37.64070339470917,
        "wsc": 0.9278445883441259,
        "threshold": 0.04280438428402126
      },
      "0.05": {
        "coverage": 0.9507772020725389,
        "volume": 19.62506021120119,
        "wsc": 0.851063829787234,
        "threshold": 0.0178452214335691
      },
      "0.1": {
        "coverage": 0.9013693560325685,
        "volume": 11.045757070714448,
        "wsc": 0.7400555041628122,
        "threshold": 0.00881182923934024
      }
    }
  },
  "elapsed_s": 7558.685562610626
}