{
  "dataset": "house",
  "seed": 32,
  "model": "Ridge",
  "split": [
    0.5,
    0.25,
    0.25
  ],
  "alphas": [
    0.01,
    0.02,
    0.05,
    0.1
  ],
  "result": {
    "seed": 32,
    "model": "Ridge",
    "model_rmse": 0.7120312197388283,
    "meta": {
      "n_train": 10806,
      "n_cal": 5403,
      "n_test": 5404,
      "d": 3,
      "p": 16,
      "elapsed": 5910.7556302547455
    },
    "Mahal": {
      "params": {},
      "0.01": {
        "coverage": 0.9890821613619541,
        "volume": 114.72377303162946,
        "wsc": 0.9481961147086031,
        "threshold": 20.14936766278798
      },
      "0.02": {
        "coverage": 0.9785344189489267,
        "volume": 63.55417022061271,
        "wsc": 0.9093432007400555,
        "threshold": 13.591117765262307
      },
      "0.05": {
        "coverage": 0.9526276831976314,
        "volume": 29.331898827020552,
        "wsc": 0.8297872340425532,
        "threshold": 8.116820202670445
      },
      "0.1": {
        "coverage": 0.9076609918578831,
        "volume": 17.654732536450304,
        "wsc": 0.7345050878815911,
        "threshold": 5.786286083215943
      }
    },
    "Bonferroni": {
      "params": {},
      "0.01": {
        "coverage": 0.9885270170244264,
        "volume": 119.61417352555858,
        "wsc": 0.9481961147086031,
        "threshold": 4.006277493076034
      },
      "0.02": {
        "coverage": 0.9800148038490007,
        "volume": 78.14497643748417,
        "wsc": 0.9158186864014801,
        "threshold": 3.2294978058435926
      },
      "0.05": {
        "coverage": 0.9585492227979274,
        "volume": 42.588731271716135,
        "wsc": 0.8501387604070305,
        "threshold": 2.5283987806652726
      },
      "0.1": {
        "coverage": 0.9056254626202813,
        "volume": 22.06852381046541,
        "wsc": 0.7446808510638298,
        "threshold": 2.031109278625703
      }
    },
    "Density": {
      "params": {
        "lengthscale": 2.144632596469135
      },
      "0.01": {
        "coverage": 0.9890821613619541,
        "volume": 91.50314596201208,
        "wsc": 0.9518963922294172,
        "threshold": 0.9620023395101623
      },
      "0.02": {
        "coverage": 0.9796447076239823,
        "volume": 58.97130548282557,
        "wsc": 0.9158186864014801,
        "threshold": 0.7797101229446278
      },
      "0.05": {
        "coverage": 0.9531828275351591,
        "volume": 37.14812761736715,
        "wsc": 0.8547641073080481,
        "threshold": 0.6197657388090617
      },
      "0.1": {
        "coverage": 0.9030347890451518,
        "volume": 23.431110986357048,
        "wsc": 0.7742830712303422,
        "threshold": 0.4872619009110544
      }
    },
    "Kernel": {
      "params": {
        "lengthscale": 2.144632596469135,
        "gamma": 0.9505927489750103
      },
      "0.01": {
        "coverage": 0.9887120651369357,
        "volume": 71.87375064688487,
        "wsc": 0.9491211840888066,
        "threshold": 0.052033141709782786
      },
      "0.02": {
        "coverage": 0.9796447076239823,
        "volume": 49.36096723973625,
        "wsc": 0.913968547641073,
        "threshold": 0.029664568477475894
      },
      "0.05": {
        "coverage": 0.9524426350851222,
        "volume": 28.046251648159142,
        "wsc": 0.8353376503237743,
        "threshold": 0.01340926446207138
      },
      "0.1": {
        "coverage": 0.9026646928201333,
        "volume": 16.67893835496134,
        "wsc": 0.7298797409805735,
        "threshold": 0.006813872330535891
      }
    }
  },
  "elapsed_s": 5910.756744146347
}