{
  "dataset": "house",
  "seed": 24,
  "model": "MLP",
  "split": [
    0.5,
    0.25,
    0.25
  ],
  "alphas": [
    0.01,
    0.02,
    0.05,
    0.1
  ],
  "result": {
    "seed": 24,
    "model": "MLP",
    "model_rmse": 0.5718467185156823,
    "meta": {
      "n_train": 10806,
      "n_cal": 5403,
      "n_test": 5404,
      "d": 3,
      "p": 16,
      "elapsed": 7550.047513008118
    },
    "Mahal": {
      "params": {},
      "0.01": {
        "coverage": 0.993338267949667,
        "volume": 89.80940697301388,
        "wsc": 0.967622571692877,
        "threshold": 25.213922006988664
      },
      "0.02": {
        "coverage": 0.9857512953367875,
        "volume": 49.8644213681264,
        "wsc": 0.9426456984273821,
        "threshold": 17.032812874346753
      },
      "0.05": {
        "coverage": 0.962620281273131,
        "volume": 23.98619657589333,
        "wsc": 0.8714153561517114,
        "threshold": 10.456831543302961
      },
      "0.1": {
        "coverage": 0.9109918578830496,
        "volume": 11.539965004963062,
        "wsc": 0.7567067530064755,
        "threshold": 6.420401396658463
      }
    },
    "Bonferroni": {
      "params": {},
      "0.01": {
        "coverage": 0.9940784603997039,
        "volume": 129.42178821485805,
        "wsc": 0.9722479185938946,
        "threshold": 4.566795053485713
      },
      "0.02": {
        "coverage": 0.9859363434492968,
        "volume": 71.78502087081671,
        "wsc": 0.9444958371877891,
        "threshold": 3.6771200317450425
      },
      "0.05": {
        "coverage": 0.9616950407105848,
        "volume": 32.775929210179676,
        "wsc": 0.8788159111933395,
        "threshold": 2.82781836229755
      },
      "0.1": {
        "coverage": 0.9109918578830496,
        "volume": 15.464349127140032,
        "wsc": 0.7761332099907493,
        "threshold": 2.198246562174874
      }
    },
    "Density": {
      "params": {
        "lengthscale": 1.65852575598179
      },
      "0.01": {
        "coverage": 0.9938934122871946,
        "volume": 78.2729115019898,
        "wsc": 0.973172987974098,
        "threshold": 1.2030828270516993
      },
      "0.02": {
        "coverage": 0.9874167283493709,
        "volume": 58.446568102947936,
        "wsc": 0.9574468085106383,
        "threshold": 1.081594233956661
      },
      "0.05": {
        "coverage": 0.963360473723168,
        "volume": 28.007002153127353,
        "wsc": 0.8954671600370028,
        "threshold": 0.7873896691522231
      },
      "0.1": {
        "coverage": 0.9108068097705403,
        "volume": 14.988314548284729,
        "wsc": 0.793709528214616,
        "threshold": 0.5782066845231147
      }
    },
    "Kernel": {
      "params": {
        "lengthscale": 1.65852575598179,
        "gamma": 1.0075367624298948
      },
      "0.01": {
        "coverage": 0.9916728349370837,
        "volume": 58.1182216714225,
        "wsc": 0.9639222941720629,
        "threshold": 0.07956440813726003
      },
      "0.02": {
        "coverage": 0.9842709104367136,
        "volume": 39.59577943856211,
        "wsc": 0.940795559666975,
        "threshold": 0.04671968693201539
      },
      "0.05": {
        "coverage": 0.9622501850481125,
        "volume": 20.742280899913354,
        "wsc": 0.8714153561517114,
        "threshold": 0.019823079636735713
      },
      "0.1": {
        "coverage": 0.9095114729829755,
        "volume": 10.876080354283268,
        "wsc": 0.7493061979648473,
        "threshold": 0.009019798937395665
      }
    }
  },
  "elapsed_s": 7550.049228668213
}