{
  "dataset": "house",
  "seed": 34,
  "model": "Ridge",
  "split": [
    0.5,
    0.25,
    0.25
  ],
  "alphas": [
    0.01,
    0.02,
    0.05,
    0.1
  ],
  "result": {
    "seed": 34,
    "model": "Ridge",
    "model_rmse": 0.7071097958580813,
    "meta": {
      "n_train": 10806,
      "n_cal": 5403,
      "n_test": 5404,
      "d": 3,
      "p": 16,
      "elapsed": 5917.121885299683
    },
    "Mahal": {
      "params": {},
      "0.01": {
        "coverage": 0.9942635085122131,
        "volume": 138.90952168422345,
        "wsc": 0.9740980573543015,
        "threshold": 23.401421531858922
      },
      "0.02": {
        "coverage": 0.9839008142116951,
        "volume": 71.37787599554743,
        "wsc": 0.9324699352451434,
        "threshold": 15.012855668104898
      },
      "0.05": {
        "coverage": 0.9518874907475944,
        "volume": 28.286792637316328,
        "wsc": 0.8196114708603145,
        "threshold": 8.099844851375746
      },
      "0.1": {
        "coverage": 0.8960029607698001,
        "volume": 16.52159114258301,
        "wsc": 0.7178538390379279,
        "threshold": 5.659640027262272
      }
    },
    "Bonferroni": {
      "params": {},
      "0.01": {
        "coverage": 0.9946336047372317,
        "volume": 143.08608306847205,
        "wsc": 0.9759481961147086,
        "threshold": 4.369210839953269
      },
      "0.02": {
        "coverage": 0.9833456698741673,
        "volume": 85.21974164631915,
        "wsc": 0.9343200740055504,
        "threshold": 3.3696553098113156
      },
      "0.05": {
        "coverage": 0.9554034048852702,
        "volume": 39.44943327131028,
        "wsc": 0.8464384828862165,
        "threshold": 2.495902418509963
      },
      "0.1": {
        "coverage": 0.9000740192450037,
        "volume": 21.10783767489472,
        "wsc": 0.7354301572617946,
        "threshold": 2.02652228147378
      }
    },
    "Density": {
      "params": {
        "lengthscale": 2.1156137753716084
      },
      "0.01": {
        "coverage": 0.9935233160621761,
        "volume": 103.49977221808403,
        "wsc": 0.9703977798334875,
        "threshold": 1.03379597205723
      },
      "0.02": {
        "coverage": 0.9835307179866766,
        "volume": 64.68930022203179,
        "wsc": 0.9324699352451434,
        "threshold": 0.8318713314681022
      },
      "0.05": {
        "coverage": 0.9492968171724648,
        "volume": 35.50090363206369,
        "wsc": 0.8538390379278445,
        "threshold": 0.6186722904245026
      },
      "0.1": {
        "coverage": 0.901739452257587,
        "volume": 22.80416330556106,
        "wsc": 0.7705827937095282,
        "threshold": 0.49068045876899735
      }
    },
    "Kernel": {
      "params": {
        "lengthscale": 2.1156137753716084,
        "gamma": 0.8258406394004558
      },
      "0.01": {
        "coverage": 0.9929681717246485,
        "volume": 79.56173656531577,
        "wsc": 0.969472710453284,
        "threshold": 0.05435926710767676
      },
      "0.02": {
        "coverage": 0.9835307179866766,
        "volume": 50.8305947700833,
        "wsc": 0.9306197964847364,
        "threshold": 0.02833303476290428
      },
      "0.05": {
        "coverage": 0.9517024426350851,
        "volume": 27.001941636840034,
        "wsc": 0.8344125809435707,
        "threshold": 0.011932302754830825
      },
      "0.1": {
        "coverage": 0.901739452257587,
        "volume": 16.13900223876741,
        "wsc": 0.7317298797409806,
        "threshold": 0.006157049169921191
      }
    }
  },
  "elapsed_s": 5917.122663736343
}