{
  "dataset": "house",
  "seed": 31,
  "model": "Ridge",
  "split": [
    0.5,
    0.25,
    0.25
  ],
  "alphas": [
    0.01,
    0.02,
    0.05,
    0.1
  ],
  "result": {
    "seed": 31,
    "model": "Ridge",
    "model_rmse": 0.7131731949370407,
    "meta": {
      "n_train": 10806,
      "n_cal": 5403,
      "n_test": 5404,
      "d": 3,
      "p": 16,
      "elapsed": 7560.625663280487
    },
    "Mahal": {
      "params": {},
      "0.01": {
        "coverage": 0.9929681717246485,
        "volume": 128.5881387367138,
        "wsc": 0.96577243293247,
        "threshold": 21.353388472416487
      },
      "0.02": {
        "coverage": 0.9842709104367136,
        "volume": 72.01274410481933,
        "wsc": 0.9315448658649399,
        "threshold": 14.507940570534732
      },
      "0.05": {
        "coverage": 0.9570688378978535,
        "volume": 29.820442850251975,
        "wsc": 0.8399629972247918,
        "threshold": 8.060133840377482
      },
      "0.1": {
        "coverage": 0.9069207994078461,
        "volume": 17.46658407654602,
        "wsc": 0.7419056429232193,
        "threshold": 5.642499294556368
      }
    },
    "Bonferroni": {
      "params": {},
      "0.01": {
        "coverage": 0.9909326424870466,
        "volume": 136.98172011055087,
        "wsc": 0.9583718778908418,
        "threshold": 4.082905126494579
      },
      "0.02": {
        "coverage": 0.9827905255366395,
        "volume": 89.29404158865725,
        "wsc": 0.9287696577243293,
        "threshold": 3.289190134695588
      },
      "0.05": {
        "coverage": 0.9531828275351591,
        "volume": 39.77313936717419,
        "wsc": 0.8427382053654024,
        "threshold": 2.4527336349986757
      },
      "0.1": {
        "coverage": 0.9030347890451518,
        "volume": 21.70219491290711,
        "wsc": 0.7511563367252544,
        "threshold": 2.003245069275015
      }
    },
    "Density": {
      "params": {
        "lengthscale": 2.1263696409854016
      },
      "0.01": {
        "coverage": 0.9931532198371577,
        "volume": 104.77711607585016,
        "wsc": 0.967622571692877,
        "threshold": 1.0240726664150848
      },
      "0.02": {
        "coverage": 0.9829755736491488,
        "volume": 64.11987728700609,
        "wsc": 0.9250693802035153,
        "threshold": 0.8198500402854714
      },
      "0.05": {
        "coverage": 0.9529977794226498,
        "volume": 35.795885086288195,
        "wsc": 0.8547641073080481,
        "threshold": 0.6156212608371333
      },
      "0.1": {
        "coverage": 0.9009992598075499,
        "volume": 22.78912416141083,
        "wsc": 0.7705827937095282,
        "threshold": 0.4858185740943553
      }
    },
    "Kernel": {
      "params": {
        "lengthscale": 2.1263696409854016,
        "gamma": 1.007199540995351
      },
      "0.01": {
        "coverage": 0.9924130273871207,
        "volume": 78.54644699972036,
        "wsc": 0.9639222941720629,
        "threshold": 0.060430391269601196
      },
      "0.02": {
        "coverage": 0.9822353811991118,
        "volume": 50.84108577084569,
        "wsc": 0.9204440333024977,
        "threshold": 0.032307500082196565
      },
      "0.05": {
        "coverage": 0.9507772020725389,
        "volume": 27.189338287076808,
        "wsc": 0.8344125809435707,
        "threshold": 0.013633314039577949
      },
      "0.1": {
        "coverage": 0.9037749814951888,
        "volume": 16.156588823944123,
        "wsc": 0.7345050878815911,
        "threshold": 0.007014301319043165
      }
    }
  },
  "elapsed_s": 7560.626780033112
}