{
  "seed": 51,
  "n": 50000,
  "alphas": [
    0.1,
    0.05,
    0.02,
    0.01
  ],
  "auto_params": {
    "Linear": {
      "Mahal": {},
      "Kernel": {
        "lengthscale": 0.5,
        "gamma": 31.41491710766869
      },
      "Bonferroni": {},
      "Density": {
        "lengthscale": 0.5
      }
    },
    "NN": {
      "Mahal": {},
      "Kernel": {
        "lengthscale": 0.5,
        "gamma": 15.980837356189312
      },
      "Bonferroni": {},
      "Density": {
        "lengthscale": 0.5
      }
    }
  },
  "results": {
    "Linear": {
      "Mahal": {
        "0.1": {
          "coverage": 0.89936,
          "volume": 2.76793092552838,
          "wsc": 0.7704,
          "threshold": 4.047304506810599
        },
        "0.05": {
          "coverage": 0.94816,
          "volume": 3.5093007870275,
          "wsc": 0.8396,
          "threshold": 5.131345135854172
        },
        "0.02": {
          "coverage": 0.98024,
          "volume": 4.8538133243408055,
          "wsc": 0.9232,
          "threshold": 7.097308809854713
        },
        "0.01": {
          "coverage": 0.9904,
          "volume": 5.950479210258316,
          "wsc": 0.9632,
          "threshold": 8.700867894947164
        }
      },
      "Kernel": {
        "0.1": {
          "coverage": 0.89944,
          "volume": 2.45644013209057,
          "wsc": 0.8204,
          "threshold": 0.07115646365025036
        },
        "0.05": {
          "coverage": 0.95056,
          "volume": 3.0212915335199155,
          "wsc": 0.9044,
          "threshold": 0.10330382331902632
        },
        "0.02": {
          "coverage": 0.98256,
          "volume": 3.788809746717808,
          "wsc": 0.9624,
          "threshold": 0.16437338845244778
        },
        "0.01": {
          "coverage": 0.99128,
          "volume": 4.348601637537764,
          "wsc": 0.9784,
          "threshold": 0.22048488047748477
        }
      },
      "Bonferroni": {
        "0.1": {
          "coverage": 0.90424,
          "volume": 4.1500397117353245,
          "wsc": 0.7288,
          "threshold": 1.8404238011585254
        },
        "0.05": {
          "coverage": 0.95064,
          "volume": 4.924049372507528,
          "wsc": 0.862,
          "threshold": 2.005101881218417
        },
        "0.02": {
          "coverage": 0.97808,
          "volume": 5.887742949899659,
          "wsc": 0.9404,
          "threshold": 2.193471522942915
        },
        "0.01": {
          "coverage": 0.98944,
          "volume": 6.636168670231933,
          "wsc": 0.974,
          "threshold": 2.32840821684931
        }
      },
      "Density": {
        "0.1": {
          "coverage": 0.90152,
          "volume": 3.2960325058561764,
          "wsc": 0.6616,
          "threshold": 0.9439768613149704
        },
        "0.05": {
          "coverage": 0.95328,
          "volume": 4.075292602166425,
          "wsc": 0.838,
          "threshold": 1.0144726211961894
        },
        "0.02": {
          "coverage": 0.98168,
          "volume": 4.883000512846446,
          "wsc": 0.938,
          "threshold": 1.0819162322166982
        },
        "0.01": {
          "coverage": 0.9924,
          "volume": 5.603646656059245,
          "wsc": 0.9776,
          "threshold": 1.134647643815941
        }
      }
    },
    "NN": {
      "Mahal": {
        "0.1": {
          "coverage": 0.90104,
          "volume": 0.5127058097293268,
          "wsc": 0.89,
          "threshold": 4.395795800943439
        },
        "0.05": {
          "coverage": 0.95224,
          "volume": 0.7348616200367855,
          "wsc": 0.9408,
          "threshold": 6.300497404813046
        },
        "0.02": {
          "coverage": 0.98016,
          "volume": 1.1162631230689823,
          "wsc": 0.9704,
          "threshold": 9.570526910403307
        },
        "0.01": {
          "coverage": 0.9916,
          "volume": 1.5676143733328118,
          "wsc": 0.9867947178871549,
          "threshold": 13.44028592816781
        }
      },
      "Kernel": {
        "0.1": {
          "coverage": 0.90616,
          "volume": 0.46814862536690177,
          "wsc": 0.8968,
          "threshold": 0.01935644034967462
        },
        "0.05": {
          "coverage": 0.95064,
          "volume": 0.6094682571365366,
          "wsc": 0.9416,
          "threshold": 0.029840013204211122
        },
        "0.02": {
          "coverage": 0.98208,
          "volume": 0.8318977513888626,
          "wsc": 0.9772,
          "threshold": 0.0521357167792788
        },
        "0.01": {
          "coverage": 0.99024,
          "volume": 1.0389130062150174,
          "wsc": 0.9856,
          "threshold": 0.07905026260728462
        }
      },
      "Bonferroni": {
        "0.1": {
          "coverage": 0.90208,
          "volume": 0.519204086523019,
          "wsc": 0.8872,
          "threshold": 1.8680078183511994
        },
        "0.05": {
          "coverage": 0.95016,
          "volume": 0.6951889292292396,
          "wsc": 0.9424,
          "threshold": 2.160006633780372
        },
        "0.02": {
          "coverage": 0.98128,
          "volume": 0.9622120200747464,
          "wsc": 0.9748,
          "threshold": 2.54611749357065
        },
        "0.01": {
          "coverage": 0.99032,
          "volume": 1.23249969874632,
          "wsc": 0.9836,
          "threshold": 2.8709684015390518
        }
      },
      "Density": {
        "0.1": {
          "coverage": 0.9044,
          "volume": 0.7446289242446228,
          "wsc": 0.8948,
          "threshold": 0.6096526346393636
        },
        "0.05": {
          "coverage": 0.95288,
          "volume": 1.0113154596441432,
          "wsc": 0.9472,
          "threshold": 0.7933223965219877
        },
        "0.02": {
          "coverage": 0.97872,
          "volume": 1.3371684424480499,
          "wsc": 0.9744,
          "threshold": 0.9880185100984072
        },
        "0.01": {
          "coverage": 0.99088,
          "volume": 1.6698198452608795,
          "wsc": 0.9872,
          "threshold": 1.15067918800928
        }
      }
    }
  },
  "elapsed_s": 2022.5581607818604
}