{
  "seed": 85,
  "n": 50000,
  "alphas": [
    0.1,
    0.05,
    0.02,
    0.01
  ],
  "auto_params": {
    "Linear": {
      "Mahal": {},
      "Kernel": {
        "lengthscale": 0.5,
        "gamma": 31.84734706237528
      },
      "Bonferroni": {},
      "Density": {
        "lengthscale": 0.5
      }
    },
    "NN": {
      "Mahal": {},
      "Kernel": {
        "lengthscale": 0.5,
        "gamma": 16.446106991893053
      },
      "Bonferroni": {},
      "Density": {
        "lengthscale": 0.5
      }
    }
  },
  "results": {
    "Linear": {
      "Mahal": {
        "0.1": {
          "coverage": 0.90216,
          "volume": 2.7989013359471495,
          "wsc": 0.7832,
          "threshold": 4.075387939789605
        },
        "0.05": {
          "coverage": 0.94752,
          "volume": 3.473873362875522,
          "wsc": 0.8476,
          "threshold": 5.058192450584684
        },
        "0.02": {
          "coverage": 0.98064,
          "volume": 4.938376334703684,
          "wsc": 0.9288,
          "threshold": 7.190606934982655
        },
        "0.01": {
          "coverage": 0.99072,
          "volume": 6.163133343340611,
          "wsc": 0.9652,
          "threshold": 8.973935228147603
        }
      },
      "Kernel": {
        "0.1": {
          "coverage": 0.89872,
          "volume": 2.477186984921903,
          "wsc": 0.8192,
          "threshold": 0.07243796946221497
        },
        "0.05": {
          "coverage": 0.95064,
          "volume": 3.0531253844035784,
          "wsc": 0.9084,
          "threshold": 0.10534710978654818
        },
        "0.02": {
          "coverage": 0.98016,
          "volume": 3.789368015591775,
          "wsc": 0.9616,
          "threshold": 0.16411458863677572
        },
        "0.01": {
          "coverage": 0.99008,
          "volume": 4.40138863904863,
          "wsc": 0.9816,
          "threshold": 0.22728453861480222
        }
      },
      "Bonferroni": {
        "0.1": {
          "coverage": 0.90432,
          "volume": 4.159738731917151,
          "wsc": 0.7256,
          "threshold": 1.8426122533698521
        },
        "0.05": {
          "coverage": 0.95424,
          "volume": 4.987885450126096,
          "wsc": 0.8748,
          "threshold": 2.02121887943862
        },
        "0.02": {
          "coverage": 0.9808,
          "volume": 5.983681382021243,
          "wsc": 0.948,
          "threshold": 2.2135308824095983
        },
        "0.01": {
          "coverage": 0.98984,
          "volume": 6.677323117727295,
          "wsc": 0.9748,
          "threshold": 2.337792551482244
        }
      },
      "Density": {
        "0.1": {
          "coverage": 0.9024,
          "volume": 3.3402223675343294,
          "wsc": 0.678,
          "threshold": 0.9483884605957331
        },
        "0.05": {
          "coverage": 0.95408,
          "volume": 4.113098096346181,
          "wsc": 0.8456,
          "threshold": 1.018755493761658
        },
        "0.02": {
          "coverage": 0.98232,
          "volume": 4.9666768146597695,
          "wsc": 0.9432,
          "threshold": 1.0894002312306161
        },
        "0.01": {
          "coverage": 0.99,
          "volume": 5.468339083871928,
          "wsc": 0.97,
          "threshold": 1.1265563773986627
        }
      }
    },
    "NN": {
      "Mahal": {
        "0.1": {
          "coverage": 0.89488,
          "volume": 0.5066336352996266,
          "wsc": 0.8836,
          "threshold": 4.455682802698793
        },
        "0.05": {
          "coverage": 0.94776,
          "volume": 0.7228381175979193,
          "wsc": 0.9368,
          "threshold": 6.3571329365280915
        },
        "0.02": {
          "coverage": 0.97864,
          "volume": 1.1155487174170335,
          "wsc": 0.972,
          "threshold": 9.810898624660336
        },
        "0.01": {
          "coverage": 0.98936,
          "volume": 1.4916367538975188,
          "wsc": 0.9868,
          "threshold": 13.118474118450477
        }
      },
      "Kernel": {
        "0.1": {
          "coverage": 0.89568,
          "volume": 0.45886326513162456,
          "wsc": 0.8732,
          "threshold": 0.019347364194571906
        },
        "0.05": {
          "coverage": 0.94984,
          "volume": 0.6143464678110563,
          "wsc": 0.9364,
          "threshold": 0.031125440195842694
        },
        "0.02": {
          "coverage": 0.97944,
          "volume": 0.8317725285925259,
          "wsc": 0.9724,
          "threshold": 0.05363570842530425
        },
        "0.01": {
          "coverage": 0.9896,
          "volume": 1.033412121772089,
          "wsc": 0.9872,
          "threshold": 0.08042321580872722
        }
      },
      "Bonferroni": {
        "0.1": {
          "coverage": 0.89696,
          "volume": 0.5115257425905511,
          "wsc": 0.882,
          "threshold": 1.8749873812828606
        },
        "0.05": {
          "coverage": 0.94984,
          "volume": 0.6919775884288304,
          "wsc": 0.94,
          "threshold": 2.183020836150465
        },
        "0.02": {
          "coverage": 0.97984,
          "volume": 0.9742435573543674,
          "wsc": 0.9732,
          "threshold": 2.592660786610711
        },
        "0.01": {
          "coverage": 0.99016,
          "volume": 1.2165891587515996,
          "wsc": 0.9884,
          "threshold": 2.8945950437420644
        }
      },
      "Density": {
        "0.1": {
          "coverage": 0.89336,
          "volume": 0.7402699395531698,
          "wsc": 0.8824,
          "threshold": 0.6037116420081624
        },
        "0.05": {
          "coverage": 0.94944,
          "volume": 1.0141639248826724,
          "wsc": 0.9412,
          "threshold": 0.7919084518942688
        },
        "0.02": {
          "coverage": 0.9804,
          "volume": 1.4030069635747362,
          "wsc": 0.9752,
          "threshold": 1.0184060239008916
        },
        "0.01": {
          "coverage": 0.99008,
          "volume": 1.685101073599475,
          "wsc": 0.9872,
          "threshold": 1.1570279964693315
        }
      }
    }
  },
  "elapsed_s": 2013.6837351322174
}