{
  "seed": 74,
  "n": 50000,
  "alphas": [
    0.1,
    0.05,
    0.02,
    0.01
  ],
  "auto_params": {
    "Linear": {
      "Mahal": {},
      "Kernel": {
        "lengthscale": 0.5,
        "gamma": 31.289786110491583
      },
      "Bonferroni": {},
      "Density": {
        "lengthscale": 0.5
      }
    },
    "NN": {
      "Mahal": {},
      "Kernel": {
        "lengthscale": 0.5,
        "gamma": 16.018079653079244
      },
      "Bonferroni": {},
      "Density": {
        "lengthscale": 0.5
      }
    }
  },
  "results": {
    "Linear": {
      "Mahal": {
        "0.1": {
          "coverage": 0.89704,
          "volume": 2.8168880365640994,
          "wsc": 0.7752,
          "threshold": 4.08290345350034
        },
        "0.05": {
          "coverage": 0.94752,
          "volume": 3.5260095701538257,
          "wsc": 0.85,
          "threshold": 5.110730871865347
        },
        "0.02": {
          "coverage": 0.97896,
          "volume": 4.9272738329988055,
          "wsc": 0.9276,
          "threshold": 7.141775991079544
        },
        "0.01": {
          "coverage": 0.98904,
          "volume": 6.113794754661123,
          "wsc": 0.9596,
          "threshold": 8.8615640358378
        }
      },
      "Kernel": {
        "0.1": {
          "coverage": 0.8992,
          "volume": 2.5000437458498963,
          "wsc": 0.826,
          "threshold": 0.07175729333386927
        },
        "0.05": {
          "coverage": 0.94816,
          "volume": 3.0525684797439148,
          "wsc": 0.9048,
          "threshold": 0.10275255583067912
        },
        "0.02": {
          "coverage": 0.97752,
          "volume": 3.8089462456756267,
          "wsc": 0.9588,
          "threshold": 0.161772423479823
        },
        "0.01": {
          "coverage": 0.98768,
          "volume": 4.361061018720902,
          "wsc": 0.9772,
          "threshold": 0.21696863840653252
        }
      },
      "Bonferroni": {
        "0.1": {
          "coverage": 0.89848,
          "volume": 4.129228158756467,
          "wsc": 0.7044,
          "threshold": 1.8374065727652984
        },
        "0.05": {
          "coverage": 0.94968,
          "volume": 5.009824061857451,
          "wsc": 0.8556,
          "threshold": 2.024226032310201
        },
        "0.02": {
          "coverage": 0.9784,
          "volume": 5.963290505822587,
          "wsc": 0.9364,
          "threshold": 2.2106672517458694
        },
        "0.01": {
          "coverage": 0.98904,
          "volume": 6.663811106113001,
          "wsc": 0.966,
          "threshold": 2.3342927778660454
        }
      },
      "Density": {
        "0.1": {
          "coverage": 0.90072,
          "volume": 3.3889413561379365,
          "wsc": 0.6644,
          "threshold": 0.9518442347435064
        },
        "0.05": {
          "coverage": 0.95,
          "volume": 4.136914924670407,
          "wsc": 0.8292,
          "threshold": 1.0200157779876853
        },
        "0.02": {
          "coverage": 0.97616,
          "volume": 4.929266755079358,
          "wsc": 0.9192,
          "threshold": 1.0803910687232983
        },
        "0.01": {
          "coverage": 0.98832,
          "volume": 5.587253917312635,
          "wsc": 0.9624,
          "threshold": 1.1262688515231187
        }
      }
    },
    "NN": {
      "Mahal": {
        "0.1": {
          "coverage": 0.90344,
          "volume": 0.511581525686691,
          "wsc": 0.8848,
          "threshold": 4.406683899243117
        },
        "0.05": {
          "coverage": 0.94768,
          "volume": 0.7175886727603702,
          "wsc": 0.9376,
          "threshold": 6.181197505691372
        },
        "0.02": {
          "coverage": 0.9788,
          "volume": 1.0753469112464122,
          "wsc": 0.9756,
          "threshold": 9.262871472009572
        },
        "0.01": {
          "coverage": 0.98944,
          "volume": 1.4352935935288862,
          "wsc": 0.985594237695078,
          "threshold": 12.363396353691043
        }
      },
      "Kernel": {
        "0.1": {
          "coverage": 0.90104,
          "volume": 0.47054626808902467,
          "wsc": 0.8704,
          "threshold": 0.01910334214574345
        },
        "0.05": {
          "coverage": 0.94912,
          "volume": 0.6131114883166431,
          "wsc": 0.9284,
          "threshold": 0.029727044917346568
        },
        "0.02": {
          "coverage": 0.97976,
          "volume": 0.8372583220141634,
          "wsc": 0.9704,
          "threshold": 0.05243078624571566
        },
        "0.01": {
          "coverage": 0.98968,
          "volume": 1.0547530125603712,
          "wsc": 0.9864,
          "threshold": 0.08113503187876435
        }
      },
      "Bonferroni": {
        "0.1": {
          "coverage": 0.89984,
          "volume": 0.5152203055975844,
          "wsc": 0.8736,
          "threshold": 1.86069454844612
        },
        "0.05": {
          "coverage": 0.9476,
          "volume": 0.6834823833792573,
          "wsc": 0.9292,
          "threshold": 2.1429007595960807
        },
        "0.02": {
          "coverage": 0.98016,
          "volume": 0.9533162713088874,
          "wsc": 0.9732,
          "threshold": 2.535103122682798
        },
        "0.01": {
          "coverage": 0.99,
          "volume": 1.2027885230951603,
          "wsc": 0.9868,
          "threshold": 2.848448052637418
        }
      },
      "Density": {
        "0.1": {
          "coverage": 0.90088,
          "volume": 0.7509492971676943,
          "wsc": 0.892,
          "threshold": 0.6068853648803679
        },
        "0.05": {
          "coverage": 0.95088,
          "volume": 1.0057567703646646,
          "wsc": 0.9452,
          "threshold": 0.7759018105016205
        },
        "0.02": {
          "coverage": 0.97872,
          "volume": 1.3544708938347298,
          "wsc": 0.9752,
          "threshold": 0.9837640582710276
        },
        "0.01": {
          "coverage": 0.98984,
          "volume": 1.646084641320687,
          "wsc": 0.9864,
          "threshold": 1.1264999739372088
        }
      }
    }
  },
  "elapsed_s": 2073.616363763809
}