{
  "seed": 44,
  "n": 50000,
  "alphas": [
    0.1,
    0.05,
    0.02,
    0.01
  ],
  "auto_params": {
    "Linear": {
      "Mahal": {},
      "Kernel": {
        "lengthscale": 0.5,
        "gamma": 31.4968723937582
      },
      "Bonferroni": {},
      "Density": {
        "lengthscale": 0.5
      }
    },
    "NN": {
      "Mahal": {},
      "Kernel": {
        "lengthscale": 0.5,
        "gamma": 15.483381760480938
      },
      "Bonferroni": {},
      "Density": {
        "lengthscale": 0.5
      }
    }
  },
  "results": {
    "Linear": {
      "Mahal": {
        "0.1": {
          "coverage": 0.9064,
          "volume": 2.8061172942889816,
          "wsc": 0.8056,
          "threshold": 4.063701558624484
        },
        "0.05": {
          "coverage": 0.9528,
          "volume": 3.494468644749442,
          "wsc": 0.87,
          "threshold": 5.060543159451513
        },
        "0.02": {
          "coverage": 0.9824,
          "volume": 4.857413010426429,
          "wsc": 0.9384,
          "threshold": 7.034302116139535
        },
        "0.01": {
          "coverage": 0.98928,
          "volume": 5.7530035807925,
          "wsc": 0.962,
          "threshold": 8.33125887703222
        }
      },
      "Kernel": {
        "0.1": {
          "coverage": 0.90168,
          "volume": 2.485923925098912,
          "wsc": 0.832,
          "threshold": 0.07181067225205143
        },
        "0.05": {
          "coverage": 0.94936,
          "volume": 3.012191676184889,
          "wsc": 0.9124,
          "threshold": 0.10159547671230984
        },
        "0.02": {
          "coverage": 0.97968,
          "volume": 3.7984841041390145,
          "wsc": 0.964,
          "threshold": 0.16375204498603002
        },
        "0.01": {
          "coverage": 0.99032,
          "volume": 4.3785170753868385,
          "wsc": 0.9828,
          "threshold": 0.22176767148906942
        }
      },
      "Bonferroni": {
        "0.1": {
          "coverage": 0.90656,
          "volume": 4.122510439883098,
          "wsc": 0.7264,
          "threshold": 1.8312627008134204
        },
        "0.05": {
          "coverage": 0.94984,
          "volume": 4.893113372985724,
          "wsc": 0.8564,
          "threshold": 1.994289277373121
        },
        "0.02": {
          "coverage": 0.97944,
          "volume": 5.76789837860837,
          "wsc": 0.942,
          "threshold": 2.1674232376478884
        },
        "0.01": {
          "coverage": 0.99,
          "volume": 6.67635839757082,
          "wsc": 0.9696,
          "threshold": 2.3282069445002023
        }
      },
      "Density": {
        "0.1": {
          "coverage": 0.90392,
          "volume": 3.30828305768118,
          "wsc": 0.6744,
          "threshold": 0.9423760940248332
        },
        "0.05": {
          "coverage": 0.95352,
          "volume": 4.0633878312353735,
          "wsc": 0.8404,
          "threshold": 1.0114670588566643
        },
        "0.02": {
          "coverage": 0.98032,
          "volume": 4.848723582674164,
          "wsc": 0.9332,
          "threshold": 1.076022329252189
        },
        "0.01": {
          "coverage": 0.98968,
          "volume": 5.459752873018853,
          "wsc": 0.9656,
          "threshold": 1.1204000333889002
        }
      }
    },
    "NN": {
      "Mahal": {
        "0.1": {
          "coverage": 0.90136,
          "volume": 0.49754657939312824,
          "wsc": 0.892,
          "threshold": 4.406663020941992
        },
        "0.05": {
          "coverage": 0.9516,
          "volume": 0.7175411467498511,
          "wsc": 0.9467787114845938,
          "threshold": 6.355107578558003
        },
        "0.02": {
          "coverage": 0.9792,
          "volume": 1.080319466160898,
          "wsc": 0.9719887955182073,
          "threshold": 9.56815711232839
        },
        "0.01": {
          "coverage": 0.98904,
          "volume": 1.3883569427644868,
          "wsc": 0.9831932773109243,
          "threshold": 12.296378777260749
        }
      },
      "Kernel": {
        "0.1": {
          "coverage": 0.90496,
          "volume": 0.4571124870872844,
          "wsc": 0.882,
          "threshold": 0.018450078988767472
        },
        "0.05": {
          "coverage": 0.94992,
          "volume": 0.6051505433231912,
          "wsc": 0.9372,
          "threshold": 0.02914499514947625
        },
        "0.02": {
          "coverage": 0.97872,
          "volume": 0.8073234724442396,
          "wsc": 0.974389755902361,
          "threshold": 0.0491844532679817
        },
        "0.01": {
          "coverage": 0.988,
          "volume": 0.9832023204496476,
          "wsc": 0.9827931172468988,
          "threshold": 0.07166898357391956
        }
      },
      "Bonferroni": {
        "0.1": {
          "coverage": 0.8996,
          "volume": 0.5030676401683525,
          "wsc": 0.878,
          "threshold": 1.8654286652309509
        },
        "0.05": {
          "coverage": 0.94944,
          "volume": 0.6797495879363424,
          "wsc": 0.9404,
          "threshold": 2.1710421176216372
        },
        "0.02": {
          "coverage": 0.97936,
          "volume": 0.933112690813066,
          "wsc": 0.9727891156462585,
          "threshold": 2.5429977066971876
        },
        "0.01": {
          "coverage": 0.98888,
          "volume": 1.1478675162145622,
          "wsc": 0.9823929571828731,
          "threshold": 2.8210702909378327
        }
      },
      "Density": {
        "0.1": {
          "coverage": 0.9028,
          "volume": 0.7470315013793043,
          "wsc": 0.8932,
          "threshold": 0.6069114413930627
        },
        "0.05": {
          "coverage": 0.95112,
          "volume": 1.008157901960985,
          "wsc": 0.9456,
          "threshold": 0.7815568239776028
        },
        "0.02": {
          "coverage": 0.9796,
          "volume": 1.34673881297833,
          "wsc": 0.9732,
          "threshold": 0.9833266463875188
        },
        "0.01": {
          "coverage": 0.98912,
          "volume": 1.589036985792816,
          "wsc": 0.982,
          "threshold": 1.1052695713927454
        }
      }
    }
  },
  "elapsed_s": 2063.8794186115265
}