{
  "seed": 95,
  "n": 50000,
  "alphas": [
    0.1,
    0.05,
    0.02,
    0.01
  ],
  "auto_params": {
    "Linear": {
      "Mahal": {},
      "Kernel": {
        "lengthscale": 0.5,
        "gamma": 32.81207596672947
      },
      "Bonferroni": {},
      "Density": {
        "lengthscale": 0.5
      }
    },
    "NN": {
      "Mahal": {},
      "Kernel": {
        "lengthscale": 0.5,
        "gamma": 16.251885728440566
      },
      "Bonferroni": {},
      "Density": {
        "lengthscale": 0.5
      }
    }
  },
  "results": {
    "Linear": {
      "Mahal": {
        "0.1": {
          "coverage": 0.8956,
          "volume": 2.8098496094389427,
          "wsc": 0.7672,
          "threshold": 4.049567300008369
        },
        "0.05": {
          "coverage": 0.94944,
          "volume": 3.5858310984969584,
          "wsc": 0.8476,
          "threshold": 5.167915147859413
        },
        "0.02": {
          "coverage": 0.9796,
          "volume": 4.917020510865799,
          "wsc": 0.9284,
          "threshold": 7.086431034381401
        },
        "0.01": {
          "coverage": 0.99088,
          "volume": 6.190958863662855,
          "wsc": 0.9664,
          "threshold": 8.922436448473148
        }
      },
      "Kernel": {
        "0.1": {
          "coverage": 0.89672,
          "volume": 2.512800048424129,
          "wsc": 0.8188,
          "threshold": 0.0750645652573324
        },
        "0.05": {
          "coverage": 0.9512,
          "volume": 3.1107772897701844,
          "wsc": 0.9128,
          "threshold": 0.11003265803777734
        },
        "0.02": {
          "coverage": 0.97952,
          "volume": 3.892128645839694,
          "wsc": 0.9644,
          "threshold": 0.17320615232938952
        },
        "0.01": {
          "coverage": 0.9916,
          "volume": 4.583934921386127,
          "wsc": 0.9856,
          "threshold": 0.24691457523843213
        }
      },
      "Bonferroni": {
        "0.1": {
          "coverage": 0.9004,
          "volume": 4.151778033354101,
          "wsc": 0.7224,
          "threshold": 1.8385079384835836
        },
        "0.05": {
          "coverage": 0.94904,
          "volume": 4.998642534683785,
          "wsc": 0.8592,
          "threshold": 2.0208269213110364
        },
        "0.02": {
          "coverage": 0.98008,
          "volume": 6.017074156455583,
          "wsc": 0.9436,
          "threshold": 2.2154324850054175
        },
        "0.01": {
          "coverage": 0.9904,
          "volume": 6.854848317055386,
          "wsc": 0.9724,
          "threshold": 2.3676229938611444
        }
      },
      "Density": {
        "0.1": {
          "coverage": 0.89728,
          "volume": 3.344305008520566,
          "wsc": 0.6548,
          "threshold": 0.9489160936402151
        },
        "0.05": {
          "coverage": 0.95168,
          "volume": 4.11562564378469,
          "wsc": 0.8396,
          "threshold": 1.0182557980766247
        },
        "0.02": {
          "coverage": 0.97984,
          "volume": 4.928009542345861,
          "wsc": 0.9332,
          "threshold": 1.0852735134817453
        },
        "0.01": {
          "coverage": 0.99048,
          "volume": 5.618353004441508,
          "wsc": 0.9684,
          "threshold": 1.1345937922367588
        }
      }
    },
    "NN": {
      "Mahal": {
        "0.1": {
          "coverage": 0.90048,
          "volume": 0.5163740413184529,
          "wsc": 0.8932,
          "threshold": 4.412807101771336
        },
        "0.05": {
          "coverage": 0.94888,
          "volume": 0.7235078012782739,
          "wsc": 0.9428,
          "threshold": 6.182921890333294
        },
        "0.02": {
          "coverage": 0.98064,
          "volume": 1.1303392419839335,
          "wsc": 0.9756,
          "threshold": 9.659604541122555
        },
        "0.01": {
          "coverage": 0.99168,
          "volume": 1.4823821467712843,
          "wsc": 0.9875950380152061,
          "threshold": 12.668077675068828
        }
      },
      "Kernel": {
        "0.1": {
          "coverage": 0.9016,
          "volume": 0.47028673549556327,
          "wsc": 0.8756,
          "threshold": 0.01927192453618649
        },
        "0.05": {
          "coverage": 0.94904,
          "volume": 0.6238041460605733,
          "wsc": 0.9348,
          "threshold": 0.030347819688059118
        },
        "0.02": {
          "coverage": 0.98168,
          "volume": 0.8697381194363044,
          "wsc": 0.9752,
          "threshold": 0.054914441502319465
        },
        "0.01": {
          "coverage": 0.99192,
          "volume": 1.0774993687891903,
          "wsc": 0.988,
          "threshold": 0.08242622251171604
        }
      },
      "Bonferroni": {
        "0.1": {
          "coverage": 0.89856,
          "volume": 0.516357264488652,
          "wsc": 0.8828,
          "threshold": 1.8582079843448964
        },
        "0.05": {
          "coverage": 0.95184,
          "volume": 0.7034556520007841,
          "wsc": 0.9404,
          "threshold": 2.166500651061953
        },
        "0.02": {
          "coverage": 0.98144,
          "volume": 1.001827376981273,
          "wsc": 0.9772,
          "threshold": 2.583620404652943
        },
        "0.01": {
          "coverage": 0.99104,
          "volume": 1.236526875845068,
          "wsc": 0.9891956782713085,
          "threshold": 2.875260015410438
        }
      },
      "Density": {
        "0.1": {
          "coverage": 0.8984,
          "volume": 0.7451793270955215,
          "wsc": 0.8916,
          "threshold": 0.6111741597366531
        },
        "0.05": {
          "coverage": 0.95072,
          "volume": 1.012112890430893,
          "wsc": 0.9444,
          "threshold": 0.7911333210357187
        },
        "0.02": {
          "coverage": 0.98288,
          "volume": 1.4000849066823262,
          "wsc": 0.9791916766706683,
          "threshold": 1.0191664959205975
        },
        "0.01": {
          "coverage": 0.99208,
          "volume": 1.6986709131930158,
          "wsc": 0.9896,
          "threshold": 1.1645352072900628
        }
      }
    }
  },
  "elapsed_s": 2062.5128014087677
}