{
  "seed": 76,
  "n": 50000,
  "alphas": [
    0.1,
    0.05,
    0.02,
    0.01
  ],
  "auto_params": {
    "Linear": {
      "Mahal": {},
      "Kernel": {
        "lengthscale": 0.5,
        "gamma": 29.44544042935609
      },
      "Bonferroni": {},
      "Density": {
        "lengthscale": 0.5
      }
    },
    "NN": {
      "Mahal": {},
      "Kernel": {
        "lengthscale": 0.5,
        "gamma": 15.642325385311803
      },
      "Bonferroni": {},
      "Density": {
        "lengthscale": 0.5
      }
    }
  },
  "results": {
    "Linear": {
      "Mahal": {
        "0.1": {
          "coverage": 0.898,
          "volume": 2.7766928561312394,
          "wsc": 0.7808,
          "threshold": 4.044463560569858
        },
        "0.05": {
          "coverage": 0.946,
          "volume": 3.467855791434618,
          "wsc": 0.8428,
          "threshold": 5.051194751626335
        },
        "0.02": {
          "coverage": 0.97832,
          "volume": 4.854296249717546,
          "wsc": 0.9184,
          "threshold": 7.070650342489875
        },
        "0.01": {
          "coverage": 0.99064,
          "volume": 6.16340252640676,
          "wsc": 0.964,
          "threshold": 8.977462837538322
        }
      },
      "Kernel": {
        "0.1": {
          "coverage": 0.89464,
          "volume": 2.447015339694503,
          "wsc": 0.8176,
          "threshold": 0.06732791921788098
        },
        "0.05": {
          "coverage": 0.94504,
          "volume": 3.018393738183259,
          "wsc": 0.9008,
          "threshold": 0.0988699522296197
        },
        "0.02": {
          "coverage": 0.97872,
          "volume": 3.7400848725759483,
          "wsc": 0.9592,
          "threshold": 0.1551929133776227
        },
        "0.01": {
          "coverage": 0.9912,
          "volume": 4.422086689061419,
          "wsc": 0.9836,
          "threshold": 0.22447650164175764
        }
      },
      "Bonferroni": {
        "0.1": {
          "coverage": 0.89776,
          "volume": 4.077127404697618,
          "wsc": 0.7212,
          "threshold": 1.8254656640692066
        },
        "0.05": {
          "coverage": 0.95112,
          "volume": 4.921580977191623,
          "wsc": 0.8684,
          "threshold": 2.0094327443198985
        },
        "0.02": {
          "coverage": 0.978,
          "volume": 5.904947162360893,
          "wsc": 0.9408,
          "threshold": 2.1991815619911015
        },
        "0.01": {
          "coverage": 0.98984,
          "volume": 6.6833222428072405,
          "wsc": 0.9724,
          "threshold": 2.342614399327183
        }
      },
      "Density": {
        "0.1": {
          "coverage": 0.8992,
          "volume": 3.29220780906444,
          "wsc": 0.674,
          "threshold": 0.9423060507759047
        },
        "0.05": {
          "coverage": 0.94728,
          "volume": 3.992893160841341,
          "wsc": 0.8256,
          "threshold": 1.0076151562241393
        },
        "0.02": {
          "coverage": 0.98048,
          "volume": 4.850963547191812,
          "wsc": 0.9336,
          "threshold": 1.08106367728683
        },
        "0.01": {
          "coverage": 0.99048,
          "volume": 5.441131037668559,
          "wsc": 0.9688,
          "threshold": 1.1253228823595514
        }
      }
    },
    "NN": {
      "Mahal": {
        "0.1": {
          "coverage": 0.90384,
          "volume": 0.5059113201784506,
          "wsc": 0.8904,
          "threshold": 4.4176338283242
        },
        "0.05": {
          "coverage": 0.95184,
          "volume": 0.7268726876485313,
          "wsc": 0.9436,
          "threshold": 6.34707555606473
        },
        "0.02": {
          "coverage": 0.9824,
          "volume": 1.148796799572154,
          "wsc": 0.9812,
          "threshold": 10.031330395750828
        },
        "0.01": {
          "coverage": 0.99192,
          "volume": 1.5397650501951217,
          "wsc": 0.9892,
          "threshold": 13.445277664500487
        }
      },
      "Kernel": {
        "0.1": {
          "coverage": 0.90512,
          "volume": 0.46476202965040336,
          "wsc": 0.8864,
          "threshold": 0.018824120830982238
        },
        "0.05": {
          "coverage": 0.9504,
          "volume": 0.6128693478879683,
          "wsc": 0.9368,
          "threshold": 0.029805375339382354
        },
        "0.02": {
          "coverage": 0.9816,
          "volume": 0.8406396943436707,
          "wsc": 0.9776,
          "threshold": 0.05247464639629965
        },
        "0.01": {
          "coverage": 0.99248,
          "volume": 1.0460391444506105,
          "wsc": 0.9892,
          "threshold": 0.07926107321562388
        }
      },
      "Bonferroni": {
        "0.1": {
          "coverage": 0.90064,
          "volume": 0.505176119185221,
          "wsc": 0.878,
          "threshold": 1.8572200120337454
        },
        "0.05": {
          "coverage": 0.9476,
          "volume": 0.6943300374198454,
          "wsc": 0.9316,
          "threshold": 2.1751843566568696
        },
        "0.02": {
          "coverage": 0.97992,
          "volume": 0.9595516612451276,
          "wsc": 0.9744,
          "threshold": 2.561038313232284
        },
        "0.01": {
          "coverage": 0.99192,
          "volume": 1.227369906968034,
          "wsc": 0.9872,
          "threshold": 2.896077018394683
        }
      },
      "Density": {
        "0.1": {
          "coverage": 0.90472,
          "volume": 0.737706939119901,
          "wsc": 0.894,
          "threshold": 0.6063404718373981
        },
        "0.05": {
          "coverage": 0.9528,
          "volume": 1.0065238855726628,
          "wsc": 0.9464,
          "threshold": 0.789738055969696
        },
        "0.02": {
          "coverage": 0.98136,
          "volume": 1.377874106957252,
          "wsc": 0.9792,
          "threshold": 1.0124919649658912
        },
        "0.01": {
          "coverage": 0.99144,
          "volume": 1.678216706449118,
          "wsc": 0.9896,
          "threshold": 1.1564155337222406
        }
      }
    }
  },
  "elapsed_s": 2052.9298157691956
}