{
  "seed": 23,
  "n": 50000,
  "alphas": [
    0.1,
    0.05,
    0.02,
    0.01
  ],
  "auto_params": {
    "Linear": {
      "Mahal": {},
      "Kernel": {
        "lengthscale": 0.5,
        "gamma": 31.40317786426586
      },
      "Bonferroni": {},
      "Density": {
        "lengthscale": 0.5
      }
    },
    "NN": {
      "Mahal": {},
      "Kernel": {
        "lengthscale": 0.5,
        "gamma": 15.553634369153205
      },
      "Bonferroni": {},
      "Density": {
        "lengthscale": 0.5
      }
    }
  },
  "results": {
    "Linear": {
      "Mahal": {
        "0.1": {
          "coverage": 0.89424,
          "volume": 2.77203221779732,
          "wsc": 0.7552,
          "threshold": 4.072594919560366
        },
        "0.05": {
          "coverage": 0.94552,
          "volume": 3.5001600259643864,
          "wsc": 0.8244,
          "threshold": 5.142340643759821
        },
        "0.02": {
          "coverage": 0.97704,
          "volume": 4.812686387560907,
          "wsc": 0.9052,
          "threshold": 7.070668950230421
        },
        "0.01": {
          "coverage": 0.98888,
          "volume": 5.950897617988558,
          "wsc": 0.9532,
          "threshold": 8.74289817060708
        }
      },
      "Kernel": {
        "0.1": {
          "coverage": 0.89368,
          "volume": 2.460171078810837,
          "wsc": 0.7932,
          "threshold": 0.07192046028708084
        },
        "0.05": {
          "coverage": 0.94904,
          "volume": 3.052823527459201,
          "wsc": 0.8936,
          "threshold": 0.10591573706618798
        },
        "0.02": {
          "coverage": 0.9816,
          "volume": 3.8101323700339673,
          "wsc": 0.9612,
          "threshold": 0.16638740336308006
        },
        "0.01": {
          "coverage": 0.98984,
          "volume": 4.345012261887784,
          "wsc": 0.9768,
          "threshold": 0.22258518873590102
        }
      },
      "Bonferroni": {
        "0.1": {
          "coverage": 0.89432,
          "volume": 4.105629323207988,
          "wsc": 0.7232,
          "threshold": 1.8323731242336292
        },
        "0.05": {
          "coverage": 0.94488,
          "volume": 4.915550813198522,
          "wsc": 0.8628,
          "threshold": 2.004451791843686
        },
        "0.02": {
          "coverage": 0.97968,
          "volume": 5.953614010722227,
          "wsc": 0.9512,
          "threshold": 2.2058455439741933
        },
        "0.01": {
          "coverage": 0.9908,
          "volume": 6.679502690829782,
          "wsc": 0.976,
          "threshold": 2.339671593929209
        }
      },
      "Density": {
        "0.1": {
          "coverage": 0.8988,
          "volume": 3.3083311829476822,
          "wsc": 0.6628,
          "threshold": 0.9472104198880557
        },
        "0.05": {
          "coverage": 0.9508,
          "volume": 4.043433986945916,
          "wsc": 0.8396,
          "threshold": 1.014065221501391
        },
        "0.02": {
          "coverage": 0.98304,
          "volume": 4.908271655324887,
          "wsc": 0.948,
          "threshold": 1.0874695158627752
        },
        "0.01": {
          "coverage": 0.99192,
          "volume": 5.4660947156664905,
          "wsc": 0.978,
          "threshold": 1.1306622294061712
        }
      }
    },
    "NN": {
      "Mahal": {
        "0.1": {
          "coverage": 0.9024,
          "volume": 0.4983454536099918,
          "wsc": 0.896,
          "threshold": 4.409932085516275
        },
        "0.05": {
          "coverage": 0.95024,
          "volume": 0.6964458949857275,
          "wsc": 0.9455782312925171,
          "threshold": 6.162951976135133
        },
        "0.02": {
          "coverage": 0.9812,
          "volume": 1.112314610060459,
          "wsc": 0.9772,
          "threshold": 9.843035293210493
        },
        "0.01": {
          "coverage": 0.99032,
          "volume": 1.470422665079548,
          "wsc": 0.9876,
          "threshold": 13.011986049098047
        }
      },
      "Kernel": {
        "0.1": {
          "coverage": 0.89896,
          "volume": 0.4447729267460158,
          "wsc": 0.8868,
          "threshold": 0.017961923669286603
        },
        "0.05": {
          "coverage": 0.94824,
          "volume": 0.5846002919349351,
          "wsc": 0.9419767907162865,
          "threshold": 0.02794635450290108
        },
        "0.02": {
          "coverage": 0.982,
          "volume": 0.8397223095741408,
          "wsc": 0.9784,
          "threshold": 0.05330468163395886
        },
        "0.01": {
          "coverage": 0.9908,
          "volume": 1.0303739350225762,
          "wsc": 0.988,
          "threshold": 0.0789961758536418
        }
      },
      "Bonferroni": {
        "0.1": {
          "coverage": 0.90152,
          "volume": 0.5012982376790337,
          "wsc": 0.8939575830332133,
          "threshold": 1.8608489539137296
        },
        "0.05": {
          "coverage": 0.95064,
          "volume": 0.6712987168048377,
          "wsc": 0.9463785514205683,
          "threshold": 2.153145965137716
        },
        "0.02": {
          "coverage": 0.98248,
          "volume": 0.972787258272683,
          "wsc": 0.9804,
          "threshold": 2.596754297188783
        },
        "0.01": {
          "coverage": 0.99048,
          "volume": 1.2019816252425055,
          "wsc": 0.988,
          "threshold": 2.8891682050578584
        }
      },
      "Density": {
        "0.1": {
          "coverage": 0.90064,
          "volume": 0.7306442283369813,
          "wsc": 0.896358543417367,
          "threshold": 0.5987036689823617
        },
        "0.05": {
          "coverage": 0.9516,
          "volume": 0.9977141926004409,
          "wsc": 0.9479791916766707,
          "threshold": 0.7749194385691366
        },
        "0.02": {
          "coverage": 0.98336,
          "volume": 1.3985465745278176,
          "wsc": 0.98,
          "threshold": 1.0127182685348577
        },
        "0.01": {
          "coverage": 0.99048,
          "volume": 1.6697103783706537,
          "wsc": 0.9872,
          "threshold": 1.1446186526360307
        }
      }
    }
  },
  "elapsed_s": 2028.2256524562836
}