{
  "seed": 50,
  "n": 50000,
  "alphas": [
    0.1,
    0.05,
    0.02,
    0.01
  ],
  "auto_params": {
    "Linear": {
      "Mahal": {},
      "Kernel": {
        "lengthscale": 0.5,
        "gamma": 31.745313802076332
      },
      "Bonferroni": {},
      "Density": {
        "lengthscale": 0.5
      }
    },
    "NN": {
      "Mahal": {},
      "Kernel": {
        "lengthscale": 0.5,
        "gamma": 16.459873701310016
      },
      "Bonferroni": {},
      "Density": {
        "lengthscale": 0.5
      }
    }
  },
  "results": {
    "Linear": {
      "Mahal": {
        "0.1": {
          "coverage": 0.9012,
          "volume": 2.8349605312183455,
          "wsc": 0.7684,
          "threshold": 4.084778261890168
        },
        "0.05": {
          "coverage": 0.94976,
          "volume": 3.601385199884396,
          "wsc": 0.842,
          "threshold": 5.189088107289683
        },
        "0.02": {
          "coverage": 0.97872,
          "volume": 4.9656528968375335,
          "wsc": 0.9188,
          "threshold": 7.154805432291809
        },
        "0.01": {
          "coverage": 0.99008,
          "volume": 6.199451793984495,
          "wsc": 0.9616,
          "threshold": 8.932535619048263
        }
      },
      "Kernel": {
        "0.1": {
          "coverage": 0.89584,
          "volume": 2.4873328378124815,
          "wsc": 0.8056,
          "threshold": 0.0721571923952988
        },
        "0.05": {
          "coverage": 0.94992,
          "volume": 3.092791321225722,
          "wsc": 0.898,
          "threshold": 0.10699105954642961
        },
        "0.02": {
          "coverage": 0.97808,
          "volume": 3.829247612958,
          "wsc": 0.9556,
          "threshold": 0.16528937356796036
        },
        "0.01": {
          "coverage": 0.99008,
          "volume": 4.429925154461786,
          "wsc": 0.9776,
          "threshold": 0.22829147646997167
        }
      },
      "Bonferroni": {
        "0.1": {
          "coverage": 0.89832,
          "volume": 4.179116941891835,
          "wsc": 0.734,
          "threshold": 1.8369461675830216
        },
        "0.05": {
          "coverage": 0.94944,
          "volume": 5.000100286583258,
          "wsc": 0.8768,
          "threshold": 2.0140840234042745
        },
        "0.02": {
          "coverage": 0.98,
          "volume": 6.012225688814646,
          "wsc": 0.952,
          "threshold": 2.2078056570988482
        },
        "0.01": {
          "coverage": 0.98912,
          "volume": 6.722864894235872,
          "wsc": 0.9728,
          "threshold": 2.335487852343664
        }
      },
      "Density": {
        "0.1": {
          "coverage": 0.8984,
          "volume": 3.3229458647468326,
          "wsc": 0.6788,
          "threshold": 0.9439696772264023
        },
        "0.05": {
          "coverage": 0.95048,
          "volume": 4.075274883618497,
          "wsc": 0.8472,
          "threshold": 1.0129068822489624
        },
        "0.02": {
          "coverage": 0.98144,
          "volume": 4.977821097285203,
          "wsc": 0.9444,
          "threshold": 1.0874992410413307
        },
        "0.01": {
          "coverage": 0.99016,
          "volume": 5.496840150975516,
          "wsc": 0.9712,
          "threshold": 1.125993587774406
        }
      }
    },
    "NN": {
      "Mahal": {
        "0.1": {
          "coverage": 0.90096,
          "volume": 0.5120363495624424,
          "wsc": 0.8928,
          "threshold": 4.423172962835038
        },
        "0.05": {
          "coverage": 0.94936,
          "volume": 0.7269465038534986,
          "wsc": 0.9412,
          "threshold": 6.279652067709571
        },
        "0.02": {
          "coverage": 0.98016,
          "volume": 1.1260399777743344,
          "wsc": 0.9768,
          "threshold": 9.727179699290893
        },
        "0.01": {
          "coverage": 0.99024,
          "volume": 1.538489036242679,
          "wsc": 0.988,
          "threshold": 13.290078164454396
        }
      },
      "Kernel": {
        "0.1": {
          "coverage": 0.90024,
          "volume": 0.46249521823495915,
          "wsc": 0.8796,
          "threshold": 0.019573836939743898
        },
        "0.05": {
          "coverage": 0.9504,
          "volume": 0.6102171128565836,
          "wsc": 0.9404,
          "threshold": 0.030620556377433484
        },
        "0.02": {
          "coverage": 0.98024,
          "volume": 0.8294490654737398,
          "wsc": 0.9784,
          "threshold": 0.05310035420892646
        },
        "0.01": {
          "coverage": 0.98912,
          "volume": 1.02935148372081,
          "wsc": 0.9864,
          "threshold": 0.0799330120634214
        }
      },
      "Bonferroni": {
        "0.1": {
          "coverage": 0.90184,
          "volume": 0.5193775204909664,
          "wsc": 0.8828,
          "threshold": 1.8709638987604484
        },
        "0.05": {
          "coverage": 0.95104,
          "volume": 0.7010567052222009,
          "wsc": 0.9408,
          "threshold": 2.1754745716144326
        },
        "0.02": {
          "coverage": 0.98112,
          "volume": 0.988080315741438,
          "wsc": 0.9772,
          "threshold": 2.587623121136573
        },
        "0.01": {
          "coverage": 0.99008,
          "volume": 1.2230770555316528,
          "wsc": 0.9884,
          "threshold": 2.8796296206660688
        }
      },
      "Density": {
        "0.1": {
          "coverage": 0.89568,
          "volume": 0.7436185575315309,
          "wsc": 0.882,
          "threshold": 0.6012036124601483
        },
        "0.05": {
          "coverage": 0.94968,
          "volume": 1.0216995694789162,
          "wsc": 0.944,
          "threshold": 0.7782291715867722
        },
        "0.02": {
          "coverage": 0.98056,
          "volume": 1.4082595263013447,
          "wsc": 0.978,
          "threshold": 1.002732577014636
        },
        "0.01": {
          "coverage": 0.99,
          "volume": 1.7055778808809614,
          "wsc": 0.9884,
          "threshold": 1.1456907022673666
        }
      }
    }
  },
  "elapsed_s": 2029.5673565864563
}