{
  "seed": 97,
  "n": 50000,
  "alphas": [
    0.1,
    0.05,
    0.02,
    0.01
  ],
  "auto_params": {
    "Linear": {
      "Mahal": {},
      "Kernel": {
        "lengthscale": 0.5,
        "gamma": 31.690184962367844
      },
      "Bonferroni": {},
      "Density": {
        "lengthscale": 0.5
      }
    },
    "NN": {
      "Mahal": {},
      "Kernel": {
        "lengthscale": 0.5,
        "gamma": 15.877440509942064
      },
      "Bonferroni": {},
      "Density": {
        "lengthscale": 0.5
      }
    }
  },
  "results": {
    "Linear": {
      "Mahal": {
        "0.1": {
          "coverage": 0.89976,
          "volume": 2.823105913906728,
          "wsc": 0.7912,
          "threshold": 4.05636709735653
        },
        "0.05": {
          "coverage": 0.95288,
          "volume": 3.5220058029611554,
          "wsc": 0.8644,
          "threshold": 5.06057827496103
        },
        "0.02": {
          "coverage": 0.98,
          "volume": 4.825551955912199,
          "wsc": 0.9268,
          "threshold": 6.933572730701806
        },
        "0.01": {
          "coverage": 0.99104,
          "volume": 5.9026773177441365,
          "wsc": 0.9656,
          "threshold": 8.48123548608778
        }
      },
      "Kernel": {
        "0.1": {
          "coverage": 0.89712,
          "volume": 2.4885237878702964,
          "wsc": 0.8256,
          "threshold": 0.07173749919183545
        },
        "0.05": {
          "coverage": 0.95024,
          "volume": 3.069968706113326,
          "wsc": 0.9096,
          "threshold": 0.10486184797885309
        },
        "0.02": {
          "coverage": 0.9792,
          "volume": 3.7947090617465786,
          "wsc": 0.9584,
          "threshold": 0.16125214152476225
        },
        "0.01": {
          "coverage": 0.99024,
          "volume": 4.446793995186898,
          "wsc": 0.9772,
          "threshold": 0.22856980916953576
        }
      },
      "Bonferroni": {
        "0.1": {
          "coverage": 0.89496,
          "volume": 4.102764021030624,
          "wsc": 0.6984,
          "threshold": 1.8241733087478627
        },
        "0.05": {
          "coverage": 0.94512,
          "volume": 4.9352278805809995,
          "wsc": 0.844,
          "threshold": 2.0006109366883473
        },
        "0.02": {
          "coverage": 0.97816,
          "volume": 5.917638020607219,
          "wsc": 0.94,
          "threshold": 2.1945817366307927
        },
        "0.01": {
          "coverage": 0.99064,
          "volume": 6.632603652311603,
          "wsc": 0.9724,
          "threshold": 2.323765915622201
        }
      },
      "Density": {
        "0.1": {
          "coverage": 0.89472,
          "volume": 3.2981127780201227,
          "wsc": 0.6456,
          "threshold": 0.9426360128877292
        },
        "0.05": {
          "coverage": 0.94672,
          "volume": 4.051169601942161,
          "wsc": 0.8212,
          "threshold": 1.0108128947041983
        },
        "0.02": {
          "coverage": 0.97856,
          "volume": 4.879098795752339,
          "wsc": 0.9312,
          "threshold": 1.080152540103519
        },
        "0.01": {
          "coverage": 0.99072,
          "volume": 5.492991766625223,
          "wsc": 0.972,
          "threshold": 1.126674772591898
        }
      }
    },
    "NN": {
      "Mahal": {
        "0.1": {
          "coverage": 0.90456,
          "volume": 0.5047886736326476,
          "wsc": 0.896,
          "threshold": 4.429670202326257
        },
        "0.05": {
          "coverage": 0.95272,
          "volume": 0.7119701136464835,
          "wsc": 0.9456,
          "threshold": 6.247748735467456
        },
        "0.02": {
          "coverage": 0.98312,
          "volume": 1.120668244956026,
          "wsc": 0.9784,
          "threshold": 9.834195953032788
        },
        "0.01": {
          "coverage": 0.9916,
          "volume": 1.5499727357092916,
          "wsc": 0.9888,
          "threshold": 13.601470081292069
        }
      },
      "Kernel": {
        "0.1": {
          "coverage": 0.90624,
          "volume": 0.45982260669994374,
          "wsc": 0.8988,
          "threshold": 0.01898005520038488
        },
        "0.05": {
          "coverage": 0.9528,
          "volume": 0.6054312291679913,
          "wsc": 0.9448,
          "threshold": 0.029726410100729555
        },
        "0.02": {
          "coverage": 0.98288,
          "volume": 0.8299579301462634,
          "wsc": 0.9776,
          "threshold": 0.05235474812673522
        },
        "0.01": {
          "coverage": 0.99168,
          "volume": 1.0274213952459403,
          "wsc": 0.9892,
          "threshold": 0.07808767013560466
        }
      },
      "Bonferroni": {
        "0.1": {
          "coverage": 0.90192,
          "volume": 0.5042455762664667,
          "wsc": 0.8916,
          "threshold": 1.8578245617934253
        },
        "0.05": {
          "coverage": 0.95384,
          "volume": 0.680507169527576,
          "wsc": 0.9448,
          "threshold": 2.1617296854126833
        },
        "0.02": {
          "coverage": 0.9832,
          "volume": 0.9620770018810423,
          "wsc": 0.9772,
          "threshold": 2.569251477334732
        },
        "0.01": {
          "coverage": 0.99144,
          "volume": 1.2395242480436761,
          "wsc": 0.9896,
          "threshold": 2.9235160497720005
        }
      },
      "Density": {
        "0.1": {
          "coverage": 0.90312,
          "volume": 0.7504509107516342,
          "wsc": 0.8936,
          "threshold": 0.6066563544960532
        },
        "0.05": {
          "coverage": 0.95136,
          "volume": 1.0142403373568838,
          "wsc": 0.944,
          "threshold": 0.782074602577826
        },
        "0.02": {
          "coverage": 0.98328,
          "volume": 1.3906576969035196,
          "wsc": 0.9784,
          "threshold": 1.0011637524678032
        },
        "0.01": {
          "coverage": 0.992,
          "volume": 1.6969069567939432,
          "wsc": 0.9892,
          "threshold": 1.1492541890572305
        }
      }
    }
  },
  "elapsed_s": 2059.321278333664
}