{
  "seed": 1,
  "n": 50000,
  "alphas": [
    0.1,
    0.05,
    0.02,
    0.01
  ],
  "auto_params": {
    "Linear": {
      "Mahal": {},
      "Kernel": {
        "lengthscale": 0.5,
        "gamma": 31.450050277782317
      },
      "Bonferroni": {},
      "Density": {
        "lengthscale": 0.5
      }
    },
    "NN": {
      "Mahal": {},
      "Kernel": {
        "lengthscale": 0.5,
        "gamma": 16.06456336166262
      },
      "Bonferroni": {},
      "Density": {
        "lengthscale": 0.5
      }
    }
  },
  "results": {
    "Linear": {
      "Mahal": {
        "0.1": {
          "coverage": 0.90128,
          "volume": 2.8354179246471296,
          "wsc": 0.776,
          "threshold": 4.062914381586015
        },
        "0.05": {
          "coverage": 0.95112,
          "volume": 3.5817638472104276,
          "wsc": 0.8452,
          "threshold": 5.132365045652717
        },
        "0.02": {
          "coverage": 0.9808,
          "volume": 4.934871008995367,
          "wsc": 0.9312,
          "threshold": 7.071253313112352
        },
        "0.01": {
          "coverage": 0.98976,
          "volume": 5.945146100463726,
          "wsc": 0.9616,
          "threshold": 8.518892182432028
        }
      },
      "Kernel": {
        "0.1": {
          "coverage": 0.90496,
          "volume": 2.5226864953203814,
          "wsc": 0.8256,
          "threshold": 0.07263576215378412
        },
        "0.05": {
          "coverage": 0.95184,
          "volume": 3.0952281981414003,
          "wsc": 0.9044,
          "threshold": 0.10594186385504836
        },
        "0.02": {
          "coverage": 0.98064,
          "volume": 3.8171194860177646,
          "wsc": 0.9596,
          "threshold": 0.16328083783382608
        },
        "0.01": {
          "coverage": 0.98824,
          "volume": 4.34277968285582,
          "wsc": 0.9748,
          "threshold": 0.21685662894518545
        }
      },
      "Bonferroni": {
        "0.1": {
          "coverage": 0.89568,
          "volume": 4.115084493842368,
          "wsc": 0.6984,
          "threshold": 1.8269994264994411
        },
        "0.05": {
          "coverage": 0.9472,
          "volume": 4.932941280542919,
          "wsc": 0.8544,
          "threshold": 2.004413725211161
        },
        "0.02": {
          "coverage": 0.97984,
          "volume": 5.976920051358163,
          "wsc": 0.9416,
          "threshold": 2.2046888182666295
        },
        "0.01": {
          "coverage": 0.99064,
          "volume": 6.70300655229788,
          "wsc": 0.9716,
          "threshold": 2.335438094619269
        }
      },
      "Density": {
        "0.1": {
          "coverage": 0.896,
          "volume": 3.315686644620569,
          "wsc": 0.646,
          "threshold": 0.9446168305488161
        },
        "0.05": {
          "coverage": 0.94832,
          "volume": 4.088340010563496,
          "wsc": 0.8276,
          "threshold": 1.0141428602150901
        },
        "0.02": {
          "coverage": 0.97944,
          "volume": 4.910916411960319,
          "wsc": 0.9336,
          "threshold": 1.0831640685098043
        },
        "0.01": {
          "coverage": 0.98992,
          "volume": 5.479158021391401,
          "wsc": 0.9692,
          "threshold": 1.1248525984602533
        }
      }
    },
    "NN": {
      "Mahal": {
        "0.1": {
          "coverage": 0.89888,
          "volume": 0.5014980748149604,
          "wsc": 0.8864,
          "threshold": 4.37757809991687
        },
        "0.05": {
          "coverage": 0.9496,
          "volume": 0.7228081267769115,
          "wsc": 0.944,
          "threshold": 6.309394163453231
        },
        "0.02": {
          "coverage": 0.98128,
          "volume": 1.1290765403254415,
          "wsc": 0.976,
          "threshold": 9.855712283406584
        },
        "0.01": {
          "coverage": 0.99112,
          "volume": 1.5696449633217637,
          "wsc": 0.9868,
          "threshold": 13.701435281915042
        }
      },
      "Kernel": {
        "0.1": {
          "coverage": 0.90232,
          "volume": 0.45983182068749534,
          "wsc": 0.8812,
          "threshold": 0.01896605551469427
        },
        "0.05": {
          "coverage": 0.94976,
          "volume": 0.6063689616897688,
          "wsc": 0.9424,
          "threshold": 0.02977139933313755
        },
        "0.02": {
          "coverage": 0.97944,
          "volume": 0.829252277112534,
          "wsc": 0.974,
          "threshold": 0.05214438937549898
        },
        "0.01": {
          "coverage": 0.99008,
          "volume": 1.0342638925825534,
          "wsc": 0.9864,
          "threshold": 0.0795385846657506
        }
      },
      "Bonferroni": {
        "0.1": {
          "coverage": 0.89792,
          "volume": 0.5040251331084095,
          "wsc": 0.8828,
          "threshold": 1.854219881513562
        },
        "0.05": {
          "coverage": 0.94896,
          "volume": 0.692244909650018,
          "wsc": 0.9432,
          "threshold": 2.17111035523083
        },
        "0.02": {
          "coverage": 0.98184,
          "volume": 0.9758434111660244,
          "wsc": 0.9772,
          "threshold": 2.5803753892557717
        },
        "0.01": {
          "coverage": 0.98992,
          "volume": 1.2313115329981015,
          "wsc": 0.9852,
          "threshold": 2.9023892658064017
        }
      },
      "Density": {
        "0.1": {
          "coverage": 0.8972,
          "volume": 0.723776851560603,
          "wsc": 0.886,
          "threshold": 0.6022180043269626
        },
        "0.05": {
          "coverage": 0.95,
          "volume": 0.9885857712531786,
          "wsc": 0.9444,
          "threshold": 0.7878305388861996
        },
        "0.02": {
          "coverage": 0.98152,
          "volume": 1.349529318637187,
          "wsc": 0.9767907162865146,
          "threshold": 1.0051996219615982
        },
        "0.01": {
          "coverage": 0.98992,
          "volume": 1.628376431646119,
          "wsc": 0.9876,
          "threshold": 1.144137799486603
        }
      }
    }
  },
  "elapsed_s": 2027.9228720664978
}