{
  "seed": 55,
  "n": 50000,
  "alphas": [
    0.1,
    0.05,
    0.02,
    0.01
  ],
  "auto_params": {
    "Linear": {
      "Mahal": {},
      "Kernel": {
        "lengthscale": 0.5,
        "gamma": 32.326362946290274
      },
      "Bonferroni": {},
      "Density": {
        "lengthscale": 0.5
      }
    },
    "NN": {
      "Mahal": {},
      "Kernel": {
        "lengthscale": 0.5,
        "gamma": 15.827639109878652
      },
      "Bonferroni": {},
      "Density": {
        "lengthscale": 0.5
      }
    }
  },
  "results": {
    "Linear": {
      "Mahal": {
        "0.1": {
          "coverage": 0.89656,
          "volume": 2.788176806569461,
          "wsc": 0.7608,
          "threshold": 4.068560846402783
        },
        "0.05": {
          "coverage": 0.9496,
          "volume": 3.555323398348864,
          "wsc": 0.8396,
          "threshold": 5.187995804548528
        },
        "0.02": {
          "coverage": 0.98072,
          "volume": 4.958086679338116,
          "wsc": 0.926,
          "threshold": 7.234934774974321
        },
        "0.01": {
          "coverage": 0.9912,
          "volume": 6.283944183092568,
          "wsc": 0.9644,
          "threshold": 9.16965136646689
        }
      },
      "Kernel": {
        "0.1": {
          "coverage": 0.89632,
          "volume": 2.4483308582316616,
          "wsc": 0.8112,
          "threshold": 0.07264314372543462
        },
        "0.05": {
          "coverage": 0.95144,
          "volume": 3.0699208104122144,
          "wsc": 0.902,
          "threshold": 0.10826438107191186
        },
        "0.02": {
          "coverage": 0.97952,
          "volume": 3.8114853449779265,
          "wsc": 0.954,
          "threshold": 0.16597286967777058
        },
        "0.01": {
          "coverage": 0.99056,
          "volume": 4.563763619402651,
          "wsc": 0.9772,
          "threshold": 0.24273077949983415
        }
      },
      "Bonferroni": {
        "0.1": {
          "coverage": 0.89824,
          "volume": 4.153552859035051,
          "wsc": 0.7248,
          "threshold": 1.8446716100525482
        },
        "0.05": {
          "coverage": 0.94832,
          "volume": 5.000034828075958,
          "wsc": 0.864,
          "threshold": 2.0265129163768556
        },
        "0.02": {
          "coverage": 0.97968,
          "volume": 6.070636652545942,
          "wsc": 0.948,
          "threshold": 2.2337172180733256
        },
        "0.01": {
          "coverage": 0.98952,
          "volume": 6.816158514446964,
          "wsc": 0.9728,
          "threshold": 2.3643865284535477
        }
      },
      "Density": {
        "0.1": {
          "coverage": 0.89792,
          "volume": 3.340852952612651,
          "wsc": 0.6636,
          "threshold": 0.951595976534985
        },
        "0.05": {
          "coverage": 0.95096,
          "volume": 4.156738024939081,
          "wsc": 0.8376,
          "threshold": 1.0237880266945325
        },
        "0.02": {
          "coverage": 0.98096,
          "volume": 5.0074668818520305,
          "wsc": 0.9452,
          "threshold": 1.0935709918438905
        },
        "0.01": {
          "coverage": 0.9904,
          "volume": 5.628960313853673,
          "wsc": 0.9744,
          "threshold": 1.1366915486928548
        }
      }
    },
    "NN": {
      "Mahal": {
        "0.1": {
          "coverage": 0.89968,
          "volume": 0.5055058642744695,
          "wsc": 0.8915566226490597,
          "threshold": 4.4078447110072245
        },
        "0.05": {
          "coverage": 0.94704,
          "volume": 0.7183776397779054,
          "wsc": 0.9395758303321329,
          "threshold": 6.264016510561412
        },
        "0.02": {
          "coverage": 0.97848,
          "volume": 1.113873202340995,
          "wsc": 0.9751900760304122,
          "threshold": 9.712607608851833
        },
        "0.01": {
          "coverage": 0.99096,
          "volume": 1.51398471756789,
          "wsc": 0.9895958383353342,
          "threshold": 13.201448294680903
        }
      },
      "Kernel": {
        "0.1": {
          "coverage": 0.90024,
          "volume": 0.4669684487837369,
          "wsc": 0.884,
          "threshold": 0.019092141878230977
        },
        "0.05": {
          "coverage": 0.9484,
          "volume": 0.6201327345799816,
          "wsc": 0.9352,
          "threshold": 0.03039308460591902
        },
        "0.02": {
          "coverage": 0.98096,
          "volume": 0.851978473186644,
          "wsc": 0.9752,
          "threshold": 0.05345146443955832
        },
        "0.01": {
          "coverage": 0.99096,
          "volume": 1.0467876060235437,
          "wsc": 0.986,
          "threshold": 0.07884093374301089
        }
      },
      "Bonferroni": {
        "0.1": {
          "coverage": 0.89736,
          "volume": 0.5131532668542337,
          "wsc": 0.8864,
          "threshold": 1.866711304159791
        },
        "0.05": {
          "coverage": 0.94848,
          "volume": 0.6963905938331153,
          "wsc": 0.9424,
          "threshold": 2.178846217984001
        },
        "0.02": {
          "coverage": 0.97984,
          "volume": 0.9582752385018894,
          "wsc": 0.9772,
          "threshold": 2.5534680858278485
        },
        "0.01": {
          "coverage": 0.99072,
          "volume": 1.2053111057422332,
          "wsc": 0.9895958383353342,
          "threshold": 2.867914419256853
        }
      },
      "Density": {
        "0.1": {
          "coverage": 0.89456,
          "volume": 0.7534986504716527,
          "wsc": 0.8827531012404962,
          "threshold": 0.6039717371993895
        },
        "0.05": {
          "coverage": 0.94576,
          "volume": 1.0433740939710308,
          "wsc": 0.9355742296918768,
          "threshold": 0.7802849401214449
        },
        "0.02": {
          "coverage": 0.98016,
          "volume": 1.4675029664957333,
          "wsc": 0.9776,
          "threshold": 1.0170933728582279
        },
        "0.01": {
          "coverage": 0.99032,
          "volume": 1.7555351134867547,
          "wsc": 0.988795518207283,
          "threshold": 1.150404913026389
        }
      }
    }
  },
  "elapsed_s": 2023.6466827392578
}