{
  "seed": 80,
  "n": 50000,
  "alphas": [
    0.1,
    0.05,
    0.02,
    0.01
  ],
  "auto_params": {
    "Linear": {
      "Mahal": {},
      "Kernel": {
        "lengthscale": 0.5,
        "gamma": 32.436262262587476
      },
      "Bonferroni": {},
      "Density": {
        "lengthscale": 0.5
      }
    },
    "NN": {
      "Mahal": {},
      "Kernel": {
        "lengthscale": 0.5,
        "gamma": 16.50042955947027
      },
      "Bonferroni": {},
      "Density": {
        "lengthscale": 0.5
      }
    }
  },
  "results": {
    "Linear": {
      "Mahal": {
        "0.1": {
          "coverage": 0.90184,
          "volume": 2.8041141842572896,
          "wsc": 0.776,
          "threshold": 4.07816186657491
        },
        "0.05": {
          "coverage": 0.95048,
          "volume": 3.5161386085497304,
          "wsc": 0.8476,
          "threshold": 5.11369418245615
        },
        "0.02": {
          "coverage": 0.97928,
          "volume": 4.82858106584162,
          "wsc": 0.9232,
          "threshold": 7.022444122615706
        },
        "0.01": {
          "coverage": 0.98992,
          "volume": 6.011927767643203,
          "wsc": 0.9616,
          "threshold": 8.743443724314384
        }
      },
      "Kernel": {
        "0.1": {
          "coverage": 0.9004,
          "volume": 2.47777898406478,
          "wsc": 0.8108,
          "threshold": 0.07379980013424248
        },
        "0.05": {
          "coverage": 0.94904,
          "volume": 3.035552391941976,
          "wsc": 0.8992,
          "threshold": 0.1057487652684211
        },
        "0.02": {
          "coverage": 0.98184,
          "volume": 3.7766626605183258,
          "wsc": 0.9584,
          "threshold": 0.1652302646708912
        },
        "0.01": {
          "coverage": 0.98968,
          "volume": 4.324468983443764,
          "wsc": 0.978,
          "threshold": 0.21990756629997235
        }
      },
      "Bonferroni": {
        "0.1": {
          "coverage": 0.90216,
          "volume": 4.130973363082242,
          "wsc": 0.7248,
          "threshold": 1.8362987139262459
        },
        "0.05": {
          "coverage": 0.95136,
          "volume": 4.988621855709909,
          "wsc": 0.8656,
          "threshold": 2.022703044704383
        },
        "0.02": {
          "coverage": 0.97984,
          "volume": 5.962808572388895,
          "wsc": 0.9436,
          "threshold": 2.2098066479869583
        },
        "0.01": {
          "coverage": 0.99104,
          "volume": 6.770046616125943,
          "wsc": 0.9768,
          "threshold": 2.354267037904499
        }
      },
      "Density": {
        "0.1": {
          "coverage": 0.90064,
          "volume": 3.333414892231035,
          "wsc": 0.666,
          "threshold": 0.9481182005373537
        },
        "0.05": {
          "coverage": 0.95256,
          "volume": 4.069924967752728,
          "wsc": 0.8356,
          "threshold": 1.0155432453093902
        },
        "0.02": {
          "coverage": 0.97992,
          "volume": 4.900163976763062,
          "wsc": 0.9328,
          "threshold": 1.0819280655655472
        },
        "0.01": {
          "coverage": 0.99192,
          "volume": 5.569300391505087,
          "wsc": 0.9736,
          "threshold": 1.130291152340748
        }
      }
    },
    "NN": {
      "Mahal": {
        "0.1": {
          "coverage": 0.90536,
          "volume": 0.5105788366358608,
          "wsc": 0.8968,
          "threshold": 4.379741681028373
        },
        "0.05": {
          "coverage": 0.95264,
          "volume": 0.7344145654331745,
          "wsc": 0.944,
          "threshold": 6.299802993354422
        },
        "0.02": {
          "coverage": 0.98224,
          "volume": 1.1639964706034605,
          "wsc": 0.978,
          "threshold": 9.984753564135158
        },
        "0.01": {
          "coverage": 0.99152,
          "volume": 1.5415102922556096,
          "wsc": 0.9892,
          "threshold": 13.22306447954316
        }
      },
      "Kernel": {
        "0.1": {
          "coverage": 0.90776,
          "volume": 0.46928335285539235,
          "wsc": 0.8964,
          "threshold": 0.01962490738107369
        },
        "0.05": {
          "coverage": 0.95416,
          "volume": 0.6225667194069061,
          "wsc": 0.9472,
          "threshold": 0.031075031785600362
        },
        "0.02": {
          "coverage": 0.98072,
          "volume": 0.8434783937722362,
          "wsc": 0.9764,
          "threshold": 0.05366327805176974
        },
        "0.01": {
          "coverage": 0.99016,
          "volume": 1.0225422534928412,
          "wsc": 0.9876,
          "threshold": 0.07716438712120512
        }
      },
      "Bonferroni": {
        "0.1": {
          "coverage": 0.90264,
          "volume": 0.5155538796833055,
          "wsc": 0.8952,
          "threshold": 1.8563558625625345
        },
        "0.05": {
          "coverage": 0.95264,
          "volume": 0.7011678321309109,
          "wsc": 0.948,
          "threshold": 2.1673538506062933
        },
        "0.02": {
          "coverage": 0.98016,
          "volume": 0.9686019599675003,
          "wsc": 0.978,
          "threshold": 2.551509859714237
        },
        "0.01": {
          "coverage": 0.98984,
          "volume": 1.20297771382722,
          "wsc": 0.988,
          "threshold": 2.845913838319127
        }
      },
      "Density": {
        "0.1": {
          "coverage": 0.90672,
          "volume": 0.7561158322296367,
          "wsc": 0.8988,
          "threshold": 0.6085054302297963
        },
        "0.05": {
          "coverage": 0.95248,
          "volume": 1.0427803605083168,
          "wsc": 0.946,
          "threshold": 0.7929204242431325
        },
        "0.02": {
          "coverage": 0.98224,
          "volume": 1.4304394809195504,
          "wsc": 0.9784,
          "threshold": 1.0154500571894938
        },
        "0.01": {
          "coverage": 0.9916,
          "volume": 1.7068869842180803,
          "wsc": 0.9888,
          "threshold": 1.1488626179365475
        }
      }
    }
  },
  "elapsed_s": 2052.630816936493
}