{
  "seed": 61,
  "n": 50000,
  "alphas": [
    0.1,
    0.05,
    0.02,
    0.01
  ],
  "auto_params": {
    "Linear": {
      "Mahal": {},
      "Kernel": {
        "lengthscale": 0.5,
        "gamma": 32.21319139053999
      },
      "Bonferroni": {},
      "Density": {
        "lengthscale": 0.5
      }
    },
    "NN": {
      "Mahal": {},
      "Kernel": {
        "lengthscale": 0.5,
        "gamma": 15.889823189721417
      },
      "Bonferroni": {},
      "Density": {
        "lengthscale": 0.5
      }
    }
  },
  "results": {
    "Linear": {
      "Mahal": {
        "0.1": {
          "coverage": 0.90064,
          "volume": 2.79768775607639,
          "wsc": 0.7756,
          "threshold": 4.06414490235035
        },
        "0.05": {
          "coverage": 0.95016,
          "volume": 3.5325168583586355,
          "wsc": 0.8404,
          "threshold": 5.1316164040047765
        },
        "0.02": {
          "coverage": 0.9796,
          "volume": 4.938778351566179,
          "wsc": 0.9212,
          "threshold": 7.174464275994026
        },
        "0.01": {
          "coverage": 0.99,
          "volume": 6.125325802709084,
          "wsc": 0.9592,
          "threshold": 8.898137964912856
        }
      },
      "Kernel": {
        "0.1": {
          "coverage": 0.8992,
          "volume": 2.488275150332507,
          "wsc": 0.8156,
          "threshold": 0.07326683339913519
        },
        "0.05": {
          "coverage": 0.9512,
          "volume": 3.0439141634659004,
          "wsc": 0.9008,
          "threshold": 0.10481727888014891
        },
        "0.02": {
          "coverage": 0.9808,
          "volume": 3.814127226813035,
          "wsc": 0.9584,
          "threshold": 0.1667065655438254
        },
        "0.01": {
          "coverage": 0.99048,
          "volume": 4.434628350102363,
          "wsc": 0.976,
          "threshold": 0.23250177177361153
        }
      },
      "Bonferroni": {
        "0.1": {
          "coverage": 0.90464,
          "volume": 4.18507579033323,
          "wsc": 0.7284,
          "threshold": 1.8478107609209684
        },
        "0.05": {
          "coverage": 0.94784,
          "volume": 4.940592000925999,
          "wsc": 0.856,
          "threshold": 2.0110285608568774
        },
        "0.02": {
          "coverage": 0.97928,
          "volume": 5.971135316062135,
          "wsc": 0.9456,
          "threshold": 2.21079261151497
        },
        "0.01": {
          "coverage": 0.98968,
          "volume": 6.756829064310535,
          "wsc": 0.9732,
          "threshold": 2.353834185897565
        }
      },
      "Density": {
        "0.1": {
          "coverage": 0.90144,
          "volume": 3.3547036097115575,
          "wsc": 0.6704,
          "threshold": 0.9500427148054417
        },
        "0.05": {
          "coverage": 0.95072,
          "volume": 4.071126191977713,
          "wsc": 0.8348,
          "threshold": 1.0163470177174418
        },
        "0.02": {
          "coverage": 0.98,
          "volume": 4.859073457648449,
          "wsc": 0.934,
          "threshold": 1.0827685362606727
        },
        "0.01": {
          "coverage": 0.98976,
          "volume": 5.435190085619593,
          "wsc": 0.9692,
          "threshold": 1.1262257516781151
        }
      }
    },
    "NN": {
      "Mahal": {
        "0.1": {
          "coverage": 0.90152,
          "volume": 0.4965960982261742,
          "wsc": 0.8948,
          "threshold": 4.334158270159749
        },
        "0.05": {
          "coverage": 0.95456,
          "volume": 0.7251948986555283,
          "wsc": 0.95,
          "threshold": 6.32930761782585
        },
        "0.02": {
          "coverage": 0.98248,
          "volume": 1.1300063660379263,
          "wsc": 0.9788,
          "threshold": 9.86239411503758
        },
        "0.01": {
          "coverage": 0.99168,
          "volume": 1.5006142812320304,
          "wsc": 0.9896,
          "threshold": 13.096961133108696
        }
      },
      "Kernel": {
        "0.1": {
          "coverage": 0.89704,
          "volume": 0.4507520557248861,
          "wsc": 0.8832,
          "threshold": 0.018561496510680273
        },
        "0.05": {
          "coverage": 0.94976,
          "volume": 0.5961153796848377,
          "wsc": 0.942,
          "threshold": 0.02923045733717011
        },
        "0.02": {
          "coverage": 0.98152,
          "volume": 0.8137456533992214,
          "wsc": 0.9744,
          "threshold": 0.05088397364367682
        },
        "0.01": {
          "coverage": 0.99256,
          "volume": 1.0253291553089028,
          "wsc": 0.9912,
          "threshold": 0.07880280693489733
        }
      },
      "Bonferroni": {
        "0.1": {
          "coverage": 0.90048,
          "volume": 0.5062699826928411,
          "wsc": 0.89,
          "threshold": 1.8573560605809056
        },
        "0.05": {
          "coverage": 0.95152,
          "volume": 0.682937390774483,
          "wsc": 0.9448,
          "threshold": 2.156244168659307
        },
        "0.02": {
          "coverage": 0.98232,
          "volume": 0.9620520963791611,
          "wsc": 0.9792,
          "threshold": 2.5649096828935662
        },
        "0.01": {
          "coverage": 0.99304,
          "volume": 1.238143416081488,
          "wsc": 0.9912,
          "threshold": 2.9117283172193407
        }
      },
      "Density": {
        "0.1": {
          "coverage": 0.89744,
          "volume": 0.7423348837233313,
          "wsc": 0.8892,
          "threshold": 0.5968264259536257
        },
        "0.05": {
          "coverage": 0.95448,
          "volume": 1.0434694707230106,
          "wsc": 0.95,
          "threshold": 0.7893324877790204
        },
        "0.02": {
          "coverage": 0.9824,
          "volume": 1.4218475541836466,
          "wsc": 0.9792,
          "threshold": 1.0037412028648172
        },
        "0.01": {
          "coverage": 0.99192,
          "volume": 1.731410163831473,
          "wsc": 0.99,
          "threshold": 1.1525347040790979
        }
      }
    }
  },
  "elapsed_s": 2019.967521429062
}