{
  "seed": 8,
  "n": 50000,
  "alphas": [
    0.1,
    0.05,
    0.02,
    0.01
  ],
  "auto_params": {
    "Linear": {
      "Mahal": {},
      "Kernel": {
        "lengthscale": 0.5,
        "gamma": 31.472038065138268
      },
      "Bonferroni": {},
      "Density": {
        "lengthscale": 0.5
      }
    },
    "NN": {
      "Mahal": {},
      "Kernel": {
        "lengthscale": 0.5,
        "gamma": 16.185807777312608
      },
      "Bonferroni": {},
      "Density": {
        "lengthscale": 0.5
      }
    }
  },
  "results": {
    "Linear": {
      "Mahal": {
        "0.1": {
          "coverage": 0.90424,
          "volume": 2.833830195900502,
          "wsc": 0.7972,
          "threshold": 4.12617369222736
        },
        "0.05": {
          "coverage": 0.95128,
          "volume": 3.534254037853306,
          "wsc": 0.862,
          "threshold": 5.146019706379982
        },
        "0.02": {
          "coverage": 0.98056,
          "volume": 4.808284599003821,
          "wsc": 0.9312,
          "threshold": 7.00106077133781
        },
        "0.01": {
          "coverage": 0.98904,
          "volume": 5.829807746881043,
          "wsc": 0.96,
          "threshold": 8.488440623832071
        }
      },
      "Kernel": {
        "0.1": {
          "coverage": 0.90064,
          "volume": 2.473341049161379,
          "wsc": 0.8276,
          "threshold": 0.07154761917962242
        },
        "0.05": {
          "coverage": 0.94864,
          "volume": 3.0160438744971163,
          "wsc": 0.9096,
          "threshold": 0.10202770482206339
        },
        "0.02": {
          "coverage": 0.98008,
          "volume": 3.796290912666303,
          "wsc": 0.9616,
          "threshold": 0.16362444119835273
        },
        "0.01": {
          "coverage": 0.98952,
          "volume": 4.331948380649299,
          "wsc": 0.9772,
          "threshold": 0.2181589572743145
        }
      },
      "Bonferroni": {
        "0.1": {
          "coverage": 0.9016,
          "volume": 4.125214461910671,
          "wsc": 0.708,
          "threshold": 1.8418754778964783
        },
        "0.05": {
          "coverage": 0.95104,
          "volume": 4.99957485576199,
          "wsc": 0.8572,
          "threshold": 2.0295802921670663
        },
        "0.02": {
          "coverage": 0.98136,
          "volume": 5.962159948403598,
          "wsc": 0.9436,
          "threshold": 2.218008325889539
        },
        "0.01": {
          "coverage": 0.99088,
          "volume": 6.764384295329841,
          "wsc": 0.9728,
          "threshold": 2.361489089864036
        }
      },
      "Density": {
        "0.1": {
          "coverage": 0.90104,
          "volume": 3.3773550366466205,
          "wsc": 0.6536,
          "threshold": 0.9540289017092571
        },
        "0.05": {
          "coverage": 0.95168,
          "volume": 4.129630954579553,
          "wsc": 0.8292,
          "threshold": 1.0234777050780968
        },
        "0.02": {
          "coverage": 0.97912,
          "volume": 5.01871299066048,
          "wsc": 0.9324,
          "threshold": 1.089961970120433
        },
        "0.01": {
          "coverage": 0.99008,
          "volume": 5.644908558355561,
          "wsc": 0.97,
          "threshold": 1.1330366520446884
        }
      }
    },
    "NN": {
      "Mahal": {
        "0.1": {
          "coverage": 0.8996,
          "volume": 0.5060067086656526,
          "wsc": 0.8896,
          "threshold": 4.414124368932256
        },
        "0.05": {
          "coverage": 0.9488,
          "volume": 0.7147665604590902,
          "wsc": 0.9368,
          "threshold": 6.235230558385921
        },
        "0.02": {
          "coverage": 0.97888,
          "volume": 1.0801974466694444,
          "wsc": 0.9732,
          "threshold": 9.423048728297722
        },
        "0.01": {
          "coverage": 0.98936,
          "volume": 1.4270695691984396,
          "wsc": 0.9851940776310524,
          "threshold": 12.448970445810374
        }
      },
      "Kernel": {
        "0.1": {
          "coverage": 0.90384,
          "volume": 0.46057620788515885,
          "wsc": 0.8936,
          "threshold": 0.019099540073187378
        },
        "0.05": {
          "coverage": 0.95232,
          "volume": 0.6117510315953412,
          "wsc": 0.944,
          "threshold": 0.03024390647399831
        },
        "0.02": {
          "coverage": 0.97872,
          "volume": 0.8185161888455292,
          "wsc": 0.9732,
          "threshold": 0.051486289146662166
        },
        "0.01": {
          "coverage": 0.9888,
          "volume": 1.0080637844576323,
          "wsc": 0.9851940776310524,
          "threshold": 0.076248515176349
        }
      },
      "Bonferroni": {
        "0.1": {
          "coverage": 0.90008,
          "volume": 0.5136958599344977,
          "wsc": 0.8872,
          "threshold": 1.868763076145726
        },
        "0.05": {
          "coverage": 0.94944,
          "volume": 0.6910444656864329,
          "wsc": 0.9408,
          "threshold": 2.1682077148802597
        },
        "0.02": {
          "coverage": 0.978,
          "volume": 0.9443150547453201,
          "wsc": 0.9724,
          "threshold": 2.5410981097779377
        },
        "0.01": {
          "coverage": 0.98888,
          "volume": 1.1801107195108447,
          "wsc": 0.9832,
          "threshold": 2.843700930366287
        }
      },
      "Density": {
        "0.1": {
          "coverage": 0.89792,
          "volume": 0.74012352404791,
          "wsc": 0.8932,
          "threshold": 0.6015154757134166
        },
        "0.05": {
          "coverage": 0.95056,
          "volume": 1.006107828277521,
          "wsc": 0.942,
          "threshold": 0.7799734519522182
        },
        "0.02": {
          "coverage": 0.98072,
          "volume": 1.371356908647781,
          "wsc": 0.9756,
          "threshold": 0.9956211713832586
        },
        "0.01": {
          "coverage": 0.9896,
          "volume": 1.648485015850921,
          "wsc": 0.9844,
          "threshold": 1.1366354519756674
        }
      }
    }
  },
  "elapsed_s": 2032.981775522232
}