{
  "seed": 68,
  "n": 50000,
  "alphas": [
    0.1,
    0.05,
    0.02,
    0.01
  ],
  "auto_params": {
    "Linear": {
      "Mahal": {},
      "Kernel": {
        "lengthscale": 0.5,
        "gamma": 31.77205892134121
      },
      "Bonferroni": {},
      "Density": {
        "lengthscale": 0.5
      }
    },
    "NN": {
      "Mahal": {},
      "Kernel": {
        "lengthscale": 0.5,
        "gamma": 15.47336814492439
      },
      "Bonferroni": {},
      "Density": {
        "lengthscale": 0.5
      }
    }
  },
  "results": {
    "Linear": {
      "Mahal": {
        "0.1": {
          "coverage": 0.90448,
          "volume": 2.8340205134863594,
          "wsc": 0.7936,
          "threshold": 4.090832580973829
        },
        "0.05": {
          "coverage": 0.95432,
          "volume": 3.619791802016824,
          "wsc": 0.8684,
          "threshold": 5.225072355533487
        },
        "0.02": {
          "coverage": 0.98184,
          "volume": 5.009087058798454,
          "wsc": 0.9408,
          "threshold": 7.230482787105528
        },
        "0.01": {
          "coverage": 0.99072,
          "volume": 6.10843055106101,
          "wsc": 0.9696,
          "threshold": 8.817355625332373
        }
      },
      "Kernel": {
        "0.1": {
          "coverage": 0.9028,
          "volume": 2.49235467530378,
          "wsc": 0.8284,
          "threshold": 0.07305697492465146
        },
        "0.05": {
          "coverage": 0.94904,
          "volume": 3.015038538613323,
          "wsc": 0.906,
          "threshold": 0.1029006644754612
        },
        "0.02": {
          "coverage": 0.9796,
          "volume": 3.7869379082593038,
          "wsc": 0.9616,
          "threshold": 0.16341749450687607
        },
        "0.01": {
          "coverage": 0.99016,
          "volume": 4.468812293237496,
          "wsc": 0.9828,
          "threshold": 0.23134759538958813
        }
      },
      "Bonferroni": {
        "0.1": {
          "coverage": 0.90248,
          "volume": 4.1219865485362055,
          "wsc": 0.7252,
          "threshold": 1.8329675160218881
        },
        "0.05": {
          "coverage": 0.9552,
          "volume": 5.049483424941701,
          "wsc": 0.8772,
          "threshold": 2.0284875885831433
        },
        "0.02": {
          "coverage": 0.9824,
          "volume": 6.131679554379426,
          "wsc": 0.95,
          "threshold": 2.2374838493927656
        },
        "0.01": {
          "coverage": 0.99232,
          "volume": 6.923240700055955,
          "wsc": 0.9772,
          "threshold": 2.375378429909685
        }
      },
      "Density": {
        "0.1": {
          "coverage": 0.9012,
          "volume": 3.3385096864052315,
          "wsc": 0.6772,
          "threshold": 0.9465752066706373
        },
        "0.05": {
          "coverage": 0.95112,
          "volume": 4.078271533808388,
          "wsc": 0.8392,
          "threshold": 1.0149932374253334
        },
        "0.02": {
          "coverage": 0.98016,
          "volume": 4.999281022183499,
          "wsc": 0.9388,
          "threshold": 1.086735827679885
        },
        "0.01": {
          "coverage": 0.98848,
          "volume": 5.553403765947979,
          "wsc": 0.9672,
          "threshold": 1.1255210096734014
        }
      }
    },
    "NN": {
      "Mahal": {
        "0.1": {
          "coverage": 0.90144,
          "volume": 0.49826799678329775,
          "wsc": 0.882,
          "threshold": 4.354867576650324
        },
        "0.05": {
          "coverage": 0.9496,
          "volume": 0.72216036472594,
          "wsc": 0.9392,
          "threshold": 6.311689247131655
        },
        "0.02": {
          "coverage": 0.9812,
          "volume": 1.1546522193038813,
          "wsc": 0.9772,
          "threshold": 10.091672643267716
        },
        "0.01": {
          "coverage": 0.99128,
          "volume": 1.5549368060671651,
          "wsc": 0.9875950380152061,
          "threshold": 13.590164177104745
        }
      },
      "Kernel": {
        "0.1": {
          "coverage": 0.90016,
          "volume": 0.44773626764436913,
          "wsc": 0.8716,
          "threshold": 0.018038579804828238
        },
        "0.05": {
          "coverage": 0.94968,
          "volume": 0.6018689087816671,
          "wsc": 0.9308,
          "threshold": 0.028907593915600466
        },
        "0.02": {
          "coverage": 0.98104,
          "volume": 0.8387578632493788,
          "wsc": 0.9736,
          "threshold": 0.05288253495119382
        },
        "0.01": {
          "coverage": 0.9896,
          "volume": 1.019699633073504,
          "wsc": 0.9864,
          "threshold": 0.07671817627496683
        }
      },
      "Bonferroni": {
        "0.1": {
          "coverage": 0.89904,
          "volume": 0.5012751297701854,
          "wsc": 0.8752,
          "threshold": 1.8504981343424507
        },
        "0.05": {
          "coverage": 0.9492,
          "volume": 0.6838048045510822,
          "wsc": 0.932,
          "threshold": 2.159870385911223
        },
        "0.02": {
          "coverage": 0.98,
          "volume": 0.965022772395335,
          "wsc": 0.9752,
          "threshold": 2.5709648851684412
        },
        "0.01": {
          "coverage": 0.99024,
          "volume": 1.2288531809629384,
          "wsc": 0.9867947178871549,
          "threshold": 2.9022231948926738
        }
      },
      "Density": {
        "0.1": {
          "coverage": 0.89744,
          "volume": 0.7223379648354068,
          "wsc": 0.8848,
          "threshold": 0.5962316578240999
        },
        "0.05": {
          "coverage": 0.94904,
          "volume": 0.9816693093588239,
          "wsc": 0.938,
          "threshold": 0.774520885898397
        },
        "0.02": {
          "coverage": 0.97904,
          "volume": 1.3700179316199346,
          "wsc": 0.9724,
          "threshold": 1.007140334715349
        },
        "0.01": {
          "coverage": 0.99064,
          "volume": 1.6554173825170193,
          "wsc": 0.988,
          "threshold": 1.1515662851202446
        }
      }
    }
  },
  "elapsed_s": 2067.3787653446198
}