{
  "seed": 42,
  "n": 50000,
  "alphas": [
    0.1,
    0.05,
    0.02,
    0.01
  ],
  "auto_params": {
    "Linear": {
      "Mahal": {},
      "Kernel": {
        "lengthscale": 0.5,
        "gamma": 31.90042241716592
      },
      "Bonferroni": {},
      "Density": {
        "lengthscale": 0.5
      }
    },
    "NN": {
      "Mahal": {},
      "Kernel": {
        "lengthscale": 0.5,
        "gamma": 16.180366041647677
      },
      "Bonferroni": {},
      "Density": {
        "lengthscale": 0.5
      }
    }
  },
  "results": {
    "Linear": {
      "Mahal": {
        "0.1": {
          "coverage": 0.90048,
          "volume": 2.8814415353219043,
          "wsc": 0.7744,
          "threshold": 4.143178605667354
        },
        "0.05": {
          "coverage": 0.95096,
          "volume": 3.6099019077103724,
          "wsc": 0.8544,
          "threshold": 5.190620100821339
        },
        "0.02": {
          "coverage": 0.97992,
          "volume": 4.952658225363058,
          "wsc": 0.9272,
          "threshold": 7.121347890966065
        },
        "0.01": {
          "coverage": 0.98952,
          "volume": 5.982653761721346,
          "wsc": 0.9588,
          "threshold": 8.602361965990772
        }
      },
      "Kernel": {
        "0.1": {
          "coverage": 0.90288,
          "volume": 2.527417827457823,
          "wsc": 0.8248,
          "threshold": 0.07450831580057497
        },
        "0.05": {
          "coverage": 0.95112,
          "volume": 3.088801614620348,
          "wsc": 0.9076,
          "threshold": 0.10616289256323602
        },
        "0.02": {
          "coverage": 0.98192,
          "volume": 3.910157632423723,
          "wsc": 0.962,
          "threshold": 0.17226727702985487
        },
        "0.01": {
          "coverage": 0.99096,
          "volume": 4.450678862418661,
          "wsc": 0.9816,
          "threshold": 0.22811143196370698
        }
      },
      "Bonferroni": {
        "0.1": {
          "coverage": 0.89744,
          "volume": 4.1629851517058105,
          "wsc": 0.6972,
          "threshold": 1.8478910020517567
        },
        "0.05": {
          "coverage": 0.95208,
          "volume": 5.081032929897776,
          "wsc": 0.8648,
          "threshold": 2.0450268857471876
        },
        "0.02": {
          "coverage": 0.9792,
          "volume": 6.067288885861398,
          "wsc": 0.9404,
          "threshold": 2.2326343813067098
        },
        "0.01": {
          "coverage": 0.99056,
          "volume": 6.815483059351042,
          "wsc": 0.974,
          "threshold": 2.36740298175141
        }
      },
      "Density": {
        "0.1": {
          "coverage": 0.90064,
          "volume": 3.4342245931120017,
          "wsc": 0.6496,
          "threshold": 0.9618702987072694
        },
        "0.05": {
          "coverage": 0.95336,
          "volume": 4.198708708499624,
          "wsc": 0.8332,
          "threshold": 1.029172464156087
        },
        "0.02": {
          "coverage": 0.98104,
          "volume": 4.981483284965681,
          "wsc": 0.934,
          "threshold": 1.0923616876181224
        },
        "0.01": {
          "coverage": 0.9908,
          "volume": 5.587069019734418,
          "wsc": 0.97,
          "threshold": 1.1354564926087212
        }
      }
    },
    "NN": {
      "Mahal": {
        "0.1": {
          "coverage": 0.9,
          "volume": 0.5009024148676943,
          "wsc": 0.8959583833533413,
          "threshold": 4.350746551756451
        },
        "0.05": {
          "coverage": 0.9524,
          "volume": 0.7294435777082149,
          "wsc": 0.9464,
          "threshold": 6.335813196774402
        },
        "0.02": {
          "coverage": 0.98152,
          "volume": 1.133051340615861,
          "wsc": 0.9776,
          "threshold": 9.841476237341686
        },
        "0.01": {
          "coverage": 0.99136,
          "volume": 1.5719776774113114,
          "wsc": 0.9892,
          "threshold": 13.653909936213557
        }
      },
      "Kernel": {
        "0.1": {
          "coverage": 0.90544,
          "volume": 0.4607361130886615,
          "wsc": 0.9004,
          "threshold": 0.019134325149903767
        },
        "0.05": {
          "coverage": 0.95008,
          "volume": 0.6042336024677537,
          "wsc": 0.9444,
          "threshold": 0.02968931665014387
        },
        "0.02": {
          "coverage": 0.9808,
          "volume": 0.8269055119634799,
          "wsc": 0.9776,
          "threshold": 0.05227822843376836
        },
        "0.01": {
          "coverage": 0.99072,
          "volume": 1.0622895876704794,
          "wsc": 0.9884,
          "threshold": 0.0834242609396476
        }
      },
      "Bonferroni": {
        "0.1": {
          "coverage": 0.904,
          "volume": 0.5173876236317438,
          "wsc": 0.8964,
          "threshold": 1.8689567261195545
        },
        "0.05": {
          "coverage": 0.95128,
          "volume": 0.6906369913776458,
          "wsc": 0.948,
          "threshold": 2.167564921209614
        },
        "0.02": {
          "coverage": 0.98136,
          "volume": 0.9692965265272775,
          "wsc": 0.9784,
          "threshold": 2.5699951279105147
        },
        "0.01": {
          "coverage": 0.9916,
          "volume": 1.257865158356103,
          "wsc": 0.9896,
          "threshold": 2.9265065771491616
        }
      },
      "Density": {
        "0.1": {
          "coverage": 0.90576,
          "volume": 0.7739668391339417,
          "wsc": 0.9008,
          "threshold": 0.6145453721006441
        },
        "0.05": {
          "coverage": 0.95304,
          "volume": 1.0866320336069601,
          "wsc": 0.9488,
          "threshold": 0.7870883531906907
        },
        "0.02": {
          "coverage": 0.98144,
          "volume": 1.4933475873800175,
          "wsc": 0.9776,
          "threshold": 1.008533700542175
        },
        "0.01": {
          "coverage": 0.98968,
          "volume": 1.745722198584096,
          "wsc": 0.9872,
          "threshold": 1.1483548381540347
        }
      }
    }
  },
  "elapsed_s": 2050.3765494823456
}