{
  "seed": 64,
  "n": 50000,
  "alphas": [
    0.1,
    0.05,
    0.02,
    0.01
  ],
  "auto_params": {
    "Linear": {
      "Mahal": {},
      "Kernel": {
        "lengthscale": 0.5,
        "gamma": 32.41436449186524
      },
      "Bonferroni": {},
      "Density": {
        "lengthscale": 0.5
      }
    },
    "NN": {
      "Mahal": {},
      "Kernel": {
        "lengthscale": 0.5,
        "gamma": 15.468398393761849
      },
      "Bonferroni": {},
      "Density": {
        "lengthscale": 0.5
      }
    }
  },
  "results": {
    "Linear": {
      "Mahal": {
        "0.1": {
          "coverage": 0.89672,
          "volume": 2.845281287961279,
          "wsc": 0.772,
          "threshold": 4.129342161988472
        },
        "0.05": {
          "coverage": 0.9456,
          "volume": 3.520002712514035,
          "wsc": 0.844,
          "threshold": 5.108561910064409
        },
        "0.02": {
          "coverage": 0.978,
          "volume": 4.914626003260635,
          "wsc": 0.9212,
          "threshold": 7.132571549792309
        },
        "0.01": {
          "coverage": 0.98888,
          "volume": 6.18047662917234,
          "wsc": 0.9592,
          "threshold": 8.969694080514772
        }
      },
      "Kernel": {
        "0.1": {
          "coverage": 0.89664,
          "volume": 2.4816182143467094,
          "wsc": 0.8224,
          "threshold": 0.07334424076218261
        },
        "0.05": {
          "coverage": 0.94448,
          "volume": 3.0425246164799984,
          "wsc": 0.8972,
          "threshold": 0.1058067069547857
        },
        "0.02": {
          "coverage": 0.97632,
          "volume": 3.7811257014875213,
          "wsc": 0.9556,
          "threshold": 0.16466284226396988
        },
        "0.01": {
          "coverage": 0.9876,
          "volume": 4.390600044766468,
          "wsc": 0.9772,
          "threshold": 0.22877274637233275
        }
      },
      "Bonferroni": {
        "0.1": {
          "coverage": 0.8972,
          "volume": 4.119065507542938,
          "wsc": 0.706,
          "threshold": 1.8404836795966812
        },
        "0.05": {
          "coverage": 0.94584,
          "volume": 4.911469401604035,
          "wsc": 0.8444,
          "threshold": 2.010891612821729
        },
        "0.02": {
          "coverage": 0.97328,
          "volume": 5.804886857888237,
          "wsc": 0.9276,
          "threshold": 2.1894006020555805
        },
        "0.01": {
          "coverage": 0.98528,
          "volume": 6.513823691417573,
          "wsc": 0.9576,
          "threshold": 2.3172320425733504
        }
      },
      "Density": {
        "0.1": {
          "coverage": 0.89424,
          "volume": 3.3293759894340953,
          "wsc": 0.6464,
          "threshold": 0.9495718831291543
        },
        "0.05": {
          "coverage": 0.94752,
          "volume": 4.0580889906155555,
          "wsc": 0.8236,
          "threshold": 1.0157968351344737
        },
        "0.02": {
          "coverage": 0.97552,
          "volume": 4.8617381564788404,
          "wsc": 0.92,
          "threshold": 1.0806145048823836
        },
        "0.01": {
          "coverage": 0.98656,
          "volume": 5.487983465462775,
          "wsc": 0.958,
          "threshold": 1.1264817015678399
        }
      }
    },
    "NN": {
      "Mahal": {
        "0.1": {
          "coverage": 0.89144,
          "volume": 0.49571050197722794,
          "wsc": 0.884,
          "threshold": 4.393871209572235
        },
        "0.05": {
          "coverage": 0.94416,
          "volume": 0.7017325477244772,
          "wsc": 0.9375750300120048,
          "threshold": 6.220006285862382
        },
        "0.02": {
          "coverage": 0.97864,
          "volume": 1.1145213591261367,
          "wsc": 0.9736,
          "threshold": 9.878877475431441
        },
        "0.01": {
          "coverage": 0.99,
          "volume": 1.5281960021432284,
          "wsc": 0.9868,
          "threshold": 13.545600485803263
        }
      },
      "Kernel": {
        "0.1": {
          "coverage": 0.89352,
          "volume": 0.4543637304155242,
          "wsc": 0.8808,
          "threshold": 0.018364437638786008
        },
        "0.05": {
          "coverage": 0.94824,
          "volume": 0.6048909786395039,
          "wsc": 0.9376,
          "threshold": 0.029458751680432868
        },
        "0.02": {
          "coverage": 0.97944,
          "volume": 0.83604126468738,
          "wsc": 0.9748,
          "threshold": 0.0525130103902643
        },
        "0.01": {
          "coverage": 0.9896,
          "volume": 1.0261163494623238,
          "wsc": 0.9864,
          "threshold": 0.0768596606579528
        }
      },
      "Bonferroni": {
        "0.1": {
          "coverage": 0.89032,
          "volume": 0.4956571266487377,
          "wsc": 0.8784,
          "threshold": 1.854334650052592
        },
        "0.05": {
          "coverage": 0.94664,
          "volume": 0.6814501353281633,
          "wsc": 0.9424,
          "threshold": 2.179354517011402
        },
        "0.02": {
          "coverage": 0.9796,
          "volume": 0.9684583312080217,
          "wsc": 0.9756,
          "threshold": 2.591007652141069
        },
        "0.01": {
          "coverage": 0.98928,
          "volume": 1.208336415667145,
          "wsc": 0.9856,
          "threshold": 2.8941654588741375
        }
      },
      "Density": {
        "0.1": {
          "coverage": 0.89632,
          "volume": 0.7346624312667362,
          "wsc": 0.8888,
          "threshold": 0.59958839211836
        },
        "0.05": {
          "coverage": 0.94688,
          "volume": 0.9971782428550322,
          "wsc": 0.9399759903961584,
          "threshold": 0.7799471908485422
        },
        "0.02": {
          "coverage": 0.97904,
          "volume": 1.3734281774898935,
          "wsc": 0.9748,
          "threshold": 1.0004870344032113
        },
        "0.01": {
          "coverage": 0.9892,
          "volume": 1.6718643344144788,
          "wsc": 0.986,
          "threshold": 1.1479141189764979
        }
      }
    }
  },
  "elapsed_s": 2039.0013427734375
}