{
  "seed": 67,
  "n": 50000,
  "alphas": [
    0.1,
    0.05,
    0.02,
    0.01
  ],
  "auto_params": {
    "Linear": {
      "Mahal": {},
      "Kernel": {
        "lengthscale": 0.5,
        "gamma": 35.269662443753084
      },
      "Bonferroni": {},
      "Density": {
        "lengthscale": 0.5
      }
    },
    "NN": {
      "Mahal": {},
      "Kernel": {
        "lengthscale": 0.5,
        "gamma": 16.279914546867502
      },
      "Bonferroni": {},
      "Density": {
        "lengthscale": 0.5
      }
    }
  },
  "results": {
    "Linear": {
      "Mahal": {
        "0.1": {
          "coverage": 0.90352,
          "volume": 2.8285540305764654,
          "wsc": 0.7996,
          "threshold": 4.087723790500546
        },
        "0.05": {
          "coverage": 0.9552,
          "volume": 3.5975882212789307,
          "wsc": 0.8712,
          "threshold": 5.199104136451418
        },
        "0.02": {
          "coverage": 0.98224,
          "volume": 4.893173356163233,
          "wsc": 0.9384,
          "threshold": 7.071436827019144
        },
        "0.01": {
          "coverage": 0.99032,
          "volume": 5.9584033754349806,
          "wsc": 0.966,
          "threshold": 8.610868651570518
        }
      },
      "Kernel": {
        "0.1": {
          "coverage": 0.8988,
          "volume": 2.504220349413887,
          "wsc": 0.8344,
          "threshold": 0.0778416539045162
        },
        "0.05": {
          "coverage": 0.952,
          "volume": 3.078799004428335,
          "wsc": 0.918,
          "threshold": 0.11306088575382509
        },
        "0.02": {
          "coverage": 0.98032,
          "volume": 3.7485864923060994,
          "wsc": 0.9632,
          "threshold": 0.1683831942185202
        },
        "0.01": {
          "coverage": 0.99008,
          "volume": 4.348725203248923,
          "wsc": 0.9808,
          "threshold": 0.23199165644688394
        }
      },
      "Bonferroni": {
        "0.1": {
          "coverage": 0.90368,
          "volume": 4.171610168860477,
          "wsc": 0.71,
          "threshold": 1.846992044716063
        },
        "0.05": {
          "coverage": 0.9532,
          "volume": 4.97812970313576,
          "wsc": 0.858,
          "threshold": 2.0191905826094265
        },
        "0.02": {
          "coverage": 0.98152,
          "volume": 6.014689740766422,
          "wsc": 0.944,
          "threshold": 2.2184848067053053
        },
        "0.01": {
          "coverage": 0.99064,
          "volume": 6.6316467784725255,
          "wsc": 0.9704,
          "threshold": 2.3300013772198667
        }
      },
      "Density": {
        "0.1": {
          "coverage": 0.90296,
          "volume": 3.378773341104474,
          "wsc": 0.6584,
          "threshold": 0.954834765542297
        },
        "0.05": {
          "coverage": 0.9492,
          "volume": 4.040389212588781,
          "wsc": 0.8252,
          "threshold": 1.0145900561972974
        },
        "0.02": {
          "coverage": 0.98048,
          "volume": 4.916272467413186,
          "wsc": 0.9392,
          "threshold": 1.0869187609630073
        },
        "0.01": {
          "coverage": 0.99008,
          "volume": 5.460065032759255,
          "wsc": 0.97,
          "threshold": 1.1259823921220387
        }
      }
    },
    "NN": {
      "Mahal": {
        "0.1": {
          "coverage": 0.89944,
          "volume": 0.5054821484692326,
          "wsc": 0.8824,
          "threshold": 4.452370098655686
        },
        "0.05": {
          "coverage": 0.95168,
          "volume": 0.7162368146180763,
          "wsc": 0.944,
          "threshold": 6.3087319435891445
        },
        "0.02": {
          "coverage": 0.97976,
          "volume": 1.1004923851095392,
          "wsc": 0.9756,
          "threshold": 9.693318357726785
        },
        "0.01": {
          "coverage": 0.9888,
          "volume": 1.4008581546581989,
          "wsc": 0.9851940776310524,
          "threshold": 12.338989574896503
        }
      },
      "Kernel": {
        "0.1": {
          "coverage": 0.89792,
          "volume": 0.4546416173851063,
          "wsc": 0.8772,
          "threshold": 0.01875435483545457
        },
        "0.05": {
          "coverage": 0.95024,
          "volume": 0.6092221186879089,
          "wsc": 0.9348,
          "threshold": 0.030225210290010632
        },
        "0.02": {
          "coverage": 0.98056,
          "volume": 0.8288186050990548,
          "wsc": 0.9748,
          "threshold": 0.05302504737559286
        },
        "0.01": {
          "coverage": 0.98952,
          "volume": 0.9963552755861965,
          "wsc": 0.9856,
          "threshold": 0.07576731858554776
        }
      },
      "Bonferroni": {
        "0.1": {
          "coverage": 0.89904,
          "volume": 0.5120626067646993,
          "wsc": 0.8848,
          "threshold": 1.8753445698319555
        },
        "0.05": {
          "coverage": 0.94888,
          "volume": 0.6837612408555214,
          "wsc": 0.9392,
          "threshold": 2.171217638638765
        },
        "0.02": {
          "coverage": 0.97888,
          "volume": 0.9465763097726836,
          "wsc": 0.9716,
          "threshold": 2.5536180824825108
        },
        "0.01": {
          "coverage": 0.988,
          "volume": 1.1413656119924003,
          "wsc": 0.9828,
          "threshold": 2.808021571938607
        }
      },
      "Density": {
        "0.1": {
          "coverage": 0.90224,
          "volume": 0.7261803501269323,
          "wsc": 0.8916,
          "threshold": 0.603179545552953
        },
        "0.05": {
          "coverage": 0.95128,
          "volume": 0.9741346224479019,
          "wsc": 0.9452,
          "threshold": 0.7779345565362228
        },
        "0.02": {
          "coverage": 0.98144,
          "volume": 1.3199067964146973,
          "wsc": 0.9776,
          "threshold": 0.9912104023375934
        },
        "0.01": {
          "coverage": 0.98968,
          "volume": 1.5329428995183467,
          "wsc": 0.986,
          "threshold": 1.1224723759966717
        }
      }
    }
  },
  "elapsed_s": 2060.9639217853546
}