{
  "dataset": "bio",
  "seed": 19,
  "model": "Ridge",
  "split": [
    0.5,
    0.25,
    0.25
  ],
  "alphas": [
    0.01,
    0.02,
    0.05,
    0.1
  ],
  "result": {
    "seed": 19,
    "model": "Ridge",
    "model_rmse": 0.8225793100188508,
    "meta": {
      "n_train": 22865,
      "n_cal": 11432,
      "n_test": 11433,
      "d": 3,
      "p": 7,
      "elapsed": 4416.257825136185
    },
    "Mahal": {
      "params": {},
      "0.01": {
        "coverage": 0.9902912621359223,
        "volume": 140.13394876673553,
        "wsc": 0.9571491036292086,
        "threshold": 13.119273450739426
      },
      "0.02": {
        "coverage": 0.9805825242718447,
        "volume": 91.10927259533506,
        "wsc": 0.9182334936598163,
        "threshold": 9.845911563073907
      },
      "0.05": {
        "coverage": 0.9511939123589609,
        "volume": 48.731069928494506,
        "wsc": 0.8342807170966331,
        "threshold": 6.4876116083136495
      },
      "0.1": {
        "coverage": 0.9030000874661069,
        "volume": 31.28105214559583,
        "wsc": 0.7026672496720595,
        "threshold": 4.827642617823806
      }
    },
    "Bonferroni": {
      "params": {},
      "0.01": {
        "coverage": 0.991603253739176,
        "volume": 185.07395261411074,
        "wsc": 0.960209881941408,
        "threshold": 3.4951705793418153
      },
      "0.02": {
        "coverage": 0.9803201259511939,
        "volume": 120.71504707838075,
        "wsc": 0.9195452557936161,
        "threshold": 2.8965256734371074
      },
      "0.05": {
        "coverage": 0.9503192512901251,
        "volume": 70.85784698251982,
        "wsc": 0.8277219064276344,
        "threshold": 2.3447670777516683
      },
      "0.1": {
        "coverage": 0.904224612962477,
        "volume": 45.29090559332587,
        "wsc": 0.6961084390030607,
        "threshold": 1.9979057024121538
      }
    },
    "Density": {
      "params": {
        "lengthscale": 2.051059355001726
      },
      "0.01": {
        "coverage": 0.9903787282428059,
        "volume": 81.67832014761791,
        "wsc": 0.9562745955400087,
        "threshold": 0.9781706617499933
      },
      "0.02": {
        "coverage": 0.9797953293098924,
        "volume": 61.932816818474016,
        "wsc": 0.9169217315260166,
        "threshold": 0.8607661834408227
      },
      "0.05": {
        "coverage": 0.9499693868625907,
        "volume": 32.430089858913234,
        "wsc": 0.8430257979886314,
        "threshold": 0.6253264209915325
      },
      "0.1": {
        "coverage": 0.8999387737251815,
        "volume": 20.24677751124036,
        "wsc": 0.7184083952776563,
        "threshold": 0.4891683404354714
      }
    },
    "Kernel": {
      "params": {
        "lengthscale": 2.051059355001726,
        "gamma": 1.4872823977330842
      },
      "0.01": {
        "coverage": 0.9906411265634567,
        "volume": 52.128598733485575,
        "wsc": 0.9584608657630083,
        "threshold": 0.04425397447213026
      },
      "0.02": {
        "coverage": 0.9805825242718447,
        "volume": 30.565976494241976,
        "wsc": 0.9164844774814167,
        "threshold": 0.019727840659170423
      },
      "0.05": {
        "coverage": 0.9513688445727281,
        "volume": 18.259303703318796,
        "wsc": 0.8224748578924355,
        "threshold": 0.009495530529946906
      },
      "0.1": {
        "coverage": 0.9014256975422024,
        "volume": 10.869425721943445,
        "wsc": 0.689986882378662,
        "threshold": 0.0048271359438338554
      }
    }
  },
  "elapsed_s": 4416.260323524475
}