{
  "dataset": "bio",
  "seed": 21,
  "model": "MLP",
  "split": [
    0.5,
    0.25,
    0.25
  ],
  "alphas": [
    0.01,
    0.02,
    0.05,
    0.1
  ],
  "result": {
    "seed": 21,
    "model": "MLP",
    "model_rmse": 0.7703332373009671,
    "meta": {
      "n_train": 22865,
      "n_cal": 11432,
      "n_test": 11433,
      "d": 3,
      "p": 7,
      "elapsed": 10500.163373947144
    },
    "Mahal": {
      "params": {},
      "0.01": {
        "coverage": 0.9881920755707163,
        "volume": 77.89537496953403,
        "wsc": 0.9588981198076082,
        "threshold": 13.183683138470103
      },
      "0.02": {
        "coverage": 0.9802326598443103,
        "volume": 56.62287733191045,
        "wsc": 0.9340034965034965,
        "threshold": 10.658357047342678
      },
      "0.05": {
        "coverage": 0.946995539228549,
        "volume": 32.541349143058916,
        "wsc": 0.8592041976388282,
        "threshold": 7.36748643126293
      },
      "0.1": {
        "coverage": 0.8978395871599755,
        "volume": 18.758138632023815,
        "wsc": 0.7630083078268474,
        "threshold": 5.102959667354824
      }
    },
    "Bonferroni": {
      "params": {},
      "0.01": {
        "coverage": 0.9886294061051343,
        "volume": 114.90051217869237,
        "wsc": 0.9575863576738085,
        "threshold": 3.3265554789148575
      },
      "0.02": {
        "coverage": 0.9797953293098924,
        "volume": 84.56222412801425,
        "wsc": 0.9309440559440559,
        "threshold": 3.002092109094531
      },
      "0.05": {
        "coverage": 0.949269658007522,
        "volume": 47.26496048722887,
        "wsc": 0.8613904678618277,
        "threshold": 2.47194937275825
      },
      "0.1": {
        "coverage": 0.8989766465494621,
        "volume": 26.651662978588817,
        "wsc": 0.7612592916484477,
        "threshold": 2.038811445601539
      }
    },
    "Density": {
      "params": {
        "lengthscale": 1.648549355208653
      },
      "0.01": {
        "coverage": 0.9891542027464357,
        "volume": 59.52581345115809,
        "wsc": 0.9645824223874071,
        "threshold": 1.1016416991376847
      },
      "0.02": {
        "coverage": 0.9801451937374267,
        "volume": 42.61378708470077,
        "wsc": 0.9414079580236118,
        "threshold": 0.9619657598635222
      },
      "0.05": {
        "coverage": 0.9508440479314265,
        "volume": 24.62841300996773,
        "wsc": 0.8771316134674245,
        "threshold": 0.7504152893540982
      },
      "0.1": {
        "coverage": 0.8960902650223038,
        "volume": 13.989089234954061,
        "wsc": 0.7708788806296458,
        "threshold": 0.5639124289826034
      }
    },
    "Kernel": {
      "params": {
        "lengthscale": 1.648549355208653,
        "gamma": 1.6987995207884365
      },
      "0.01": {
        "coverage": 0.9896789993877373,
        "volume": 41.47139361741317,
        "wsc": 0.9593353738522081,
        "threshold": 0.06378732273794761
      },
      "0.02": {
        "coverage": 0.9781334732791044,
        "volume": 25.00921083239693,
        "wsc": 0.9221687800612156,
        "threshold": 0.03160116024386001
      },
      "0.05": {
        "coverage": 0.9485699291524534,
        "volume": 12.618635533354462,
        "wsc": 0.8425885439440315,
        "threshold": 0.012588830164166322
      },
      "0.1": {
        "coverage": 0.896702527770489,
        "volume": 6.68488484978735,
        "wsc": 0.7345867949278531,
        "threshold": 0.005938414255490736
      }
    }
  },
  "elapsed_s": 10500.16572880745
}