{
  "dataset": "bio",
  "seed": 34,
  "model": "MLP",
  "split": [
    0.5,
    0.25,
    0.25
  ],
  "alphas": [
    0.01,
    0.02,
    0.05,
    0.1
  ],
  "result": {
    "seed": 34,
    "model": "MLP",
    "model_rmse": 0.7424194884627754,
    "meta": {
      "n_train": 22865,
      "n_cal": 11432,
      "n_test": 11433,
      "d": 3,
      "p": 7,
      "elapsed": 23697.32584786415
    },
    "Mahal": {
      "params": {},
      "0.01": {
        "coverage": 0.9914283215254089,
        "volume": 105.86201042860648,
        "wsc": 0.9645824223874071,
        "threshold": 13.597125454787895
      },
      "0.02": {
        "coverage": 0.9806699903787283,
        "volume": 70.19366689563913,
        "wsc": 0.9291648447748142,
        "threshold": 10.339168978053738
      },
      "0.05": {
        "coverage": 0.9503192512901251,
        "volume": 40.87725183486081,
        "wsc": 0.8631394840402273,
        "threshold": 7.210103075138432
      },
      "0.1": {
        "coverage": 0.9045744773900114,
        "volume": 23.518833275370934,
        "wsc": 0.7783121993878444,
        "threshold": 4.987667899936362
      }
    },
    "Bonferroni": {
      "params": {},
      "0.01": {
        "coverage": 0.9908160587772238,
        "volume": 152.87727598238033,
        "wsc": 0.9619588981198076,
        "threshold": 3.369367383314814
      },
      "0.02": {
        "coverage": 0.978833202134173,
        "volume": 105.55784197123468,
        "wsc": 0.9274158285964145,
        "threshold": 2.956480417135418
      },
      "0.05": {
        "coverage": 0.9511939123589609,
        "volume": 59.111460248117524,
        "wsc": 0.8627022299956275,
        "threshold": 2.433511552279008
      },
      "0.1": {
        "coverage": 0.9017755619697367,
        "volume": 33.974538771200436,
        "wsc": 0.7730651508526454,
        "threshold": 2.018617938040151
      }
    },
    "Density": {
      "params": {
        "lengthscale": 1.6675730593773337
      },
      "0.01": {
        "coverage": 0.9915157876322925,
        "volume": 67.97934335505252,
        "wsc": 0.9685177087888063,
        "threshold": 1.139894918598086
      },
      "0.02": {
        "coverage": 0.9815446514475641,
        "volume": 46.239177313425046,
        "wsc": 0.9374726716222125,
        "threshold": 0.9772477934960877
      },
      "0.05": {
        "coverage": 0.953905361672352,
        "volume": 25.865629119991556,
        "wsc": 0.8788806296458243,
        "threshold": 0.7524639961260033
      },
      "0.1": {
        "coverage": 0.9068485961689845,
        "volume": 14.895436103483888,
        "wsc": 0.7936160909488412,
        "threshold": 0.5723692073963165
      }
    },
    "Kernel": {
      "params": {
        "lengthscale": 1.6675730593773337,
        "gamma": 1.7016990926741444
      },
      "0.01": {
        "coverage": 0.9911659232047582,
        "volume": 46.828196590414954,
        "wsc": 0.9610843900306077,
        "threshold": 0.0676395070643099
      },
      "0.02": {
        "coverage": 0.9832065074783521,
        "volume": 28.796756668332637,
        "wsc": 0.929602098819414,
        "threshold": 0.03498046293363798
      },
      "0.05": {
        "coverage": 0.9527683022828654,
        "volume": 13.328598263902041,
        "wsc": 0.8491473546130301,
        "threshold": 0.01249604804785661
      },
      "0.1": {
        "coverage": 0.90527420624508,
        "volume": 7.291732709614182,
        "wsc": 0.7442063839090511,
        "threshold": 0.006001067169137384
      }
    }
  },
  "elapsed_s": 23697.328202962875
}