{
  "dataset": "bio",
  "seed": 25,
  "model": "MLP",
  "split": [
    0.5,
    0.25,
    0.25
  ],
  "alphas": [
    0.01,
    0.02,
    0.05,
    0.1
  ],
  "result": {
    "seed": 25,
    "model": "MLP",
    "model_rmse": 0.6095985271590237,
    "meta": {
      "n_train": 22865,
      "n_cal": 11432,
      "n_test": 11433,
      "d": 3,
      "p": 7,
      "elapsed": 4321.198060750961
    },
    "Mahal": {
      "params": {},
      "0.01": {
        "coverage": 0.9893291349602029,
        "volume": 52.807681560648696,
        "wsc": 0.9575863576738085,
        "threshold": 13.959947402830744
      },
      "0.02": {
        "coverage": 0.976734015568967,
        "volume": 36.70461284379276,
        "wsc": 0.9169217315260166,
        "threshold": 10.953833780775165
      },
      "0.05": {
        "coverage": 0.9471704714423161,
        "volume": 21.242520289783062,
        "wsc": 0.8430257979886314,
        "threshold": 7.607169197899236
      },
      "0.1": {
        "coverage": 0.9021254263972711,
        "volume": 11.917767072477979,
        "wsc": 0.7612592916484477,
        "threshold": 5.1746658418111195
      }
    },
    "Bonferroni": {
      "params": {},
      "0.01": {
        "coverage": 0.9885419399982507,
        "volume": 77.80123632314671,
        "wsc": 0.954962833406209,
        "threshold": 3.4130738374862317
      },
      "0.02": {
        "coverage": 0.9766465494620834,
        "volume": 55.29093731830406,
        "wsc": 0.9173589855706166,
        "threshold": 3.0407807483538494
      },
      "0.05": {
        "coverage": 0.9471704714423161,
        "volume": 29.77081215865224,
        "wsc": 0.8364669873196328,
        "threshold": 2.471790245286016
      },
      "0.1": {
        "coverage": 0.9014256975422024,
        "volume": 16.777472664169345,
        "wsc": 0.7625710537822474,
        "threshold": 2.034074746312504
      }
    },
    "Density": {
      "params": {
        "lengthscale": 1.6204404728155977
      },
      "0.01": {
        "coverage": 0.9888918044257851,
        "volume": 56.4640924616714,
        "wsc": 0.9623961521644075,
        "threshold": 1.0938948280491665
      },
      "0.02": {
        "coverage": 0.9769964138896178,
        "volume": 40.15440463955828,
        "wsc": 0.9274158285964145,
        "threshold": 0.9507561337766122
      },
      "0.05": {
        "coverage": 0.9479576664042684,
        "volume": 24.27187823900704,
        "wsc": 0.8605159597726278,
        "threshold": 0.755275167731584
      },
      "0.1": {
        "coverage": 0.8999387737251815,
        "volume": 13.969532599089714,
        "wsc": 0.7743769129864452,
        "threshold": 0.5735187759641942
      }
    },
    "Kernel": {
      "params": {
        "lengthscale": 1.6204404728155977,
        "gamma": 1.713110856892798
      },
      "0.01": {
        "coverage": 0.9897664654946209,
        "volume": 39.04403114604586,
        "wsc": 0.9584608657630083,
        "threshold": 0.061586174749073096
      },
      "0.02": {
        "coverage": 0.9770838799965014,
        "volume": 23.738849721611388,
        "wsc": 0.9191080017490162,
        "threshold": 0.030811996440805296
      },
      "0.05": {
        "coverage": 0.9497944546488236,
        "volume": 12.43076667127317,
        "wsc": 0.845212068211631,
        "threshold": 0.013027582271639561
      },
      "0.1": {
        "coverage": 0.9030000874661069,
        "volume": 6.436965629242167,
        "wsc": 0.7367730651508526,
        "threshold": 0.005988369845308108
      }
    }
  },
  "elapsed_s": 4321.200964927673
}