{
  "dataset": "bio",
  "seed": 9,
  "model": "MLP",
  "split": [
    0.5,
    0.25,
    0.25
  ],
  "alphas": [
    0.01,
    0.02,
    0.05,
    0.1
  ],
  "result": {
    "seed": 9,
    "model": "MLP",
    "model_rmse": 0.6557412616929397,
    "meta": {
      "n_train": 22865,
      "n_cal": 11432,
      "n_test": 11433,
      "d": 3,
      "p": 7,
      "elapsed": 4544.073561668396
    },
    "Mahal": {
      "params": {},
      "0.01": {
        "coverage": 0.9875798128225313,
        "volume": 50.27275053509818,
        "wsc": 0.94971578487101,
        "threshold": 15.73895597039888
      },
      "0.02": {
        "coverage": 0.9781334732791044,
        "volume": 32.55317297962274,
        "wsc": 0.9243550502842152,
        "threshold": 11.780119778991073
      },
      "0.05": {
        "coverage": 0.9475203358698504,
        "volume": 17.46041067661633,
        "wsc": 0.85002186270223,
        "threshold": 7.776612490756044
      },
      "0.1": {
        "coverage": 0.9016880958628531,
        "volume": 10.102802945192627,
        "wsc": 0.7555749890686488,
        "threshold": 5.399854740123043
      }
    },
    "Bonferroni": {
      "params": {},
      "0.01": {
        "coverage": 0.9868800839674626,
        "volume": 70.91044313154359,
        "wsc": 0.9470922606034106,
        "threshold": 3.568990959231738
      },
      "0.02": {
        "coverage": 0.9763841511414327,
        "volume": 46.479206944105265,
        "wsc": 0.9230432881504154,
        "threshold": 3.0990933936995373
      },
      "0.05": {
        "coverage": 0.9475203358698504,
        "volume": 24.363634537777457,
        "wsc": 0.8578924355050285,
        "threshold": 2.4890555392625866
      },
      "0.1": {
        "coverage": 0.8997638415114143,
        "volume": 13.59284806544652,
        "wsc": 0.7568867512024486,
        "threshold": 2.0562366447922393
      }
    },
    "Density": {
      "params": {
        "lengthscale": 1.593802971563311
      },
      "0.01": {
        "coverage": 0.9886294061051343,
        "volume": 61.165972613154956,
        "wsc": 0.9615216440752077,
        "threshold": 1.147048348463142
      },
      "0.02": {
        "coverage": 0.9763841511414327,
        "volume": 40.98012002441925,
        "wsc": 0.9317883690424137,
        "threshold": 0.9805758602014226
      },
      "0.05": {
        "coverage": 0.9477827341905012,
        "volume": 23.751532328120856,
        "wsc": 0.8675120244862266,
        "threshold": 0.7635326958394164
      },
      "0.1": {
        "coverage": 0.8996763754045307,
        "volume": 13.826381037002253,
        "wsc": 0.7686926104066463,
        "threshold": 0.5872588029561217
      }
    },
    "Kernel": {
      "params": {
        "lengthscale": 1.593802971563311,
        "gamma": 1.6308658762978858
      },
      "0.01": {
        "coverage": 0.9888043383189015,
        "volume": 39.13766779093481,
        "wsc": 0.9523393091386095,
        "threshold": 0.06431859409401852
      },
      "0.02": {
        "coverage": 0.9768214816758506,
        "volume": 22.5642015358954,
        "wsc": 0.9138609532138172,
        "threshold": 0.02960883413801677
      },
      "0.05": {
        "coverage": 0.9476952680836176,
        "volume": 11.419762309075288,
        "wsc": 0.839965019676432,
        "threshold": 0.012045500435175872
      },
      "0.1": {
        "coverage": 0.8975771888393248,
        "volume": 6.191081988032744,
        "wsc": 0.7271534761696545,
        "threshold": 0.0058746045162022115
      }
    }
  },
  "elapsed_s": 4544.076147556305
}