{
  "dataset": "bio",
  "seed": 16,
  "model": "Ridge",
  "split": [
    0.5,
    0.25,
    0.25
  ],
  "alphas": [
    0.01,
    0.02,
    0.05,
    0.1
  ],
  "result": {
    "seed": 16,
    "model": "Ridge",
    "model_rmse": 0.7911838535528863,
    "meta": {
      "n_train": 22865,
      "n_cal": 11432,
      "n_test": 11433,
      "d": 3,
      "p": 7,
      "elapsed": 4502.920954942703
    },
    "Mahal": {
      "params": {},
      "0.01": {
        "coverage": 0.9889792705326685,
        "volume": 62.65449312020351,
        "wsc": 0.9523393091386095,
        "threshold": 14.014369093252002
      },
      "0.02": {
        "coverage": 0.9797953293098924,
        "volume": 42.79682400832333,
        "wsc": 0.9156099693922168,
        "threshold": 10.869588373592613
      },
      "0.05": {
        "coverage": 0.948220064724919,
        "volume": 22.197149072563885,
        "wsc": 0.8181023174464364,
        "threshold": 7.016763999347255
      },
      "0.1": {
        "coverage": 0.8975771888393248,
        "volume": 14.113577498163044,
        "wsc": 0.6764320069960648,
        "threshold": 5.188360514655263
      }
    },
    "Bonferroni": {
      "params": {},
      "0.01": {
        "coverage": 0.9894166010670865,
        "volume": 95.80922483418452,
        "wsc": 0.9532138172278094,
        "threshold": 3.5508807359554453
      },
      "0.02": {
        "coverage": 0.9785708038135222,
        "volume": 62.618978125008034,
        "wsc": 0.9108001749016178,
        "threshold": 3.0090783691563425
      },
      "0.05": {
        "coverage": 0.9500568529694743,
        "volume": 31.76390692157949,
        "wsc": 0.8233493659816353,
        "threshold": 2.3967899421349044
      },
      "0.1": {
        "coverage": 0.8999387737251815,
        "volume": 18.92586311116951,
        "wsc": 0.6738084827284653,
        "threshold": 2.0177870634001787
      }
    },
    "Density": {
      "params": {
        "lengthscale": 2.015461559103569
      },
      "0.01": {
        "coverage": 0.9879296772500656,
        "volume": 70.9483293379967,
        "wsc": 0.9488412767818102,
        "threshold": 0.9564809460623755
      },
      "0.02": {
        "coverage": 0.978395871599755,
        "volume": 55.95944004276526,
        "wsc": 0.9142982072584172,
        "threshold": 0.8463373696268888
      },
      "0.05": {
        "coverage": 0.9495320563281728,
        "volume": 31.525362188615794,
        "wsc": 0.834717971141233,
        "threshold": 0.6319416434934235
      },
      "0.1": {
        "coverage": 0.8960902650223038,
        "volume": 19.58629687598636,
        "wsc": 0.7074770441626586,
        "threshold": 0.4927328454437716
      }
    },
    "Kernel": {
      "params": {
        "lengthscale": 2.015461559103569,
        "gamma": 1.2786916887303068
      },
      "0.01": {
        "coverage": 0.9894166010670865,
        "volume": 42.17116018864864,
        "wsc": 0.9523393091386095,
        "threshold": 0.03322981341594812
      },
      "0.02": {
        "coverage": 0.9802326598443103,
        "volume": 27.10439885249104,
        "wsc": 0.9195452557936161,
        "threshold": 0.01726351137813392
      },
      "0.05": {
        "coverage": 0.946558208694131,
        "volume": 15.610879900603724,
        "wsc": 0.8032356799300393,
        "threshold": 0.007907895126273254
      },
      "0.1": {
        "coverage": 0.8990641126563457,
        "volume": 9.27071575836194,
        "wsc": 0.6742457367730651,
        "threshold": 0.00410414442128152
      }
    }
  },
  "elapsed_s": 4502.924540042877
}