{
  "dataset": "bio",
  "seed": 25,
  "model": "Ridge",
  "split": [
    0.5,
    0.25,
    0.25
  ],
  "alphas": [
    0.01,
    0.02,
    0.05,
    0.1
  ],
  "result": {
    "seed": 25,
    "model": "Ridge",
    "model_rmse": 0.7128340583555403,
    "meta": {
      "n_train": 22865,
      "n_cal": 11432,
      "n_test": 11433,
      "d": 3,
      "p": 7,
      "elapsed": 6018.394679307938
    },
    "Mahal": {
      "params": {},
      "0.01": {
        "coverage": 0.9888918044257851,
        "volume": 76.36862200820818,
        "wsc": 0.95015303891561,
        "threshold": 13.292032302978642
      },
      "0.02": {
        "coverage": 0.9790956004548238,
        "volume": 52.0368076226997,
        "wsc": 0.909925666812418,
        "threshold": 10.292523062747383
      },
      "0.05": {
        "coverage": 0.9498819207557072,
        "volume": 27.47175285141371,
        "wsc": 0.8220376038478356,
        "threshold": 6.723142746547922
      },
      "0.1": {
        "coverage": 0.9030000874661069,
        "volume": 17.19029638114558,
        "wsc": 0.6912986445124617,
        "threshold": 4.91854891566201
      }
    },
    "Bonferroni": {
      "params": {},
      "0.01": {
        "coverage": 0.9896789993877373,
        "volume": 109.25992138660177,
        "wsc": 0.9523393091386095,
        "threshold": 3.484498509175151
      },
      "0.02": {
        "coverage": 0.9791830665617074,
        "volume": 79.95717086160768,
        "wsc": 0.9094884127678181,
        "threshold": 2.9985341802069536
      },
      "0.05": {
        "coverage": 0.948045132511152,
        "volume": 39.012673678235814,
        "wsc": 0.8137297770004372,
        "threshold": 2.3453315267524
      },
      "0.1": {
        "coverage": 0.900463570366483,
        "volume": 23.39236251867304,
        "wsc": 0.6794927853082641,
        "threshold": 1.97509895503538
      }
    },
    "Density": {
      "params": {
        "lengthscale": 2.0425442379529506
      },
      "0.01": {
        "coverage": 0.9888918044257851,
        "volume": 72.16818429331026,
        "wsc": 0.9492785308264101,
        "threshold": 0.9617921823817415
      },
      "0.02": {
        "coverage": 0.9787457360272894,
        "volume": 57.39100461970854,
        "wsc": 0.9116746829908177,
        "threshold": 0.8511954109100521
      },
      "0.05": {
        "coverage": 0.9474328697629668,
        "volume": 31.70392125617446,
        "wsc": 0.8255356362046349,
        "threshold": 0.6228639215599855
      },
      "0.1": {
        "coverage": 0.9023003586110382,
        "volume": 20.221849427275686,
        "wsc": 0.7179711412330564,
        "threshold": 0.4921441143932984
      }
    },
    "Kernel": {
      "params": {
        "lengthscale": 2.0425442379529506,
        "gamma": 1.6490251503089621
      },
      "0.01": {
        "coverage": 0.9893291349602029,
        "volume": 42.22673445040017,
        "wsc": 0.9532138172278094,
        "threshold": 0.037029707120534966
      },
      "0.02": {
        "coverage": 0.9793579987754745,
        "volume": 26.288283289678485,
        "wsc": 0.9164844774814167,
        "threshold": 0.01887554727719274
      },
      "0.05": {
        "coverage": 0.9505816496107758,
        "volume": 16.036433442447436,
        "wsc": 0.8172278093572366,
        "threshold": 0.009570504505731122
      },
      "0.1": {
        "coverage": 0.9014256975422024,
        "volume": 9.561135243954478,
        "wsc": 0.6790555312636641,
        "threshold": 0.005100491033208893
      }
    }
  },
  "elapsed_s": 6018.3972697258
}