{
  "dataset": "bio",
  "seed": 47,
  "model": "Ridge",
  "split": [
    0.5,
    0.25,
    0.25
  ],
  "alphas": [
    0.01,
    0.02,
    0.05,
    0.1
  ],
  "result": {
    "seed": 47,
    "model": "Ridge",
    "model_rmse": 0.8492335806346125,
    "meta": {
      "n_train": 22865,
      "n_cal": 11432,
      "n_test": 11433,
      "d": 3,
      "p": 7,
      "elapsed": 4127.532617092133
    },
    "Mahal": {
      "params": {},
      "0.01": {
        "coverage": 0.9884544738913671,
        "volume": 104.21694343606318,
        "wsc": 0.9479667686926104,
        "threshold": 13.355059288585323
      },
      "0.02": {
        "coverage": 0.9792705326685909,
        "volume": 70.22477385654747,
        "wsc": 0.9090511587232182,
        "threshold": 10.264721376976137
      },
      "0.05": {
        "coverage": 0.9504941835038923,
        "volume": 37.36893791204677,
        "wsc": 0.8194140795802362,
        "threshold": 6.740530875688784
      },
      "0.1": {
        "coverage": 0.9019504941835039,
        "volume": 22.951194018930366,
        "wsc": 0.6869261040664626,
        "threshold": 4.870315795323128
      }
    },
    "Bonferroni": {
      "params": {},
      "0.01": {
        "coverage": 0.9882795416775999,
        "volume": 151.23583553073982,
        "wsc": 0.9466550065588106,
        "threshold": 3.478990905115583
      },
      "0.02": {
        "coverage": 0.9787457360272894,
        "volume": 102.2542906387543,
        "wsc": 0.9068648885002186,
        "threshold": 2.9201562425363075
      },
      "0.05": {
        "coverage": 0.9490947257937549,
        "volume": 52.880046948772964,
        "wsc": 0.8115435067774377,
        "threshold": 2.344434361296704
      },
      "0.1": {
        "coverage": 0.9012507653284352,
        "volume": 31.802498511267128,
        "wsc": 0.669873196327066,
        "threshold": 1.9808007825275353
      }
    },
    "Density": {
      "params": {
        "lengthscale": 2.065504607624855
      },
      "0.01": {
        "coverage": 0.9879296772500656,
        "volume": 81.55723274645683,
        "wsc": 0.9466550065588106,
        "threshold": 0.9697444347028863
      },
      "0.02": {
        "coverage": 0.9795329309892417,
        "volume": 64.2561038378641,
        "wsc": 0.9112374289462177,
        "threshold": 0.8685644150418151
      },
      "0.05": {
        "coverage": 0.9513688445727281,
        "volume": 33.85551968835404,
        "wsc": 0.8329689549628334,
        "threshold": 0.6334768530117437
      },
      "0.1": {
        "coverage": 0.9002011720458323,
        "volume": 20.676710804318397,
        "wsc": 0.70004372540446,
        "threshold": 0.48880125812576813
      }
    },
    "Kernel": {
      "params": {
        "lengthscale": 2.065504607624855,
        "gamma": 1.397641755653654
      },
      "0.01": {
        "coverage": 0.9882795416775999,
        "volume": 46.59483147204205,
        "wsc": 0.9492785308264101,
        "threshold": 0.03525558659487697
      },
      "0.02": {
        "coverage": 0.9794454648823581,
        "volume": 29.556179998379164,
        "wsc": 0.9142982072584172,
        "threshold": 0.017893422446993032
      },
      "0.05": {
        "coverage": 0.9514563106796117,
        "volume": 18.328656851535147,
        "wsc": 0.8106689986882378,
        "threshold": 0.00908461360090717
      },
      "0.1": {
        "coverage": 0.8995014431907635,
        "volume": 10.572346913918363,
        "wsc": 0.6668124180148667,
        "threshold": 0.004486208253336323
      }
    }
  },
  "elapsed_s": 4127.535080194473
}