{
  "dataset": "bio",
  "seed": 33,
  "model": "Ridge",
  "split": [
    0.5,
    0.25,
    0.25
  ],
  "alphas": [
    0.01,
    0.02,
    0.05,
    0.1
  ],
  "result": {
    "seed": 33,
    "model": "Ridge",
    "model_rmse": 0.7455329676472865,
    "meta": {
      "n_train": 22865,
      "n_cal": 11432,
      "n_test": 11433,
      "d": 3,
      "p": 7,
      "elapsed": 23300.487041950226
    },
    "Mahal": {
      "params": {},
      "0.01": {
        "coverage": 0.9892416688533193,
        "volume": 92.27087710000247,
        "wsc": 0.9514648010494097,
        "threshold": 12.759184571179759
      },
      "0.02": {
        "coverage": 0.9791830665617074,
        "volume": 61.89422410694003,
        "wsc": 0.9073021425448186,
        "threshold": 9.777171563963524
      },
      "0.05": {
        "coverage": 0.9506691157176594,
        "volume": 34.11621665252553,
        "wsc": 0.8242238740708352,
        "threshold": 6.572850127799012
      },
      "0.1": {
        "coverage": 0.9044870112831278,
        "volume": 21.774677952888858,
        "wsc": 0.7013554875382597,
        "threshold": 4.872452877027554
      }
    },
    "Bonferroni": {
      "params": {},
      "0.01": {
        "coverage": 0.9895040671739701,
        "volume": 136.68981386562933,
        "wsc": 0.9505902929602099,
        "threshold": 3.425783019534302
      },
      "0.02": {
        "coverage": 0.9796203970961253,
        "volume": 94.1117351262426,
        "wsc": 0.9086139046786182,
        "threshold": 2.893799993594821
      },
      "0.05": {
        "coverage": 0.9532056328172833,
        "volume": 49.926042554176696,
        "wsc": 0.8329689549628334,
        "threshold": 2.3408724165480583
      },
      "0.1": {
        "coverage": 0.902562756931689,
        "volume": 30.08038141932493,
        "wsc": 0.6860515959772628,
        "threshold": 1.9758210623671288
      }
    },
    "Density": {
      "params": {
        "lengthscale": 2.06300523303019
      },
      "0.01": {
        "coverage": 0.9900288638152716,
        "volume": 78.37828069109275,
        "wsc": 0.954962833406209,
        "threshold": 0.9590054376810805
      },
      "0.02": {
        "coverage": 0.9805825242718447,
        "volume": 60.97878245095616,
        "wsc": 0.9160472234368168,
        "threshold": 0.8461186147066344
      },
      "0.05": {
        "coverage": 0.9518061751071459,
        "volume": 32.869228205681914,
        "wsc": 0.8369042413642326,
        "threshold": 0.62633471360727
      },
      "0.1": {
        "coverage": 0.9018630280766203,
        "volume": 20.429960857927693,
        "wsc": 0.7131613467424573,
        "threshold": 0.48935867987045106
      }
    },
    "Kernel": {
      "params": {
        "lengthscale": 2.06300523303019,
        "gamma": 1.4530084874874618
      },
      "0.01": {
        "coverage": 0.9895915332808537,
        "volume": 40.52671295485803,
        "wsc": 0.9540883253170092,
        "threshold": 0.031634851546393304
      },
      "0.02": {
        "coverage": 0.9805825242718447,
        "volume": 27.24573816818632,
        "wsc": 0.9204197638828159,
        "threshold": 0.017613270614573184
      },
      "0.05": {
        "coverage": 0.9510189801451937,
        "volume": 16.94153359232034,
        "wsc": 0.8111062527328378,
        "threshold": 0.008904721526177788
      },
      "0.1": {
        "coverage": 0.9050118079244293,
        "volume": 10.229982719150929,
        "wsc": 0.6873633581110625,
        "threshold": 0.004653427759942808
      }
    }
  },
  "elapsed_s": 23300.489216327667
}