{
  "dataset": "bio",
  "seed": 13,
  "model": "MLP",
  "split": [
    0.5,
    0.25,
    0.25
  ],
  "alphas": [
    0.01,
    0.02,
    0.05,
    0.1
  ],
  "result": {
    "seed": 13,
    "model": "MLP",
    "model_rmse": 0.7504387041138432,
    "meta": {
      "n_train": 22865,
      "n_cal": 11432,
      "n_test": 11433,
      "d": 3,
      "p": 7,
      "elapsed": 4392.794170856476
    },
    "Mahal": {
      "params": {},
      "0.01": {
        "coverage": 0.9901163299221551,
        "volume": 97.62950209446143,
        "wsc": 0.960209881941408,
        "threshold": 14.152392874609433
      },
      "0.02": {
        "coverage": 0.9790081343479402,
        "volume": 64.78544523119173,
        "wsc": 0.9252295583734149,
        "threshold": 10.766985423329047
      },
      "0.05": {
        "coverage": 0.9448963526633429,
        "volume": 35.995894602729344,
        "wsc": 0.8495846086576301,
        "threshold": 7.276867618501784
      },
      "0.1": {
        "coverage": 0.8928540190676113,
        "volume": 20.255310887542755,
        "wsc": 0.75032794053345,
        "threshold": 4.959848778914241
      }
    },
    "Bonferroni": {
      "params": {},
      "0.01": {
        "coverage": 0.9895040671739701,
        "volume": 143.93671083031387,
        "wsc": 0.955400087450809,
        "threshold": 3.441682210336863
      },
      "0.02": {
        "coverage": 0.9786582699204058,
        "volume": 94.93169916528309,
        "wsc": 0.9274158285964145,
        "threshold": 2.9927854064787085
      },
      "0.05": {
        "coverage": 0.948657395259337,
        "volume": 55.3167693517276,
        "wsc": 0.8583296895496283,
        "threshold": 2.4975859880659637
      },
      "0.1": {
        "coverage": 0.897314790518674,
        "volume": 29.513731217038394,
        "wsc": 0.7573240052470486,
        "threshold": 2.02825077513183
      }
    },
    "Density": {
      "params": {
        "lengthscale": 1.6175639440721303
      },
      "0.01": {
        "coverage": 0.9895915332808537,
        "volume": 67.61097562842406,
        "wsc": 0.9588981198076082,
        "threshold": 1.1741391829581287
      },
      "0.02": {
        "coverage": 0.9780460071722208,
        "volume": 43.33516808711329,
        "wsc": 0.9291648447748142,
        "threshold": 0.9897791553573717
      },
      "0.05": {
        "coverage": 0.9448088865564593,
        "volume": 23.62196194352062,
        "wsc": 0.8557061652820288,
        "threshold": 0.7567550062413646
      },
      "0.1": {
        "coverage": 0.8963526633429546,
        "volume": 13.620987854693979,
        "wsc": 0.7647573240052471,
        "threshold": 0.5720033583567908
      }
    },
    "Kernel": {
      "params": {
        "lengthscale": 1.6175639440721303,
        "gamma": 1.4993587502395442
      },
      "0.01": {
        "coverage": 0.9890667366395521,
        "volume": 46.17963506728064,
        "wsc": 0.9536510712724092,
        "threshold": 0.06596613968868575
      },
      "0.02": {
        "coverage": 0.9776961427446864,
        "volume": 27.06777596983073,
        "wsc": 0.9094884127678181,
        "threshold": 0.031735734826998624
      },
      "0.05": {
        "coverage": 0.9448088865564593,
        "volume": 13.150887187669678,
        "wsc": 0.8264101442938347,
        "threshold": 0.011868640699074394
      },
      "0.1": {
        "coverage": 0.8937286801364471,
        "volume": 7.254345318547599,
        "wsc": 0.7192829033668562,
        "threshold": 0.005666243108042002
      }
    }
  },
  "elapsed_s": 4392.796986341476
}