{
  "dataset": "bio",
  "seed": 15,
  "model": "MLP",
  "split": [
    0.5,
    0.25,
    0.25
  ],
  "alphas": [
    0.01,
    0.02,
    0.05,
    0.1
  ],
  "result": {
    "seed": 15,
    "model": "MLP",
    "model_rmse": 0.7337879231935704,
    "meta": {
      "n_train": 22865,
      "n_cal": 11432,
      "n_test": 11433,
      "d": 3,
      "p": 7,
      "elapsed": 4487.855713844299
    },
    "Mahal": {
      "params": {},
      "0.01": {
        "coverage": 0.990990990990991,
        "volume": 54.298165970587235,
        "wsc": 0.9628334062090075,
        "threshold": 15.30830210480705
      },
      "0.02": {
        "coverage": 0.9811073209131461,
        "volume": 36.22766592416571,
        "wsc": 0.929602098819414,
        "threshold": 11.688635614644932
      },
      "0.05": {
        "coverage": 0.9505816496107758,
        "volume": 19.727800796550635,
        "wsc": 0.8570179274158286,
        "threshold": 7.794519833931044
      },
      "0.1": {
        "coverage": 0.8925916207469605,
        "volume": 10.722696538097763,
        "wsc": 0.735024048972453,
        "threshold": 5.191261752959166
      }
    },
    "Bonferroni": {
      "params": {},
      "0.01": {
        "coverage": 0.9902912621359223,
        "volume": 80.30128326517628,
        "wsc": 0.9588981198076082,
        "threshold": 3.6249218225234348
      },
      "0.02": {
        "coverage": 0.9813697192337969,
        "volume": 53.45488076988819,
        "wsc": 0.9291648447748142,
        "threshold": 3.1263113551062487
      },
      "0.05": {
        "coverage": 0.9495320563281728,
        "volume": 27.612221080627616,
        "wsc": 0.8513336248360297,
        "threshold": 2.505976104947784
      },
      "0.1": {
        "coverage": 0.8934662818157963,
        "volume": 14.691820627484397,
        "wsc": 0.7468299081766506,
        "threshold": 2.035580438174773
      }
    },
    "Density": {
      "params": {
        "lengthscale": 1.6139746492965727
      },
      "0.01": {
        "coverage": 0.992040584273594,
        "volume": 64.36036047907986,
        "wsc": 0.9698294709226061,
        "threshold": 1.1530715567220948
      },
      "0.02": {
        "coverage": 0.9815446514475641,
        "volume": 43.87657210422181,
        "wsc": 0.9431569742020114,
        "threshold": 0.993938688334973
      },
      "0.05": {
        "coverage": 0.9512813784658445,
        "volume": 24.476454203278657,
        "wsc": 0.8727590730214254,
        "threshold": 0.7662073268903056
      },
      "0.1": {
        "coverage": 0.8972273244117904,
        "volume": 13.658337293870868,
        "wsc": 0.7678181023174464,
        "threshold": 0.5782728418209572
      }
    },
    "Kernel": {
      "params": {
        "lengthscale": 1.6139746492965727,
        "gamma": 1.4964603467937212
      },
      "0.01": {
        "coverage": 0.9906411265634567,
        "volume": 39.25006128162455,
        "wsc": 0.960209881941408,
        "threshold": 0.05779807327403974
      },
      "0.02": {
        "coverage": 0.9804075920580775,
        "volume": 23.502451924837132,
        "wsc": 0.9256668124180149,
        "threshold": 0.02859492623771547
      },
      "0.05": {
        "coverage": 0.9461208781597131,
        "volume": 11.706615171039564,
        "wsc": 0.824661128115435,
        "threshold": 0.011217109017143697
      },
      "0.1": {
        "coverage": 0.8920668241056591,
        "volume": 6.345885073662921,
        "wsc": 0.7140358548316572,
        "threshold": 0.005424351952381109
      }
    }
  },
  "elapsed_s": 4487.8584179878235
}