{
  "dataset": "bio",
  "seed": 21,
  "model": "Ridge",
  "split": [
    0.5,
    0.25,
    0.25
  ],
  "alphas": [
    0.01,
    0.02,
    0.05,
    0.1
  ],
  "result": {
    "seed": 21,
    "model": "Ridge",
    "model_rmse": 0.857689001037721,
    "meta": {
      "n_train": 22865,
      "n_cal": 11432,
      "n_test": 11433,
      "d": 3,
      "p": 7,
      "elapsed": 4708.8798570632935
    },
    "Mahal": {
      "params": {},
      "0.01": {
        "coverage": 0.9907285926703402,
        "volume": 117.80651111820929,
        "wsc": 0.9606471359860078,
        "threshold": 13.380112146100421
      },
      "0.02": {
        "coverage": 0.9792705326685909,
        "volume": 75.39961154216131,
        "wsc": 0.9164844774814167,
        "threshold": 9.937099296008023
      },
      "0.05": {
        "coverage": 0.9472579375491997,
        "volume": 40.51067268024003,
        "wsc": 0.8146042850896371,
        "threshold": 6.567395842854098
      },
      "0.1": {
        "coverage": 0.8998513076182979,
        "volume": 25.78817082227445,
        "wsc": 0.685177087888063,
        "threshold": 4.8598990645086735
      }
    },
    "Bonferroni": {
      "params": {},
      "0.01": {
        "coverage": 0.9897664654946209,
        "volume": 179.3772547502138,
        "wsc": 0.9540883253170092,
        "threshold": 3.4769172632870946
      },
      "0.02": {
        "coverage": 0.978220939385988,
        "volume": 111.57927671655672,
        "wsc": 0.9142982072584172,
        "threshold": 2.891060310426478
      },
      "0.05": {
        "coverage": 0.946558208694131,
        "volume": 58.28119633409851,
        "wsc": 0.8119807608220376,
        "threshold": 2.326959103949543
      },
      "0.1": {
        "coverage": 0.8967899938773726,
        "volume": 35.98212543822907,
        "wsc": 0.6641888937472672,
        "threshold": 1.9808880844886103
      }
    },
    "Density": {
      "params": {
        "lengthscale": 2.0467824840355315
      },
      "0.01": {
        "coverage": 0.9892416688533193,
        "volume": 81.1770475834578,
        "wsc": 0.9567118495846086,
        "threshold": 0.9759308844469803
      },
      "0.02": {
        "coverage": 0.9786582699204058,
        "volume": 59.56054421689239,
        "wsc": 0.9173589855706166,
        "threshold": 0.8455520456259324
      },
      "0.05": {
        "coverage": 0.9504067173970087,
        "volume": 32.669994476360365,
        "wsc": 0.8408395277656319,
        "threshold": 0.6293794464790319
      },
      "0.1": {
        "coverage": 0.8963526633429546,
        "volume": 20.07233420191041,
        "wsc": 0.7048535198950591,
        "threshold": 0.49008809683454535
      }
    },
    "Kernel": {
      "params": {
        "lengthscale": 2.0467824840355315,
        "gamma": 1.3835066897330628
      },
      "0.01": {
        "coverage": 0.9892416688533193,
        "volume": 49.41341326896016,
        "wsc": 0.9558373414954089,
        "threshold": 0.03877980482785426
      },
      "0.02": {
        "coverage": 0.9800577276305432,
        "volume": 30.519720265192223,
        "wsc": 0.9208570179274158,
        "threshold": 0.018882081842553758
      },
      "0.05": {
        "coverage": 0.9471704714423161,
        "volume": 17.8661118326026,
        "wsc": 0.8076082203760385,
        "threshold": 0.008763798772265718
      },
      "0.1": {
        "coverage": 0.8954780022741188,
        "volume": 10.740181424212773,
        "wsc": 0.6571928290336686,
        "threshold": 0.004526589445571192
      }
    }
  },
  "elapsed_s": 4708.882497787476
}