{
  "dataset": "bio",
  "seed": 45,
  "model": "Ridge",
  "split": [
    0.5,
    0.25,
    0.25
  ],
  "alphas": [
    0.01,
    0.02,
    0.05,
    0.1
  ],
  "result": {
    "seed": 45,
    "model": "Ridge",
    "model_rmse": 0.770655144900586,
    "meta": {
      "n_train": 22865,
      "n_cal": 11432,
      "n_test": 11433,
      "d": 3,
      "p": 7,
      "elapsed": 23350.754304647446
    },
    "Mahal": {
      "params": {},
      "0.01": {
        "coverage": 0.9896789993877373,
        "volume": 88.25153680199149,
        "wsc": 0.9545255793616091,
        "threshold": 13.362760852019305
      },
      "0.02": {
        "coverage": 0.9775212105309192,
        "volume": 55.64631630122416,
        "wsc": 0.9033668561434193,
        "threshold": 9.825898904431144
      },
      "0.05": {
        "coverage": 0.9488323274731042,
        "volume": 30.727125068405954,
        "wsc": 0.8172278093572366,
        "threshold": 6.6134686153645665
      },
      "0.1": {
        "coverage": 0.8997638415114143,
        "volume": 19.322378940609227,
        "wsc": 0.6934849147354613,
        "threshold": 4.8542455539227785
      }
    },
    "Bonferroni": {
      "params": {},
      "0.01": {
        "coverage": 0.9900288638152716,
        "volume": 141.08822092493602,
        "wsc": 0.955400087450809,
        "threshold": 3.496553921472334
      },
      "0.02": {
        "coverage": 0.978220939385988,
        "volume": 84.61853640177094,
        "wsc": 0.9055531263664189,
        "threshold": 2.896914049486982
      },
      "0.05": {
        "coverage": 0.947607801976734,
        "volume": 43.7251098554786,
        "wsc": 0.8172278093572366,
        "threshold": 2.327170155247127
      },
      "0.1": {
        "coverage": 0.8995014431907635,
        "volume": 26.938987187887136,
        "wsc": 0.6803672933974639,
        "threshold": 1.9786957160526892
      }
    },
    "Density": {
      "params": {
        "lengthscale": 2.0541753392885593
      },
      "0.01": {
        "coverage": 0.9889792705326685,
        "volume": 77.89328854245356,
        "wsc": 0.9505902929602099,
        "threshold": 0.954515779464295
      },
      "0.02": {
        "coverage": 0.9775212105309192,
        "volume": 57.63155458152471,
        "wsc": 0.9086139046786182,
        "threshold": 0.8272665731309212
      },
      "0.05": {
        "coverage": 0.947607801976734,
        "volume": 31.224507902284145,
        "wsc": 0.8303454306952339,
        "threshold": 0.6142195563583496
      },
      "0.1": {
        "coverage": 0.896265197236071,
        "volume": 19.81178428256238,
        "wsc": 0.7127240926978574,
        "threshold": 0.4818332280720693
      }
    },
    "Kernel": {
      "params": {
        "lengthscale": 2.0541753392885593,
        "gamma": 1.4395801955212058
      },
      "0.01": {
        "coverage": 0.9882795416775999,
        "volume": 42.82921005144227,
        "wsc": 0.9475295146480105,
        "threshold": 0.03423369143382116
      },
      "0.02": {
        "coverage": 0.9779585410653372,
        "volume": 27.40093552434337,
        "wsc": 0.9059903804110188,
        "threshold": 0.01772769027877277
      },
      "0.05": {
        "coverage": 0.9476952680836176,
        "volume": 16.56614726927897,
        "wsc": 0.8041101880192392,
        "threshold": 0.00865195166542483
      },
      "0.1": {
        "coverage": 0.8960027989154202,
        "volume": 9.96288576720761,
        "wsc": 0.6571928290336686,
        "threshold": 0.004515192208962097
      }
    }
  },
  "elapsed_s": 23350.75652241707
}