{
  "dataset": "bio",
  "seed": 18,
  "model": "MLP",
  "split": [
    0.5,
    0.25,
    0.25
  ],
  "alphas": [
    0.01,
    0.02,
    0.05,
    0.1
  ],
  "result": {
    "seed": 18,
    "model": "MLP",
    "model_rmse": 0.7779454573219843,
    "meta": {
      "n_train": 22865,
      "n_cal": 11432,
      "n_test": 11433,
      "d": 3,
      "p": 7,
      "elapsed": 5125.085664272308
    },
    "Mahal": {
      "params": {},
      "0.01": {
        "coverage": 0.9898539316015044,
        "volume": 58.5051472600076,
        "wsc": 0.9593353738522081,
        "threshold": 14.882981171751148
      },
      "0.02": {
        "coverage": 0.9796203970961253,
        "volume": 38.43896142455551,
        "wsc": 0.9247923043288151,
        "threshold": 11.247991456608826
      },
      "0.05": {
        "coverage": 0.9524184378553311,
        "volume": 21.439658197271836,
        "wsc": 0.8592041976388282,
        "threshold": 7.621476578352057
      },
      "0.1": {
        "coverage": 0.9060614012070323,
        "volume": 12.56407649045943,
        "wsc": 0.7665063401836467,
        "threshold": 5.3372096462141645
      }
    },
    "Bonferroni": {
      "params": {},
      "0.01": {
        "coverage": 0.9893291349602029,
        "volume": 87.34769762377275,
        "wsc": 0.9575863576738085,
        "threshold": 3.5419070078248938
      },
      "0.02": {
        "coverage": 0.9786582699204058,
        "volume": 56.668269103544404,
        "wsc": 0.9230432881504154,
        "threshold": 3.0591183630657532
      },
      "0.05": {
        "coverage": 0.9529432344966325,
        "volume": 30.600699570757197,
        "wsc": 0.8596414516834281,
        "threshold": 2.4954596632580937
      },
      "0.1": {
        "coverage": 0.9044870112831278,
        "volume": 17.29826952941382,
        "wsc": 0.7673808482728465,
        "threshold": 2.054374782766933
      }
    },
    "Density": {
      "params": {
        "lengthscale": 1.6478280911101786
      },
      "0.01": {
        "coverage": 0.989941397708388,
        "volume": 65.00525048964643,
        "wsc": 0.9623961521644075,
        "threshold": 1.1325089849571657
      },
      "0.02": {
        "coverage": 0.9790081343479402,
        "volume": 43.365839062201026,
        "wsc": 0.929602098819414,
        "threshold": 0.9618887766910768
      },
      "0.05": {
        "coverage": 0.9514563106796117,
        "volume": 24.755420374934832,
        "wsc": 0.8679492785308264,
        "threshold": 0.7459667195008622
      },
      "0.1": {
        "coverage": 0.9036998163211756,
        "volume": 14.509607266567562,
        "wsc": 0.7783121993878444,
        "threshold": 0.5713868086571069
      }
    },
    "Kernel": {
      "params": {
        "lengthscale": 1.6478280911101786,
        "gamma": 1.578563207566086
      },
      "0.01": {
        "coverage": 0.9887168722120179,
        "volume": 40.86723082372214,
        "wsc": 0.9536510712724092,
        "threshold": 0.05683089269399409
      },
      "0.02": {
        "coverage": 0.9804075920580775,
        "volume": 25.388014389983663,
        "wsc": 0.9234805421950153,
        "threshold": 0.029604172419662435
      },
      "0.05": {
        "coverage": 0.94970698854194,
        "volume": 12.687791751612531,
        "wsc": 0.8360297332750328,
        "threshold": 0.011586973302271647
      },
      "0.1": {
        "coverage": 0.9050992740313129,
        "volume": 7.160190772954426,
        "wsc": 0.7393965894184521,
        "threshold": 0.005758308050928639
      }
    }
  },
  "elapsed_s": 5125.087861299515
}