{
  "dataset": "bio",
  "seed": 36,
  "model": "Ridge",
  "split": [
    0.5,
    0.25,
    0.25
  ],
  "alphas": [
    0.01,
    0.02,
    0.05,
    0.1
  ],
  "result": {
    "seed": 36,
    "model": "Ridge",
    "model_rmse": 0.7919493029153154,
    "meta": {
      "n_train": 22865,
      "n_cal": 11432,
      "n_test": 11433,
      "d": 3,
      "p": 7,
      "elapsed": 23440.82981109619
    },
    "Mahal": {
      "params": {},
      "0.01": {
        "coverage": 0.9919531181667104,
        "volume": 64.39231280084798,
        "wsc": 0.9658941845212068,
        "threshold": 14.815054536141362
      },
      "0.02": {
        "coverage": 0.9826817108370507,
        "volume": 44.45325979980242,
        "wsc": 0.9309138609532138,
        "threshold": 11.57221021602954
      },
      "0.05": {
        "coverage": 0.9541677599930027,
        "volume": 22.020069528580787,
        "wsc": 0.8294709226060341,
        "threshold": 7.244799359045329
      },
      "0.1": {
        "coverage": 0.9010758331146681,
        "volume": 13.471810965950668,
        "wsc": 0.6768692610406646,
        "threshold": 5.221130623530246
      }
    },
    "Bonferroni": {
      "params": {},
      "0.01": {
        "coverage": 0.9927403131286626,
        "volume": 100.33909644346892,
        "wsc": 0.9693922168780061,
        "threshold": 3.6762567690761028
      },
      "0.02": {
        "coverage": 0.9835563719058865,
        "volume": 68.56583268670963,
        "wsc": 0.9331001311762134,
        "threshold": 3.1617662129922115
      },
      "0.05": {
        "coverage": 0.9518061751071459,
        "volume": 29.63792633222968,
        "wsc": 0.8237866200262353,
        "threshold": 2.3815654666673765
      },
      "0.1": {
        "coverage": 0.9021254263972711,
        "volume": 18.046343313462373,
        "wsc": 0.6707477044162659,
        "threshold": 2.0160039374729624
      }
    },
    "Density": {
      "params": {
        "lengthscale": 2.0395344127162796
      },
      "0.01": {
        "coverage": 0.9923904487011284,
        "volume": 84.86769324486939,
        "wsc": 0.9663314385658067,
        "threshold": 0.9953384500878644
      },
      "0.02": {
        "coverage": 0.9833814396921193,
        "volume": 63.12607583147706,
        "wsc": 0.929602098819414,
        "threshold": 0.8687232373453845
      },
      "0.05": {
        "coverage": 0.9531181667103997,
        "volume": 32.567160100489815,
        "wsc": 0.845212068211631,
        "threshold": 0.6286653501283606
      },
      "0.1": {
        "coverage": 0.9050992740313129,
        "volume": 20.624765429832813,
        "wsc": 0.7192829033668562,
        "threshold": 0.4961847280248815
      }
    },
    "Kernel": {
      "params": {
        "lengthscale": 2.0395344127162796,
        "gamma": 1.3193154330270267
      },
      "0.01": {
        "coverage": 0.9916907198460596,
        "volume": 47.90015373916264,
        "wsc": 0.9645824223874071,
        "threshold": 0.03694242800388594
      },
      "0.02": {
        "coverage": 0.9810198548062625,
        "volume": 27.576581439736362,
        "wsc": 0.9247923043288151,
        "threshold": 0.016580419508543276
      },
      "0.05": {
        "coverage": 0.9521560395346803,
        "volume": 16.82938378655965,
        "wsc": 0.8207258417140358,
        "threshold": 0.00830545615554771
      },
      "0.1": {
        "coverage": 0.90527420624508,
        "volume": 10.130883386333274,
        "wsc": 0.6794927853082641,
        "threshold": 0.0043585383387697435
      }
    }
  },
  "elapsed_s": 23440.832040309906
}