{
  "dataset": "bio",
  "seed": 2,
  "model": "Ridge",
  "split": [
    0.5,
    0.25,
    0.25
  ],
  "alphas": [
    0.01,
    0.02,
    0.05,
    0.1
  ],
  "result": {
    "seed": 2,
    "model": "Ridge",
    "model_rmse": 0.8660963255349866,
    "meta": {
      "n_train": 22865,
      "n_cal": 11432,
      "n_test": 11433,
      "d": 3,
      "p": 7,
      "elapsed": 4604.194888591766
    },
    "Mahal": {
      "params": {},
      "0.01": {
        "coverage": 0.9888918044257851,
        "volume": 92.73907788028096,
        "wsc": 0.9514648010494097,
        "threshold": 13.544945588695118
      },
      "0.02": {
        "coverage": 0.978220939385988,
        "volume": 58.970249934907365,
        "wsc": 0.9086139046786182,
        "threshold": 10.015917259066043
      },
      "0.05": {
        "coverage": 0.9473454036560832,
        "volume": 32.262613334430625,
        "wsc": 0.8277219064276344,
        "threshold": 6.6999019134128295
      },
      "0.1": {
        "coverage": 0.8932913496020292,
        "volume": 20.19175886125512,
        "wsc": 0.6777437691298644,
        "threshold": 4.902130290896055
      }
    },
    "Bonferroni": {
      "params": {},
      "0.01": {
        "coverage": 0.9904661943496895,
        "volume": 144.61635953619876,
        "wsc": 0.9571491036292086,
        "threshold": 3.565233473240748
      },
      "0.02": {
        "coverage": 0.9797078632030088,
        "volume": 87.01042368913721,
        "wsc": 0.915172715347617,
        "threshold": 2.8985724771865207
      },
      "0.05": {
        "coverage": 0.9442840899151579,
        "volume": 45.58688690858946,
        "wsc": 0.8106689986882378,
        "threshold": 2.3368952764741633
      },
      "0.1": {
        "coverage": 0.8925041546400769,
        "volume": 27.480759045974594,
        "wsc": 0.6724967205946655,
        "threshold": 1.9750933645640782
      }
    },
    "Density": {
      "params": {
        "lengthscale": 2.0341567423982125
      },
      "0.01": {
        "coverage": 0.9890667366395521,
        "volume": 78.5361808115239,
        "wsc": 0.9532138172278094,
        "threshold": 0.969081307047277
      },
      "0.02": {
        "coverage": 0.97778360885157,
        "volume": 59.12486821999091,
        "wsc": 0.9086139046786182,
        "threshold": 0.8471264544836049
      },
      "0.05": {
        "coverage": 0.9454211493046445,
        "volume": 31.751928782057373,
        "wsc": 0.8285964145168343,
        "threshold": 0.6284733667299786
      },
      "0.1": {
        "coverage": 0.8915420274643575,
        "volume": 20.07147124427563,
        "wsc": 0.7109750765194578,
        "threshold": 0.4929997984499281
      }
    },
    "Kernel": {
      "params": {
        "lengthscale": 2.0341567423982125,
        "gamma": 1.4872440073470214
      },
      "0.01": {
        "coverage": 0.9897664654946209,
        "volume": 47.09636142116433,
        "wsc": 0.9540883253170092,
        "threshold": 0.03883232416966955
      },
      "0.02": {
        "coverage": 0.9804075920580775,
        "volume": 29.639042778866735,
        "wsc": 0.9186707477044163,
        "threshold": 0.019562049776886182
      },
      "0.05": {
        "coverage": 0.9524184378553311,
        "volume": 18.369056380469388,
        "wsc": 0.8207258417140358,
        "threshold": 0.009808837310432132
      },
      "0.1": {
        "coverage": 0.895215603953468,
        "volume": 10.617394033938284,
        "wsc": 0.6716222125054657,
        "threshold": 0.004818430762295727
      }
    }
  },
  "elapsed_s": 4604.198117733002
}