{
  "dataset": "bio",
  "seed": 36,
  "model": "MLP",
  "split": [
    0.5,
    0.25,
    0.25
  ],
  "alphas": [
    0.01,
    0.02,
    0.05,
    0.1
  ],
  "result": {
    "seed": 36,
    "model": "MLP",
    "model_rmse": 0.7077627758823841,
    "meta": {
      "n_train": 22865,
      "n_cal": 11432,
      "n_test": 11433,
      "d": 3,
      "p": 7,
      "elapsed": 23322.695195436478
    },
    "Mahal": {
      "params": {},
      "0.01": {
        "coverage": 0.9909035248841074,
        "volume": 53.31122972782462,
        "wsc": 0.9615216440752077,
        "threshold": 18.118568149066274
      },
      "0.02": {
        "coverage": 0.9797953293098924,
        "volume": 30.138371055134318,
        "wsc": 0.9291648447748142,
        "threshold": 12.38771648403241
      },
      "0.05": {
        "coverage": 0.9505816496107758,
        "volume": 16.889897218003128,
        "wsc": 0.8526453869698295,
        "threshold": 8.42033579920972
      },
      "0.1": {
        "coverage": 0.8984518499081606,
        "volume": 9.097207162046827,
        "wsc": 0.7573240052470486,
        "threshold": 5.574211760407094
      }
    },
    "Bonferroni": {
      "params": {},
      "0.01": {
        "coverage": 0.9902912621359223,
        "volume": 71.49786008105436,
        "wsc": 0.960209881941408,
        "threshold": 3.8363894815568185
      },
      "0.02": {
        "coverage": 0.9801451937374267,
        "volume": 44.404447702371684,
        "wsc": 0.9309138609532138,
        "threshold": 3.2096810741610327
      },
      "0.05": {
        "coverage": 0.9500568529694743,
        "volume": 22.506249801502214,
        "wsc": 0.8587669435942282,
        "threshold": 2.559358339400721
      },
      "0.1": {
        "coverage": 0.8997638415114143,
        "volume": 12.241952942680278,
        "wsc": 0.7638828159160472,
        "threshold": 2.0833110778502557
      }
    },
    "Density": {
      "params": {
        "lengthscale": 1.6663565399183442
      },
      "0.01": {
        "coverage": 0.9885419399982507,
        "volume": 62.95300548527411,
        "wsc": 0.9597726278968081,
        "threshold": 1.1051980985508105
      },
      "0.02": {
        "coverage": 0.9800577276305432,
        "volume": 44.03676074093232,
        "wsc": 0.9440314822912111,
        "threshold": 0.9573847839836344
      },
      "0.05": {
        "coverage": 0.9487448613662206,
        "volume": 25.69643991030138,
        "wsc": 0.8745080891998251,
        "threshold": 0.7477730699052031
      },
      "0.1": {
        "coverage": 0.8948657395259337,
        "volume": 14.282675074940842,
        "wsc": 0.7739396589418452,
        "threshold": 0.557228277951438
      }
    },
    "Kernel": {
      "params": {
        "lengthscale": 1.6663565399183442,
        "gamma": 1.6661509561583756
      },
      "0.01": {
        "coverage": 0.9904661943496895,
        "volume": 42.28757034185184,
        "wsc": 0.9597726278968081,
        "threshold": 0.05911238086084739
      },
      "0.02": {
        "coverage": 0.9797078632030088,
        "volume": 26.731675044451055,
        "wsc": 0.9274158285964145,
        "threshold": 0.03136759854786881
      },
      "0.05": {
        "coverage": 0.9514563106796117,
        "volume": 13.704371310346886,
        "wsc": 0.8526453869698295,
        "threshold": 0.012976148935152029
      },
      "0.1": {
        "coverage": 0.9000262398320651,
        "volume": 7.089575780762937,
        "wsc": 0.7415828596414517,
        "threshold": 0.005935118778920873
      }
    }
  },
  "elapsed_s": 23322.697347402573
}