{
  "dataset": "bio",
  "seed": 20,
  "model": "Ridge",
  "split": [
    0.5,
    0.25,
    0.25
  ],
  "alphas": [
    0.01,
    0.02,
    0.05,
    0.1
  ],
  "result": {
    "seed": 20,
    "model": "Ridge",
    "model_rmse": 0.7360172639845177,
    "meta": {
      "n_train": 22865,
      "n_cal": 11432,
      "n_test": 11433,
      "d": 3,
      "p": 7,
      "elapsed": 4770.603606939316
    },
    "Mahal": {
      "params": {},
      "0.01": {
        "coverage": 0.9893291349602029,
        "volume": 119.15202929150081,
        "wsc": 0.9505902929602099,
        "threshold": 13.00759706822891
      },
      "0.02": {
        "coverage": 0.977171346103385,
        "volume": 74.85401496308977,
        "wsc": 0.9016178399650197,
        "threshold": 9.541269868118087
      },
      "0.05": {
        "coverage": 0.9462083442665967,
        "volume": 41.243268980408175,
        "wsc": 0.8124180148666376,
        "threshold": 6.412560866203613
      },
      "0.1": {
        "coverage": 0.8955654683810024,
        "volume": 26.06005948177923,
        "wsc": 0.6764320069960648,
        "threshold": 4.721859369429165
      }
    },
    "Bonferroni": {
      "params": {},
      "0.01": {
        "coverage": 0.9895040671739701,
        "volume": 164.3947206869056,
        "wsc": 0.95015303891561,
        "threshold": 3.462010425730901
      },
      "0.02": {
        "coverage": 0.979882795416776,
        "volume": 110.3401000071029,
        "wsc": 0.9134236991692173,
        "threshold": 2.9073633137499892
      },
      "0.05": {
        "coverage": 0.9475203358698504,
        "volume": 62.90730042462966,
        "wsc": 0.8106689986882378,
        "threshold": 2.340608638110242
      },
      "0.1": {
        "coverage": 0.8960027989154202,
        "volume": 36.53447240248762,
        "wsc": 0.6676869261040664,
        "threshold": 1.9560092030460876
      }
    },
    "Density": {
      "params": {
        "lengthscale": 2.004725302406972
      },
      "0.01": {
        "coverage": 0.9882795416775999,
        "volume": 77.6388753925728,
        "wsc": 0.9466550065588106,
        "threshold": 0.9776611989481737
      },
      "0.02": {
        "coverage": 0.97778360885157,
        "volume": 59.47985248393148,
        "wsc": 0.910362920857018,
        "threshold": 0.8643431629740076
      },
      "0.05": {
        "coverage": 0.9483949969386862,
        "volume": 32.10605150521639,
        "wsc": 0.8268473983384347,
        "threshold": 0.6420018758685183
      },
      "0.1": {
        "coverage": 0.896265197236071,
        "volume": 19.807194595971584,
        "wsc": 0.7035417577612593,
        "threshold": 0.49912852391375273
      }
    },
    "Kernel": {
      "params": {
        "lengthscale": 2.004725302406972,
        "gamma": 1.5577315600036796
      },
      "0.01": {
        "coverage": 0.9893291349602029,
        "volume": 46.96248796462395,
        "wsc": 0.9514648010494097,
        "threshold": 0.042287379331383136
      },
      "0.02": {
        "coverage": 0.9769964138896178,
        "volume": 27.667225483656466,
        "wsc": 0.9024923480542195,
        "threshold": 0.019399700814776554
      },
      "0.05": {
        "coverage": 0.9455086154115281,
        "volume": 16.562876842754555,
        "wsc": 0.7962396152164407,
        "threshold": 0.009379184554917399
      },
      "0.1": {
        "coverage": 0.8960902650223038,
        "volume": 10.05135006288535,
        "wsc": 0.6668124180148667,
        "threshold": 0.004977940673154719
      }
    }
  },
  "elapsed_s": 4770.605911970139
}