{
  "dataset": "bio",
  "seed": 0,
  "model": "MLP",
  "split": [
    0.5,
    0.25,
    0.25
  ],
  "alphas": [
    0.01,
    0.02,
    0.05,
    0.1
  ],
  "result": {
    "seed": 0,
    "model": "MLP",
    "model_rmse": 0.7183172187517058,
    "meta": {
      "n_train": 22865,
      "n_cal": 11432,
      "n_test": 11433,
      "d": 3,
      "p": 7,
      "elapsed": 5630.455448627472
    },
    "Mahal": {
      "params": {},
      "0.01": {
        "coverage": 0.9919531181667104,
        "volume": 86.21943683845251,
        "wsc": 0.9680804547442063,
        "threshold": 13.828278551794723
      },
      "0.02": {
        "coverage": 0.9821569141957491,
        "volume": 58.59747006162514,
        "wsc": 0.9370354175776126,
        "threshold": 10.689332225929412
      },
      "0.05": {
        "coverage": 0.948220064724919,
        "volume": 32.88818556858466,
        "wsc": 0.8543944031482291,
        "threshold": 7.27318454982339
      },
      "0.1": {
        "coverage": 0.8948657395259337,
        "volume": 19.104553290381016,
        "wsc": 0.7564494971578487,
        "threshold": 5.063559561801829
      }
    },
    "Bonferroni": {
      "params": {},
      "0.01": {
        "coverage": 0.9915157876322925,
        "volume": 125.85905576950007,
        "wsc": 0.9637079142982072,
        "threshold": 3.3918862244263153
      },
      "0.02": {
        "coverage": 0.9819819819819819,
        "volume": 87.21058905938828,
        "wsc": 0.9374726716222125,
        "threshold": 3.0012567347650685
      },
      "0.05": {
        "coverage": 0.946995539228549,
        "volume": 47.16017020698653,
        "wsc": 0.8578924355050285,
        "threshold": 2.4413316400298672
      },
      "0.1": {
        "coverage": 0.8961777311291874,
        "volume": 27.289113022285594,
        "wsc": 0.7630083078268474,
        "threshold": 2.0307637806340635
      }
    },
    "Density": {
      "params": {
        "lengthscale": 1.6513253695229029
      },
      "0.01": {
        "coverage": 0.991603253739176,
        "volume": 64.66478217082361,
        "wsc": 0.9676432006996065,
        "threshold": 1.130514743367634
      },
      "0.02": {
        "coverage": 0.9813697192337969,
        "volume": 44.510418163906586,
        "wsc": 0.939658941845212,
        "threshold": 0.975136428557017
      },
      "0.05": {
        "coverage": 0.9499693868625907,
        "volume": 24.291476866631474,
        "wsc": 0.8718845649322257,
        "threshold": 0.7410549904132383
      },
      "0.1": {
        "coverage": 0.8955654683810024,
        "volume": 14.271581169135771,
        "wsc": 0.7608220376038478,
        "threshold": 0.5684990470973933
      }
    },
    "Kernel": {
      "params": {
        "lengthscale": 1.6513253695229029,
        "gamma": 1.7827427590510432
      },
      "0.01": {
        "coverage": 0.9898539316015044,
        "volume": 41.19822811005666,
        "wsc": 0.9575863576738085,
        "threshold": 0.06430828181768151
      },
      "0.02": {
        "coverage": 0.978395871599755,
        "volume": 23.885264878895164,
        "wsc": 0.9142982072584172,
        "threshold": 0.030742194979733965
      },
      "0.05": {
        "coverage": 0.9506691157176594,
        "volume": 12.79046976769722,
        "wsc": 0.834717971141233,
        "threshold": 0.013320775059894416
      },
      "0.1": {
        "coverage": 0.8961777311291874,
        "volume": 6.945183421091616,
        "wsc": 0.7188456493222563,
        "threshold": 0.006261168467410009
      }
    }
  },
  "elapsed_s": 5630.458679437637
}