{
  "dataset": "bio",
  "seed": 38,
  "model": "Ridge",
  "split": [
    0.5,
    0.25,
    0.25
  ],
  "alphas": [
    0.01,
    0.02,
    0.05,
    0.1
  ],
  "result": {
    "seed": 38,
    "model": "Ridge",
    "model_rmse": 0.7440624270158506,
    "meta": {
      "n_train": 22865,
      "n_cal": 11432,
      "n_test": 11433,
      "d": 3,
      "p": 7,
      "elapsed": 23820.71809196472
    },
    "Mahal": {
      "params": {},
      "0.01": {
        "coverage": 0.9912533893116418,
        "volume": 93.28330911198614,
        "wsc": 0.9623961521644075,
        "threshold": 13.643821449696835
      },
      "0.02": {
        "coverage": 0.9796203970961253,
        "volume": 58.720404369374265,
        "wsc": 0.915172715347617,
        "threshold": 10.02134676077412
      },
      "0.05": {
        "coverage": 0.948220064724919,
        "volume": 32.01146005653193,
        "wsc": 0.8316571928290337,
        "threshold": 6.687601504852377
      },
      "0.1": {
        "coverage": 0.8871687221201784,
        "volume": 19.553485490059522,
        "wsc": 0.669873196327066,
        "threshold": 4.814481480513269
      }
    },
    "Bonferroni": {
      "params": {},
      "0.01": {
        "coverage": 0.9918656520598268,
        "volume": 147.28488691941735,
        "wsc": 0.9632706602536073,
        "threshold": 3.518421296424191
      },
      "0.02": {
        "coverage": 0.9804950581649611,
        "volume": 91.3951814017138,
        "wsc": 0.9173589855706166,
        "threshold": 2.9497498863918
      },
      "0.05": {
        "coverage": 0.9511064462520773,
        "volume": 47.40697688667449,
        "wsc": 0.834717971141233,
        "threshold": 2.3687058243363417
      },
      "0.1": {
        "coverage": 0.8959153328085367,
        "volume": 27.648719659055214,
        "wsc": 0.6755574989068649,
        "threshold": 1.9759425158428392
      }
    },
    "Density": {
      "params": {
        "lengthscale": 2.0173354357318645
      },
      "0.01": {
        "coverage": 0.9908160587772238,
        "volume": 77.80676501755256,
        "wsc": 0.9606471359860078,
        "threshold": 0.9737348881663728
      },
      "0.02": {
        "coverage": 0.979882795416776,
        "volume": 58.72905214935738,
        "wsc": 0.9217315260166157,
        "threshold": 0.8539656459559092
      },
      "0.05": {
        "coverage": 0.9450712848771101,
        "volume": 31.297015246250876,
        "wsc": 0.8338434630520333,
        "threshold": 0.6278612216516731
      },
      "0.1": {
        "coverage": 0.8912796291437068,
        "volume": 19.528734012058795,
        "wsc": 0.6943594228246611,
        "threshold": 0.49189981719111137
      }
    },
    "Kernel": {
      "params": {
        "lengthscale": 2.0173354357318645,
        "gamma": 1.4412933794147702
      },
      "0.01": {
        "coverage": 0.9911659232047582,
        "volume": 46.66383528664299,
        "wsc": 0.9606471359860078,
        "threshold": 0.04045975939593674
      },
      "0.02": {
        "coverage": 0.9811947870200297,
        "volume": 28.39346631653818,
        "wsc": 0.9217315260166157,
        "threshold": 0.019292730189761235
      },
      "0.05": {
        "coverage": 0.9472579375491997,
        "volume": 16.387636579528255,
        "wsc": 0.8084827284652383,
        "threshold": 0.008876950682899966
      },
      "0.1": {
        "coverage": 0.8916294935712411,
        "volume": 9.542066549000538,
        "wsc": 0.6510712724092698,
        "threshold": 0.004540091472875649
      }
    }
  },
  "elapsed_s": 23820.720310926437
}