{
  "dataset": "bio",
  "seed": 9,
  "model": "Ridge",
  "split": [
    0.5,
    0.25,
    0.25
  ],
  "alphas": [
    0.01,
    0.02,
    0.05,
    0.1
  ],
  "result": {
    "seed": 9,
    "model": "Ridge",
    "model_rmse": 0.7539666537681134,
    "meta": {
      "n_train": 22865,
      "n_cal": 11432,
      "n_test": 11433,
      "d": 3,
      "p": 7,
      "elapsed": 5392.909960746765
    },
    "Mahal": {
      "params": {},
      "0.01": {
        "coverage": 0.9892416688533193,
        "volume": 66.76624960642566,
        "wsc": 0.954962833406209,
        "threshold": 13.770586860433706
      },
      "0.02": {
        "coverage": 0.9802326598443103,
        "volume": 44.744174531550776,
        "wsc": 0.9169217315260166,
        "threshold": 10.545620245157734
      },
      "0.05": {
        "coverage": 0.9493571241144056,
        "volume": 23.52097002012686,
        "wsc": 0.819851333624836,
        "threshold": 6.868859187560593
      },
      "0.1": {
        "coverage": 0.9036998163211756,
        "volume": 14.922287184701412,
        "wsc": 0.6934849147354613,
        "threshold": 5.071519002228919
      }
    },
    "Bonferroni": {
      "params": {},
      "0.01": {
        "coverage": 0.9891542027464357,
        "volume": 104.12531586175596,
        "wsc": 0.9527765631832095,
        "threshold": 3.5268550021302185
      },
      "0.02": {
        "coverage": 0.9803201259511939,
        "volume": 68.0023655808017,
        "wsc": 0.9164844774814167,
        "threshold": 3.0021227691094396
      },
      "0.05": {
        "coverage": 0.9489197935799878,
        "volume": 32.39714505789096,
        "wsc": 0.8216003498032357,
        "threshold": 2.344372292612328
      },
      "0.1": {
        "coverage": 0.9012507653284352,
        "volume": 19.66859459773728,
        "wsc": 0.6759947529514648,
        "threshold": 1.9845094448853677
      }
    },
    "Density": {
      "params": {
        "lengthscale": 2.0248959107852764
      },
      "0.01": {
        "coverage": 0.9893291349602029,
        "volume": 73.32964043241634,
        "wsc": 0.954962833406209,
        "threshold": 0.955641472800503
      },
      "0.02": {
        "coverage": 0.9791830665617074,
        "volume": 56.56916675734028,
        "wsc": 0.9156099693922168,
        "threshold": 0.8393404989528139
      },
      "0.05": {
        "coverage": 0.947607801976734,
        "volume": 30.943598217352065,
        "wsc": 0.8329689549628334,
        "threshold": 0.6210139621261684
      },
      "0.1": {
        "coverage": 0.9058864689932651,
        "volume": 19.758991857078215,
        "wsc": 0.7324005247048535,
        "threshold": 0.49295411450623267
      }
    },
    "Kernel": {
      "params": {
        "lengthscale": 2.0248959107852764,
        "gamma": 1.4384531116694144
      },
      "0.01": {
        "coverage": 0.9892416688533193,
        "volume": 39.0423708610331,
        "wsc": 0.9536510712724092,
        "threshold": 0.032549078306284035
      },
      "0.02": {
        "coverage": 0.9785708038135222,
        "volume": 25.2085084571198,
        "wsc": 0.9142982072584172,
        "threshold": 0.01705019965542483
      },
      "0.05": {
        "coverage": 0.9461208781597131,
        "volume": 15.2668644127838,
        "wsc": 0.8045474420638391,
        "threshold": 0.008413683799521583
      },
      "0.1": {
        "coverage": 0.8988891804425785,
        "volume": 9.32940806061785,
        "wsc": 0.6703104503716659,
        "threshold": 0.004510861833991085
      }
    }
  },
  "elapsed_s": 5392.912502288818
}