{
  "dataset": "bio",
  "seed": 14,
  "model": "Ridge",
  "split": [
    0.5,
    0.25,
    0.25
  ],
  "alphas": [
    0.01,
    0.02,
    0.05,
    0.1
  ],
  "result": {
    "seed": 14,
    "model": "Ridge",
    "model_rmse": 0.8877042216276991,
    "meta": {
      "n_train": 22865,
      "n_cal": 11432,
      "n_test": 11433,
      "d": 3,
      "p": 7,
      "elapsed": 4565.433762311935
    },
    "Mahal": {
      "params": {},
      "0.01": {
        "coverage": 0.9895040671739701,
        "volume": 89.86229503319676,
        "wsc": 0.9527765631832095,
        "threshold": 13.843542220221362
      },
      "0.02": {
        "coverage": 0.9776961427446864,
        "volume": 57.690755810550755,
        "wsc": 0.9024923480542195,
        "threshold": 10.30227277728153
      },
      "0.05": {
        "coverage": 0.9481325986180356,
        "volume": 30.53812366573775,
        "wsc": 0.8167905553126367,
        "threshold": 6.741509101412816
      },
      "0.1": {
        "coverage": 0.8966150616636054,
        "volume": 19.049967359343864,
        "wsc": 0.6729339746392654,
        "threshold": 4.921812324759916
      }
    },
    "Bonferroni": {
      "params": {},
      "0.01": {
        "coverage": 0.9895915332808537,
        "volume": 131.9012632013419,
        "wsc": 0.9523393091386095,
        "threshold": 3.563840903909529
      },
      "0.02": {
        "coverage": 0.978833202134173,
        "volume": 89.74659108444074,
        "wsc": 0.9077393965894185,
        "threshold": 2.9912345257193365
      },
      "0.05": {
        "coverage": 0.9491821919006385,
        "volume": 44.083031880577785,
        "wsc": 0.8207258417140358,
        "threshold": 2.359962983714073
      },
      "0.1": {
        "coverage": 0.896702527770489,
        "volume": 26.18494254193977,
        "wsc": 0.6655006558810669,
        "threshold": 1.9811007346700733
      }
    },
    "Density": {
      "params": {
        "lengthscale": 2.0305602045539817
      },
      "0.01": {
        "coverage": 0.9877547450362985,
        "volume": 76.14474176268835,
        "wsc": 0.9453432444250109,
        "threshold": 0.9696281222142885
      },
      "0.02": {
        "coverage": 0.978833202134173,
        "volume": 59.605964136709936,
        "wsc": 0.9112374289462177,
        "threshold": 0.8572268668503935
      },
      "0.05": {
        "coverage": 0.9499693868625907,
        "volume": 32.01077207703231,
        "wsc": 0.8285964145168343,
        "threshold": 0.63133928681004
      },
      "0.1": {
        "coverage": 0.8959153328085367,
        "volume": 19.6678142236424,
        "wsc": 0.6982947092260603,
        "threshold": 0.48965155644314484
      }
    },
    "Kernel": {
      "params": {
        "lengthscale": 2.0305602045539817,
        "gamma": 1.5909013084455401
      },
      "0.01": {
        "coverage": 0.9863552873261611,
        "volume": 43.52708212229516,
        "wsc": 0.9379099256668124,
        "threshold": 0.036634318728413925
      },
      "0.02": {
        "coverage": 0.9790956004548238,
        "volume": 29.10586182171262,
        "wsc": 0.9090511587232182,
        "threshold": 0.0205380910644995
      },
      "0.05": {
        "coverage": 0.9478702002973848,
        "volume": 16.874967139494867,
        "wsc": 0.8027984258854395,
        "threshold": 0.009567783186102468
      },
      "0.1": {
        "coverage": 0.8987142482288113,
        "volume": 10.35347272361936,
        "wsc": 0.6637516397026673,
        "threshold": 0.00509076708046155
      }
    }
  },
  "elapsed_s": 4565.4363470077515
}