{
  "dataset": "bio",
  "seed": 38,
  "model": "MLP",
  "split": [
    0.5,
    0.25,
    0.25
  ],
  "alphas": [
    0.01,
    0.02,
    0.05,
    0.1
  ],
  "result": {
    "seed": 38,
    "model": "MLP",
    "model_rmse": 0.6401311172770929,
    "meta": {
      "n_train": 22865,
      "n_cal": 11432,
      "n_test": 11433,
      "d": 3,
      "p": 7,
      "elapsed": 23235.038377046585
    },
    "Mahal": {
      "params": {},
      "0.01": {
        "coverage": 0.9898539316015044,
        "volume": 66.00231621526135,
        "wsc": 0.9588981198076082,
        "threshold": 14.548289239635077
      },
      "0.02": {
        "coverage": 0.9779585410653372,
        "volume": 44.25319954740325,
        "wsc": 0.9199825098382161,
        "threshold": 11.144713964771624
      },
      "0.05": {
        "coverage": 0.9460334120528295,
        "volume": 24.547039089686802,
        "wsc": 0.85045911674683,
        "threshold": 7.523822685946467
      },
      "0.1": {
        "coverage": 0.8900551036473366,
        "volume": 13.77946693083052,
        "wsc": 0.7477044162658505,
        "threshold": 5.119891455181416
      }
    },
    "Bonferroni": {
      "params": {},
      "0.01": {
        "coverage": 0.9906411265634567,
        "volume": 100.16999206448493,
        "wsc": 0.9615216440752077,
        "threshold": 3.5221920333147505
      },
      "0.02": {
        "coverage": 0.9787457360272894,
        "volume": 67.16499165055835,
        "wsc": 0.9239177962396152,
        "threshold": 3.083281849354639
      },
      "0.05": {
        "coverage": 0.9484824630455698,
        "volume": 35.85022170888328,
        "wsc": 0.85045911674683,
        "threshold": 2.4954624788946167
      },
      "0.1": {
        "coverage": 0.8897052392198024,
        "volume": 19.30979966440153,
        "wsc": 0.7538259728902492,
        "threshold": 2.025954473104184
      }
    },
    "Density": {
      "params": {
        "lengthscale": 1.5714055251334034
      },
      "0.01": {
        "coverage": 0.9905536604565731,
        "volume": 62.655543429077085,
        "wsc": 0.9637079142982072,
        "threshold": 1.1751901775007672
      },
      "0.02": {
        "coverage": 0.977171346103385,
        "volume": 39.95228104730906,
        "wsc": 0.9265413205072147,
        "threshold": 0.989955145731145
      },
      "0.05": {
        "coverage": 0.9472579375491997,
        "volume": 22.63175263101892,
        "wsc": 0.8622649759510276,
        "threshold": 0.7675978245973781
      },
      "0.1": {
        "coverage": 0.8939036123502143,
        "volume": 13.287811866469553,
        "wsc": 0.7573240052470486,
        "threshold": 0.5892271426393885
      }
    },
    "Kernel": {
      "params": {
        "lengthscale": 1.5714055251334034,
        "gamma": 1.4902632797002469
      },
      "0.01": {
        "coverage": 0.9910784570978746,
        "volume": 43.18322160388213,
        "wsc": 0.9632706602536073,
        "threshold": 0.06995436323670144
      },
      "0.02": {
        "coverage": 0.9786582699204058,
        "volume": 23.8192478858828,
        "wsc": 0.9182334936598163,
        "threshold": 0.031080157465118465
      },
      "0.05": {
        "coverage": 0.9441966238082743,
        "volume": 11.617084053513253,
        "wsc": 0.8268473983384347,
        "threshold": 0.011684244561809668
      },
      "0.1": {
        "coverage": 0.8878684509752471,
        "volume": 6.071827927241958,
        "wsc": 0.7031045037166593,
        "threshold": 0.005360716106723661
      }
    }
  },
  "elapsed_s": 23235.041013479233
}