{
  "dataset": "bio",
  "seed": 3,
  "model": "Ridge",
  "split": [
    0.5,
    0.25,
    0.25
  ],
  "alphas": [
    0.01,
    0.02,
    0.05,
    0.1
  ],
  "result": {
    "seed": 3,
    "model": "Ridge",
    "model_rmse": 0.8064173651004869,
    "meta": {
      "n_train": 22865,
      "n_cal": 11432,
      "n_test": 11433,
      "d": 3,
      "p": 7,
      "elapsed": 4602.518976926804
    },
    "Mahal": {
      "params": {},
      "0.01": {
        "coverage": 0.9904661943496895,
        "volume": 100.91306623459386,
        "wsc": 0.9580236117184084,
        "threshold": 13.16784827863979
      },
      "0.02": {
        "coverage": 0.9784833377066386,
        "volume": 64.45166712422795,
        "wsc": 0.9068648885002186,
        "threshold": 9.765758551797438
      },
      "0.05": {
        "coverage": 0.9481325986180356,
        "volume": 34.89169753202133,
        "wsc": 0.8255356362046349,
        "threshold": 6.4868115055977915
      },
      "0.1": {
        "coverage": 0.9017755619697367,
        "volume": 22.26986870488317,
        "wsc": 0.6908613904678619,
        "threshold": 4.8087070100048415
      }
    },
    "Bonferroni": {
      "params": {},
      "0.01": {
        "coverage": 0.9889792705326685,
        "volume": 142.3687204681768,
        "wsc": 0.95015303891561,
        "threshold": 3.4532634624789065
      },
      "0.02": {
        "coverage": 0.9775212105309192,
        "volume": 93.86791628272103,
        "wsc": 0.9033668561434193,
        "threshold": 2.856807849511731
      },
      "0.05": {
        "coverage": 0.9502317851832415,
        "volume": 51.80859027854576,
        "wsc": 0.8233493659816353,
        "threshold": 2.3380521650582775
      },
      "0.1": {
        "coverage": 0.9021254263972711,
        "volume": 31.29451336789118,
        "wsc": 0.6825535636204635,
        "threshold": 1.9808196787272925
      }
    },
    "Density": {
      "params": {
        "lengthscale": 2.0405246754489195
      },
      "0.01": {
        "coverage": 0.9893291349602029,
        "volume": 78.03205776013434,
        "wsc": 0.9540883253170092,
        "threshold": 0.9677727732411409
      },
      "0.02": {
        "coverage": 0.9786582699204058,
        "volume": 60.39053193032107,
        "wsc": 0.910362920857018,
        "threshold": 0.8540482187059322
      },
      "0.05": {
        "coverage": 0.9490072596868714,
        "volume": 31.957409771162254,
        "wsc": 0.8338434630520333,
        "threshold": 0.6262033049097678
      },
      "0.1": {
        "coverage": 0.9034374180005248,
        "volume": 20.32435908480259,
        "wsc": 0.7205946655006559,
        "threshold": 0.4941730103005116
      }
    },
    "Kernel": {
      "params": {
        "lengthscale": 2.0405246754489195,
        "gamma": 1.5411619369417247
      },
      "0.01": {
        "coverage": 0.9895040671739701,
        "volume": 48.32224623171272,
        "wsc": 0.9519020550940096,
        "threshold": 0.041342787115794644
      },
      "0.02": {
        "coverage": 0.9797078632030088,
        "volume": 28.803629913175648,
        "wsc": 0.9090511587232182,
        "threshold": 0.01913497833606451
      },
      "0.05": {
        "coverage": 0.9513688445727281,
        "volume": 17.2420024083132,
        "wsc": 0.8119807608220376,
        "threshold": 0.00930177347014653
      },
      "0.1": {
        "coverage": 0.9019504941835039,
        "volume": 10.27601023791249,
        "wsc": 0.674682990817665,
        "threshold": 0.004859268051556504
      }
    }
  },
  "elapsed_s": 4602.523386955261
}