{
  "dataset": "bio",
  "seed": 33,
  "model": "MLP",
  "split": [
    0.5,
    0.25,
    0.25
  ],
  "alphas": [
    0.01,
    0.02,
    0.05,
    0.1
  ],
  "result": {
    "seed": 33,
    "model": "MLP",
    "model_rmse": 0.645853217436353,
    "meta": {
      "n_train": 22865,
      "n_cal": 11432,
      "n_test": 11433,
      "d": 2,
      "p": 8,
      "elapsed": 12534.340698957443
    },
    "Mahal": {
      "params": {},
      "0.01": {
        "coverage": 0.9901163299221551,
        "volume": 14.886846768979252,
        "wsc": 0.9702667249672059,
        "threshold": 9.43729542791826
      },
      "0.02": {
        "coverage": 0.9785708038135222,
        "volume": 11.109808906081232,
        "wsc": 0.9519020550940096,
        "threshold": 7.042898366689845
      },
      "0.05": {
        "coverage": 0.94970698854194,
        "volume": 7.263422200773913,
        "wsc": 0.9134236991692173,
        "threshold": 4.604538636700408
      },
      "0.1": {
        "coverage": 0.8965275955567218,
        "volume": 4.6420739501036,
        "wsc": 0.8434630520332314,
        "threshold": 2.942773842252355
      }
    },
    "Bonferroni": {
      "params": {},
      "0.01": {
        "coverage": 0.9911659232047582,
        "volume": 18.862177472042525,
        "wsc": 0.9742020113686052,
        "threshold": 3.0489332278057826
      },
      "0.02": {
        "coverage": 0.9790081343479402,
        "volume": 13.758222364434511,
        "wsc": 0.9536307961504812,
        "threshold": 2.6117973112532953
      },
      "0.05": {
        "coverage": 0.9496195224350564,
        "volume": 8.961822657858832,
        "wsc": 0.9181977252843394,
        "threshold": 2.113415490218472
      },
      "0.1": {
        "coverage": 0.8940785445639815,
        "volume": 5.711743162029052,
        "wsc": 0.8487101005684302,
        "threshold": 1.6754528682301617
      }
    },
    "Density": {
      "params": {
        "lengthscale": 0.6786463889760472
      },
      "0.01": {
        "coverage": 0.9893291349602029,
        "volume": 11.15864695094693,
        "wsc": 0.9632706602536073,
        "threshold": 1.4560267143632568
      },
      "0.02": {
        "coverage": 0.9781334732791044,
        "volume": 8.229547893496132,
        "wsc": 0.9422824661128115,
        "threshold": 1.3622492144274352
      },
      "0.05": {
        "coverage": 0.9490072596868714,
        "volume": 5.48595844301722,
        "wsc": 0.9055531263664189,
        "threshold": 1.180164250962702
      },
      "0.1": {
        "coverage": 0.8969649260911396,
        "volume": 3.6320828312389875,
        "wsc": 0.8412767818102318,
        "threshold": 0.9708893888048016
      }
    },
    "Kernel": {
      "params": {
        "lengthscale": 0.6786463889760472,
        "gamma": 5.91837421160136
      },
      "0.01": {
        "coverage": 0.9884544738913671,
        "volume": 8.408955210764994,
        "wsc": 0.955400087450809,
        "threshold": 0.2008451443587235
      },
      "0.02": {
        "coverage": 0.9794454648823581,
        "volume": 5.627531564127342,
        "wsc": 0.9322256230870135,
        "threshold": 0.09781586080026909
      },
      "0.05": {
        "coverage": 0.947607801976734,
        "volume": 3.0743335523827313,
        "wsc": 0.8696982947092261,
        "threshold": 0.03443750490229569
      },
      "0.1": {
        "coverage": 0.8987142482288113,
        "volume": 2.0113146861162132,
        "wsc": 0.7923043288150415,
        "threshold": 0.017089158041439557
      }
    }
  },
  "elapsed_s": 12534.343539476395
}