{
  "dataset": "bio",
  "seed": 34,
  "model": "Ridge",
  "split": [
    0.5,
    0.25,
    0.25
  ],
  "alphas": [
    0.01,
    0.02,
    0.05,
    0.1
  ],
  "result": {
    "seed": 34,
    "model": "Ridge",
    "model_rmse": 0.8695525325564318,
    "meta": {
      "n_train": 22865,
      "n_cal": 11432,
      "n_test": 11433,
      "d": 2,
      "p": 8,
      "elapsed": 12595.723370552063
    },
    "Mahal": {
      "params": {},
      "0.01": {
        "coverage": 0.9890667366395521,
        "volume": 21.048971008163665,
        "wsc": 0.9632706602536073,
        "threshold": 6.822535430642229
      },
      "0.02": {
        "coverage": 0.9812822531269133,
        "volume": 16.6113684267955,
        "wsc": 0.9457804984696109,
        "threshold": 5.384189545384866
      },
      "0.05": {
        "coverage": 0.9525933700690983,
        "volume": 11.430859291442793,
        "wsc": 0.8954962833406209,
        "threshold": 3.7050477426334814
      },
      "0.1": {
        "coverage": 0.9010758331146681,
        "volume": 8.037334909827909,
        "wsc": 0.8189768255356362,
        "threshold": 2.6051155740093557
      }
    },
    "Bonferroni": {
      "params": {},
      "0.01": {
        "coverage": 0.9888918044257851,
        "volume": 26.088522407011528,
        "wsc": 0.965019676432007,
        "threshold": 2.569743116344422
      },
      "0.02": {
        "coverage": 0.9807574564856119,
        "volume": 20.545005353714725,
        "wsc": 0.9488412767818102,
        "threshold": 2.2738070003737727
      },
      "0.05": {
        "coverage": 0.9525933700690983,
        "volume": 14.21474928167005,
        "wsc": 0.8994315697420201,
        "threshold": 1.8924004035726372
      },
      "0.1": {
        "coverage": 0.8995014431907635,
        "volume": 10.131402744147145,
        "wsc": 0.8220376038478356,
        "threshold": 1.5847044333965847
      }
    },
    "Density": {
      "params": {
        "lengthscale": 0.9246383465644001
      },
      "0.01": {
        "coverage": 0.9910784570978746,
        "volume": 14.148475070851617,
        "wsc": 0.9645824223874071,
        "threshold": 1.3329753137966145
      },
      "0.02": {
        "coverage": 0.9811073209131461,
        "volume": 10.492704086996032,
        "wsc": 0.940096195889812,
        "threshold": 1.1920462241645133
      },
      "0.05": {
        "coverage": 0.9540802938861191,
        "volume": 7.151201135085927,
        "wsc": 0.8893747267162221,
        "threshold": 0.9987839433896628
      },
      "0.1": {
        "coverage": 0.9024752908248054,
        "volume": 5.051805166579386,
        "wsc": 0.8045474420638391,
        "threshold": 0.8198782304230622
      }
    },
    "Kernel": {
      "params": {
        "lengthscale": 0.9246383465644001,
        "gamma": 6.281142402039234
      },
      "0.01": {
        "coverage": 0.991603253739176,
        "volume": 12.386863789742259,
        "wsc": 0.9628334062090075,
        "threshold": 0.2006998393558986
      },
      "0.02": {
        "coverage": 0.9825942447301671,
        "volume": 7.518916111239822,
        "wsc": 0.9317883690424137,
        "threshold": 0.07570916485013442
      },
      "0.05": {
        "coverage": 0.9518061751071459,
        "volume": 4.549403891020284,
        "wsc": 0.845212068211631,
        "threshold": 0.027101670436059103
      },
      "0.1": {
        "coverage": 0.9058864689932651,
        "volume": 3.1255772973081086,
        "wsc": 0.7442063839090511,
        "threshold": 0.013727334080711338
      }
    }
  },
  "elapsed_s": 12595.725624084473
}