{
  "dataset": "bio",
  "seed": 29,
  "model": "MLP",
  "split": [
    0.5,
    0.25,
    0.25
  ],
  "alphas": [
    0.01,
    0.02,
    0.05,
    0.1
  ],
  "result": {
    "seed": 29,
    "model": "MLP",
    "model_rmse": 0.7189135388793516,
    "meta": {
      "n_train": 22865,
      "n_cal": 11432,
      "n_test": 11433,
      "d": 2,
      "p": 8,
      "elapsed": 12286.953310251236
    },
    "Mahal": {
      "params": {},
      "0.01": {
        "coverage": 0.9916907198460596,
        "volume": 24.262439331344332,
        "wsc": 0.9790118058592042,
        "threshold": 9.470301245749695
      },
      "0.02": {
        "coverage": 0.9804075920580775,
        "volume": 17.633162672417683,
        "wsc": 0.9584608657630083,
        "threshold": 6.882711179307111
      },
      "0.05": {
        "coverage": 0.9512813784658445,
        "volume": 11.574984815186971,
        "wsc": 0.9173228346456693,
        "threshold": 4.518036773540082
      },
      "0.1": {
        "coverage": 0.8985393160150442,
        "volume": 7.4966028482521505,
        "wsc": 0.8543944031482291,
        "threshold": 2.926131471083182
      }
    },
    "Bonferroni": {
      "params": {},
      "0.01": {
        "coverage": 0.9916907198460596,
        "volume": 30.188151943179065,
        "wsc": 0.979886313948404,
        "threshold": 3.031766322584541
      },
      "0.02": {
        "coverage": 0.9811947870200297,
        "volume": 22.379445779448986,
        "wsc": 0.9588801399825022,
        "threshold": 2.606737829546146
      },
      "0.05": {
        "coverage": 0.9508440479314265,
        "volume": 14.634067712563757,
        "wsc": 0.9177602799650044,
        "threshold": 2.098362184679945
      },
      "0.1": {
        "coverage": 0.8981019854806263,
        "volume": 9.478105161112337,
        "wsc": 0.8587669435942282,
        "threshold": 1.6890573420785422
      }
    },
    "Density": {
      "params": {
        "lengthscale": 0.6890604641385059
      },
      "0.01": {
        "coverage": 0.9913408554185253,
        "volume": 13.130025412498604,
        "wsc": 0.9689549628334062,
        "threshold": 1.4829689616526405
      },
      "0.02": {
        "coverage": 0.9818945158750984,
        "volume": 9.12100505945944,
        "wsc": 0.9510275470048098,
        "threshold": 1.3865334387470463
      },
      "0.05": {
        "coverage": 0.9508440479314265,
        "volume": 5.7962799751048895,
        "wsc": 0.8985570616528203,
        "threshold": 1.196140664586801
      },
      "0.1": {
        "coverage": 0.9011632992215517,
        "volume": 3.8119996072996347,
        "wsc": 0.8404022737210319,
        "threshold": 0.9820254229622604
      }
    },
    "Kernel": {
      "params": {
        "lengthscale": 0.6890604641385059,
        "gamma": 6.1774953044550305
      },
      "0.01": {
        "coverage": 0.9913408554185253,
        "volume": 11.333970221426648,
        "wsc": 0.965019676432007,
        "threshold": 0.28975062750803476
      },
      "0.02": {
        "coverage": 0.9821569141957491,
        "volume": 6.58260384426176,
        "wsc": 0.9392216878006121,
        "threshold": 0.12338122824790551
      },
      "0.05": {
        "coverage": 0.954517624420537,
        "volume": 3.4742497574604423,
        "wsc": 0.879755137735024,
        "threshold": 0.039867069172844216
      },
      "0.1": {
        "coverage": 0.9055366045657308,
        "volume": 2.1390823823148852,
        "wsc": 0.8010494097070398,
        "threshold": 0.018688348986840148
      }
    }
  },
  "elapsed_s": 12286.955937862396
}