{
  "dataset": "bio",
  "seed": 28,
  "model": "MLP",
  "split": [
    0.5,
    0.25,
    0.25
  ],
  "alphas": [
    0.01,
    0.02,
    0.05,
    0.1
  ],
  "result": {
    "seed": 28,
    "model": "MLP",
    "model_rmse": 0.8251245507435253,
    "meta": {
      "n_train": 22865,
      "n_cal": 11432,
      "n_test": 11433,
      "d": 2,
      "p": 8,
      "elapsed": 12184.652285337448
    },
    "Mahal": {
      "params": {},
      "0.01": {
        "coverage": 0.9879296772500656,
        "volume": 10.053505750498354,
        "wsc": 0.9575863576738085,
        "threshold": 11.663966996088618
      },
      "0.02": {
        "coverage": 0.9773462783171522,
        "volume": 7.028519103839038,
        "wsc": 0.9357236554438129,
        "threshold": 8.154410699421252
      },
      "0.05": {
        "coverage": 0.946558208694131,
        "volume": 4.531401264040706,
        "wsc": 0.8941845212068211,
        "threshold": 5.2572819970968885
      },
      "0.1": {
        "coverage": 0.894166010670865,
        "volume": 2.9716460919191645,
        "wsc": 0.8242238740708352,
        "threshold": 3.447671170674237
      }
    },
    "Bonferroni": {
      "params": {},
      "0.01": {
        "coverage": 0.9883670077844835,
        "volume": 11.817966543068486,
        "wsc": 0.9597726278968081,
        "threshold": 3.307493680674254
      },
      "0.02": {
        "coverage": 0.9773462783171522,
        "volume": 8.13818689015466,
        "wsc": 0.9370354175776126,
        "threshold": 2.7419895519000743
      },
      "0.05": {
        "coverage": 0.9467331409078982,
        "volume": 5.377539047311052,
        "wsc": 0.8954962833406209,
        "threshold": 2.2291206956877807
      },
      "0.1": {
        "coverage": 0.8942534767777486,
        "volume": 3.372751900363833,
        "wsc": 0.8325317009182335,
        "threshold": 1.7722369884650495
      }
    },
    "Density": {
      "params": {
        "lengthscale": 0.6637394375002048
      },
      "0.01": {
        "coverage": 0.9885419399982507,
        "volume": 10.716049143026765,
        "wsc": 0.9615216440752077,
        "threshold": 1.4594960071507657
      },
      "0.02": {
        "coverage": 0.9783084054928715,
        "volume": 7.8454697531896205,
        "wsc": 0.9418452120682116,
        "threshold": 1.368067169325863
      },
      "0.05": {
        "coverage": 0.946558208694131,
        "volume": 5.318345137391455,
        "wsc": 0.8963707914298207,
        "threshold": 1.207338982694173
      },
      "0.1": {
        "coverage": 0.8947782734190501,
        "volume": 3.5256152941122414,
        "wsc": 0.8294709226060341,
        "threshold": 1.0043655748659697
      }
    },
    "Kernel": {
      "params": {
        "lengthscale": 0.6637394375002048,
        "gamma": 6.367311499034543
      },
      "0.01": {
        "coverage": 0.9888918044257851,
        "volume": 8.814038235280604,
        "wsc": 0.9575863576738085,
        "threshold": 0.25480243804323244
      },
      "0.02": {
        "coverage": 0.9781334732791044,
        "volume": 5.378189529837641,
        "wsc": 0.9344118933100131,
        "threshold": 0.10609846209774035
      },
      "0.05": {
        "coverage": 0.9448963526633429,
        "volume": 3.0546659448618243,
        "wsc": 0.8727590730214254,
        "threshold": 0.038570294939319516
      },
      "0.1": {
        "coverage": 0.8923292224263099,
        "volume": 1.9254282787033643,
        "wsc": 0.7909925666812418,
        "threshold": 0.018949428221515456
      }
    }
  },
  "elapsed_s": 12184.6544713974
}