{
  "dataset": "bio",
  "seed": 12,
  "model": "Ridge",
  "split": [
    0.5,
    0.25,
    0.25
  ],
  "alphas": [
    0.01,
    0.02,
    0.05,
    0.1
  ],
  "result": {
    "seed": 12,
    "model": "Ridge",
    "model_rmse": 0.7657989763722891,
    "meta": {
      "n_train": 22865,
      "n_cal": 11432,
      "n_test": 11433,
      "d": 2,
      "p": 8,
      "elapsed": 12446.657469034195
    },
    "Mahal": {
      "params": {},
      "0.01": {
        "coverage": 0.9883670077844835,
        "volume": 11.027373521358264,
        "wsc": 0.955400087450809,
        "threshold": 8.162030593779836
      },
      "0.02": {
        "coverage": 0.9783084054928715,
        "volume": 8.05871673978472,
        "wsc": 0.929602098819414,
        "threshold": 5.964746949881758
      },
      "0.05": {
        "coverage": 0.9490072596868714,
        "volume": 5.375494384373255,
        "wsc": 0.8631394840402273,
        "threshold": 3.9787307047292275
      },
      "0.1": {
        "coverage": 0.891454561357474,
        "volume": 3.6908431529353107,
        "wsc": 0.7634455618714473,
        "threshold": 2.731817750868232
      }
    },
    "Bonferroni": {
      "params": {},
      "0.01": {
        "coverage": 0.9888043383189015,
        "volume": 13.70988604455307,
        "wsc": 0.9580236117184084,
        "threshold": 2.8102548197607162
      },
      "0.02": {
        "coverage": 0.9793579987754745,
        "volume": 9.572181527295928,
        "wsc": 0.9365981635330127,
        "threshold": 2.350967440924076
      },
      "0.05": {
        "coverage": 0.948220064724919,
        "volume": 6.216827356923583,
        "wsc": 0.8714473108876257,
        "threshold": 1.9008189984814865
      },
      "0.1": {
        "coverage": 0.8935537479226799,
        "volume": 4.358298736070548,
        "wsc": 0.780061215566244,
        "threshold": 1.5868439745739182
      }
    },
    "Density": {
      "params": {
        "lengthscale": 0.8955399122263122
      },
      "0.01": {
        "coverage": 0.9890667366395521,
        "volume": 12.98558680788233,
        "wsc": 0.9584608657630083,
        "threshold": 1.32253280726991
      },
      "0.02": {
        "coverage": 0.9799702615236596,
        "volume": 9.486444502979786,
        "wsc": 0.9374726716222125,
        "threshold": 1.1791981916567045
      },
      "0.05": {
        "coverage": 0.9493571241144056,
        "volume": 6.471359147862129,
        "wsc": 0.8723218189768255,
        "threshold": 0.982421959909691
      },
      "0.1": {
        "coverage": 0.8972273244117904,
        "volume": 4.593182458936645,
        "wsc": 0.779623961521644,
        "threshold": 0.811543242158738
      }
    },
    "Kernel": {
      "params": {
        "lengthscale": 0.8955399122263122,
        "gamma": 6.892033475732684
      },
      "0.01": {
        "coverage": 0.9881920755707163,
        "volume": 8.764824548318927,
        "wsc": 0.9479667686926104,
        "threshold": 0.15533423034584706
      },
      "0.02": {
        "coverage": 0.9774337444240356,
        "volume": 5.8435140635470475,
        "wsc": 0.910362920857018,
        "threshold": 0.06792637777882311
      },
      "0.05": {
        "coverage": 0.9463832764803639,
        "volume": 3.689371327603982,
        "wsc": 0.8290336685614342,
        "threshold": 0.026977064023456825
      },
      "0.1": {
        "coverage": 0.8949532056328173,
        "volume": 2.4961977392043404,
        "wsc": 0.7205946655006559,
        "threshold": 0.013623578174705345
      }
    }
  },
  "elapsed_s": 12446.659751653671
}