{
  "dataset": "bio",
  "seed": 32,
  "model": "MLP",
  "split": [
    0.5,
    0.25,
    0.25
  ],
  "alphas": [
    0.01,
    0.02,
    0.05,
    0.1
  ],
  "result": {
    "seed": 32,
    "model": "MLP",
    "model_rmse": 0.79913688119539,
    "meta": {
      "n_train": 22865,
      "n_cal": 11432,
      "n_test": 11433,
      "d": 2,
      "p": 8,
      "elapsed": 12523.507882356644
    },
    "Mahal": {
      "params": {},
      "0.01": {
        "coverage": 0.9888918044257851,
        "volume": 14.003461800745962,
        "wsc": 0.9641451683428072,
        "threshold": 9.644487530170773
      },
      "0.02": {
        "coverage": 0.9784833377066386,
        "volume": 10.511540255310164,
        "wsc": 0.9470922606034106,
        "threshold": 7.23952550860149
      },
      "0.05": {
        "coverage": 0.9502317851832415,
        "volume": 6.989426157704727,
        "wsc": 0.9007433318758199,
        "threshold": 4.8137692222248765
      },
      "0.1": {
        "coverage": 0.8958278667016532,
        "volume": 4.43972490030944,
        "wsc": 0.8303454306952339,
        "threshold": 3.0577347264332966
      }
    },
    "Bonferroni": {
      "params": {},
      "0.01": {
        "coverage": 0.9888043383189015,
        "volume": 17.02043364725416,
        "wsc": 0.9676432006996065,
        "threshold": 3.046786368811453
      },
      "0.02": {
        "coverage": 0.9774337444240356,
        "volume": 12.568767032609381,
        "wsc": 0.9470922606034106,
        "threshold": 2.6183337447399317
      },
      "0.05": {
        "coverage": 0.9485699291524534,
        "volume": 8.273251185370604,
        "wsc": 0.905115872321819,
        "threshold": 2.1330901447452404
      },
      "0.1": {
        "coverage": 0.895215603953468,
        "volume": 5.410487116260577,
        "wsc": 0.8338434630520333,
        "threshold": 1.7111196752976305
      }
    },
    "Density": {
      "params": {
        "lengthscale": 0.68753015490265
      },
      "0.01": {
        "coverage": 0.9895040671739701,
        "volume": 11.708568068302634,
        "wsc": 0.9628334062090075,
        "threshold": 1.4634424551039111
      },
      "0.02": {
        "coverage": 0.9785708038135222,
        "volume": 8.454057337103867,
        "wsc": 0.9431569742020114,
        "threshold": 1.370311467032536
      },
      "0.05": {
        "coverage": 0.9502317851832415,
        "volume": 5.6789568567129995,
        "wsc": 0.8937472671622213,
        "threshold": 1.1989747125276176
      },
      "0.1": {
        "coverage": 0.8964401294498382,
        "volume": 3.727072264137982,
        "wsc": 0.8312199387844338,
        "threshold": 0.9832830281124507
      }
    },
    "Kernel": {
      "params": {
        "lengthscale": 0.68753015490265,
        "gamma": 5.9860533994943355
      },
      "0.01": {
        "coverage": 0.9881046094638327,
        "volume": 9.10605527820261,
        "wsc": 0.9519020550940096,
        "threshold": 0.2156360967943465
      },
      "0.02": {
        "coverage": 0.9778710749584536,
        "volume": 6.047417878048214,
        "wsc": 0.9243550502842152,
        "threshold": 0.10478302265102987
      },
      "0.05": {
        "coverage": 0.9495320563281728,
        "volume": 3.459972267259295,
        "wsc": 0.8648885002186271,
        "threshold": 0.0373237531542285
      },
      "0.1": {
        "coverage": 0.9011632992215517,
        "volume": 2.180631769389073,
        "wsc": 0.7931788369042414,
        "threshold": 0.01813671659043818
      }
    }
  },
  "elapsed_s": 12523.510577440262
}