{
  "dataset": "bio",
  "seed": 23,
  "model": "Ridge",
  "split": [
    0.5,
    0.25,
    0.25
  ],
  "alphas": [
    0.01,
    0.02,
    0.05,
    0.1
  ],
  "result": {
    "seed": 23,
    "model": "Ridge",
    "model_rmse": 0.8702914166323547,
    "meta": {
      "n_train": 22865,
      "n_cal": 11432,
      "n_test": 11433,
      "d": 2,
      "p": 8,
      "elapsed": 12467.783685445786
    },
    "Mahal": {
      "params": {},
      "0.01": {
        "coverage": 0.9923904487011284,
        "volume": 22.34384446683835,
        "wsc": 0.9693922168780061,
        "threshold": 7.769406220829681
      },
      "0.02": {
        "coverage": 0.9821569141957491,
        "volume": 15.994714247215976,
        "wsc": 0.9457804984696109,
        "threshold": 5.561685347261864
      },
      "0.05": {
        "coverage": 0.9495320563281728,
        "volume": 10.467552940956457,
        "wsc": 0.8854394403148229,
        "threshold": 3.6397796743095063
      },
      "0.1": {
        "coverage": 0.8944284089915158,
        "volume": 7.276245488495044,
        "wsc": 0.8014866637516397,
        "threshold": 2.53009758667536
      }
    },
    "Bonferroni": {
      "params": {},
      "0.01": {
        "coverage": 0.9923029825942448,
        "volume": 27.611996477145922,
        "wsc": 0.9702667249672059,
        "threshold": 2.7248093538145883
      },
      "0.02": {
        "coverage": 0.9825067786232835,
        "volume": 19.73842375514773,
        "wsc": 0.9484040227372104,
        "threshold": 2.3065328192668186
      },
      "0.05": {
        "coverage": 0.9509315140383101,
        "volume": 13.088349536567902,
        "wsc": 0.8915135608048994,
        "threshold": 1.878913500625093
      },
      "0.1": {
        "coverage": 0.896877459984256,
        "volume": 9.275969325916387,
        "wsc": 0.8119807608220376,
        "threshold": 1.5706090759712092
      }
    },
    "Density": {
      "params": {
        "lengthscale": 0.9172412815492191
      },
      "0.01": {
        "coverage": 0.9912533893116418,
        "volume": 15.20633854248541,
        "wsc": 0.9637079142982072,
        "threshold": 1.3664648825383412
      },
      "0.02": {
        "coverage": 0.9816321175544477,
        "volume": 10.415159529099205,
        "wsc": 0.9409707039790118,
        "threshold": 1.196162364298105
      },
      "0.05": {
        "coverage": 0.9469080731216654,
        "volume": 6.734382518815377,
        "wsc": 0.8727590730214254,
        "threshold": 0.9813555461248702
      },
      "0.1": {
        "coverage": 0.8939036123502143,
        "volume": 4.733602613225344,
        "wsc": 0.7822474857892435,
        "threshold": 0.8057588766582559
      }
    },
    "Kernel": {
      "params": {
        "lengthscale": 0.9172412815492191,
        "gamma": 5.970553433193069
      },
      "0.01": {
        "coverage": 0.9904661943496895,
        "volume": 12.934127036137017,
        "wsc": 0.9593353738522081,
        "threshold": 0.23492135848639814
      },
      "0.02": {
        "coverage": 0.9802326598443103,
        "volume": 7.236119720217196,
        "wsc": 0.9199825098382161,
        "threshold": 0.07768618465682127
      },
      "0.05": {
        "coverage": 0.9489197935799878,
        "volume": 4.178401611674152,
        "wsc": 0.835155225185833,
        "threshold": 0.026162949161458116
      },
      "0.1": {
        "coverage": 0.8985393160150442,
        "volume": 2.8171310078708602,
        "wsc": 0.7289024923480543,
        "threshold": 0.01296949879684899
      }
    }
  },
  "elapsed_s": 12467.786627054214
}