{
  "dataset": "bio",
  "seed": 46,
  "model": "MLP",
  "split": [
    0.5,
    0.25,
    0.25
  ],
  "alphas": [
    0.01,
    0.02,
    0.05,
    0.1
  ],
  "result": {
    "seed": 46,
    "model": "MLP",
    "model_rmse": 0.7416710637073188,
    "meta": {
      "n_train": 22865,
      "n_cal": 11432,
      "n_test": 11433,
      "d": 2,
      "p": 8,
      "elapsed": 12231.410296201706
    },
    "Mahal": {
      "params": {},
      "0.01": {
        "coverage": 0.9869675500743462,
        "volume": 14.966046380842949,
        "wsc": 0.9641451683428072,
        "threshold": 9.759798497991707
      },
      "0.02": {
        "coverage": 0.977171346103385,
        "volume": 11.474339001106394,
        "wsc": 0.9470922606034106,
        "threshold": 7.482753540827812
      },
      "0.05": {
        "coverage": 0.946995539228549,
        "volume": 7.524941937744734,
        "wsc": 0.9011805859204197,
        "threshold": 4.907235695559782
      },
      "0.1": {
        "coverage": 0.9000262398320651,
        "volume": 4.975717017009102,
        "wsc": 0.8425885439440315,
        "threshold": 3.244811236934171
      }
    },
    "Bonferroni": {
      "params": {},
      "0.01": {
        "coverage": 0.9870550161812298,
        "volume": 18.00504910851965,
        "wsc": 0.9663314385658067,
        "threshold": 3.0388893167346307
      },
      "0.02": {
        "coverage": 0.9784833377066386,
        "volume": 14.093435579869857,
        "wsc": 0.9532138172278094,
        "threshold": 2.688756495038435
      },
      "0.05": {
        "coverage": 0.946558208694131,
        "volume": 9.087234656154152,
        "wsc": 0.9055531263664189,
        "threshold": 2.1590032505435515
      },
      "0.1": {
        "coverage": 0.8969649260911396,
        "volume": 6.07255161815017,
        "wsc": 0.8465238303454307,
        "threshold": 1.7543605073945765
      }
    },
    "Density": {
      "params": {
        "lengthscale": 0.6600451397903095
      },
      "0.01": {
        "coverage": 0.9868800839674626,
        "volume": 11.917548648858718,
        "wsc": 0.9558373414954089,
        "threshold": 1.4690113692372608
      },
      "0.02": {
        "coverage": 0.9764716172483163,
        "volume": 8.633786463660991,
        "wsc": 0.9370354175776126,
        "threshold": 1.3829769728590282
      },
      "0.05": {
        "coverage": 0.9478702002973848,
        "volume": 5.622425390437179,
        "wsc": 0.8937472671622213,
        "threshold": 1.2175091050433247
      },
      "0.1": {
        "coverage": 0.8996763754045307,
        "volume": 3.80697163807445,
        "wsc": 0.8320944468736335,
        "threshold": 1.0297974108950756
      }
    },
    "Kernel": {
      "params": {
        "lengthscale": 0.6600451397903095,
        "gamma": 6.598922574035088
      },
      "0.01": {
        "coverage": 0.9867051517536954,
        "volume": 10.113721773226583,
        "wsc": 0.9505902929602099,
        "threshold": 0.269315241619799
      },
      "0.02": {
        "coverage": 0.9762092189276655,
        "volume": 6.318377011882726,
        "wsc": 0.9217315260166157,
        "threshold": 0.12645284363077025
      },
      "0.05": {
        "coverage": 0.9472579375491997,
        "volume": 3.441555512255786,
        "wsc": 0.8543944031482291,
        "threshold": 0.04456541497586205
      },
      "0.1": {
        "coverage": 0.8944284089915158,
        "volume": 2.0944987938969817,
        "wsc": 0.7673808482728465,
        "threshold": 0.020537003019859425
      }
    }
  },
  "elapsed_s": 12231.412227630615
}