{
  "dataset": "bio",
  "seed": 37,
  "model": "MLP",
  "split": [
    0.5,
    0.25,
    0.25
  ],
  "alphas": [
    0.01,
    0.02,
    0.05,
    0.1
  ],
  "result": {
    "seed": 37,
    "model": "MLP",
    "model_rmse": 0.9282185728267206,
    "meta": {
      "n_train": 22865,
      "n_cal": 11432,
      "n_test": 11433,
      "d": 2,
      "p": 8,
      "elapsed": 12246.556553602219
    },
    "Mahal": {
      "params": {},
      "0.01": {
        "coverage": 0.9911659232047582,
        "volume": 16.20463697822557,
        "wsc": 0.9733275032794053,
        "threshold": 9.738041052785919
      },
      "0.02": {
        "coverage": 0.9819819819819819,
        "volume": 12.136903137083156,
        "wsc": 0.9545255793616091,
        "threshold": 7.293570424404775
      },
      "0.05": {
        "coverage": 0.9509315140383101,
        "volume": 7.57832770757423,
        "wsc": 0.9081766506340183,
        "threshold": 4.554132649005745
      },
      "0.1": {
        "coverage": 0.9020379602903875,
        "volume": 5.0550754213755,
        "wsc": 0.8543307086614174,
        "threshold": 3.037805292672102
      }
    },
    "Bonferroni": {
      "params": {},
      "0.01": {
        "coverage": 0.9909035248841074,
        "volume": 19.31239919241764,
        "wsc": 0.9733275032794053,
        "threshold": 3.023089621483976
      },
      "0.02": {
        "coverage": 0.9816321175544477,
        "volume": 14.870977019967865,
        "wsc": 0.9562745955400087,
        "threshold": 2.648669402367817
      },
      "0.05": {
        "coverage": 0.9504067173970087,
        "volume": 9.29100406086833,
        "wsc": 0.9147354613030171,
        "threshold": 2.0981623600302504
      },
      "0.1": {
        "coverage": 0.9020379602903875,
        "volume": 6.281721242694985,
        "wsc": 0.8552055993000874,
        "threshold": 1.70847474842724
      }
    },
    "Density": {
      "params": {
        "lengthscale": 0.7115847796246342
      },
      "0.01": {
        "coverage": 0.9908160587772238,
        "volume": 12.735299207903141,
        "wsc": 0.9672059466550066,
        "threshold": 1.4664190495729248
      },
      "0.02": {
        "coverage": 0.9821569141957491,
        "volume": 9.4234769511389,
        "wsc": 0.9462177525142108,
        "threshold": 1.3795716265152635
      },
      "0.05": {
        "coverage": 0.9525059039622147,
        "volume": 5.9022043138117315,
        "wsc": 0.9042413642326191,
        "threshold": 1.173738223552124
      },
      "0.1": {
        "coverage": 0.9026502230385726,
        "volume": 3.845294166232211,
        "wsc": 0.8439003060778312,
        "threshold": 0.9684383699558808
      }
    },
    "Kernel": {
      "params": {
        "lengthscale": 0.7115847796246342,
        "gamma": 6.67729814141462
      },
      "0.01": {
        "coverage": 0.9896789993877373,
        "volume": 10.728513937723296,
        "wsc": 0.9593353738522081,
        "threshold": 0.24471825278842113
      },
      "0.02": {
        "coverage": 0.9814571853406805,
        "volume": 6.757907577991897,
        "wsc": 0.9326628771316134,
        "threshold": 0.12153978585248403
      },
      "0.05": {
        "coverage": 0.9532056328172833,
        "volume": 3.5033708953987137,
        "wsc": 0.8653257542632269,
        "threshold": 0.041134853061015934
      },
      "0.1": {
        "coverage": 0.9049243418175457,
        "volume": 2.2269766958998467,
        "wsc": 0.789680804547442,
        "threshold": 0.01957033841765022
      }
    }
  },
  "elapsed_s": 12246.560444116592
}