{
  "dataset": "bio",
  "seed": 5,
  "model": "Ridge",
  "split": [
    0.5,
    0.25,
    0.25
  ],
  "alphas": [
    0.01,
    0.02,
    0.05,
    0.1
  ],
  "result": {
    "seed": 5,
    "model": "Ridge",
    "model_rmse": 0.8238274404450909,
    "meta": {
      "n_train": 22865,
      "n_cal": 11432,
      "n_test": 11433,
      "d": 2,
      "p": 8,
      "elapsed": 12627.170617103577
    },
    "Mahal": {
      "params": {},
      "0.01": {
        "coverage": 0.990990990990991,
        "volume": 17.86421930321207,
        "wsc": 0.965019676432007,
        "threshold": 7.7648848097088345
      },
      "0.02": {
        "coverage": 0.9825067786232835,
        "volume": 13.16842331836689,
        "wsc": 0.9435942282466113,
        "threshold": 5.723804016121624
      },
      "0.05": {
        "coverage": 0.949269658007522,
        "volume": 8.497612751093039,
        "wsc": 0.8766943594228247,
        "threshold": 3.693583416650423
      },
      "0.1": {
        "coverage": 0.9016006297559696,
        "volume": 6.050121675324169,
        "wsc": 0.8045474420638391,
        "threshold": 2.62975376064533
      }
    },
    "Bonferroni": {
      "params": {},
      "0.01": {
        "coverage": 0.9918656520598268,
        "volume": 22.65882441666079,
        "wsc": 0.9702667249672059,
        "threshold": 2.7541345937170862
      },
      "0.02": {
        "coverage": 0.9823318464095163,
        "volume": 15.82013429043736,
        "wsc": 0.9479667686926104,
        "threshold": 2.3073240033812294
      },
      "0.05": {
        "coverage": 0.9509315140383101,
        "volume": 10.576960852535223,
        "wsc": 0.8854394403148229,
        "threshold": 1.8827306259924543
      },
      "0.1": {
        "coverage": 0.9016880958628531,
        "volume": 7.449890282996839,
        "wsc": 0.8141670310450372,
        "threshold": 1.5849065256930168
      }
    },
    "Density": {
      "params": {
        "lengthscale": 0.9149054310660195
      },
      "0.01": {
        "coverage": 0.9895915332808537,
        "volume": 14.020291968311009,
        "wsc": 0.9588981198076082,
        "threshold": 1.3358548383504805
      },
      "0.02": {
        "coverage": 0.9815446514475641,
        "volume": 10.283797986641,
        "wsc": 0.940096195889812,
        "threshold": 1.193270331958703
      },
      "0.05": {
        "coverage": 0.9490072596868714,
        "volume": 6.657462172761544,
        "wsc": 0.8688237866200262,
        "threshold": 0.9785495093432836
      },
      "0.1": {
        "coverage": 0.9018630280766203,
        "volume": 4.790103554247431,
        "wsc": 0.7975513773502405,
        "threshold": 0.8167562359545801
      }
    },
    "Kernel": {
      "params": {
        "lengthscale": 0.9149054310660195,
        "gamma": 6.113896342200629
      },
      "0.01": {
        "coverage": 0.9897664654946209,
        "volume": 10.687119020325778,
        "wsc": 0.9558373414954089,
        "threshold": 0.17949474829710416
      },
      "0.02": {
        "coverage": 0.9793579987754745,
        "volume": 6.56507145138882,
        "wsc": 0.9217315260166157,
        "threshold": 0.06878102764651801
      },
      "0.05": {
        "coverage": 0.9524184378553311,
        "volume": 4.07229871896703,
        "wsc": 0.8434630520332314,
        "threshold": 0.026801371742412802
      },
      "0.1": {
        "coverage": 0.9022128925041546,
        "volume": 2.7255262804953855,
        "wsc": 0.7354613030170529,
        "threshold": 0.013131511222929241
      }
    }
  },
  "elapsed_s": 12627.172857522964
}