{
  "dataset": "bio",
  "seed": 48,
  "model": "Ridge",
  "split": [
    0.5,
    0.25,
    0.25
  ],
  "alphas": [
    0.01,
    0.02,
    0.05,
    0.1
  ],
  "result": {
    "seed": 48,
    "model": "Ridge",
    "model_rmse": 0.7818505475643884,
    "meta": {
      "n_train": 22865,
      "n_cal": 11432,
      "n_test": 11433,
      "d": 2,
      "p": 8,
      "elapsed": 12057.362576723099
    },
    "Mahal": {
      "params": {},
      "0.01": {
        "coverage": 0.9877547450362985,
        "volume": 10.08396366650803,
        "wsc": 0.955400087450809,
        "threshold": 8.363258903176638
      },
      "0.02": {
        "coverage": 0.97778360885157,
        "volume": 7.430596013394389,
        "wsc": 0.9269785745518146,
        "threshold": 6.162655907947082
      },
      "0.05": {
        "coverage": 0.9466456748010146,
        "volume": 4.86437156933249,
        "wsc": 0.8609532138172278,
        "threshold": 4.034326201580515
      },
      "0.1": {
        "coverage": 0.8990641126563457,
        "volume": 3.4776994554233793,
        "wsc": 0.7804984696108439,
        "threshold": 2.8842726823522877
      }
    },
    "Bonferroni": {
      "params": {},
      "0.01": {
        "coverage": 0.9874923467156477,
        "volume": 11.813743810238838,
        "wsc": 0.9540883253170092,
        "threshold": 2.774738594686842
      },
      "0.02": {
        "coverage": 0.9776086766378028,
        "volume": 8.507868185205831,
        "wsc": 0.9317883690424137,
        "threshold": 2.356282746479949
      },
      "0.05": {
        "coverage": 0.949269658007522,
        "volume": 5.656040292623345,
        "wsc": 0.8780061215566244,
        "threshold": 1.91860509964056
      },
      "0.1": {
        "coverage": 0.8998513076182979,
        "volume": 3.9928991602764925,
        "wsc": 0.789680804547442,
        "threshold": 1.6160717329000034
      }
    },
    "Density": {
      "params": {
        "lengthscale": 0.8930120330787593
      },
      "0.01": {
        "coverage": 0.9884544738913671,
        "volume": 12.283096522434883,
        "wsc": 0.9580236117184084,
        "threshold": 1.3055581857560505
      },
      "0.02": {
        "coverage": 0.9783084054928715,
        "volume": 9.353893454472251,
        "wsc": 0.934849147354613,
        "threshold": 1.1751027339210816
      },
      "0.05": {
        "coverage": 0.9495320563281728,
        "volume": 6.43404342968744,
        "wsc": 0.8784433756012243,
        "threshold": 0.983207728667739
      },
      "0.1": {
        "coverage": 0.9011632992215517,
        "volume": 4.627205543063176,
        "wsc": 0.7997376475732401,
        "threshold": 0.818754736569546
      }
    },
    "Kernel": {
      "params": {
        "lengthscale": 0.8930120330787593,
        "gamma": 7.1178430342711625
      },
      "0.01": {
        "coverage": 0.986180355112394,
        "volume": 8.22727688987124,
        "wsc": 0.9462177525142108,
        "threshold": 0.13849193571479668
      },
      "0.02": {
        "coverage": 0.9754220239657133,
        "volume": 5.656890569275873,
        "wsc": 0.9121119370354176,
        "threshold": 0.0653513591123684
      },
      "0.05": {
        "coverage": 0.9485699291524534,
        "volume": 3.664692372400273,
        "wsc": 0.8417140358548316,
        "threshold": 0.028015191807530006
      },
      "0.1": {
        "coverage": 0.8955654683810024,
        "volume": 2.44794648263118,
        "wsc": 0.7267162221250547,
        "threshold": 0.013817095067960382
      }
    }
  },
  "elapsed_s": 12057.364744663239
}