{
  "dataset": "bio",
  "seed": 15,
  "model": "MLP",
  "split": [
    0.5,
    0.25,
    0.25
  ],
  "alphas": [
    0.01,
    0.02,
    0.05,
    0.1
  ],
  "result": {
    "seed": 15,
    "model": "MLP",
    "model_rmse": 0.7832130437384447,
    "meta": {
      "n_train": 22865,
      "n_cal": 11432,
      "n_test": 11433,
      "d": 2,
      "p": 8,
      "elapsed": 12561.643184900284
    },
    "Mahal": {
      "params": {},
      "0.01": {
        "coverage": 0.9895040671739701,
        "volume": 11.632648225881974,
        "wsc": 0.9645824223874071,
        "threshold": 10.283869583996955
      },
      "0.02": {
        "coverage": 0.9799702615236596,
        "volume": 8.62878785050783,
        "wsc": 0.9427197201574115,
        "threshold": 7.62829986770893
      },
      "0.05": {
        "coverage": 0.9527683022828654,
        "volume": 5.527064118425666,
        "wsc": 0.8968080454744206,
        "threshold": 4.886213824450895
      },
      "0.1": {
        "coverage": 0.900463570366483,
        "volume": 3.5660006501396393,
        "wsc": 0.8224748578924355,
        "threshold": 3.152531127081681
      }
    },
    "Bonferroni": {
      "params": {},
      "0.01": {
        "coverage": 0.9903787282428059,
        "volume": 14.213979748316067,
        "wsc": 0.9676432006996065,
        "threshold": 3.1362395047411438
      },
      "0.02": {
        "coverage": 0.980932388699379,
        "volume": 10.378531744522597,
        "wsc": 0.9470922606034106,
        "threshold": 2.6870091557633184
      },
      "0.05": {
        "coverage": 0.9529432344966325,
        "volume": 6.6616258945147715,
        "wsc": 0.905115872321819,
        "threshold": 2.156556573770565
      },
      "0.1": {
        "coverage": 0.9009883670077845,
        "volume": 4.301861524763155,
        "wsc": 0.8382160034980324,
        "threshold": 1.7230529077240921
      }
    },
    "Density": {
      "params": {
        "lengthscale": 0.7085989234299122
      },
      "0.01": {
        "coverage": 0.9892416688533193,
        "volume": 11.442087516805016,
        "wsc": 0.9637079142982072,
        "threshold": 1.4357293584592372
      },
      "0.02": {
        "coverage": 0.9794454648823581,
        "volume": 8.692352697216513,
        "wsc": 0.9422824661128115,
        "threshold": 1.3466062354895925
      },
      "0.05": {
        "coverage": 0.9527683022828654,
        "volume": 5.840693782784279,
        "wsc": 0.8994315697420201,
        "threshold": 1.1715727993606686
      },
      "0.1": {
        "coverage": 0.9018630280766203,
        "volume": 3.9340484868488197,
        "wsc": 0.8325317009182335,
        "threshold": 0.966997509048128
      }
    },
    "Kernel": {
      "params": {
        "lengthscale": 0.7085989234299122,
        "gamma": 7.297913010972795
      },
      "0.01": {
        "coverage": 0.9896789993877373,
        "volume": 9.272876889587334,
        "wsc": 0.960209881941408,
        "threshold": 0.24859840707588363
      },
      "0.02": {
        "coverage": 0.9775212105309192,
        "volume": 5.6578951344232395,
        "wsc": 0.9169217315260166,
        "threshold": 0.10636463907207129
      },
      "0.05": {
        "coverage": 0.9463832764803639,
        "volume": 3.1928830580395093,
        "wsc": 0.8386532575426323,
        "threshold": 0.04043981518276718
      },
      "0.1": {
        "coverage": 0.895652934487886,
        "volume": 1.9808726258760037,
        "wsc": 0.7477044162658505,
        "threshold": 0.0195839782185443
      }
    }
  },
  "elapsed_s": 12561.6458837986
}