{
  "dataset": "bio",
  "seed": 0,
  "model": "Ridge",
  "split": [
    0.5,
    0.25,
    0.25
  ],
  "alphas": [
    0.01,
    0.02,
    0.05,
    0.1
  ],
  "result": {
    "seed": 0,
    "model": "Ridge",
    "model_rmse": 0.843010177316773,
    "meta": {
      "n_train": 22865,
      "n_cal": 11432,
      "n_test": 11433,
      "d": 2,
      "p": 8,
      "elapsed": 12625.671641111374
    },
    "Mahal": {
      "params": {},
      "0.01": {
        "coverage": 0.9902912621359223,
        "volume": 19.63845418081054,
        "wsc": 0.9637079142982072,
        "threshold": 7.691690905476223
      },
      "0.02": {
        "coverage": 0.9792705326685909,
        "volume": 13.920344130967928,
        "wsc": 0.9365981635330127,
        "threshold": 5.4521085706373125
      },
      "0.05": {
        "coverage": 0.9485699291524534,
        "volume": 9.37755612317904,
        "wsc": 0.8871884564932225,
        "threshold": 3.672858488970545
      },
      "0.1": {
        "coverage": 0.896877459984256,
        "volume": 6.581607827307873,
        "wsc": 0.804984696108439,
        "threshold": 2.57778400492343
      }
    },
    "Bonferroni": {
      "params": {},
      "0.01": {
        "coverage": 0.9907285926703402,
        "volume": 24.521413158851892,
        "wsc": 0.9663314385658067,
        "threshold": 2.729195079759061
      },
      "0.02": {
        "coverage": 0.9793579987754745,
        "volume": 17.4743834752444,
        "wsc": 0.9387844337560123,
        "threshold": 2.29564076663897
      },
      "0.05": {
        "coverage": 0.948045132511152,
        "volume": 11.612086648460139,
        "wsc": 0.8885002186270223,
        "threshold": 1.8778434725379007
      },
      "0.1": {
        "coverage": 0.8974022566255576,
        "volume": 8.293129997762561,
        "wsc": 0.8124180148666376,
        "threshold": 1.5818673735843107
      }
    },
    "Density": {
      "params": {
        "lengthscale": 0.9147446259765147
      },
      "0.01": {
        "coverage": 0.9906411265634567,
        "volume": 13.89291047929391,
        "wsc": 0.9623961521644075,
        "threshold": 1.3353447327749761
      },
      "0.02": {
        "coverage": 0.980932388699379,
        "volume": 10.314846786528522,
        "wsc": 0.939658941845212,
        "threshold": 1.1948058084140363
      },
      "0.05": {
        "coverage": 0.947607801976734,
        "volume": 6.74360170013334,
        "wsc": 0.874945343244425,
        "threshold": 0.9813336988477217
      },
      "0.1": {
        "coverage": 0.8969649260911396,
        "volume": 4.74745468525565,
        "wsc": 0.7936160909488412,
        "threshold": 0.8119469946964339
      }
    },
    "Kernel": {
      "params": {
        "lengthscale": 0.9147446259765147,
        "gamma": 6.471330410257309
      },
      "0.01": {
        "coverage": 0.9901163299221551,
        "volume": 11.129670247768091,
        "wsc": 0.9575863576738085,
        "threshold": 0.1899885755927735
      },
      "0.02": {
        "coverage": 0.9820694480888655,
        "volume": 6.92770407212889,
        "wsc": 0.9304766069086139,
        "threshold": 0.07618113376633276
      },
      "0.05": {
        "coverage": 0.950756581824543,
        "volume": 4.033205667976612,
        "wsc": 0.8417140358548316,
        "threshold": 0.026967660521360987
      },
      "0.1": {
        "coverage": 0.9018630280766203,
        "volume": 2.753012321970511,
        "wsc": 0.7289024923480543,
        "threshold": 0.013761966301065917
      }
    }
  },
  "elapsed_s": 12625.673837184906
}