{
  "dataset": "bio",
  "seed": 29,
  "model": "Ridge",
  "split": [
    0.5,
    0.25,
    0.25
  ],
  "alphas": [
    0.01,
    0.02,
    0.05,
    0.1
  ],
  "result": {
    "seed": 29,
    "model": "Ridge",
    "model_rmse": 0.8229876083857491,
    "meta": {
      "n_train": 22865,
      "n_cal": 11432,
      "n_test": 11433,
      "d": 2,
      "p": 8,
      "elapsed": 12345.954937934875
    },
    "Mahal": {
      "params": {},
      "0.01": {
        "coverage": 0.9902912621359223,
        "volume": 23.280464859524706,
        "wsc": 0.9672059466550066,
        "threshold": 7.212401614973556
      },
      "0.02": {
        "coverage": 0.978833202134173,
        "volume": 17.29533887058052,
        "wsc": 0.9418452120682116,
        "threshold": 5.358180378028609
      },
      "0.05": {
        "coverage": 0.9461208781597131,
        "volume": 11.589823599209552,
        "wsc": 0.8836904241364233,
        "threshold": 3.5905839058019664
      },
      "0.1": {
        "coverage": 0.8954780022741188,
        "volume": 8.29907861487601,
        "wsc": 0.7940533449934412,
        "threshold": 2.5710950518342117
      }
    },
    "Bonferroni": {
      "params": {},
      "0.01": {
        "coverage": 0.9903787282428059,
        "volume": 28.742501333845855,
        "wsc": 0.9667686926104067,
        "threshold": 2.631247623797187
      },
      "0.02": {
        "coverage": 0.9800577276305432,
        "volume": 21.752055961385224,
        "wsc": 0.9475295146480105,
        "threshold": 2.281876807280846
      },
      "0.05": {
        "coverage": 0.9460334120528295,
        "volume": 14.571435242308397,
        "wsc": 0.8828159160472234,
        "threshold": 1.8704494895623287
      },
      "0.1": {
        "coverage": 0.8957404005947696,
        "volume": 10.515695744998766,
        "wsc": 0.8032356799300393,
        "threshold": 1.5781826833134547
      }
    },
    "Density": {
      "params": {
        "lengthscale": 0.923914297244575
      },
      "0.01": {
        "coverage": 0.9902912621359223,
        "volume": 14.667523838493423,
        "wsc": 0.9615216440752077,
        "threshold": 1.347836301471228
      },
      "0.02": {
        "coverage": 0.9811947870200297,
        "volume": 10.429616377583013,
        "wsc": 0.9422824661128115,
        "threshold": 1.1953653121978267
      },
      "0.05": {
        "coverage": 0.9467331409078982,
        "volume": 6.7282035787056635,
        "wsc": 0.8731963270660253,
        "threshold": 0.9774912595214538
      },
      "0.1": {
        "coverage": 0.894603341205283,
        "volume": 4.706339367312411,
        "wsc": 0.7730651508526454,
        "threshold": 0.807157885401934
      }
    },
    "Kernel": {
      "params": {
        "lengthscale": 0.923914297244575,
        "gamma": 6.349273415142537
      },
      "0.01": {
        "coverage": 0.9901163299221551,
        "volume": 12.671683621900282,
        "wsc": 0.9558373414954089,
        "threshold": 0.21754300526222736
      },
      "0.02": {
        "coverage": 0.9819819819819819,
        "volume": 7.476893890647323,
        "wsc": 0.9282903366856143,
        "threshold": 0.08189096216031264
      },
      "0.05": {
        "coverage": 0.9513688445727281,
        "volume": 4.386044046695659,
        "wsc": 0.8425885439440315,
        "threshold": 0.028286056837160452
      },
      "0.1": {
        "coverage": 0.8959153328085367,
        "volume": 2.88465973130463,
        "wsc": 0.7341495408832531,
        "threshold": 0.013474902651506663
      }
    }
  },
  "elapsed_s": 12345.958605527878
}