{
  "dataset": "bio",
  "seed": 20,
  "model": "Ridge",
  "split": [
    0.5,
    0.25,
    0.25
  ],
  "alphas": [
    0.01,
    0.02,
    0.05,
    0.1
  ],
  "result": {
    "seed": 20,
    "model": "Ridge",
    "model_rmse": 0.7350655980528901,
    "meta": {
      "n_train": 22865,
      "n_cal": 11432,
      "n_test": 11433,
      "d": 2,
      "p": 8,
      "elapsed": 12586.45510673523
    },
    "Mahal": {
      "params": {},
      "0.01": {
        "coverage": 0.9887168722120179,
        "volume": 18.736089824676576,
        "wsc": 0.9580236117184084,
        "threshold": 7.108296049015447
      },
      "0.02": {
        "coverage": 0.9791830665617074,
        "volume": 14.300847585310098,
        "wsc": 0.9387844337560123,
        "threshold": 5.425606908350026
      },
      "0.05": {
        "coverage": 0.9466456748010146,
        "volume": 9.609750709825798,
        "wsc": 0.8832531700918234,
        "threshold": 3.6458489280250497
      },
      "0.1": {
        "coverage": 0.8957404005947696,
        "volume": 6.796687437882205,
        "wsc": 0.8032356799300393,
        "threshold": 2.5785992121717944
      }
    },
    "Bonferroni": {
      "params": {},
      "0.01": {
        "coverage": 0.9893291349602029,
        "volume": 23.327938032874286,
        "wsc": 0.960209881941408,
        "threshold": 2.625493168829269
      },
      "0.02": {
        "coverage": 0.9785708038135222,
        "volume": 17.445694460282603,
        "wsc": 0.9392216878006121,
        "threshold": 2.2654648157072588
      },
      "0.05": {
        "coverage": 0.9462958103734803,
        "volume": 12.000318139549517,
        "wsc": 0.8867512024486226,
        "threshold": 1.8720656353442842
      },
      "0.1": {
        "coverage": 0.8972273244117904,
        "volume": 8.540174861554409,
        "wsc": 0.8128552689112374,
        "threshold": 1.580558203180289
      }
    },
    "Density": {
      "params": {
        "lengthscale": 0.887782870706646
      },
      "0.01": {
        "coverage": 0.9896789993877373,
        "volume": 13.765184515420765,
        "wsc": 0.9597726278968081,
        "threshold": 1.342869511368257
      },
      "0.02": {
        "coverage": 0.9804950581649611,
        "volume": 10.036348547123243,
        "wsc": 0.9370354175776126,
        "threshold": 1.202840995155176
      },
      "0.05": {
        "coverage": 0.9462958103734803,
        "volume": 6.485352345069044,
        "wsc": 0.874945343244425,
        "threshold": 0.9911792980883818
      },
      "0.1": {
        "coverage": 0.8947782734190501,
        "volume": 4.61996784045157,
        "wsc": 0.7940533449934412,
        "threshold": 0.8204932164424584
      }
    },
    "Kernel": {
      "params": {
        "lengthscale": 0.887782870706646,
        "gamma": 6.30662987544038
      },
      "0.01": {
        "coverage": 0.9897664654946209,
        "volume": 10.908150009903016,
        "wsc": 0.9545255793616091,
        "threshold": 0.19470084574215477
      },
      "0.02": {
        "coverage": 0.9799702615236596,
        "volume": 6.487285386006472,
        "wsc": 0.9212942719720157,
        "threshold": 0.07244009811066893
      },
      "0.05": {
        "coverage": 0.9468206070147818,
        "volume": 3.8235549742314663,
        "wsc": 0.8373414954088325,
        "threshold": 0.026579060405172706
      },
      "0.1": {
        "coverage": 0.8988891804425785,
        "volume": 2.6869269030241347,
        "wsc": 0.7345867949278531,
        "threshold": 0.013841780538531745
      }
    }
  },
  "elapsed_s": 12586.457461595535
}