{
  "dataset": "bio",
  "seed": 10,
  "model": "Ridge",
  "split": [
    0.5,
    0.25,
    0.25
  ],
  "alphas": [
    0.01,
    0.02,
    0.05,
    0.1
  ],
  "result": {
    "seed": 10,
    "model": "Ridge",
    "model_rmse": 0.9079204585984137,
    "meta": {
      "n_train": 22865,
      "n_cal": 11432,
      "n_test": 11433,
      "d": 2,
      "p": 8,
      "elapsed": 12586.921240568161
    },
    "Mahal": {
      "params": {},
      "0.01": {
        "coverage": 0.991603253739176,
        "volume": 19.121600195453997,
        "wsc": 0.9667686926104067,
        "threshold": 7.849676406975879
      },
      "0.02": {
        "coverage": 0.9827691769439342,
        "volume": 14.122166439728552,
        "wsc": 0.9470922606034106,
        "threshold": 5.797340995743574
      },
      "0.05": {
        "coverage": 0.9538178955654684,
        "volume": 9.162502398527982,
        "wsc": 0.8893747267162221,
        "threshold": 3.761331592095731
      },
      "0.1": {
        "coverage": 0.9012507653284352,
        "volume": 6.294105876750634,
        "wsc": 0.8132925229558373,
        "threshold": 2.5838158887708427
      }
    },
    "Bonferroni": {
      "params": {},
      "0.01": {
        "coverage": 0.9913408554185253,
        "volume": 23.678131618526606,
        "wsc": 0.9658941845212068,
        "threshold": 2.7358739024279837
      },
      "0.02": {
        "coverage": 0.9818945158750984,
        "volume": 17.281068910852998,
        "wsc": 0.9470922606034106,
        "threshold": 2.342093445077253
      },
      "0.05": {
        "coverage": 0.9532056328172833,
        "volume": 11.273376657967447,
        "wsc": 0.8941845212068211,
        "threshold": 1.8904243987008706
      },
      "0.1": {
        "coverage": 0.9047494096037786,
        "volume": 7.91046485269889,
        "wsc": 0.8307826847398339,
        "threshold": 1.580320759667606
      }
    },
    "Density": {
      "params": {
        "lengthscale": 0.9056785218482237
      },
      "0.01": {
        "coverage": 0.992652847021779,
        "volume": 16.021124892057678,
        "wsc": 0.9698294709226061,
        "threshold": 1.3874861627060202
      },
      "0.02": {
        "coverage": 0.9811073209131461,
        "volume": 10.347703501301497,
        "wsc": 0.9418452120682116,
        "threshold": 1.199145107288391
      },
      "0.05": {
        "coverage": 0.9533805650310505,
        "volume": 6.746026794511963,
        "wsc": 0.8823786620026235,
        "threshold": 0.9924204692586143
      },
      "0.1": {
        "coverage": 0.9020379602903875,
        "volume": 4.6944852945201685,
        "wsc": 0.8067337122868387,
        "threshold": 0.8153611981517435
      }
    },
    "Kernel": {
      "params": {
        "lengthscale": 0.9056785218482237,
        "gamma": 6.573250096745181
      },
      "0.01": {
        "coverage": 0.9923029825942448,
        "volume": 13.416750812390386,
        "wsc": 0.9672059466550066,
        "threshold": 0.2620120198808742
      },
      "0.02": {
        "coverage": 0.9815446514475641,
        "volume": 7.089480922084448,
        "wsc": 0.929602098819414,
        "threshold": 0.083319888564472
      },
      "0.05": {
        "coverage": 0.9490072596868714,
        "volume": 4.152672633376409,
        "wsc": 0.8430257979886314,
        "threshold": 0.02889612358515165
      },
      "0.1": {
        "coverage": 0.9032624857867576,
        "volume": 2.822935797213419,
        "wsc": 0.7485789243550502,
        "threshold": 0.014402065164448079
      }
    }
  },
  "elapsed_s": 12586.924158096313
}