{
  "dataset": "bio",
  "seed": 45,
  "model": "Ridge",
  "split": [
    0.5,
    0.25,
    0.25
  ],
  "alphas": [
    0.01,
    0.02,
    0.05,
    0.1
  ],
  "result": {
    "seed": 45,
    "model": "Ridge",
    "model_rmse": 0.7903304316324329,
    "meta": {
      "n_train": 22865,
      "n_cal": 11432,
      "n_test": 11433,
      "d": 2,
      "p": 8,
      "elapsed": 12211.751302242279
    },
    "Mahal": {
      "params": {},
      "0.01": {
        "coverage": 0.9887168722120179,
        "volume": 14.361266293171063,
        "wsc": 0.9597726278968081,
        "threshold": 7.662175659518823
      },
      "0.02": {
        "coverage": 0.9794454648823581,
        "volume": 10.572652772696511,
        "wsc": 0.940096195889812,
        "threshold": 5.640834246630488
      },
      "0.05": {
        "coverage": 0.9485699291524534,
        "volume": 7.056101346787542,
        "wsc": 0.8841276781810232,
        "threshold": 3.7646462983672984
      },
      "0.1": {
        "coverage": 0.9022128925041546,
        "volume": 5.09268065257416,
        "wsc": 0.8045474420638391,
        "threshold": 2.717101190193172
      }
    },
    "Bonferroni": {
      "params": {},
      "0.01": {
        "coverage": 0.9893291349602029,
        "volume": 17.686068280293508,
        "wsc": 0.9619588981198076,
        "threshold": 2.6975045271863096
      },
      "0.02": {
        "coverage": 0.978833202134173,
        "volume": 12.878507926590991,
        "wsc": 0.9405334499344119,
        "threshold": 2.2990022157208774
      },
      "0.05": {
        "coverage": 0.9489197935799878,
        "volume": 8.563141927773664,
        "wsc": 0.8963707914298207,
        "threshold": 1.886643633293507
      },
      "0.1": {
        "coverage": 0.9009009009009009,
        "volume": 6.069241657774411,
        "wsc": 0.8146042850896371,
        "threshold": 1.5913312166239904
      }
    },
    "Density": {
      "params": {
        "lengthscale": 0.9085266600049705
      },
      "0.01": {
        "coverage": 0.9884544738913671,
        "volume": 13.204326724895273,
        "wsc": 0.9575863576738085,
        "threshold": 1.3165305851535933
      },
      "0.02": {
        "coverage": 0.9790956004548238,
        "volume": 9.823090153131172,
        "wsc": 0.9379099256668124,
        "threshold": 1.1751970703462258
      },
      "0.05": {
        "coverage": 0.9497944546488236,
        "volume": 6.64635686966444,
        "wsc": 0.8867512024486226,
        "threshold": 0.981552517676384
      },
      "0.1": {
        "coverage": 0.9028251552523398,
        "volume": 4.746902598699061,
        "wsc": 0.8032356799300393,
        "threshold": 0.8214214951998249
      }
    },
    "Kernel": {
      "params": {
        "lengthscale": 0.9085266600049705,
        "gamma": 6.571702879793808
      },
      "0.01": {
        "coverage": 0.9890667366395521,
        "volume": 10.327416059017052,
        "wsc": 0.9532138172278094,
        "threshold": 0.18017504904547424
      },
      "0.02": {
        "coverage": 0.978833202134173,
        "volume": 6.355199645647849,
        "wsc": 0.9195452557936161,
        "threshold": 0.07184381603555001
      },
      "0.05": {
        "coverage": 0.9464707425872474,
        "volume": 3.8699647692205197,
        "wsc": 0.8369042413642326,
        "threshold": 0.02676646120062084
      },
      "0.1": {
        "coverage": 0.8971398583049068,
        "volume": 2.559757261145861,
        "wsc": 0.7254044599912549,
        "threshold": 0.01343570801960115
      }
    }
  },
  "elapsed_s": 12211.753606081009
}