{
  "dataset": "bio",
  "seed": 41,
  "model": "Ridge",
  "split": [
    0.5,
    0.25,
    0.25
  ],
  "alphas": [
    0.01,
    0.02,
    0.05,
    0.1
  ],
  "result": {
    "seed": 41,
    "model": "Ridge",
    "model_rmse": 0.8261343875993437,
    "meta": {
      "n_train": 22865,
      "n_cal": 11432,
      "n_test": 11433,
      "d": 2,
      "p": 8,
      "elapsed": 12219.928890943527
    },
    "Mahal": {
      "params": {},
      "0.01": {
        "coverage": 0.9893291349602029,
        "volume": 19.00309635189211,
        "wsc": 0.9597726278968081,
        "threshold": 7.170260263460733
      },
      "0.02": {
        "coverage": 0.9785708038135222,
        "volume": 14.009384903716766,
        "wsc": 0.9331001311762134,
        "threshold": 5.28602992010011
      },
      "0.05": {
        "coverage": 0.9495320563281728,
        "volume": 9.769335232448766,
        "wsc": 0.8867512024486226,
        "threshold": 3.686171712257811
      },
      "0.1": {
        "coverage": 0.903175019679874,
        "volume": 6.863506980020774,
        "wsc": 0.8167905553126367,
        "threshold": 2.589742769047648
      }
    },
    "Bonferroni": {
      "params": {},
      "0.01": {
        "coverage": 0.9884544738913671,
        "volume": 22.878452649098815,
        "wsc": 0.9575863576738085,
        "threshold": 2.586320673907399
      },
      "0.02": {
        "coverage": 0.9778710749584536,
        "volume": 17.344877283493844,
        "wsc": 0.9331001311762134,
        "threshold": 2.2532025403821927
      },
      "0.05": {
        "coverage": 0.9483949969386862,
        "volume": 12.08732792197028,
        "wsc": 0.8854394403148229,
        "threshold": 1.8741546190704916
      },
      "0.1": {
        "coverage": 0.9010758331146681,
        "volume": 8.545615883114923,
        "wsc": 0.8172278093572366,
        "threshold": 1.5790369179675334
      }
    },
    "Density": {
      "params": {
        "lengthscale": 0.9124015131628531
      },
      "0.01": {
        "coverage": 0.989941397708388,
        "volume": 13.859116461682015,
        "wsc": 0.9606471359860078,
        "threshold": 1.329414120308318
      },
      "0.02": {
        "coverage": 0.9791830665617074,
        "volume": 9.907095497840784,
        "wsc": 0.9309138609532138,
        "threshold": 1.1754318676926363
      },
      "0.05": {
        "coverage": 0.9498819207557072,
        "volume": 6.736526532040834,
        "wsc": 0.879755137735024,
        "threshold": 0.9852965656348327
      },
      "0.1": {
        "coverage": 0.9026502230385726,
        "volume": 4.780098976085454,
        "wsc": 0.8067337122868387,
        "threshold": 0.8131186644579028
      }
    },
    "Kernel": {
      "params": {
        "lengthscale": 0.9124015131628531,
        "gamma": 6.4693216679420384
      },
      "0.01": {
        "coverage": 0.9900288638152716,
        "volume": 11.587497049714758,
        "wsc": 0.9562745955400087,
        "threshold": 0.2014428218224397
      },
      "0.02": {
        "coverage": 0.9804075920580775,
        "volume": 6.876404574649656,
        "wsc": 0.9291648447748142,
        "threshold": 0.07480173480323593
      },
      "0.05": {
        "coverage": 0.9516312428933789,
        "volume": 4.116144533835582,
        "wsc": 0.8508963707914298,
        "threshold": 0.028128805924755345
      },
      "0.1": {
        "coverage": 0.9070235283827517,
        "volume": 2.799425892744544,
        "wsc": 0.7581985133362483,
        "threshold": 0.013879642866506144
      }
    }
  },
  "elapsed_s": 12219.931332826614
}