{
  "dataset": "bio",
  "seed": 7,
  "model": "MLP",
  "split": [
    0.5,
    0.25,
    0.25
  ],
  "alphas": [
    0.01,
    0.02,
    0.05,
    0.1
  ],
  "result": {
    "seed": 7,
    "model": "MLP",
    "model_rmse": 0.8597406833974804,
    "meta": {
      "n_train": 22865,
      "n_cal": 11432,
      "n_test": 11433,
      "d": 2,
      "p": 8,
      "elapsed": 12635.027451753616
    },
    "Mahal": {
      "params": {},
      "0.01": {
        "coverage": 0.9917781859529432,
        "volume": 22.21497494749045,
        "wsc": 0.9755137735024049,
        "threshold": 9.078840850882168
      },
      "0.02": {
        "coverage": 0.9806699903787283,
        "volume": 16.709067427462323,
        "wsc": 0.9584608657630083,
        "threshold": 6.828680396856649
      },
      "0.05": {
        "coverage": 0.9530307006035161,
        "volume": 11.018260952345322,
        "wsc": 0.9169217315260166,
        "threshold": 4.502955230707246
      },
      "0.1": {
        "coverage": 0.9020379602903875,
        "volume": 7.166176707872023,
        "wsc": 0.8495846086576301,
        "threshold": 2.928681125855535
      }
    },
    "Bonferroni": {
      "params": {},
      "0.01": {
        "coverage": 0.9907285926703402,
        "volume": 27.015975543082703,
        "wsc": 0.9737647573240052,
        "threshold": 2.945553040960992
      },
      "0.02": {
        "coverage": 0.9797078632030088,
        "volume": 20.51841496442083,
        "wsc": 0.9593353738522081,
        "threshold": 2.5692165541504473
      },
      "0.05": {
        "coverage": 0.9518061751071459,
        "volume": 13.617686846246032,
        "wsc": 0.9173589855706166,
        "threshold": 2.091660760241127
      },
      "0.1": {
        "coverage": 0.9019504941835039,
        "volume": 8.877186660717257,
        "wsc": 0.8557061652820288,
        "threshold": 1.6849173294705027
      }
    },
    "Density": {
      "params": {
        "lengthscale": 0.7025318659490727
      },
      "0.01": {
        "coverage": 0.9904661943496895,
        "volume": 12.640708762124001,
        "wsc": 0.9628334062090075,
        "threshold": 1.4623794555334513
      },
      "0.02": {
        "coverage": 0.9802326598443103,
        "volume": 9.149090350156209,
        "wsc": 0.9427197201574115,
        "threshold": 1.3670909983206774
      },
      "0.05": {
        "coverage": 0.9519811073209131,
        "volume": 5.9556283976421645,
        "wsc": 0.8976825535636205,
        "threshold": 1.190785517121269
      },
      "0.1": {
        "coverage": 0.9020379602903875,
        "volume": 3.891035555764323,
        "wsc": 0.8294709226060341,
        "threshold": 0.9837639883741198
      }
    },
    "Kernel": {
      "params": {
        "lengthscale": 0.7025318659490727,
        "gamma": 6.150247368092385
      },
      "0.01": {
        "coverage": 0.9894166010670865,
        "volume": 10.998035438341086,
        "wsc": 0.9562745955400087,
        "threshold": 0.26561625261939614
      },
      "0.02": {
        "coverage": 0.9805825242718447,
        "volume": 6.72445951950403,
        "wsc": 0.9274158285964145,
        "threshold": 0.121192009825923
      },
      "0.05": {
        "coverage": 0.9499693868625907,
        "volume": 3.5159959841243884,
        "wsc": 0.855268911237429,
        "threshold": 0.03949656282605217
      },
      "0.1": {
        "coverage": 0.8992390448701129,
        "volume": 2.2727398041380047,
        "wsc": 0.7735024048972453,
        "threshold": 0.018657487591151475
      }
    }
  },
  "elapsed_s": 12635.031598806381
}