{
  "dataset": "bio",
  "seed": 11,
  "model": "MLP",
  "split": [
    0.5,
    0.25,
    0.25
  ],
  "alphas": [
    0.01,
    0.02,
    0.05,
    0.1
  ],
  "result": {
    "seed": 11,
    "model": "MLP",
    "model_rmse": 0.8174935777889858,
    "meta": {
      "n_train": 22865,
      "n_cal": 11432,
      "n_test": 11433,
      "d": 2,
      "p": 8,
      "elapsed": 12632.407674789429
    },
    "Mahal": {
      "params": {},
      "0.01": {
        "coverage": 0.9909035248841074,
        "volume": 14.335237768998349,
        "wsc": 0.9672059466550066,
        "threshold": 9.52859717978637
      },
      "0.02": {
        "coverage": 0.9789206682410566,
        "volume": 10.564415066208122,
        "wsc": 0.9492785308264101,
        "threshold": 7.022140631923197
      },
      "0.05": {
        "coverage": 0.9491821919006385,
        "volume": 6.877808544153397,
        "wsc": 0.8994315697420201,
        "threshold": 4.571662371632212
      },
      "0.1": {
        "coverage": 0.8986267821219277,
        "volume": 4.483441280217553,
        "wsc": 0.8329689549628334,
        "threshold": 2.9801323582373906
      }
    },
    "Bonferroni": {
      "params": {},
      "0.01": {
        "coverage": 0.9905536604565731,
        "volume": 17.53215561244111,
        "wsc": 0.9689549628334062,
        "threshold": 3.006223458461511
      },
      "0.02": {
        "coverage": 0.978833202134173,
        "volume": 12.977734963456408,
        "wsc": 0.9492785308264101,
        "threshold": 2.5793290511263054
      },
      "0.05": {
        "coverage": 0.9489197935799878,
        "volume": 8.388643984271823,
        "wsc": 0.9064685314685315,
        "threshold": 2.0849874192658326
      },
      "0.1": {
        "coverage": 0.9002011720458323,
        "volume": 5.5898027826812235,
        "wsc": 0.8439003060778312,
        "threshold": 1.6950458454951411
      }
    },
    "Density": {
      "params": {
        "lengthscale": 0.7110564729031145
      },
      "0.01": {
        "coverage": 0.9889792705326685,
        "volume": 11.30095172106204,
        "wsc": 0.9597726278968081,
        "threshold": 1.4359433778604849
      },
      "0.02": {
        "coverage": 0.9789206682410566,
        "volume": 8.541508621971309,
        "wsc": 0.9418452120682116,
        "threshold": 1.3406826187963155
      },
      "0.05": {
        "coverage": 0.9490947257937549,
        "volume": 5.701693393780848,
        "wsc": 0.8951048951048951,
        "threshold": 1.1588485307528258
      },
      "0.1": {
        "coverage": 0.9001137059389487,
        "volume": 3.8641658931870206,
        "wsc": 0.8316571928290337,
        "threshold": 0.957304367983429
      }
    },
    "Kernel": {
      "params": {
        "lengthscale": 0.7110564729031145,
        "gamma": 6.80516858029568
      },
      "0.01": {
        "coverage": 0.9883670077844835,
        "volume": 9.293224417668783,
        "wsc": 0.9527765631832095,
        "threshold": 0.2489033036336911
      },
      "0.02": {
        "coverage": 0.9770838799965014,
        "volume": 5.559860224781324,
        "wsc": 0.9186707477044163,
        "threshold": 0.096768805551944
      },
      "0.05": {
        "coverage": 0.9504067173970087,
        "volume": 3.309440609988884,
        "wsc": 0.8635767380848273,
        "threshold": 0.03799434962180904
      },
      "0.1": {
        "coverage": 0.9012507653284352,
        "volume": 2.0802198119930124,
        "wsc": 0.7822474857892435,
        "threshold": 0.018243748628486694
      }
    }
  },
  "elapsed_s": 12632.410781860352
}