{
  "dataset": "blog_data",
  "seed": 27,
  "model": "Ridge",
  "split": [
    0.5,
    0.25,
    0.25
  ],
  "alphas": [
    0.01,
    0.02,
    0.05,
    0.1
  ],
  "result": {
    "seed": 27,
    "model": "Ridge",
    "model_rmse": 0.8099388919173085,
    "meta": {
      "n_train": 26198,
      "n_cal": 13099,
      "n_test": 13100,
      "d": 2,
      "p": 279,
      "elapsed": 39370.48304224014
    },
    "Mahal": {
      "params": {},
      "0.01": {
        "coverage": 0.9922137404580152,
        "volume": 46.695449823255046,
        "wsc": 0.9656488549618321,
        "threshold": 22.368490646685736
      },
      "0.02": {
        "coverage": 0.9819847328244274,
        "volume": 19.782333764993098,
        "wsc": 0.9221374045801527,
        "threshold": 9.476318345079768
      },
      "0.05": {
        "coverage": 0.9483206106870229,
        "volume": 8.387625007539217,
        "wsc": 0.8645038167938931,
        "threshold": 4.0179184961103305
      },
      "0.1": {
        "coverage": 0.8956488549618321,
        "volume": 6.013340399941528,
        "wsc": 0.7870229007633588,
        "threshold": 2.880566500602417
      }
    },
    "Bonferroni": {
      "params": {},
      "0.01": {
        "coverage": 0.9923664122137404,
        "volume": 58.94836642896424,
        "wsc": 0.966412213740458,
        "threshold": 4.694384245517719
      },
      "0.02": {
        "coverage": 0.9819847328244274,
        "volume": 21.17855727903602,
        "wsc": 0.9236641221374046,
        "threshold": 2.816578628971527
      },
      "0.05": {
        "coverage": 0.9489312977099237,
        "volume": 10.3552805204446,
        "wsc": 0.8687022900763359,
        "threshold": 1.9628960144546872
      },
      "0.1": {
        "coverage": 0.8958015267175573,
        "volume": 7.460927946939277,
        "wsc": 0.7893129770992366,
        "threshold": 1.6631078000741648
      }
    },
    "Density": {
      "params": {
        "lengthscale": 1.063046515183443
      },
      "0.01": {
        "coverage": 0.9922900763358778,
        "volume": 41.76725084314605,
        "wsc": 0.966030534351145,
        "threshold": 1.5425694204013203
      },
      "0.02": {
        "coverage": 0.9823664122137404,
        "volume": 20.64711457101963,
        "wsc": 0.9240458015267176,
        "threshold": 1.3889665831359885
      },
      "0.05": {
        "coverage": 0.9480152671755725,
        "volume": 8.262803380488826,
        "wsc": 0.8603053435114504,
        "threshold": 0.9413172808777889
      },
      "0.1": {
        "coverage": 0.8950381679389313,
        "volume": 5.815717010420462,
        "wsc": 0.7881679389312977,
        "threshold": 0.772747842298266
      }
    },
    "Kernel": {
      "params": {
        "lengthscale": 1.063046515183443,
        "gamma": 6.197927943079738
      },
      "0.01": {
        "coverage": 0.99,
        "volume": 24.39799448776413,
        "wsc": 0.9549618320610687,
        "threshold": 0.24708731132777836
      },
      "0.02": {
        "coverage": 0.9808396946564886,
        "volume": 14.645141339645436,
        "wsc": 0.9187022900763359,
        "threshold": 0.13196463569702724
      },
      "0.05": {
        "coverage": 0.9487786259541985,
        "volume": 5.735309603061009,
        "wsc": 0.8301526717557252,
        "threshold": 0.03338209679445094
      },
      "0.1": {
        "coverage": 0.898473282442748,
        "volume": 3.150023001593585,
        "wsc": 0.73206106870229,
        "threshold": 0.01254418786463165
      }
    }
  },
  "elapsed_s": 39370.48797059059
}