{
  "dataset": "blog_data",
  "seed": 9,
  "model": "MLP",
  "split": [
    0.5,
    0.25,
    0.25
  ],
  "alphas": [
    0.01,
    0.02,
    0.05,
    0.1
  ],
  "result": {
    "seed": 9,
    "model": "MLP",
    "model_rmse": 0.6344850581311785,
    "meta": {
      "n_train": 26198,
      "n_cal": 13099,
      "n_test": 13100,
      "d": 2,
      "p": 279,
      "elapsed": 31997.965703487396
    },
    "Mahal": {
      "params": {},
      "0.01": {
        "coverage": 0.9912213740458016,
        "volume": 23.72806372577683,
        "wsc": 0.966793893129771,
        "threshold": 23.21070237986461
      },
      "0.02": {
        "coverage": 0.9790076335877863,
        "volume": 11.222746499573558,
        "wsc": 0.9293893129770993,
        "threshold": 10.97804826793726
      },
      "0.05": {
        "coverage": 0.9499236641221374,
        "volume": 5.078333959897092,
        "wsc": 0.8633587786259542,
        "threshold": 4.96760711244557
      },
      "0.1": {
        "coverage": 0.9012213740458015,
        "volume": 3.009235936548384,
        "wsc": 0.7866412213740458,
        "threshold": 2.9436232353902687
      }
    },
    "Bonferroni": {
      "params": {},
      "0.01": {
        "coverage": 0.9915267175572519,
        "volume": 29.528702447867442,
        "wsc": 0.9687022900763359,
        "threshold": 4.749674536075976
      },
      "0.02": {
        "coverage": 0.9786259541984733,
        "volume": 13.457574305086723,
        "wsc": 0.9278625954198473,
        "threshold": 3.207653453733812
      },
      "0.05": {
        "coverage": 0.9500763358778626,
        "volume": 6.152324680354981,
        "wsc": 0.8675572519083969,
        "threshold": 2.1639502680896445
      },
      "0.1": {
        "coverage": 0.9006106870229008,
        "volume": 3.679816438412492,
        "wsc": 0.7923664122137405,
        "threshold": 1.6670676784946212
      }
    },
    "Density": {
      "params": {
        "lengthscale": 0.45920901744860154
      },
      "0.01": {
        "coverage": 0.9909160305343512,
        "volume": 19.368507518085888,
        "wsc": 0.9625954198473282,
        "threshold": 1.5514846605818027
      },
      "0.02": {
        "coverage": 0.9799236641221374,
        "volume": 11.019099453163875,
        "wsc": 0.9236641221374046,
        "threshold": 1.545158709159337
      },
      "0.05": {
        "coverage": 0.9485496183206107,
        "volume": 3.375270226690329,
        "wsc": 0.8416030534351145,
        "threshold": 1.336939669043126
      },
      "0.1": {
        "coverage": 0.9038167938931297,
        "volume": 1.6820213582903782,
        "wsc": 0.750763358778626,
        "threshold": 0.9978414136073129
      }
    },
    "Kernel": {
      "params": {
        "lengthscale": 0.45920901744860154,
        "gamma": 4.658511920280809
      },
      "0.01": {
        "coverage": 0.9896946564885496,
        "volume": 16.167263698093937,
        "wsc": 0.9610687022900763,
        "threshold": 0.48585026096554335
      },
      "0.02": {
        "coverage": 0.9787786259541985,
        "volume": 8.552906685658021,
        "wsc": 0.9213740458015267,
        "threshold": 0.26728673171947886
      },
      "0.05": {
        "coverage": 0.95,
        "volume": 3.22826001619311,
        "wsc": 0.8469465648854961,
        "threshold": 0.07474807886042835
      },
      "0.1": {
        "coverage": 0.9031297709923665,
        "volume": 1.6178140348512586,
        "wsc": 0.7477099236641221,
        "threshold": 0.023589465587649103
      }
    }
  },
  "elapsed_s": 31997.969051122665
}