{
  "dataset": "blog_data",
  "seed": 35,
  "model": "MLP",
  "split": [
    0.5,
    0.25,
    0.25
  ],
  "alphas": [
    0.01,
    0.02,
    0.05,
    0.1
  ],
  "result": {
    "seed": 35,
    "model": "MLP",
    "model_rmse": 0.6773554584173613,
    "meta": {
      "n_train": 26198,
      "n_cal": 13099,
      "n_test": 13100,
      "d": 2,
      "p": 279,
      "elapsed": 39834.96751284599
    },
    "Mahal": {
      "params": {},
      "0.01": {
        "coverage": 0.9884732824427481,
        "volume": 23.091148791176654,
        "wsc": 0.9595419847328245,
        "threshold": 22.683809068769587
      },
      "0.02": {
        "coverage": 0.9798473282442748,
        "volume": 12.628009709241322,
        "wsc": 0.9358778625954198,
        "threshold": 12.405245133254459
      },
      "0.05": {
        "coverage": 0.9474045801526717,
        "volume": 4.817285551867476,
        "wsc": 0.8572519083969465,
        "threshold": 4.73230616096757
      },
      "0.1": {
        "coverage": 0.9,
        "volume": 2.7697737868009384,
        "wsc": 0.7763358778625954,
        "threshold": 2.7209135548718555
      }
    },
    "Bonferroni": {
      "params": {},
      "0.01": {
        "coverage": 0.9890076335877862,
        "volume": 28.7879176931859,
        "wsc": 0.9618320610687023,
        "threshold": 4.716085458428188
      },
      "0.02": {
        "coverage": 0.9793129770992366,
        "volume": 14.292860938283324,
        "wsc": 0.934732824427481,
        "threshold": 3.326882529061421
      },
      "0.05": {
        "coverage": 0.9483206106870229,
        "volume": 5.704535966976616,
        "wsc": 0.8614503816793894,
        "threshold": 2.105002510575015
      },
      "0.1": {
        "coverage": 0.9004580152671756,
        "volume": 3.2927934698869064,
        "wsc": 0.7843511450381679,
        "threshold": 1.5907135803955912
      }
    },
    "Density": {
      "params": {
        "lengthscale": 0.4658153982714658
      },
      "0.01": {
        "coverage": 0.9889312977099237,
        "volume": 20.39486929002098,
        "wsc": 0.9564885496183206,
        "threshold": 1.5462043944067603
      },
      "0.02": {
        "coverage": 0.9795419847328244,
        "volume": 11.8357589233969,
        "wsc": 0.9278625954198473,
        "threshold": 1.539964845141156
      },
      "0.05": {
        "coverage": 0.9507633587786259,
        "volume": 4.233042457435747,
        "wsc": 0.8583969465648855,
        "threshold": 1.4022949605958037
      },
      "0.1": {
        "coverage": 0.9026717557251909,
        "volume": 1.8143807118685733,
        "wsc": 0.7538167938931297,
        "threshold": 1.0334073280107534
      }
    },
    "Kernel": {
      "params": {
        "lengthscale": 0.4658153982714658,
        "gamma": 4.749008665522261
      },
      "0.01": {
        "coverage": 0.9881679389312977,
        "volume": 16.80147291405754,
        "wsc": 0.9545801526717558,
        "threshold": 0.4524067765572621
      },
      "0.02": {
        "coverage": 0.9783206106870229,
        "volume": 9.389420183919865,
        "wsc": 0.9270992366412214,
        "threshold": 0.26782618557788407
      },
      "0.05": {
        "coverage": 0.9521374045801527,
        "volume": 3.800205024900999,
        "wsc": 0.8614503816793894,
        "threshold": 0.08592185233252968
      },
      "0.1": {
        "coverage": 0.9023664122137405,
        "volume": 1.6882966285014351,
        "wsc": 0.7530534351145038,
        "threshold": 0.02758252829457999
      }
    }
  },
  "elapsed_s": 39834.9757373333
}