{
  "dataset": "blog_data",
  "seed": 1,
  "model": "Ridge",
  "split": [
    0.5,
    0.25,
    0.25
  ],
  "alphas": [
    0.01,
    0.02,
    0.05,
    0.1
  ],
  "result": {
    "seed": 1,
    "model": "Ridge",
    "model_rmse": 0.8364380001164752,
    "meta": {
      "n_train": 26198,
      "n_cal": 13099,
      "n_test": 13100,
      "d": 2,
      "p": 279,
      "elapsed": 31352.206209421158
    },
    "Mahal": {
      "params": {},
      "0.01": {
        "coverage": 0.9899236641221374,
        "volume": 36.379221580891546,
        "wsc": 0.9557251908396946,
        "threshold": 15.854507502948898
      },
      "0.02": {
        "coverage": 0.9806870229007634,
        "volume": 16.921167041712298,
        "wsc": 0.9209923664122137,
        "threshold": 7.374450528715917
      },
      "0.05": {
        "coverage": 0.9519083969465649,
        "volume": 8.77411401156753,
        "wsc": 0.8679389312977099,
        "threshold": 3.823865667900783
      },
      "0.1": {
        "coverage": 0.9035114503816793,
        "volume": 6.458745631883649,
        "wsc": 0.7904580152671755,
        "threshold": 2.8147999498187235
      }
    },
    "Bonferroni": {
      "params": {},
      "0.01": {
        "coverage": 0.9901526717557252,
        "volume": 40.71554452278851,
        "wsc": 0.9568702290076336,
        "threshold": 3.904206765237865
      },
      "0.02": {
        "coverage": 0.9810687022900764,
        "volume": 19.563405953291028,
        "wsc": 0.9236641221374046,
        "threshold": 2.5788466864046886
      },
      "0.05": {
        "coverage": 0.9509923664122137,
        "volume": 10.739288421765567,
        "wsc": 0.8706106870229008,
        "threshold": 1.9137694743282732
      },
      "0.1": {
        "coverage": 0.9026717557251909,
        "volume": 7.9745154788830055,
        "wsc": 0.7935114503816794,
        "threshold": 1.6458767469457438
      }
    },
    "Density": {
      "params": {
        "lengthscale": 1.0644104256321487
      },
      "0.01": {
        "coverage": 0.99,
        "volume": 35.47528133515077,
        "wsc": 0.9561068702290076,
        "threshold": 1.5334130246582722
      },
      "0.02": {
        "coverage": 0.9812213740458016,
        "volume": 18.622241945736697,
        "wsc": 0.9232824427480916,
        "threshold": 1.3464922591214918
      },
      "0.05": {
        "coverage": 0.952824427480916,
        "volume": 8.062096479233498,
        "wsc": 0.8687022900763359,
        "threshold": 0.9289662735676921
      },
      "0.1": {
        "coverage": 0.9041984732824427,
        "volume": 5.755465057123773,
        "wsc": 0.7870229007633588,
        "threshold": 0.7640336943377241
      }
    },
    "Kernel": {
      "params": {
        "lengthscale": 1.0644104256321487,
        "gamma": 6.237621430564695
      },
      "0.01": {
        "coverage": 0.9901526717557252,
        "volume": 24.003497274090186,
        "wsc": 0.9568702290076336,
        "threshold": 0.253552785545933
      },
      "0.02": {
        "coverage": 0.9805343511450382,
        "volume": 13.677564634281865,
        "wsc": 0.916030534351145,
        "threshold": 0.12205212437713227
      },
      "0.05": {
        "coverage": 0.9538167938931298,
        "volume": 5.78499047012072,
        "wsc": 0.8465648854961833,
        "threshold": 0.033913218037028375
      },
      "0.1": {
        "coverage": 0.9050381679389313,
        "volume": 3.1602144293135663,
        "wsc": 0.7484732824427481,
        "threshold": 0.012481850054899213
      }
    }
  },
  "elapsed_s": 31352.209783554077
}