{
  "dataset": "blog_data",
  "seed": 47,
  "model": "MLP",
  "split": [
    0.5,
    0.25,
    0.25
  ],
  "alphas": [
    0.01,
    0.02,
    0.05,
    0.1
  ],
  "result": {
    "seed": 47,
    "model": "MLP",
    "model_rmse": 0.6081489181127193,
    "meta": {
      "n_train": 26198,
      "n_cal": 13099,
      "n_test": 13100,
      "d": 2,
      "p": 279,
      "elapsed": 40210.08222556114
    },
    "Mahal": {
      "params": {},
      "0.01": {
        "coverage": 0.9897709923664122,
        "volume": 25.070910503981924,
        "wsc": 0.9606870229007634,
        "threshold": 24.13234287313071
      },
      "0.02": {
        "coverage": 0.9793893129770992,
        "volume": 13.60968382589298,
        "wsc": 0.934351145038168,
        "threshold": 13.100184631475065
      },
      "0.05": {
        "coverage": 0.9474045801526717,
        "volume": 6.01501887564548,
        "wsc": 0.8534351145038168,
        "threshold": 5.789837504001908
      },
      "0.1": {
        "coverage": 0.9014503816793893,
        "volume": 3.320462393081512,
        "wsc": 0.7557251908396947,
        "threshold": 3.1961558378365376
      }
    },
    "Bonferroni": {
      "params": {},
      "0.01": {
        "coverage": 0.9902290076335878,
        "volume": 31.306640929740936,
        "wsc": 0.9629770992366412,
        "threshold": 4.843009421918066
      },
      "0.02": {
        "coverage": 0.9788549618320611,
        "volume": 16.3035138425949,
        "wsc": 0.932824427480916,
        "threshold": 3.494555108258986
      },
      "0.05": {
        "coverage": 0.9484732824427481,
        "volume": 7.2777404305605495,
        "wsc": 0.8576335877862595,
        "threshold": 2.3318180983088994
      },
      "0.1": {
        "coverage": 0.8985496183206106,
        "volume": 3.8797140973431206,
        "wsc": 0.7583969465648855,
        "threshold": 1.701649132463561
      }
    },
    "Density": {
      "params": {
        "lengthscale": 0.5066404897434632
      },
      "0.01": {
        "coverage": 0.9900763358778626,
        "volume": 21.594249694214344,
        "wsc": 0.9599236641221374,
        "threshold": 1.5439913570912436
      },
      "0.02": {
        "coverage": 0.9795419847328244,
        "volume": 12.179041086307347,
        "wsc": 0.9206106870229007,
        "threshold": 1.534220042658322
      },
      "0.05": {
        "coverage": 0.9470229007633588,
        "volume": 4.592203489791936,
        "wsc": 0.8270992366412214,
        "threshold": 1.3687066979837035
      },
      "0.1": {
        "coverage": 0.899618320610687,
        "volume": 2.279421391226598,
        "wsc": 0.7240458015267176,
        "threshold": 1.0484207598980135
      }
    },
    "Kernel": {
      "params": {
        "lengthscale": 0.5066404897434632,
        "gamma": 5.1003661181087105
      },
      "0.01": {
        "coverage": 0.9876335877862595,
        "volume": 17.57666736756316,
        "wsc": 0.9526717557251908,
        "threshold": 0.437670760309004
      },
      "0.02": {
        "coverage": 0.9780152671755725,
        "volume": 10.114762215877526,
        "wsc": 0.917175572519084,
        "threshold": 0.25326722923660483
      },
      "0.05": {
        "coverage": 0.9476335877862595,
        "volume": 4.407357937904833,
        "wsc": 0.8244274809160306,
        "threshold": 0.08267778169857647
      },
      "0.1": {
        "coverage": 0.8990839694656488,
        "volume": 2.1555101925398477,
        "wsc": 0.7145038167938931,
        "threshold": 0.028733257385915836
      }
    }
  },
  "elapsed_s": 40210.08971238136
}