{
  "dataset": "blog_data",
  "seed": 12,
  "model": "MLP",
  "split": [
    0.5,
    0.25,
    0.25
  ],
  "alphas": [
    0.01,
    0.02,
    0.05,
    0.1
  ],
  "result": {
    "seed": 12,
    "model": "MLP",
    "model_rmse": 1.651524282804269,
    "meta": {
      "n_train": 26198,
      "n_cal": 13099,
      "n_test": 13100,
      "d": 2,
      "p": 279,
      "elapsed": 32297.367455244064
    },
    "Mahal": {
      "params": {},
      "0.01": {
        "coverage": 0.9883206106870229,
        "volume": 42.311555264658104,
        "wsc": 0.9519083969465649,
        "threshold": 9.420611098163338
      },
      "0.02": {
        "coverage": 0.9790839694656489,
        "volume": 19.995260671333504,
        "wsc": 0.9213740458015267,
        "threshold": 4.451918002370676
      },
      "0.05": {
        "coverage": 0.9472519083969466,
        "volume": 11.34760106567327,
        "wsc": 0.8519648988935521,
        "threshold": 2.5265281757700833
      },
      "0.1": {
        "coverage": 0.8943511450381679,
        "volume": 8.05532876836667,
        "wsc": 0.7718428080885158,
        "threshold": 1.7935081591769184
      }
    },
    "Bonferroni": {
      "params": {},
      "0.01": {
        "coverage": 0.9893129770992366,
        "volume": 46.34121711963452,
        "wsc": 0.9553605494086227,
        "threshold": 2.57272641954781
      },
      "0.02": {
        "coverage": 0.9797709923664122,
        "volume": 20.171609760236628,
        "wsc": 0.9251908396946565,
        "threshold": 1.7043495958929065
      },
      "0.05": {
        "coverage": 0.9483206106870229,
        "volume": 11.021798136038383,
        "wsc": 0.8572519083969465,
        "threshold": 1.2632338748671617
      },
      "0.1": {
        "coverage": 0.8945801526717557,
        "volume": 7.468844144178524,
        "wsc": 0.7687022900763358,
        "threshold": 1.0468996468963012
      }
    },
    "Density": {
      "params": {
        "lengthscale": 0.979120356131034
      },
      "0.01": {
        "coverage": 0.9890076335877862,
        "volume": 38.96788249136622,
        "wsc": 0.9549790156428843,
        "threshold": 1.5479318522218302
      },
      "0.02": {
        "coverage": 0.9787022900763359,
        "volume": 19.140106988406345,
        "wsc": 0.9221374045801527,
        "threshold": 1.4207201715612816
      },
      "0.05": {
        "coverage": 0.9466412213740458,
        "volume": 7.9845955300936655,
        "wsc": 0.8385496183206107,
        "threshold": 1.0472842504612008
      },
      "0.1": {
        "coverage": 0.8974045801526718,
        "volume": 5.520450019610213,
        "wsc": 0.748854961832061,
        "threshold": 0.8438366643448582
      }
    },
    "Kernel": {
      "params": {
        "lengthscale": 0.979120356131034,
        "gamma": 6.3752657020894095
      },
      "0.01": {
        "coverage": 0.9880152671755725,
        "volume": 26.647154938948955,
        "wsc": 0.9534351145038168,
        "threshold": 0.31250778689687886
      },
      "0.02": {
        "coverage": 0.9783206106870229,
        "volume": 15.548949190182402,
        "wsc": 0.9187022900763359,
        "threshold": 0.15324526307335243
      },
      "0.05": {
        "coverage": 0.9481679389312977,
        "volume": 6.9530927582633835,
        "wsc": 0.8270992366412214,
        "threshold": 0.04384731534852668
      },
      "0.1": {
        "coverage": 0.8961832061068702,
        "volume": 4.355233925505635,
        "wsc": 0.7095419847328245,
        "threshold": 0.017097060858752126
      }
    }
  },
  "elapsed_s": 32297.371080636978
}