{
  "dataset": "blog_data",
  "seed": 19,
  "model": "Ridge",
  "split": [
    0.5,
    0.25,
    0.25
  ],
  "alphas": [
    0.01,
    0.02,
    0.05,
    0.1
  ],
  "result": {
    "seed": 19,
    "model": "Ridge",
    "model_rmse": 0.888825117124083,
    "meta": {
      "n_train": 26198,
      "n_cal": 13099,
      "n_test": 13100,
      "d": 2,
      "p": 279,
      "elapsed": 38038.94398403168
    },
    "Mahal": {
      "params": {},
      "0.01": {
        "coverage": 0.9919083969465649,
        "volume": 47.274621176784116,
        "wsc": 0.9645038167938931,
        "threshold": 19.644918776319063
      },
      "0.02": {
        "coverage": 0.9814503816793894,
        "volume": 20.35534834026243,
        "wsc": 0.9202290076335878,
        "threshold": 8.458643450844011
      },
      "0.05": {
        "coverage": 0.9461832061068702,
        "volume": 9.108332093349624,
        "wsc": 0.8603053435114504,
        "threshold": 3.784957757619528
      },
      "0.1": {
        "coverage": 0.8946564885496183,
        "volume": 6.709622393509359,
        "wsc": 0.7923664122137405,
        "threshold": 2.7881764815704706
      }
    },
    "Bonferroni": {
      "params": {},
      "0.01": {
        "coverage": 0.9919847328244275,
        "volume": 53.79619718958803,
        "wsc": 0.9648854961832061,
        "threshold": 4.38781656693653
      },
      "0.02": {
        "coverage": 0.9813740458015268,
        "volume": 22.644465472415238,
        "wsc": 0.9202290076335878,
        "threshold": 2.7126285268267756
      },
      "0.05": {
        "coverage": 0.9461832061068702,
        "volume": 11.057409012618741,
        "wsc": 0.8648854961832061,
        "threshold": 1.9032325044588694
      },
      "0.1": {
        "coverage": 0.8951908396946565,
        "volume": 8.212982840674755,
        "wsc": 0.7942748091603054,
        "threshold": 1.6406338260673363
      }
    },
    "Density": {
      "params": {
        "lengthscale": 1.0693813181601692
      },
      "0.01": {
        "coverage": 0.99206106870229,
        "volume": 44.53081427339675,
        "wsc": 0.9652671755725191,
        "threshold": 1.551126988428017
      },
      "0.02": {
        "coverage": 0.9812977099236642,
        "volume": 22.62002020562242,
        "wsc": 0.9202290076335878,
        "threshold": 1.4191062654683728
      },
      "0.05": {
        "coverage": 0.9481679389312977,
        "volume": 8.001750663516288,
        "wsc": 0.8541984732824427,
        "threshold": 0.9284932816729086
      },
      "0.1": {
        "coverage": 0.8951908396946565,
        "volume": 5.734922269766746,
        "wsc": 0.7900763358778626,
        "threshold": 0.7631922689737514
      }
    },
    "Kernel": {
      "params": {
        "lengthscale": 1.0693813181601692,
        "gamma": 6.106938657792161
      },
      "0.01": {
        "coverage": 0.9915267175572519,
        "volume": 28.601588949311587,
        "wsc": 0.9626096909576497,
        "threshold": 0.29533255640592315
      },
      "0.02": {
        "coverage": 0.9805343511450382,
        "volume": 15.229401211926623,
        "wsc": 0.917557251908397,
        "threshold": 0.14559589129729805
      },
      "0.05": {
        "coverage": 0.9492366412213741,
        "volume": 5.749652110013701,
        "wsc": 0.8316793893129771,
        "threshold": 0.03372576648023988
      },
      "0.1": {
        "coverage": 0.8957251908396947,
        "volume": 3.175690877072323,
        "wsc": 0.7267175572519083,
        "threshold": 0.012557761418170908
      }
    }
  },
  "elapsed_s": 38038.947593450546
}