{
  "dataset": "blog_data",
  "seed": 0,
  "model": "MLP",
  "split": [
    0.5,
    0.25,
    0.25
  ],
  "alphas": [
    0.01,
    0.02,
    0.05,
    0.1
  ],
  "result": {
    "seed": 0,
    "model": "MLP",
    "model_rmse": 0.6581087062812164,
    "meta": {
      "n_train": 26198,
      "n_cal": 13099,
      "n_test": 13100,
      "d": 2,
      "p": 279,
      "elapsed": 31812.458471775055
    },
    "Mahal": {
      "params": {},
      "0.01": {
        "coverage": 0.9887786259541985,
        "volume": 20.334802207771677,
        "wsc": 0.9603053435114504,
        "threshold": 24.47821931854552
      },
      "0.02": {
        "coverage": 0.9790839694656489,
        "volume": 10.50877699579582,
        "wsc": 0.9278625954198473,
        "threshold": 12.65004426620211
      },
      "0.05": {
        "coverage": 0.9472519083969466,
        "volume": 4.3753198222828065,
        "wsc": 0.8461832061068703,
        "threshold": 5.266834518689643
      },
      "0.1": {
        "coverage": 0.9016793893129771,
        "volume": 2.6120129741172873,
        "wsc": 0.766793893129771,
        "threshold": 3.1442364567919596
      }
    },
    "Bonferroni": {
      "params": {},
      "0.01": {
        "coverage": 0.9890839694656488,
        "volume": 25.262279908557296,
        "wsc": 0.9614503816793893,
        "threshold": 4.872366497803936
      },
      "0.02": {
        "coverage": 0.9791603053435115,
        "volume": 12.508808776158093,
        "wsc": 0.9290076335877863,
        "threshold": 3.424464219874974
      },
      "0.05": {
        "coverage": 0.9470992366412214,
        "volume": 5.227072147331937,
        "wsc": 0.851526717557252,
        "threshold": 2.2119079728722855
      },
      "0.1": {
        "coverage": 0.9021374045801527,
        "volume": 3.1545751325839912,
        "wsc": 0.7721374045801527,
        "threshold": 1.7146190402173955
      }
    },
    "Density": {
      "params": {
        "lengthscale": 0.43769133165864904
      },
      "0.01": {
        "coverage": 0.9882442748091603,
        "volume": 17.81951550445,
        "wsc": 0.9583969465648855,
        "threshold": 1.543022276827043
      },
      "0.02": {
        "coverage": 0.9790839694656489,
        "volume": 10.65814847508649,
        "wsc": 0.9232824427480916,
        "threshold": 1.5376173210450024
      },
      "0.05": {
        "coverage": 0.95,
        "volume": 3.5310199095701305,
        "wsc": 0.8374045801526717,
        "threshold": 1.3803903467688137
      },
      "0.1": {
        "coverage": 0.9011450381679389,
        "volume": 1.6051063181678071,
        "wsc": 0.7351145038167939,
        "threshold": 1.024412889926176
      }
    },
    "Kernel": {
      "params": {
        "lengthscale": 0.43769133165864904,
        "gamma": 4.759213153808339
      },
      "0.01": {
        "coverage": 0.9867175572519084,
        "volume": 15.315649510294442,
        "wsc": 0.9526717557251908,
        "threshold": 0.4641097376993923
      },
      "0.02": {
        "coverage": 0.9767938931297709,
        "volume": 8.427833541043077,
        "wsc": 0.916412213740458,
        "threshold": 0.26745532758096047
      },
      "0.05": {
        "coverage": 0.9475572519083969,
        "volume": 3.1690194845195085,
        "wsc": 0.8351145038167939,
        "threshold": 0.08133202182090031
      },
      "0.1": {
        "coverage": 0.9006870229007634,
        "volume": 1.5041741799517223,
        "wsc": 0.7259541984732825,
        "threshold": 0.026717999965052093
      }
    }
  },
  "elapsed_s": 31812.463109731674
}