{
  "dataset": "blog_data",
  "seed": 44,
  "model": "Ridge",
  "split": [
    0.5,
    0.25,
    0.25
  ],
  "alphas": [
    0.01,
    0.02,
    0.05,
    0.1
  ],
  "result": {
    "seed": 44,
    "model": "Ridge",
    "model_rmse": 0.9260745251937461,
    "meta": {
      "n_train": 26198,
      "n_cal": 13099,
      "n_test": 13100,
      "d": 2,
      "p": 279,
      "elapsed": 39787.28435063362
    },
    "Mahal": {
      "params": {},
      "0.01": {
        "coverage": 0.9878625954198473,
        "volume": 42.62073555902324,
        "wsc": 0.9492366412213741,
        "threshold": 19.16407676851039
      },
      "0.02": {
        "coverage": 0.9789312977099237,
        "volume": 18.5250805780947,
        "wsc": 0.9110687022900763,
        "threshold": 8.329656015668816
      },
      "0.05": {
        "coverage": 0.9487022900763359,
        "volume": 8.608887902044629,
        "wsc": 0.8580152671755725,
        "threshold": 3.8709183800408478
      },
      "0.1": {
        "coverage": 0.8996946564885496,
        "volume": 6.313553296203485,
        "wsc": 0.7904580152671755,
        "threshold": 2.83883932230517
      }
    },
    "Bonferroni": {
      "params": {},
      "0.01": {
        "coverage": 0.9880152671755725,
        "volume": 45.75419823840173,
        "wsc": 0.95,
        "threshold": 4.274064478459275
      },
      "0.02": {
        "coverage": 0.9785496183206107,
        "volume": 20.610896139858035,
        "wsc": 0.9091603053435114,
        "threshold": 2.6884057358699995
      },
      "0.05": {
        "coverage": 0.9474809160305343,
        "volume": 10.48411511149487,
        "wsc": 0.8572519083969465,
        "threshold": 1.919734120696194
      },
      "0.1": {
        "coverage": 0.897557251908397,
        "volume": 7.730919029655052,
        "wsc": 0.7919847328244275,
        "threshold": 1.650628826716641
      }
    },
    "Density": {
      "params": {
        "lengthscale": 1.0614327381822375
      },
      "0.01": {
        "coverage": 0.9879389312977099,
        "volume": 38.973597497507306,
        "wsc": 0.9496183206106871,
        "threshold": 1.5421395632545847
      },
      "0.02": {
        "coverage": 0.9786259541984733,
        "volume": 20.01868371410628,
        "wsc": 0.9095419847328244,
        "threshold": 1.3754123616939473
      },
      "0.05": {
        "coverage": 0.9482442748091603,
        "volume": 7.920519619480873,
        "wsc": 0.850381679389313,
        "threshold": 0.9232758057705917
      },
      "0.1": {
        "coverage": 0.9019083969465649,
        "volume": 5.7417850262178,
        "wsc": 0.7896946564885496,
        "threshold": 0.7691165046042047
      }
    },
    "Kernel": {
      "params": {
        "lengthscale": 1.0614327381822375,
        "gamma": 5.969781078039563
      },
      "0.01": {
        "coverage": 0.9878625954198473,
        "volume": 25.37252072206446,
        "wsc": 0.9480916030534351,
        "threshold": 0.25802055796292883
      },
      "0.02": {
        "coverage": 0.9775572519083969,
        "volume": 14.441545061685666,
        "wsc": 0.9068702290076336,
        "threshold": 0.13304789943784598
      },
      "0.05": {
        "coverage": 0.9479389312977099,
        "volume": 5.645312541571011,
        "wsc": 0.8255725190839694,
        "threshold": 0.031063793914268195
      },
      "0.1": {
        "coverage": 0.9,
        "volume": 3.245591643477027,
        "wsc": 0.7305343511450382,
        "threshold": 0.012612557856710232
      }
    }
  },
  "elapsed_s": 39787.291445970535
}