{
  "dataset": "blog_data",
  "seed": 10,
  "model": "Ridge",
  "split": [
    0.5,
    0.25,
    0.25
  ],
  "alphas": [
    0.01,
    0.02,
    0.05,
    0.1
  ],
  "result": {
    "seed": 10,
    "model": "Ridge",
    "model_rmse": 0.887469571410512,
    "meta": {
      "n_train": 26198,
      "n_cal": 13099,
      "n_test": 13100,
      "d": 2,
      "p": 279,
      "elapsed": 31496.220309495926
    },
    "Mahal": {
      "params": {},
      "0.01": {
        "coverage": 0.9899236641221374,
        "volume": 44.586512464998926,
        "wsc": 0.9572519083969465,
        "threshold": 18.252586932037776
      },
      "0.02": {
        "coverage": 0.9809160305343512,
        "volume": 22.535516039598964,
        "wsc": 0.917557251908397,
        "threshold": 9.22546848430931
      },
      "0.05": {
        "coverage": 0.9482442748091603,
        "volume": 9.580486600414172,
        "wsc": 0.8625954198473282,
        "threshold": 3.9220081333465417
      },
      "0.1": {
        "coverage": 0.8999236641221374,
        "volume": 7.024813905263976,
        "wsc": 0.7904580152671755,
        "threshold": 2.87578057574864
      }
    },
    "Bonferroni": {
      "params": {},
      "0.01": {
        "coverage": 0.9901526717557252,
        "volume": 52.5266275168893,
        "wsc": 0.9580152671755725,
        "threshold": 4.214928152903089
      },
      "0.02": {
        "coverage": 0.9808396946564886,
        "volume": 24.499506385140787,
        "wsc": 0.9183206106870229,
        "threshold": 2.799472773493335
      },
      "0.05": {
        "coverage": 0.9489312977099237,
        "volume": 11.907834096245033,
        "wsc": 0.8633587786259542,
        "threshold": 1.9499723731784353
      },
      "0.1": {
        "coverage": 0.8987022900763358,
        "volume": 8.703783238544458,
        "wsc": 0.7900763358778626,
        "threshold": 1.668540342328162
      }
    },
    "Density": {
      "params": {
        "lengthscale": 1.0730110110180133
      },
      "0.01": {
        "coverage": 0.9900763358778626,
        "volume": 43.15494238980915,
        "wsc": 0.9580152671755725,
        "threshold": 1.5485081496187145
      },
      "0.02": {
        "coverage": 0.9809923664122138,
        "volume": 25.773841560625574,
        "wsc": 0.9183206106870229,
        "threshold": 1.4574599188997175
      },
      "0.05": {
        "coverage": 0.9486259541984733,
        "volume": 8.373104928157385,
        "wsc": 0.8557251908396947,
        "threshold": 0.9425293580915243
      },
      "0.1": {
        "coverage": 0.8995419847328244,
        "volume": 6.010547843102747,
        "wsc": 0.7862595419847328,
        "threshold": 0.7776264135183232
      }
    },
    "Kernel": {
      "params": {
        "lengthscale": 1.0730110110180133,
        "gamma": 5.848615497522272
      },
      "0.01": {
        "coverage": 0.9904580152671756,
        "volume": 27.997525138392007,
        "wsc": 0.9587786259541985,
        "threshold": 0.2629953959285815
      },
      "0.02": {
        "coverage": 0.980381679389313,
        "volume": 15.42975730566881,
        "wsc": 0.9179389312977099,
        "threshold": 0.13183883930532808
      },
      "0.05": {
        "coverage": 0.9490839694656489,
        "volume": 5.92773597707638,
        "wsc": 0.8251908396946565,
        "threshold": 0.0330236459515034
      },
      "0.1": {
        "coverage": 0.896412213740458,
        "volume": 3.2054737419965598,
        "wsc": 0.7217557251908397,
        "threshold": 0.01205975794542879
      }
    }
  },
  "elapsed_s": 31496.223797559738
}