{
  "dataset": "blog_data",
  "seed": 3,
  "model": "MLP",
  "split": [
    0.5,
    0.25,
    0.25
  ],
  "alphas": [
    0.01,
    0.02,
    0.05,
    0.1
  ],
  "result": {
    "seed": 3,
    "model": "MLP",
    "model_rmse": 0.5590685850562863,
    "meta": {
      "n_train": 26198,
      "n_cal": 13099,
      "n_test": 13100,
      "d": 2,
      "p": 279,
      "elapsed": 31999.062436819077
    },
    "Mahal": {
      "params": {},
      "0.01": {
        "coverage": 0.9925190839694656,
        "volume": 21.014171092053534,
        "wsc": 0.9702290076335878,
        "threshold": 22.992980601702634
      },
      "0.02": {
        "coverage": 0.9833587786259542,
        "volume": 11.489753296228352,
        "wsc": 0.9446564885496184,
        "threshold": 12.571691431522975
      },
      "0.05": {
        "coverage": 0.9538167938931298,
        "volume": 4.778179893122461,
        "wsc": 0.8748091603053435,
        "threshold": 5.228119496731198
      },
      "0.1": {
        "coverage": 0.8986259541984732,
        "volume": 2.619832693100495,
        "wsc": 0.768320610687023,
        "threshold": 2.8665304964108143
      }
    },
    "Bonferroni": {
      "params": {},
      "0.01": {
        "coverage": 0.9921374045801526,
        "volume": 25.087112134014063,
        "wsc": 0.9702290076335878,
        "threshold": 4.6316316530683075
      },
      "0.02": {
        "coverage": 0.9822900763358778,
        "volume": 13.618718015607634,
        "wsc": 0.9431297709923664,
        "threshold": 3.413865495722392
      },
      "0.05": {
        "coverage": 0.953206106870229,
        "volume": 5.730963489432987,
        "wsc": 0.8744274809160305,
        "threshold": 2.2131521298378742
      },
      "0.1": {
        "coverage": 0.8982442748091604,
        "volume": 3.1006341241180286,
        "wsc": 0.7740458015267175,
        "threshold": 1.6372957880893122
      }
    },
    "Density": {
      "params": {
        "lengthscale": 0.45508895393249504
      },
      "0.01": {
        "coverage": 0.992442748091603,
        "volume": 18.203201378730004,
        "wsc": 0.9683206106870229,
        "threshold": 1.5440249147566667
      },
      "0.02": {
        "coverage": 0.983206106870229,
        "volume": 10.589222426434608,
        "wsc": 0.9400763358778625,
        "threshold": 1.5368296182429713
      },
      "0.05": {
        "coverage": 0.956412213740458,
        "volume": 3.881720866392953,
        "wsc": 0.8634109118657001,
        "threshold": 1.3907231693132183
      },
      "0.1": {
        "coverage": 0.9049618320610687,
        "volume": 1.7091212663301811,
        "wsc": 0.7530534351145038,
        "threshold": 1.0279690743399064
      }
    },
    "Kernel": {
      "params": {
        "lengthscale": 0.45508895393249504,
        "gamma": 4.798147682475503
      },
      "0.01": {
        "coverage": 0.9915267175572519,
        "volume": 15.577183439775348,
        "wsc": 0.9648854961832061,
        "threshold": 0.4694798465704576
      },
      "0.02": {
        "coverage": 0.9818320610687022,
        "volume": 8.629319860146792,
        "wsc": 0.9362595419847328,
        "threshold": 0.2550633203467533
      },
      "0.05": {
        "coverage": 0.9540458015267176,
        "volume": 3.397763257448922,
        "wsc": 0.8588325066768409,
        "threshold": 0.08007533252145203
      },
      "0.1": {
        "coverage": 0.9049618320610687,
        "volume": 1.6099584600432082,
        "wsc": 0.7450381679389313,
        "threshold": 0.027232941092007905
      }
    }
  },
  "elapsed_s": 31999.06661105156
}