{
  "dataset": "blog_data",
  "seed": 36,
  "model": "Ridge",
  "split": [
    0.5,
    0.25,
    0.25
  ],
  "alphas": [
    0.01,
    0.02,
    0.05,
    0.1
  ],
  "result": {
    "seed": 36,
    "model": "Ridge",
    "model_rmse": 0.8646269223292007,
    "meta": {
      "n_train": 26198,
      "n_cal": 13099,
      "n_test": 13100,
      "d": 2,
      "p": 279,
      "elapsed": 39536.986236810684
    },
    "Mahal": {
      "params": {},
      "0.01": {
        "coverage": 0.9909923664122138,
        "volume": 43.823438312017515,
        "wsc": 0.9622137404580152,
        "threshold": 18.965074019592347
      },
      "0.02": {
        "coverage": 0.9800763358778626,
        "volume": 18.161764808159674,
        "wsc": 0.917175572519084,
        "threshold": 7.8597030990770484
      },
      "0.05": {
        "coverage": 0.9484732824427481,
        "volume": 8.845768380151538,
        "wsc": 0.8618320610687022,
        "threshold": 3.8281033746213193
      },
      "0.1": {
        "coverage": 0.8940458015267175,
        "volume": 6.552221530868465,
        "wsc": 0.7854961832061069,
        "threshold": 2.8355457972272107
      }
    },
    "Bonferroni": {
      "params": {},
      "0.01": {
        "coverage": 0.9912213740458016,
        "volume": 48.92614574137783,
        "wsc": 0.9633587786259542,
        "threshold": 4.281391434043244
      },
      "0.02": {
        "coverage": 0.980381679389313,
        "volume": 20.948253885879673,
        "wsc": 0.916793893129771,
        "threshold": 2.6622265610009817
      },
      "0.05": {
        "coverage": 0.9477099236641221,
        "volume": 10.854561857401782,
        "wsc": 0.8637404580152672,
        "threshold": 1.915795697262794
      },
      "0.1": {
        "coverage": 0.8946564885496183,
        "volume": 8.092600421726672,
        "wsc": 0.7912213740458015,
        "threshold": 1.6524992566459042
      }
    },
    "Density": {
      "params": {
        "lengthscale": 1.0485507356751642
      },
      "0.01": {
        "coverage": 0.9909923664122138,
        "volume": 40.73423261707191,
        "wsc": 0.9622137404580152,
        "threshold": 1.5410182492442104
      },
      "0.02": {
        "coverage": 0.9793129770992366,
        "volume": 19.638988018012192,
        "wsc": 0.9152671755725191,
        "threshold": 1.3726387941457026
      },
      "0.05": {
        "coverage": 0.9483206106870229,
        "volume": 7.879533129539716,
        "wsc": 0.8522900763358778,
        "threshold": 0.9274936234946344
      },
      "0.1": {
        "coverage": 0.8956488549618321,
        "volume": 5.712458738995689,
        "wsc": 0.7851145038167939,
        "threshold": 0.7728925668612767
      }
    },
    "Kernel": {
      "params": {
        "lengthscale": 1.0485507356751642,
        "gamma": 6.256016633795483
      },
      "0.01": {
        "coverage": 0.9893893129770992,
        "volume": 24.113598988007155,
        "wsc": 0.9545801526717558,
        "threshold": 0.252350620606726
      },
      "0.02": {
        "coverage": 0.9788549618320611,
        "volume": 14.59164741860104,
        "wsc": 0.9122137404580153,
        "threshold": 0.14031221874555352
      },
      "0.05": {
        "coverage": 0.9489312977099237,
        "volume": 5.690696991418563,
        "wsc": 0.8305343511450382,
        "threshold": 0.03361900396115105
      },
      "0.1": {
        "coverage": 0.8973282442748092,
        "volume": 3.124986952075356,
        "wsc": 0.7282442748091603,
        "threshold": 0.012759311437953622
      }
    }
  },
  "elapsed_s": 39536.99277281761
}