{
  "dataset": "blog_data",
  "seed": 48,
  "model": "MLP",
  "split": [
    0.5,
    0.25,
    0.25
  ],
  "alphas": [
    0.01,
    0.02,
    0.05,
    0.1
  ],
  "result": {
    "seed": 48,
    "model": "MLP",
    "model_rmse": 0.6689488284618545,
    "meta": {
      "n_train": 26198,
      "n_cal": 13099,
      "n_test": 13100,
      "d": 2,
      "p": 279,
      "elapsed": 40279.84391093254
    },
    "Mahal": {
      "params": {},
      "0.01": {
        "coverage": 0.990763358778626,
        "volume": 29.408711770453383,
        "wsc": 0.9648854961832061,
        "threshold": 25.173273882955083
      },
      "0.02": {
        "coverage": 0.9813740458015268,
        "volume": 14.266072573661198,
        "wsc": 0.9389312977099237,
        "threshold": 12.211475121181449
      },
      "0.05": {
        "coverage": 0.9536641221374046,
        "volume": 5.958034005084084,
        "wsc": 0.8679389312977099,
        "threshold": 5.099958916412925
      },
      "0.1": {
        "coverage": 0.9047328244274809,
        "volume": 3.204175960515012,
        "wsc": 0.7748091603053435,
        "threshold": 2.7427110596616795
      }
    },
    "Bonferroni": {
      "params": {},
      "0.01": {
        "coverage": 0.9904580152671756,
        "volume": 35.32305264414766,
        "wsc": 0.9641221374045802,
        "threshold": 4.854304435229363
      },
      "0.02": {
        "coverage": 0.9821374045801526,
        "volume": 17.47673658139321,
        "wsc": 0.9423664122137405,
        "threshold": 3.408782891199964
      },
      "0.05": {
        "coverage": 0.9537404580152672,
        "volume": 7.151786146952143,
        "wsc": 0.8717557251908397,
        "threshold": 2.1699862940383206
      },
      "0.1": {
        "coverage": 0.9028244274809161,
        "volume": 3.7825472491227163,
        "wsc": 0.7801526717557252,
        "threshold": 1.5840036670700282
      }
    },
    "Density": {
      "params": {
        "lengthscale": 0.48121467630371684
      },
      "0.01": {
        "coverage": 0.9898473282442748,
        "volume": 22.359558622354715,
        "wsc": 0.9583969465648855,
        "threshold": 1.5414992537586854
      },
      "0.02": {
        "coverage": 0.9809160305343512,
        "volume": 13.081279848867988,
        "wsc": 0.9305343511450381,
        "threshold": 1.53561297230602
      },
      "0.05": {
        "coverage": 0.9535114503816794,
        "volume": 4.785490040145,
        "wsc": 0.849618320610687,
        "threshold": 1.4083583122509025
      },
      "0.1": {
        "coverage": 0.9070992366412214,
        "volume": 2.0975751480311313,
        "wsc": 0.7427480916030534,
        "threshold": 1.0429027080131972
      }
    },
    "Kernel": {
      "params": {
        "lengthscale": 0.48121467630371684,
        "gamma": 4.78202811543485
      },
      "0.01": {
        "coverage": 0.9885496183206107,
        "volume": 18.39433754561261,
        "wsc": 0.9549618320610687,
        "threshold": 0.4759067103105949
      },
      "0.02": {
        "coverage": 0.9785496183206107,
        "volume": 10.683245046142417,
        "wsc": 0.9225190839694657,
        "threshold": 0.273659530498792
      },
      "0.05": {
        "coverage": 0.9541221374045802,
        "volume": 4.432132558919849,
        "wsc": 0.8541984732824427,
        "threshold": 0.09071944973118029
      },
      "0.1": {
        "coverage": 0.9061832061068702,
        "volume": 1.9790840166023385,
        "wsc": 0.7358778625954199,
        "threshold": 0.02806586945399951
      }
    }
  },
  "elapsed_s": 40279.85357117653
}