{
  "dataset": "blog_data",
  "seed": 40,
  "model": "MLP",
  "split": [
    0.5,
    0.25,
    0.25
  ],
  "alphas": [
    0.01,
    0.02,
    0.05,
    0.1
  ],
  "result": {
    "seed": 40,
    "model": "MLP",
    "model_rmse": 0.6590485039646589,
    "meta": {
      "n_train": 26198,
      "n_cal": 13099,
      "n_test": 13100,
      "d": 2,
      "p": 279,
      "elapsed": 40291.95288109779
    },
    "Mahal": {
      "params": {},
      "0.01": {
        "coverage": 0.9877862595419847,
        "volume": 20.002486074334225,
        "wsc": 0.9522900763358778,
        "threshold": 22.291010612852393
      },
      "0.02": {
        "coverage": 0.9791603053435115,
        "volume": 10.721145256590779,
        "wsc": 0.9297709923664123,
        "threshold": 11.947772982241736
      },
      "0.05": {
        "coverage": 0.9487022900763359,
        "volume": 4.5167804712473085,
        "wsc": 0.8561068702290077,
        "threshold": 5.033554381507019
      },
      "0.1": {
        "coverage": 0.8986259541984732,
        "volume": 2.6608892448968207,
        "wsc": 0.7786259541984732,
        "threshold": 2.9653269187237288
      }
    },
    "Bonferroni": {
      "params": {},
      "0.01": {
        "coverage": 0.9877099236641221,
        "volume": 23.516670781829166,
        "wsc": 0.9515267175572519,
        "threshold": 4.52989028560908
      },
      "0.02": {
        "coverage": 0.9789312977099237,
        "volume": 12.254444126608213,
        "wsc": 0.9309160305343511,
        "threshold": 3.26960815711302
      },
      "0.05": {
        "coverage": 0.9493893129770993,
        "volume": 5.463606834941932,
        "wsc": 0.8606870229007634,
        "threshold": 2.1747999562053266
      },
      "0.1": {
        "coverage": 0.9003053435114504,
        "volume": 3.2607930572810138,
        "wsc": 0.7854961832061069,
        "threshold": 1.68086820833067
      }
    },
    "Density": {
      "params": {
        "lengthscale": 0.43394323396297096
      },
      "0.01": {
        "coverage": 0.9887786259541985,
        "volume": 17.589836115310025,
        "wsc": 0.9545801526717558,
        "threshold": 1.5468799452006345
      },
      "0.02": {
        "coverage": 0.9786259541984733,
        "volume": 10.094230765601269,
        "wsc": 0.917557251908397,
        "threshold": 1.5410277009385966
      },
      "0.05": {
        "coverage": 0.9454961832061068,
        "volume": 2.960522159312214,
        "wsc": 0.8282442748091603,
        "threshold": 1.3269509574217668
      },
      "0.1": {
        "coverage": 0.8974045801526718,
        "volume": 1.4765387131523615,
        "wsc": 0.7358778625954199,
        "threshold": 0.9900756304149023
      }
    },
    "Kernel": {
      "params": {
        "lengthscale": 0.43394323396297096,
        "gamma": 4.768451331524939
      },
      "0.01": {
        "coverage": 0.9872519083969465,
        "volume": 14.511025420434343,
        "wsc": 0.9511450381679389,
        "threshold": 0.4694070210286083
      },
      "0.02": {
        "coverage": 0.9778625954198473,
        "volume": 8.240492246736036,
        "wsc": 0.9202290076335878,
        "threshold": 0.28097023646645086
      },
      "0.05": {
        "coverage": 0.9461068702290076,
        "volume": 2.8964147361921535,
        "wsc": 0.8297709923664122,
        "threshold": 0.07982940695209025
      },
      "0.1": {
        "coverage": 0.8989312977099236,
        "volume": 1.378516395220398,
        "wsc": 0.7263358778625955,
        "threshold": 0.02344334479209968
      }
    }
  },
  "elapsed_s": 40291.96079707146
}