{
  "dataset": "blog_data",
  "seed": 3,
  "model": "Ridge",
  "split": [
    0.5,
    0.25,
    0.25
  ],
  "alphas": [
    0.01,
    0.02,
    0.05,
    0.1
  ],
  "result": {
    "seed": 3,
    "model": "Ridge",
    "model_rmse": 0.8438870030865906,
    "meta": {
      "n_train": 26198,
      "n_cal": 13099,
      "n_test": 13100,
      "d": 2,
      "p": 279,
      "elapsed": 31620.478932142258
    },
    "Mahal": {
      "params": {},
      "0.01": {
        "coverage": 0.9903053435114504,
        "volume": 39.497610279032045,
        "wsc": 0.9591603053435115,
        "threshold": 16.984331102576732
      },
      "0.02": {
        "coverage": 0.9800763358778626,
        "volume": 17.91083201086394,
        "wsc": 0.9179389312977099,
        "threshold": 7.701820415110901
      },
      "0.05": {
        "coverage": 0.9487786259541985,
        "volume": 8.989623964453108,
        "wsc": 0.8618320610687022,
        "threshold": 3.8656199405811673
      },
      "0.1": {
        "coverage": 0.898854961832061,
        "volume": 6.650959553335719,
        "wsc": 0.783206106870229,
        "threshold": 2.85997300610532
      }
    },
    "Bonferroni": {
      "params": {},
      "0.01": {
        "coverage": 0.9906870229007634,
        "volume": 49.288088698859134,
        "wsc": 0.9603053435114504,
        "threshold": 4.066987060623113
      },
      "0.02": {
        "coverage": 0.9799236641221374,
        "volume": 19.679980375909782,
        "wsc": 0.9194656488549618,
        "threshold": 2.5649259305418255
      },
      "0.05": {
        "coverage": 0.9478625954198473,
        "volume": 10.996684696354855,
        "wsc": 0.8618320610687022,
        "threshold": 1.9210771375550835
      },
      "0.1": {
        "coverage": 0.8986259541984732,
        "volume": 8.217710238781837,
        "wsc": 0.7874045801526718,
        "threshold": 1.6635088264679214
      }
    },
    "Density": {
      "params": {
        "lengthscale": 1.0657912885370369
      },
      "0.01": {
        "coverage": 0.990381679389313,
        "volume": 40.13593648644138,
        "wsc": 0.9595419847328245,
        "threshold": 1.5364845679920518
      },
      "0.02": {
        "coverage": 0.9802290076335878,
        "volume": 19.48734939729172,
        "wsc": 0.9187022900763359,
        "threshold": 1.3611232818361032
      },
      "0.05": {
        "coverage": 0.9506106870229007,
        "volume": 8.144292394100992,
        "wsc": 0.8625954198473282,
        "threshold": 0.9317943535866929
      },
      "0.1": {
        "coverage": 0.8991603053435114,
        "volume": 5.842170472276836,
        "wsc": 0.7778625954198474,
        "threshold": 0.7722886482301505
      }
    },
    "Kernel": {
      "params": {
        "lengthscale": 1.0657912885370369,
        "gamma": 6.4409737513858545
      },
      "0.01": {
        "coverage": 0.9899236641221374,
        "volume": 24.17882236333312,
        "wsc": 0.9564885496183206,
        "threshold": 0.2464055414459775
      },
      "0.02": {
        "coverage": 0.9790076335877863,
        "volume": 14.38553610132619,
        "wsc": 0.9133587786259542,
        "threshold": 0.13601599121560012
      },
      "0.05": {
        "coverage": 0.952442748091603,
        "volume": 6.02934963074533,
        "wsc": 0.8401373521556658,
        "threshold": 0.03594301010999469
      },
      "0.1": {
        "coverage": 0.9030534351145039,
        "volume": 3.1871340594373256,
        "wsc": 0.7417016405951927,
        "threshold": 0.013086799078173894
      }
    }
  },
  "elapsed_s": 31620.48341369629
}