{
  "dataset": "blog_data",
  "seed": 29,
  "model": "Ridge",
  "split": [
    0.5,
    0.25,
    0.25
  ],
  "alphas": [
    0.01,
    0.02,
    0.05,
    0.1
  ],
  "result": {
    "seed": 29,
    "model": "Ridge",
    "model_rmse": 0.8806026549777022,
    "meta": {
      "n_train": 26198,
      "n_cal": 13099,
      "n_test": 13100,
      "d": 2,
      "p": 279,
      "elapsed": 39342.280638456345
    },
    "Mahal": {
      "params": {},
      "0.01": {
        "coverage": 0.9884732824427481,
        "volume": 43.9911681223158,
        "wsc": 0.95,
        "threshold": 19.596326888429903
      },
      "0.02": {
        "coverage": 0.9779389312977099,
        "volume": 17.688208589158688,
        "wsc": 0.9080152671755726,
        "threshold": 7.879397896871303
      },
      "0.05": {
        "coverage": 0.945267175572519,
        "volume": 8.635322597965795,
        "wsc": 0.8545801526717557,
        "threshold": 3.846694953547764
      },
      "0.1": {
        "coverage": 0.8915267175572519,
        "volume": 6.26851734275413,
        "wsc": 0.7824427480916031,
        "threshold": 2.7923767473700662
      }
    },
    "Bonferroni": {
      "params": {},
      "0.01": {
        "coverage": 0.9880916030534351,
        "volume": 48.85726770374199,
        "wsc": 0.9488549618320611,
        "threshold": 4.309844406164858
      },
      "0.02": {
        "coverage": 0.9782442748091603,
        "volume": 20.634549812116393,
        "wsc": 0.9087786259541984,
        "threshold": 2.684600582458642
      },
      "0.05": {
        "coverage": 0.9454198473282442,
        "volume": 10.595948052222049,
        "wsc": 0.8538167938931298,
        "threshold": 1.922418737146587
      },
      "0.1": {
        "coverage": 0.8926717557251909,
        "volume": 7.818666619867366,
        "wsc": 0.7866412213740458,
        "threshold": 1.6483084959802818
      }
    },
    "Density": {
      "params": {
        "lengthscale": 1.0690348030138432
      },
      "0.01": {
        "coverage": 0.9880152671755725,
        "volume": 40.616842168228196,
        "wsc": 0.9488549618320611,
        "threshold": 1.545915881039715
      },
      "0.02": {
        "coverage": 0.9779389312977099,
        "volume": 19.392487267548276,
        "wsc": 0.9080152671755726,
        "threshold": 1.363463677283821
      },
      "0.05": {
        "coverage": 0.945648854961832,
        "volume": 7.987534534461311,
        "wsc": 0.851526717557252,
        "threshold": 0.9222836095954189
      },
      "0.1": {
        "coverage": 0.8930534351145039,
        "volume": 5.6735099724343,
        "wsc": 0.783969465648855,
        "threshold": 0.755815549288078
      }
    },
    "Kernel": {
      "params": {
        "lengthscale": 1.0690348030138432,
        "gamma": 6.016024045986582
      },
      "0.01": {
        "coverage": 0.9874045801526717,
        "volume": 23.54556970237942,
        "wsc": 0.9461832061068702,
        "threshold": 0.23714521688432416
      },
      "0.02": {
        "coverage": 0.9772519083969465,
        "volume": 14.57256146194833,
        "wsc": 0.9061068702290076,
        "threshold": 0.13405276123640714
      },
      "0.05": {
        "coverage": 0.9477099236641221,
        "volume": 5.409114587905823,
        "wsc": 0.8309160305343511,
        "threshold": 0.029826345731253444
      },
      "0.1": {
        "coverage": 0.8981679389312978,
        "volume": 3.1176879219923577,
        "wsc": 0.7385496183206107,
        "threshold": 0.012085842933387278
      }
    }
  },
  "elapsed_s": 39342.28555512428
}