{
  "dataset": "blog_data",
  "seed": 27,
  "model": "MLP",
  "split": [
    0.5,
    0.25,
    0.25
  ],
  "alphas": [
    0.01,
    0.02,
    0.05,
    0.1
  ],
  "result": {
    "seed": 27,
    "model": "MLP",
    "model_rmse": 0.511918888715965,
    "meta": {
      "n_train": 26198,
      "n_cal": 13099,
      "n_test": 13100,
      "d": 2,
      "p": 279,
      "elapsed": 39188.81017994881
    },
    "Mahal": {
      "params": {},
      "0.01": {
        "coverage": 0.9908396946564886,
        "volume": 20.658418924985135,
        "wsc": 0.966793893129771,
        "threshold": 24.629687701784924
      },
      "0.02": {
        "coverage": 0.9802290076335878,
        "volume": 10.916370387736116,
        "wsc": 0.9366412213740458,
        "threshold": 13.014877588805941
      },
      "0.05": {
        "coverage": 0.9473282442748091,
        "volume": 4.404550190429456,
        "wsc": 0.8622137404580152,
        "threshold": 5.25125838773225
      },
      "0.1": {
        "coverage": 0.8930534351145039,
        "volume": 2.484372660690479,
        "wsc": 0.766030534351145,
        "threshold": 2.9619557522697977
      }
    },
    "Bonferroni": {
      "params": {},
      "0.01": {
        "coverage": 0.9908396946564886,
        "volume": 25.23719917674813,
        "wsc": 0.966793893129771,
        "threshold": 4.833861335682487
      },
      "0.02": {
        "coverage": 0.9794656488549618,
        "volume": 12.46914792867806,
        "wsc": 0.9362595419847328,
        "threshold": 3.3912779436332183
      },
      "0.05": {
        "coverage": 0.9463358778625954,
        "volume": 5.165347995773487,
        "wsc": 0.8618320610687022,
        "threshold": 2.182287276307172
      },
      "0.1": {
        "coverage": 0.8922900763358779,
        "volume": 2.9461041712420637,
        "wsc": 0.7694656488549618,
        "threshold": 1.643807025595095
      }
    },
    "Density": {
      "params": {
        "lengthscale": 0.46164956073785346
      },
      "0.01": {
        "coverage": 0.9913740458015268,
        "volume": 18.100849096277265,
        "wsc": 0.9641221374045802,
        "threshold": 1.5521783515975047
      },
      "0.02": {
        "coverage": 0.979618320610687,
        "volume": 10.339761747888927,
        "wsc": 0.9236641221374046,
        "threshold": 1.543990310562912
      },
      "0.05": {
        "coverage": 0.9470229007633588,
        "volume": 3.528445696266289,
        "wsc": 0.8389312977099237,
        "threshold": 1.3437356764045272
      },
      "0.1": {
        "coverage": 0.8942748091603053,
        "volume": 1.7019624332553258,
        "wsc": 0.7248091603053435,
        "threshold": 0.9930256806601281
      }
    },
    "Kernel": {
      "params": {
        "lengthscale": 0.46164956073785346,
        "gamma": 4.842297721261076
      },
      "0.01": {
        "coverage": 0.9901526717557252,
        "volume": 15.015292261304584,
        "wsc": 0.9625954198473282,
        "threshold": 0.44968638842056263
      },
      "0.02": {
        "coverage": 0.9778625954198473,
        "volume": 8.145315433351668,
        "wsc": 0.9221374045801527,
        "threshold": 0.25030230385586255
      },
      "0.05": {
        "coverage": 0.9475572519083969,
        "volume": 3.363128962971867,
        "wsc": 0.8419847328244274,
        "threshold": 0.07678940131425008
      },
      "0.1": {
        "coverage": 0.8964885496183206,
        "volume": 1.6345025404755047,
        "wsc": 0.7190839694656489,
        "threshold": 0.02444543660613913
      }
    }
  },
  "elapsed_s": 39188.814682006836
}