{
  "dataset": "blog_data",
  "seed": 44,
  "model": "MLP",
  "split": [
    0.5,
    0.25,
    0.25
  ],
  "alphas": [
    0.01,
    0.02,
    0.05,
    0.1
  ],
  "result": {
    "seed": 44,
    "model": "MLP",
    "model_rmse": 0.6829142530122913,
    "meta": {
      "n_train": 26198,
      "n_cal": 13099,
      "n_test": 13100,
      "d": 2,
      "p": 279,
      "elapsed": 40219.15156054497
    },
    "Mahal": {
      "params": {},
      "0.01": {
        "coverage": 0.9877862595419847,
        "volume": 22.277419563639118,
        "wsc": 0.9561068702290076,
        "threshold": 23.64412455533837
      },
      "0.02": {
        "coverage": 0.9779389312977099,
        "volume": 11.749819219192103,
        "wsc": 0.9263358778625954,
        "threshold": 12.470662875817588
      },
      "0.05": {
        "coverage": 0.9490076335877863,
        "volume": 5.247604371904547,
        "wsc": 0.8469465648854961,
        "threshold": 5.569541437777776
      },
      "0.1": {
        "coverage": 0.8959541984732824,
        "volume": 2.7721968547402756,
        "wsc": 0.7530534351145038,
        "threshold": 2.9422693026969737
      }
    },
    "Bonferroni": {
      "params": {},
      "0.01": {
        "coverage": 0.9877099236641221,
        "volume": 26.62318571248246,
        "wsc": 0.9568702290076336,
        "threshold": 4.704660435471806
      },
      "0.02": {
        "coverage": 0.9783969465648855,
        "volume": 14.17649301339167,
        "wsc": 0.9282442748091603,
        "threshold": 3.43591046149649
      },
      "0.05": {
        "coverage": 0.9487022900763359,
        "volume": 6.1272324085812695,
        "wsc": 0.8477099236641221,
        "threshold": 2.2571694687887716
      },
      "0.1": {
        "coverage": 0.8961068702290076,
        "volume": 3.254590970952077,
        "wsc": 0.7591603053435114,
        "threshold": 1.6534715177100188
      }
    },
    "Density": {
      "params": {
        "lengthscale": 0.4741498010927507
      },
      "0.01": {
        "coverage": 0.9875572519083969,
        "volume": 18.134332272076037,
        "wsc": 0.9511450381679389,
        "threshold": 1.5459296653918417
      },
      "0.02": {
        "coverage": 0.9782442748091603,
        "volume": 11.145207182984665,
        "wsc": 0.916412213740458,
        "threshold": 1.5388654092234137
      },
      "0.05": {
        "coverage": 0.9488549618320611,
        "volume": 3.9162358318263633,
        "wsc": 0.8312977099236641,
        "threshold": 1.365219798982928
      },
      "0.1": {
        "coverage": 0.8950381679389313,
        "volume": 1.8027316228290688,
        "wsc": 0.7214803510110644,
        "threshold": 1.006858981816441
      }
    },
    "Kernel": {
      "params": {
        "lengthscale": 0.4741498010927507,
        "gamma": 5.032599284093488
      },
      "0.01": {
        "coverage": 0.9862595419847329,
        "volume": 14.773978372605418,
        "wsc": 0.9480916030534351,
        "threshold": 0.43778057455820846
      },
      "0.02": {
        "coverage": 0.9752671755725191,
        "volume": 8.618425558994302,
        "wsc": 0.9080152671755726,
        "threshold": 0.24608713130409354
      },
      "0.05": {
        "coverage": 0.9483969465648855,
        "volume": 3.6397986039686594,
        "wsc": 0.8293893129770993,
        "threshold": 0.08105215281951024
      },
      "0.1": {
        "coverage": 0.896412213740458,
        "volume": 1.7242866071269283,
        "wsc": 0.7206106870229008,
        "threshold": 0.025920633353448425
      }
    }
  },
  "elapsed_s": 40219.16032767296
}