{
  "dataset": "blog_data",
  "seed": 17,
  "model": "Ridge",
  "split": [
    0.5,
    0.25,
    0.25
  ],
  "alphas": [
    0.01,
    0.02,
    0.05,
    0.1
  ],
  "result": {
    "seed": 17,
    "model": "Ridge",
    "model_rmse": 0.8846202335248792,
    "meta": {
      "n_train": 26198,
      "n_cal": 13099,
      "n_test": 13100,
      "d": 2,
      "p": 279,
      "elapsed": 31777.709290981293
    },
    "Mahal": {
      "params": {},
      "0.01": {
        "coverage": 0.9897709923664122,
        "volume": 42.00054320857144,
        "wsc": 0.9572845156369184,
        "threshold": 18.56600608174222
      },
      "0.02": {
        "coverage": 0.9822137404580152,
        "volume": 21.450570967168627,
        "wsc": 0.9244851258581236,
        "threshold": 9.482054292860218
      },
      "0.05": {
        "coverage": 0.9509923664122137,
        "volume": 8.791956901333423,
        "wsc": 0.8698473282442748,
        "threshold": 3.8864146230199155
      },
      "0.1": {
        "coverage": 0.8993129770992366,
        "volume": 6.400947139689142,
        "wsc": 0.7961832061068702,
        "threshold": 2.8294877743420788
      }
    },
    "Bonferroni": {
      "params": {},
      "0.01": {
        "coverage": 0.9901526717557252,
        "volume": 51.36410147539898,
        "wsc": 0.958047292143402,
        "threshold": 4.214126400317967
      },
      "0.02": {
        "coverage": 0.9819847328244274,
        "volume": 22.967260550844024,
        "wsc": 0.9241037376048817,
        "threshold": 2.8248900685112415
      },
      "0.05": {
        "coverage": 0.9510687022900763,
        "volume": 10.89983176145715,
        "wsc": 0.8709923664122138,
        "threshold": 1.9433756284398551
      },
      "0.1": {
        "coverage": 0.8995419847328244,
        "volume": 7.88170359492183,
        "wsc": 0.8,
        "threshold": 1.6541916192958648
      }
    },
    "Density": {
      "params": {
        "lengthscale": 1.043118590744146
      },
      "0.01": {
        "coverage": 0.9901526717557252,
        "volume": 41.85047344231123,
        "wsc": 0.9588100686498856,
        "threshold": 1.5395414744274791
      },
      "0.02": {
        "coverage": 0.9818320610687022,
        "volume": 22.454918749038384,
        "wsc": 0.9244851258581236,
        "threshold": 1.4255370377648513
      },
      "0.05": {
        "coverage": 0.9495419847328245,
        "volume": 7.899779601159736,
        "wsc": 0.8645038167938931,
        "threshold": 0.9393434050940789
      },
      "0.1": {
        "coverage": 0.9003053435114504,
        "volume": 5.632653006289904,
        "wsc": 0.7965648854961832,
        "threshold": 0.7777297996558626
      }
    },
    "Kernel": {
      "params": {
        "lengthscale": 1.043118590744146,
        "gamma": 5.5626486741327215
      },
      "0.01": {
        "coverage": 0.9881679389312977,
        "volume": 24.45090525033963,
        "wsc": 0.9511450381679389,
        "threshold": 0.24083905064500968
      },
      "0.02": {
        "coverage": 0.9808396946564886,
        "volume": 14.550337708721704,
        "wsc": 0.9209923664122137,
        "threshold": 0.1258959843104653
      },
      "0.05": {
        "coverage": 0.9526717557251908,
        "volume": 5.560631418935748,
        "wsc": 0.8438931297709924,
        "threshold": 0.03139552239322929
      },
      "0.1": {
        "coverage": 0.898473282442748,
        "volume": 3.0644479325199545,
        "wsc": 0.7377862595419847,
        "threshold": 0.011802274584900997
      }
    }
  },
  "elapsed_s": 31777.715809106827
}