{
  "dataset": "blog_data",
  "seed": 16,
  "model": "MLP",
  "split": [
    0.5,
    0.25,
    0.25
  ],
  "alphas": [
    0.01,
    0.02,
    0.05,
    0.1
  ],
  "result": {
    "seed": 16,
    "model": "MLP",
    "model_rmse": 0.5760315499594804,
    "meta": {
      "n_train": 26198,
      "n_cal": 13099,
      "n_test": 13100,
      "d": 2,
      "p": 279,
      "elapsed": 31972.219913959503
    },
    "Mahal": {
      "params": {},
      "0.01": {
        "coverage": 0.9909160305343512,
        "volume": 22.905732988393883,
        "wsc": 0.966793893129771,
        "threshold": 23.332420659980997
      },
      "0.02": {
        "coverage": 0.981145038167939,
        "volume": 12.30350422317997,
        "wsc": 0.9393129770992367,
        "threshold": 12.532693726611747
      },
      "0.05": {
        "coverage": 0.9525190839694656,
        "volume": 4.831187798754434,
        "wsc": 0.8706106870229008,
        "threshold": 4.921183097044828
      },
      "0.1": {
        "coverage": 0.9029770992366413,
        "volume": 2.7567678865524217,
        "wsc": 0.7900763358778626,
        "threshold": 2.8081209199268695
      }
    },
    "Bonferroni": {
      "params": {},
      "0.01": {
        "coverage": 0.9909160305343512,
        "volume": 27.73511431825675,
        "wsc": 0.966412213740458,
        "threshold": 4.708890399707044
      },
      "0.02": {
        "coverage": 0.9813740458015268,
        "volume": 14.549143572139695,
        "wsc": 0.9408396946564885,
        "threshold": 3.409509397720397
      },
      "0.05": {
        "coverage": 0.9513740458015267,
        "volume": 5.604685074192107,
        "wsc": 0.8725190839694656,
        "threshold": 2.1256706159733425
      },
      "0.1": {
        "coverage": 0.903206106870229,
        "volume": 3.2661620911502585,
        "wsc": 0.7973282442748092,
        "threshold": 1.618725340897172
      }
    },
    "Density": {
      "params": {
        "lengthscale": 0.4448544156590635
      },
      "0.01": {
        "coverage": 0.9900763358778626,
        "volume": 18.28219235620271,
        "wsc": 0.9599236641221374,
        "threshold": 1.536870397512761
      },
      "0.02": {
        "coverage": 0.9805343511450382,
        "volume": 11.26389706142512,
        "wsc": 0.9297709923664123,
        "threshold": 1.5317553467380753
      },
      "0.05": {
        "coverage": 0.9533587786259542,
        "volume": 3.8570975112310757,
        "wsc": 0.8553435114503817,
        "threshold": 1.3934889442137834
      },
      "0.1": {
        "coverage": 0.9012977099236641,
        "volume": 1.6514838787264352,
        "wsc": 0.748854961832061,
        "threshold": 1.0259345698801108
      }
    },
    "Kernel": {
      "params": {
        "lengthscale": 0.4448544156590635,
        "gamma": 4.90318907457881
      },
      "0.01": {
        "coverage": 0.9891603053435114,
        "volume": 15.409987211772995,
        "wsc": 0.9595419847328245,
        "threshold": 0.45702646181712653
      },
      "0.02": {
        "coverage": 0.9804580152671756,
        "volume": 9.221182581630185,
        "wsc": 0.9293893129770993,
        "threshold": 0.2793368179154086
      },
      "0.05": {
        "coverage": 0.9541221374045802,
        "volume": 3.6662533155879053,
        "wsc": 0.8599236641221374,
        "threshold": 0.09303283260122468
      },
      "0.1": {
        "coverage": 0.9024427480916031,
        "volume": 1.5867331694903593,
        "wsc": 0.7480916030534351,
        "threshold": 0.028090742328086494
      }
    }
  },
  "elapsed_s": 31972.223348617554
}