{
  "dataset": "blog_data",
  "seed": 26,
  "model": "MLP",
  "split": [
    0.5,
    0.25,
    0.25
  ],
  "alphas": [
    0.01,
    0.02,
    0.05,
    0.1
  ],
  "result": {
    "seed": 26,
    "model": "MLP",
    "model_rmse": 0.5649653012202284,
    "meta": {
      "n_train": 26198,
      "n_cal": 13099,
      "n_test": 13100,
      "d": 2,
      "p": 279,
      "elapsed": 39483.208760499954
    },
    "Mahal": {
      "params": {},
      "0.01": {
        "coverage": 0.9906870229007634,
        "volume": 24.697067505895596,
        "wsc": 0.9652671755725191,
        "threshold": 27.752133186096547
      },
      "0.02": {
        "coverage": 0.9799236641221374,
        "volume": 13.110526074559422,
        "wsc": 0.9370229007633588,
        "threshold": 14.732318550536776
      },
      "0.05": {
        "coverage": 0.9479389312977099,
        "volume": 4.94127888757518,
        "wsc": 0.8580152671755725,
        "threshold": 5.552522774815186
      },
      "0.1": {
        "coverage": 0.9022900763358779,
        "volume": 2.74343977403139,
        "wsc": 0.7729007633587787,
        "threshold": 3.082807542991846
      }
    },
    "Bonferroni": {
      "params": {},
      "0.01": {
        "coverage": 0.9909160305343512,
        "volume": 30.893227936675462,
        "wsc": 0.966412213740458,
        "threshold": 5.210986476027721
      },
      "0.02": {
        "coverage": 0.979236641221374,
        "volume": 15.254362878360245,
        "wsc": 0.9362595419847328,
        "threshold": 3.657866002599338
      },
      "0.05": {
        "coverage": 0.9477862595419847,
        "volume": 5.916184324126337,
        "wsc": 0.8606870229007634,
        "threshold": 2.2736357436978114
      },
      "0.1": {
        "coverage": 0.9016030534351145,
        "volume": 3.2250449218999417,
        "wsc": 0.7816793893129771,
        "threshold": 1.678496204466562
      }
    },
    "Density": {
      "params": {
        "lengthscale": 0.46822455378281524
      },
      "0.01": {
        "coverage": 0.9902290076335878,
        "volume": 19.171737238654185,
        "wsc": 0.9599236641221374,
        "threshold": 1.5433112661602317
      },
      "0.02": {
        "coverage": 0.9800763358778626,
        "volume": 12.028754170272688,
        "wsc": 0.9267175572519084,
        "threshold": 1.5381381276587205
      },
      "0.05": {
        "coverage": 0.9517557251908397,
        "volume": 4.250008210988123,
        "wsc": 0.8538167938931298,
        "threshold": 1.394991336047147
      },
      "0.1": {
        "coverage": 0.899236641221374,
        "volume": 1.9390486279449681,
        "wsc": 0.7377862595419847,
        "threshold": 1.0487355872305169
      }
    },
    "Kernel": {
      "params": {
        "lengthscale": 0.46822455378281524,
        "gamma": 5.079957866686615
      },
      "0.01": {
        "coverage": 0.9886259541984733,
        "volume": 15.76759623782116,
        "wsc": 0.9538167938931298,
        "threshold": 0.42943994182265927
      },
      "0.02": {
        "coverage": 0.979618320610687,
        "volume": 10.073167814157612,
        "wsc": 0.9236641221374046,
        "threshold": 0.2805100934685753
      },
      "0.05": {
        "coverage": 0.9517557251908397,
        "volume": 3.9964923552895617,
        "wsc": 0.850763358778626,
        "threshold": 0.09205472322257215
      },
      "0.1": {
        "coverage": 0.8980152671755726,
        "volume": 1.7868263572883079,
        "wsc": 0.7301526717557252,
        "threshold": 0.028196019185341537
      }
    }
  },
  "elapsed_s": 39483.21413183212
}