{
  "dataset": "blog_data",
  "seed": 31,
  "model": "MLP",
  "split": [
    0.5,
    0.25,
    0.25
  ],
  "alphas": [
    0.01,
    0.02,
    0.05,
    0.1
  ],
  "result": {
    "seed": 31,
    "model": "MLP",
    "model_rmse": 0.6089279877331657,
    "meta": {
      "n_train": 26198,
      "n_cal": 13099,
      "n_test": 13100,
      "d": 2,
      "p": 279,
      "elapsed": 39790.99206280708
    },
    "Mahal": {
      "params": {},
      "0.01": {
        "coverage": 0.9886259541984733,
        "volume": 19.317409616526703,
        "wsc": 0.9599236641221374,
        "threshold": 23.058670397896066
      },
      "0.02": {
        "coverage": 0.9812213740458016,
        "volume": 10.941132894311341,
        "wsc": 0.9389312977099237,
        "threshold": 13.060134986921998
      },
      "0.05": {
        "coverage": 0.9506870229007633,
        "volume": 4.518163884891667,
        "wsc": 0.8591603053435114,
        "threshold": 5.393210264396041
      },
      "0.1": {
        "coverage": 0.9041221374045801,
        "volume": 2.521415075169896,
        "wsc": 0.7721374045801527,
        "threshold": 3.0097451112124167
      }
    },
    "Bonferroni": {
      "params": {},
      "0.01": {
        "coverage": 0.9886259541984733,
        "volume": 23.4648960917746,
        "wsc": 0.9595419847328245,
        "threshold": 4.679946011751266
      },
      "0.02": {
        "coverage": 0.980381679389313,
        "volume": 12.61747338400616,
        "wsc": 0.9370229007633588,
        "threshold": 3.422778153638651
      },
      "0.05": {
        "coverage": 0.9509160305343511,
        "volume": 5.297468779408343,
        "wsc": 0.8614503816793894,
        "threshold": 2.224098337741708
      },
      "0.1": {
        "coverage": 0.9041221374045801,
        "volume": 2.9908871616481396,
        "wsc": 0.7847328244274809,
        "threshold": 1.6716242292704422
      }
    },
    "Density": {
      "params": {
        "lengthscale": 0.4722918208318343
      },
      "0.01": {
        "coverage": 0.9891603053435114,
        "volume": 17.345375781842257,
        "wsc": 0.9576335877862595,
        "threshold": 1.5469953438837494
      },
      "0.02": {
        "coverage": 0.9801526717557252,
        "volume": 10.036874589404626,
        "wsc": 0.9274809160305344,
        "threshold": 1.5361725316850827
      },
      "0.05": {
        "coverage": 0.9527480916030534,
        "volume": 3.7548317127988975,
        "wsc": 0.8473282442748091,
        "threshold": 1.3528579067274706
      },
      "0.1": {
        "coverage": 0.900381679389313,
        "volume": 1.8148844877338268,
        "wsc": 0.7274809160305343,
        "threshold": 1.012170529280922
      }
    },
    "Kernel": {
      "params": {
        "lengthscale": 0.4722918208318343,
        "gamma": 5.4664407778315
      },
      "0.01": {
        "coverage": 0.9887022900763359,
        "volume": 14.336496103738446,
        "wsc": 0.9576335877862595,
        "threshold": 0.446824833433548
      },
      "0.02": {
        "coverage": 0.9800763358778626,
        "volume": 8.374484052614791,
        "wsc": 0.9286259541984733,
        "threshold": 0.24748126363074482
      },
      "0.05": {
        "coverage": 0.9519083969465649,
        "volume": 3.490548192400797,
        "wsc": 0.8461832061068703,
        "threshold": 0.08212447759938737
      },
      "0.1": {
        "coverage": 0.9009160305343511,
        "volume": 1.7190227197322838,
        "wsc": 0.7232824427480916,
        "threshold": 0.02776068267306006
      }
    }
  },
  "elapsed_s": 39790.99780535698
}