{
  "dataset": "blog_data",
  "seed": 46,
  "model": "MLP",
  "split": [
    0.5,
    0.25,
    0.25
  ],
  "alphas": [
    0.01,
    0.02,
    0.05,
    0.1
  ],
  "result": {
    "seed": 46,
    "model": "MLP",
    "model_rmse": 0.560382532303146,
    "meta": {
      "n_train": 26198,
      "n_cal": 13099,
      "n_test": 13100,
      "d": 2,
      "p": 279,
      "elapsed": 40064.22220826149
    },
    "Mahal": {
      "params": {},
      "0.01": {
        "coverage": 0.9898473282442748,
        "volume": 22.350397672453113,
        "wsc": 0.9633587786259542,
        "threshold": 25.346688769750767
      },
      "0.02": {
        "coverage": 0.980381679389313,
        "volume": 11.831198531829415,
        "wsc": 0.9370229007633588,
        "threshold": 13.417287305317926
      },
      "0.05": {
        "coverage": 0.9519083969465649,
        "volume": 4.871303613420926,
        "wsc": 0.8709923664122138,
        "threshold": 5.524349875193548
      },
      "0.1": {
        "coverage": 0.9007633587786259,
        "volume": 2.582309593510611,
        "wsc": 0.7744274809160305,
        "threshold": 2.928493646201472
      }
    },
    "Bonferroni": {
      "params": {},
      "0.01": {
        "coverage": 0.9894656488549618,
        "volume": 26.227870638611005,
        "wsc": 0.9618320610687023,
        "threshold": 4.827801095962465
      },
      "0.02": {
        "coverage": 0.9804580152671756,
        "volume": 14.033949742540814,
        "wsc": 0.9385496183206107,
        "threshold": 3.536275380191036
      },
      "0.05": {
        "coverage": 0.9502290076335878,
        "volume": 5.620704081613598,
        "wsc": 0.8706106870229008,
        "threshold": 2.241098331250774
      },
      "0.1": {
        "coverage": 0.9005343511450382,
        "volume": 3.0541471890381042,
        "wsc": 0.7805343511450382,
        "threshold": 1.6530390819082539
      }
    },
    "Density": {
      "params": {
        "lengthscale": 0.459036793559662
      },
      "0.01": {
        "coverage": 0.9890839694656488,
        "volume": 17.663351707339125,
        "wsc": 0.9553435114503817,
        "threshold": 1.5436997299992818
      },
      "0.02": {
        "coverage": 0.9782442748091603,
        "volume": 9.884112214630132,
        "wsc": 0.9229007633587786,
        "threshold": 1.5335358376313977
      },
      "0.05": {
        "coverage": 0.9505343511450381,
        "volume": 3.8283240022545946,
        "wsc": 0.850763358778626,
        "threshold": 1.3772366076557547
      },
      "0.1": {
        "coverage": 0.9017557251908397,
        "volume": 1.7965435638639016,
        "wsc": 0.750381679389313,
        "threshold": 1.0334019636445522
      }
    },
    "Kernel": {
      "params": {
        "lengthscale": 0.459036793559662,
        "gamma": 5.194160665600007
      },
      "0.01": {
        "coverage": 0.9884732824427481,
        "volume": 15.138198355117906,
        "wsc": 0.9534351145038168,
        "threshold": 0.4927493184027997
      },
      "0.02": {
        "coverage": 0.9787022900763359,
        "volume": 8.43822656795661,
        "wsc": 0.9263358778625954,
        "threshold": 0.25649916386071286
      },
      "0.05": {
        "coverage": 0.9491603053435115,
        "volume": 3.580596674213106,
        "wsc": 0.8469465648854961,
        "threshold": 0.08515766617406391
      },
      "0.1": {
        "coverage": 0.9038931297709923,
        "volume": 1.718131272354971,
        "wsc": 0.7477099236641221,
        "threshold": 0.029243386892836697
      }
    }
  },
  "elapsed_s": 40064.23023104668
}