{
  "dataset": "house",
  "seed": 45,
  "model": "Ridge",
  "split": [
    0.5,
    0.25,
    0.25
  ],
  "alphas": [
    0.01,
    0.02,
    0.05,
    0.1
  ],
  "result": {
    "seed": 45,
    "model": "Ridge",
    "model_rmse": 0.6940992738555002,
    "meta": {
      "n_train": 10806,
      "n_cal": 5403,
      "n_test": 5404,
      "d": 4,
      "p": 15,
      "elapsed": 664.0701704025269
    },
    "Mahal": {
      "params": {},
      "0.01": {
        "coverage": 0.9927831236121392,
        "volume": 1269.5731374392733,
        "wsc": 0.9685476410730804,
        "threshold": 37.37520971236117
      },
      "0.02": {
        "coverage": 0.9759437453737971,
        "volume": 411.4357464265512,
        "wsc": 0.9000925069380203,
        "threshold": 21.276774291858896
      },
      "0.05": {
        "coverage": 0.9448556624722427,
        "volume": 94.25675533916086,
        "wsc": 0.8066604995374653,
        "threshold": 10.183827131581253
      },
      "0.1": {
        "coverage": 0.8958179126572909,
        "volume": 36.2472294103997,
        "wsc": 0.7123034227567068,
        "threshold": 6.315273797406763
      }
    },
    "Bonferroni": {
      "params": {},
      "0.01": {
        "coverage": 0.9914877868245744,
        "volume": 2634.091639031755,
        "wsc": 0.9620721554116559,
        "threshold": 5.460930658250639
      },
      "0.02": {
        "coverage": 0.9764988897113249,
        "volume": 835.797277064776,
        "wsc": 0.9093432007400555,
        "threshold": 4.040403297032477
      },
      "0.05": {
        "coverage": 0.9452257586972613,
        "volume": 168.3184557341292,
        "wsc": 0.8177613320999075,
        "threshold": 2.7108901881873204
      },
      "0.1": {
        "coverage": 0.8969282013323464,
        "volume": 59.530471042117675,
        "wsc": 0.7206290471785384,
        "threshold": 2.1276600030171315
      }
    },
    "Density": {
      "params": {
        "lengthscale": 2.9032536096173347
      },
      "0.01": {
        "coverage": 0.9901924500370096,
        "volume": 994.6330028983909,
        "wsc": 0.9546716003700277,
        "threshold": 1.0218755955508603
      },
      "0.02": {
        "coverage": 0.9781643227239082,
        "volume": 363.5046461863823,
        "wsc": 0.906567992599445,
        "threshold": 0.7115113969650154
      },
      "0.05": {
        "coverage": 0.9448556624722427,
        "volume": 110.10503051152739,
        "wsc": 0.8307123034227567,
        "threshold": 0.44267204677774713
      },
      "0.1": {
        "coverage": 0.8906365655070319,
        "volume": 51.10137779721606,
        "wsc": 0.7206290471785384,
        "threshold": 0.3220837663549005
      }
    },
    "Kernel": {
      "params": {
        "lengthscale": 2.9032536096173347,
        "gamma": 0.4270797951715514
      },
      "0.01": {
        "coverage": 0.9879718726868986,
        "volume": 404.59647575527765,
        "wsc": 0.9454209065679926,
        "threshold": 0.04855352952279084
      },
      "0.02": {
        "coverage": 0.9790895632864545,
        "volume": 213.88824108937857,
        "wsc": 0.9074930619796485,
        "threshold": 0.026100778723734598
      },
      "0.05": {
        "coverage": 0.945780903034789,
        "volume": 55.57933358357004,
        "wsc": 0.8066604995374653,
        "threshold": 0.007998764300463644
      },
      "0.1": {
        "coverage": 0.8984085862324205,
        "volume": 19.492278128834993,
        "wsc": 0.7123034227567068,
        "threshold": 0.003449768635665804
      }
    }
  },
  "elapsed_s": 664.070967912674
}