{
  "dataset": "house",
  "seed": 31,
  "model": "Ridge",
  "split": [
    0.5,
    0.25,
    0.25
  ],
  "alphas": [
    0.01,
    0.02,
    0.05,
    0.1
  ],
  "result": {
    "seed": 31,
    "model": "Ridge",
    "model_rmse": 0.6879614658829656,
    "meta": {
      "n_train": 10806,
      "n_cal": 5403,
      "n_test": 5404,
      "d": 4,
      "p": 15,
      "elapsed": 2877.9974913597107
    },
    "Mahal": {
      "params": {},
      "0.01": {
        "coverage": 0.9881569207994079,
        "volume": 1106.5902782860069,
        "wsc": 0.9491211840888066,
        "threshold": 33.47510786101953
      },
      "0.02": {
        "coverage": 0.9796447076239823,
        "volume": 437.9756819107534,
        "wsc": 0.9158186864014801,
        "threshold": 21.059766834173768
      },
      "0.05": {
        "coverage": 0.9465210954848261,
        "volume": 92.5146909725983,
        "wsc": 0.8085106382978723,
        "threshold": 9.67907624711317
      },
      "0.1": {
        "coverage": 0.9011843079200592,
        "volume": 38.43538056504182,
        "wsc": 0.7132284921369103,
        "threshold": 6.2387007230349445
      }
    },
    "Bonferroni": {
      "params": {},
      "0.01": {
        "coverage": 0.9881569207994079,
        "volume": 2708.2983505922357,
        "wsc": 0.9500462534690102,
        "threshold": 5.339825612530727
      },
      "0.02": {
        "coverage": 0.9776091783863805,
        "volume": 886.7966079376021,
        "wsc": 0.9084181313598519,
        "threshold": 4.019590008995839
      },
      "0.05": {
        "coverage": 0.9452257586972613,
        "volume": 163.7689435827435,
        "wsc": 0.8085106382978723,
        "threshold": 2.6381165047830657
      },
      "0.1": {
        "coverage": 0.899518874907476,
        "volume": 68.68518380112077,
        "wsc": 0.727104532839963,
        "threshold": 2.0950671256237707
      }
    },
    "Density": {
      "params": {
        "lengthscale": 2.9505184693331783
      },
      "0.01": {
        "coverage": 0.9879718726868986,
        "volume": 956.7039480341165,
        "wsc": 0.9472710453283997,
        "threshold": 0.9924268324663799
      },
      "0.02": {
        "coverage": 0.9783493708364175,
        "volume": 362.98041973190163,
        "wsc": 0.9074930619796485,
        "threshold": 0.6921204056608352
      },
      "0.05": {
        "coverage": 0.9468911917098446,
        "volume": 118.30472939410127,
        "wsc": 0.818686401480111,
        "threshold": 0.4394797286668664
      },
      "0.1": {
        "coverage": 0.8921169504071058,
        "volume": 57.196914624420856,
        "wsc": 0.723404255319149,
        "threshold": 0.3176686940878658
      }
    },
    "Kernel": {
      "params": {
        "lengthscale": 2.9505184693331783,
        "gamma": 0.3918578742437816
      },
      "0.01": {
        "coverage": 0.9866765358993338,
        "volume": 389.37899571240354,
        "wsc": 0.940795559666975,
        "threshold": 0.04333808603101023
      },
      "0.02": {
        "coverage": 0.9772390821613619,
        "volume": 192.1229696358752,
        "wsc": 0.902867715078631,
        "threshold": 0.022558461666551094
      },
      "0.05": {
        "coverage": 0.9448556624722427,
        "volume": 60.37452099244424,
        "wsc": 0.8029602220166513,
        "threshold": 0.007177863321231346
      },
      "0.1": {
        "coverage": 0.8982235381199112,
        "volume": 21.265519539848782,
        "wsc": 0.6919518963922294,
        "threshold": 0.0031901975139643456
      }
    }
  },
  "elapsed_s": 2877.998173236847
}