{
  "dataset": "house",
  "seed": 22,
  "model": "MLP",
  "split": [
    0.5,
    0.25,
    0.25
  ],
  "alphas": [
    0.01,
    0.02,
    0.05,
    0.1
  ],
  "result": {
    "seed": 22,
    "model": "MLP",
    "model_rmse": 0.6343324377070747,
    "meta": {
      "n_train": 10806,
      "n_cal": 5403,
      "n_test": 5404,
      "d": 4,
      "p": 15,
      "elapsed": 2892.81493806839
    },
    "Mahal": {
      "params": {},
      "0.01": {
        "coverage": 0.9850111028867505,
        "volume": 628.3402547222104,
        "wsc": 0.9343200740055504,
        "threshold": 35.93677115402972
      },
      "0.02": {
        "coverage": 0.9781643227239082,
        "volume": 271.9717206202282,
        "wsc": 0.9084181313598519,
        "threshold": 23.64304923327063
      },
      "0.05": {
        "coverage": 0.9502220577350111,
        "volume": 69.58625502180311,
        "wsc": 0.8270120259019427,
        "threshold": 11.959233470421937
      },
      "0.1": {
        "coverage": 0.9041450777202072,
        "volume": 28.62632463984127,
        "wsc": 0.72895467160037,
        "threshold": 7.670512963312271
      }
    },
    "Bonferroni": {
      "params": {},
      "0.01": {
        "coverage": 0.9855662472242783,
        "volume": 1354.0672872145708,
        "wsc": 0.9380203515263644,
        "threshold": 5.341479239586147
      },
      "0.02": {
        "coverage": 0.9776091783863805,
        "volume": 480.65800666208213,
        "wsc": 0.9084181313598519,
        "threshold": 4.133404373380695
      },
      "0.05": {
        "coverage": 0.9533678756476683,
        "volume": 136.3451365438235,
        "wsc": 0.8436632747456059,
        "threshold": 3.0281540139685057
      },
      "0.1": {
        "coverage": 0.9074759437453738,
        "volume": 50.370419877019806,
        "wsc": 0.7493061979648473,
        "threshold": 2.353819759568818
      }
    },
    "Density": {
      "params": {
        "lengthscale": 2.358309831783714
      },
      "0.01": {
        "coverage": 0.9863064396743153,
        "volume": 568.5647394337578,
        "wsc": 0.9380203515263644,
        "threshold": 1.1161204087517378
      },
      "0.02": {
        "coverage": 0.9766839378238342,
        "volume": 222.73385666167115,
        "wsc": 0.9047178538390379,
        "threshold": 0.8174567720766936
      },
      "0.05": {
        "coverage": 0.9518874907475944,
        "volume": 83.07669250949567,
        "wsc": 0.845513413506013,
        "threshold": 0.5554315982149772
      },
      "0.1": {
        "coverage": 0.905440414507772,
        "volume": 33.81028183525987,
        "wsc": 0.7539315448658649,
        "threshold": 0.38834130582089915
      }
    },
    "Kernel": {
      "params": {
        "lengthscale": 2.358309831783714,
        "gamma": 0.33653358278929985
      },
      "0.01": {
        "coverage": 0.9844559585492227,
        "volume": 270.89625813312296,
        "wsc": 0.9278445883441259,
        "threshold": 0.052518827521425976
      },
      "0.02": {
        "coverage": 0.9752035529237602,
        "volume": 145.17721016609545,
        "wsc": 0.8973172987974098,
        "threshold": 0.027647499308542944
      },
      "0.05": {
        "coverage": 0.9496669133974833,
        "volume": 46.782389967971824,
        "wsc": 0.8223866790009251,
        "threshold": 0.009482166663668426
      },
      "0.1": {
        "coverage": 0.9013693560325685,
        "volume": 15.73213113967194,
        "wsc": 0.7123034227567068,
        "threshold": 0.003819368675561166
      }
    }
  },
  "elapsed_s": 2892.815481901169
}