{
  "dataset": "house",
  "seed": 10,
  "model": "Ridge",
  "split": [
    0.5,
    0.25,
    0.25
  ],
  "alphas": [
    0.01,
    0.02,
    0.05,
    0.1
  ],
  "result": {
    "seed": 10,
    "model": "Ridge",
    "model_rmse": 0.7076442989987735,
    "meta": {
      "n_train": 10806,
      "n_cal": 5403,
      "n_test": 5404,
      "d": 4,
      "p": 15,
      "elapsed": 2836.392678499222
    },
    "Mahal": {
      "params": {},
      "0.01": {
        "coverage": 0.9898223538119911,
        "volume": 1439.2646606054248,
        "wsc": 0.9546716003700277,
        "threshold": 38.42441107079389
      },
      "0.02": {
        "coverage": 0.9740932642487047,
        "volume": 372.52417460032666,
        "wsc": 0.8963922294172063,
        "threshold": 19.548530642973834
      },
      "0.05": {
        "coverage": 0.9467061435973353,
        "volume": 101.51435853277634,
        "wsc": 0.8085106382978723,
        "threshold": 10.204709032656291
      },
      "0.1": {
        "coverage": 0.8934122871946706,
        "volume": 39.13490141125041,
        "wsc": 0.6975023126734505,
        "threshold": 6.336056056178633
      }
    },
    "Bonferroni": {
      "params": {},
      "0.01": {
        "coverage": 0.9905625462620281,
        "volume": 3434.851568195441,
        "wsc": 0.9592969472710453,
        "threshold": 5.827426890009882
      },
      "0.02": {
        "coverage": 0.9740932642487047,
        "volume": 834.15103770866,
        "wsc": 0.8991674375578168,
        "threshold": 3.9378901214678845
      },
      "0.05": {
        "coverage": 0.9485566247224279,
        "volume": 193.4484031755304,
        "wsc": 0.818686401480111,
        "threshold": 2.755091212228457
      },
      "0.1": {
        "coverage": 0.8948926720947447,
        "volume": 69.49671964475255,
        "wsc": 0.7067530064754857,
        "threshold": 2.120346270515879
      }
    },
    "Density": {
      "params": {
        "lengthscale": 2.917582338323437
      },
      "0.01": {
        "coverage": 0.9859363434492968,
        "volume": 1127.3700740180268,
        "wsc": 0.9352451433857539,
        "threshold": 1.0470873172375892
      },
      "0.02": {
        "coverage": 0.9727979274611399,
        "volume": 301.4063210894337,
        "wsc": 0.8908418131359852,
        "threshold": 0.661062798171816
      },
      "0.05": {
        "coverage": 0.9405995558845299,
        "volume": 104.34028045294355,
        "wsc": 0.8094357076780758,
        "threshold": 0.42991401251905725
      },
      "0.1": {
        "coverage": 0.8926720947446336,
        "volume": 58.072601346985,
        "wsc": 0.727104532839963,
        "threshold": 0.32174804161305054
      }
    },
    "Kernel": {
      "params": {
        "lengthscale": 2.917582338323437,
        "gamma": 0.3871598452827903
      },
      "0.01": {
        "coverage": 0.9850111028867505,
        "volume": 336.82108781251304,
        "wsc": 0.937095282146161,
        "threshold": 0.04158697032578264
      },
      "0.02": {
        "coverage": 0.9713175425610658,
        "volume": 170.98097052325423,
        "wsc": 0.8815911193339501,
        "threshold": 0.02152325180552078
      },
      "0.05": {
        "coverage": 0.9439304219096966,
        "volume": 60.547826978167976,
        "wsc": 0.7992599444958371,
        "threshold": 0.007661867618242311
      },
      "0.1": {
        "coverage": 0.8928571428571429,
        "volume": 25.133060255088594,
        "wsc": 0.692876965772433,
        "threshold": 0.003270390433465062
      }
    }
  },
  "elapsed_s": 2836.393290758133
}