{
  "dataset": "house",
  "seed": 48,
  "model": "MLP",
  "split": [
    0.5,
    0.25,
    0.25
  ],
  "alphas": [
    0.01,
    0.02,
    0.05,
    0.1
  ],
  "result": {
    "seed": 48,
    "model": "MLP",
    "model_rmse": 0.598735174542297,
    "meta": {
      "n_train": 10806,
      "n_cal": 5403,
      "n_test": 5404,
      "d": 4,
      "p": 15,
      "elapsed": 2896.110588312149
    },
    "Mahal": {
      "params": {},
      "0.01": {
        "coverage": 0.9896373056994818,
        "volume": 821.6329190479281,
        "wsc": 0.9546716003700277,
        "threshold": 40.34886620191424
      },
      "0.02": {
        "coverage": 0.9774241302738712,
        "volume": 263.84535053592936,
        "wsc": 0.9111933395004626,
        "threshold": 22.864786093406362
      },
      "0.05": {
        "coverage": 0.9468911917098446,
        "volume": 66.65309317046784,
        "wsc": 0.8242368177613321,
        "threshold": 11.492184092584045
      },
      "0.1": {
        "coverage": 0.8935973353071799,
        "volume": 24.924881901884206,
        "wsc": 0.7160037002775208,
        "threshold": 7.027631400580144
      }
    },
    "Bonferroni": {
      "params": {},
      "0.01": {
        "coverage": 0.9898223538119911,
        "volume": 1970.51091610598,
        "wsc": 0.9555966697502313,
        "threshold": 5.7857289117837745
      },
      "0.02": {
        "coverage": 0.9774241302738712,
        "volume": 575.1728465175219,
        "wsc": 0.9093432007400555,
        "threshold": 4.235818280592545
      },
      "0.05": {
        "coverage": 0.942079940784604,
        "volume": 125.1774681952092,
        "wsc": 0.8112858464384829,
        "threshold": 2.8700466193607563
      },
      "0.1": {
        "coverage": 0.8985936343449297,
        "volume": 52.55308640263985,
        "wsc": 0.7502312673450509,
        "threshold": 2.2849997841363594
      }
    },
    "Density": {
      "params": {
        "lengthscale": 2.3737395498037177
      },
      "0.01": {
        "coverage": 0.9896373056994818,
        "volume": 892.1767408821337,
        "wsc": 0.9509713228492137,
        "threshold": 1.2397006976200449
      },
      "0.02": {
        "coverage": 0.9746484085862325,
        "volume": 237.7912247722946,
        "wsc": 0.8945420906567992,
        "threshold": 0.8117515793698429
      },
      "0.05": {
        "coverage": 0.9489267209474463,
        "volume": 87.02668535480885,
        "wsc": 0.8353376503237743,
        "threshold": 0.5474656975098192
      },
      "0.1": {
        "coverage": 0.8945225758697262,
        "volume": 37.997566845057385,
        "wsc": 0.7363552266419982,
        "threshold": 0.3785162404417762
      }
    },
    "Kernel": {
      "params": {
        "lengthscale": 2.3737395498037177,
        "gamma": 0.37790939315257155
      },
      "0.01": {
        "coverage": 0.9885270170244264,
        "volume": 323.28575017367376,
        "wsc": 0.9491211840888066,
        "threshold": 0.0668538091385403
      },
      "0.02": {
        "coverage": 0.9772390821613619,
        "volume": 158.73177117532035,
        "wsc": 0.902867715078631,
        "threshold": 0.03308515234428756
      },
      "0.05": {
        "coverage": 0.9441154700222057,
        "volume": 47.95660654235065,
        "wsc": 0.8066604995374653,
        "threshold": 0.00988319550746448
      },
      "0.1": {
        "coverage": 0.8976683937823834,
        "volume": 16.394111501698145,
        "wsc": 0.7067530064754857,
        "threshold": 0.003833422106865937
      }
    }
  },
  "elapsed_s": 2896.111290693283
}