{
  "dataset": "house",
  "seed": 18,
  "model": "MLP",
  "split": [
    0.5,
    0.25,
    0.25
  ],
  "alphas": [
    0.01,
    0.02,
    0.05,
    0.1
  ],
  "result": {
    "seed": 18,
    "model": "MLP",
    "model_rmse": 0.5842948688320787,
    "meta": {
      "n_train": 10806,
      "n_cal": 5403,
      "n_test": 5404,
      "d": 4,
      "p": 15,
      "elapsed": 758.4000425338745
    },
    "Mahal": {
      "params": {},
      "0.01": {
        "coverage": 0.9924130273871207,
        "volume": 861.3093394506317,
        "wsc": 0.96577243293247,
        "threshold": 38.52155309466555
      },
      "0.02": {
        "coverage": 0.9857512953367875,
        "volume": 342.9621779424162,
        "wsc": 0.9417206290471786,
        "threshold": 24.30789347729545
      },
      "0.05": {
        "coverage": 0.9613249444855663,
        "volume": 92.24806425381314,
        "wsc": 0.8686401480111008,
        "threshold": 12.606741306502766
      },
      "0.1": {
        "coverage": 0.9074759437453738,
        "volume": 33.0006526546215,
        "wsc": 0.7465309898242368,
        "threshold": 7.540245303033044
      }
    },
    "Bonferroni": {
      "params": {},
      "0.01": {
        "coverage": 0.9927831236121392,
        "volume": 2195.320992014175,
        "wsc": 0.9666975023126735,
        "threshold": 5.718434021891102
      },
      "0.02": {
        "coverage": 0.9837157660991858,
        "volume": 665.2543435571404,
        "wsc": 0.9380203515263644,
        "threshold": 4.239076722524437
      },
      "0.05": {
        "coverage": 0.9585492227979274,
        "volume": 171.67854027281044,
        "wsc": 0.8686401480111008,
        "threshold": 3.045746910876725
      },
      "0.1": {
        "coverage": 0.9048852701702442,
        "volume": 60.711107724679756,
        "wsc": 0.7659574468085106,
        "threshold": 2.335501686604114
      }
    },
    "Density": {
      "params": {
        "lengthscale": 2.4109654988654015
      },
      "0.01": {
        "coverage": 0.9929681717246485,
        "volume": 1007.6943378833552,
        "wsc": 0.967622571692877,
        "threshold": 1.2622860925654569
      },
      "0.02": {
        "coverage": 0.9844559585492227,
        "volume": 296.58568335591286,
        "wsc": 0.9333950046253469,
        "threshold": 0.8678939592208094
      },
      "0.05": {
        "coverage": 0.9563286454478165,
        "volume": 101.06290137854545,
        "wsc": 0.8658649398704903,
        "threshold": 0.5641067006311709
      },
      "0.1": {
        "coverage": 0.9074759437453738,
        "volume": 41.452297117152945,
        "wsc": 0.7770582793709528,
        "threshold": 0.38783680522782243
      }
    },
    "Kernel": {
      "params": {
        "lengthscale": 2.4109654988654015,
        "gamma": 0.42465986730246325
      },
      "0.01": {
        "coverage": 0.9909326424870466,
        "volume": 368.3018257134651,
        "wsc": 0.9602220166512488,
        "threshold": 0.06844678358370629
      },
      "0.02": {
        "coverage": 0.9818652849740933,
        "volume": 172.77904373609766,
        "wsc": 0.9269195189639223,
        "threshold": 0.033628191189800836
      },
      "0.05": {
        "coverage": 0.956698741672835,
        "volume": 61.811611187967,
        "wsc": 0.8501387604070305,
        "threshold": 0.012138944373497045
      },
      "0.1": {
        "coverage": 0.909141376757957,
        "volume": 19.99247958305164,
        "wsc": 0.7465309898242368,
        "threshold": 0.004672833075134283
      }
    }
  },
  "elapsed_s": 758.4008746147156
}