{
  "dataset": "house",
  "seed": 12,
  "model": "MLP",
  "split": [
    0.5,
    0.25,
    0.25
  ],
  "alphas": [
    0.01,
    0.02,
    0.05,
    0.1
  ],
  "result": {
    "seed": 12,
    "model": "MLP",
    "model_rmse": 0.5677314970781098,
    "meta": {
      "n_train": 10806,
      "n_cal": 5403,
      "n_test": 5404,
      "d": 4,
      "p": 15,
      "elapsed": 657.9537680149078
    },
    "Mahal": {
      "params": {},
      "0.01": {
        "coverage": 0.9883419689119171,
        "volume": 564.4568824806125,
        "wsc": 0.9472710453283997,
        "threshold": 39.15484759668612
      },
      "0.02": {
        "coverage": 0.9759437453737971,
        "volume": 200.39815690909035,
        "wsc": 0.9010175763182239,
        "threshold": 23.33012216707039
      },
      "0.05": {
        "coverage": 0.9446706143597335,
        "volume": 52.46659056200488,
        "wsc": 0.8112858464384829,
        "threshold": 11.937450209134212
      },
      "0.1": {
        "coverage": 0.8911917098445595,
        "volume": 20.009125202777426,
        "wsc": 0.7067530064754857,
        "threshold": 7.371980917283054
      }
    },
    "Bonferroni": {
      "params": {},
      "0.01": {
        "coverage": 0.9883419689119171,
        "volume": 1247.659721061824,
        "wsc": 0.9463459759481961,
        "threshold": 5.59464291691592
      },
      "0.02": {
        "coverage": 0.9766839378238342,
        "volume": 402.31222478262856,
        "wsc": 0.9047178538390379,
        "threshold": 4.18557442001728
      },
      "0.05": {
        "coverage": 0.9422649888971133,
        "volume": 100.6272386192247,
        "wsc": 0.81313598519889,
        "threshold": 2.9331919709507974
      },
      "0.1": {
        "coverage": 0.890821613619541,
        "volume": 37.08354736993911,
        "wsc": 0.7160037002775208,
        "threshold": 2.3059388803284424
      }
    },
    "Density": {
      "params": {
        "lengthscale": 2.3898746283596735
      },
      "0.01": {
        "coverage": 0.9881569207994079,
        "volume": 418.0506003242472,
        "wsc": 0.9472710453283997,
        "threshold": 0.9826204173550225
      },
      "0.02": {
        "coverage": 0.9772390821613619,
        "volume": 173.6139551934815,
        "wsc": 0.9121184088806661,
        "threshold": 0.7182172736578867
      },
      "0.05": {
        "coverage": 0.9418948926720947,
        "volume": 69.74067661879796,
        "wsc": 0.8251618871415356,
        "threshold": 0.4971297133616162
      },
      "0.1": {
        "coverage": 0.8861954108068097,
        "volume": 31.47675108323744,
        "wsc": 0.7178538390379279,
        "threshold": 0.36449081366133573
      }
    },
    "Kernel": {
      "params": {
        "lengthscale": 2.3898746283596735,
        "gamma": 0.29508484325743506
      },
      "0.01": {
        "coverage": 0.9844559585492227,
        "volume": 200.36919361423335,
        "wsc": 0.9352451433857539,
        "threshold": 0.03841970819955779
      },
      "0.02": {
        "coverage": 0.9742783123612139,
        "volume": 109.48007486138522,
        "wsc": 0.8973172987974098,
        "threshold": 0.020366467305977316
      },
      "0.05": {
        "coverage": 0.942079940784604,
        "volume": 38.36229038269563,
        "wsc": 0.7992599444958371,
        "threshold": 0.00740824097540475
      },
      "0.1": {
        "coverage": 0.8856402664692821,
        "volume": 14.951456764537783,
        "wsc": 0.6873265494912119,
        "threshold": 0.002927163113809861
      }
    }
  },
  "elapsed_s": 657.9548745155334
}