{
  "dataset": "house",
  "seed": 3,
  "model": "Ridge",
  "split": [
    0.5,
    0.25,
    0.25
  ],
  "alphas": [
    0.01,
    0.02,
    0.05,
    0.1
  ],
  "result": {
    "seed": 3,
    "model": "Ridge",
    "model_rmse": 0.6969963553231201,
    "meta": {
      "n_train": 10806,
      "n_cal": 5403,
      "n_test": 5404,
      "d": 4,
      "p": 15,
      "elapsed": 664.2039952278137
    },
    "Mahal": {
      "params": {},
      "0.01": {
        "coverage": 0.9922279792746114,
        "volume": 1662.973334091655,
        "wsc": 0.96577243293247,
        "threshold": 42.708019068327815
      },
      "0.02": {
        "coverage": 0.9851961509992598,
        "volume": 534.1623724171383,
        "wsc": 0.9352451433857539,
        "threshold": 24.20490772474172
      },
      "0.05": {
        "coverage": 0.9505921539600296,
        "volume": 106.63815252199004,
        "wsc": 0.8223866790009251,
        "threshold": 10.814914528445644
      },
      "0.1": {
        "coverage": 0.9002590673575129,
        "volume": 38.49149816175774,
        "wsc": 0.7113783533765032,
        "threshold": 6.497543456157889
      }
    },
    "Bonferroni": {
      "params": {},
      "0.01": {
        "coverage": 0.9920429311621022,
        "volume": 2728.0838632317145,
        "wsc": 0.96577243293247,
        "threshold": 5.774255423705939
      },
      "0.02": {
        "coverage": 0.9831606217616581,
        "volume": 1136.5779983123975,
        "wsc": 0.9287696577243293,
        "threshold": 4.3513907399751375
      },
      "0.05": {
        "coverage": 0.9498519615099926,
        "volume": 200.59272372585028,
        "wsc": 0.8223866790009251,
        "threshold": 2.7698619202376595
      },
      "0.1": {
        "coverage": 0.8971132494448557,
        "volume": 71.08604486985479,
        "wsc": 0.7215541165587419,
        "threshold": 2.116554977760352
      }
    },
    "Density": {
      "params": {
        "lengthscale": 2.936324697586465
      },
      "0.01": {
        "coverage": 0.9920429311621022,
        "volume": 1153.351110023262,
        "wsc": 0.96577243293247,
        "threshold": 1.050735539116186
      },
      "0.02": {
        "coverage": 0.9837157660991858,
        "volume": 463.25737106197505,
        "wsc": 0.9269195189639223,
        "threshold": 0.7576239553648182
      },
      "0.05": {
        "coverage": 0.9520725388601037,
        "volume": 124.37205282205736,
        "wsc": 0.8362627197039778,
        "threshold": 0.44862598043911395
      },
      "0.1": {
        "coverage": 0.9004441154700222,
        "volume": 62.30012921178285,
        "wsc": 0.7400555041628122,
        "threshold": 0.32844377858411583
      }
    },
    "Kernel": {
      "params": {
        "lengthscale": 2.936324697586465,
        "gamma": 0.3555219681920078
      },
      "0.01": {
        "coverage": 0.9916728349370837,
        "volume": 440.6650165126472,
        "wsc": 0.9611470860314524,
        "threshold": 0.04407512665755082
      },
      "0.02": {
        "coverage": 0.9811250925240562,
        "volume": 226.03764829403266,
        "wsc": 0.9195189639222942,
        "threshold": 0.023046310480957777
      },
      "0.05": {
        "coverage": 0.948741672834937,
        "volume": 63.09884881706213,
        "wsc": 0.8094357076780758,
        "threshold": 0.007040213396582845
      },
      "0.1": {
        "coverage": 0.9002590673575129,
        "volume": 24.760307763657288,
        "wsc": 0.7049028677150786,
        "threshold": 0.0031215734740295065
      }
    }
  },
  "elapsed_s": 664.2048270702362
}