{
  "dataset": "house",
  "seed": 1,
  "model": "MLP",
  "split": [
    0.5,
    0.25,
    0.25
  ],
  "alphas": [
    0.01,
    0.02,
    0.05,
    0.1
  ],
  "result": {
    "seed": 1,
    "model": "MLP",
    "model_rmse": 0.5962087284988372,
    "meta": {
      "n_train": 10806,
      "n_cal": 5403,
      "n_test": 5404,
      "d": 4,
      "p": 15,
      "elapsed": 649.8757767677307
    },
    "Mahal": {
      "params": {},
      "0.01": {
        "coverage": 0.9931532198371577,
        "volume": 878.1922982793068,
        "wsc": 0.969472710453284,
        "threshold": 40.390769455572666
      },
      "0.02": {
        "coverage": 0.9805699481865285,
        "volume": 281.70458517687075,
        "wsc": 0.9167437557816837,
        "threshold": 22.876220426594937
      },
      "0.05": {
        "coverage": 0.9426350851221318,
        "volume": 70.0297615024492,
        "wsc": 0.8011100832562442,
        "threshold": 11.405875803182976
      },
      "0.1": {
        "coverage": 0.8934122871946706,
        "volume": 28.220206585579497,
        "wsc": 0.696577243293247,
        "threshold": 7.240480846173488
      }
    },
    "Bonferroni": {
      "params": {},
      "0.01": {
        "coverage": 0.9924130273871207,
        "volume": 1814.449128418489,
        "wsc": 0.96577243293247,
        "threshold": 5.556641088228013
      },
      "0.02": {
        "coverage": 0.979459659511473,
        "volume": 579.785007710181,
        "wsc": 0.9167437557816837,
        "threshold": 4.179539543707245
      },
      "0.05": {
        "coverage": 0.944300518134715,
        "volume": 152.3012481705746,
        "wsc": 0.8159111933395005,
        "threshold": 2.942723251518935
      },
      "0.1": {
        "coverage": 0.8911917098445595,
        "volume": 58.18980453048635,
        "wsc": 0.7113783533765032,
        "threshold": 2.3145791994416265
      }
    },
    "Density": {
      "params": {
        "lengthscale": 2.3476490189189887
      },
      "0.01": {
        "coverage": 0.9922279792746114,
        "volume": 806.042571694642,
        "wsc": 0.9639222941720629,
        "threshold": 1.2251018629586983
      },
      "0.02": {
        "coverage": 0.9811250925240562,
        "volume": 274.3698046018462,
        "wsc": 0.9185938945420906,
        "threshold": 0.8654575672440542
      },
      "0.05": {
        "coverage": 0.9492968171724648,
        "volume": 93.6238195797769,
        "wsc": 0.8334875115633672,
        "threshold": 0.5598630741918975
      },
      "0.1": {
        "coverage": 0.8941524796447077,
        "volume": 39.497548885218386,
        "wsc": 0.72895467160037,
        "threshold": 0.3868339928739849
      }
    },
    "Kernel": {
      "params": {
        "lengthscale": 2.3476490189189887,
        "gamma": 0.4248330376568944
      },
      "0.01": {
        "coverage": 0.9898223538119911,
        "volume": 330.9341955979615,
        "wsc": 0.9555966697502313,
        "threshold": 0.06967785085135896
      },
      "0.02": {
        "coverage": 0.9813101406365655,
        "volume": 177.00753389301573,
        "wsc": 0.9213691026827012,
        "threshold": 0.03807845809908079
      },
      "0.05": {
        "coverage": 0.9439304219096966,
        "volume": 47.94969926394825,
        "wsc": 0.7890841813135985,
        "threshold": 0.010819428948387383
      },
      "0.1": {
        "coverage": 0.8926720947446336,
        "volume": 16.904300757459723,
        "wsc": 0.6780758556891767,
        "threshold": 0.004333446024593003
      }
    }
  },
  "elapsed_s": 649.8766553401947
}