{
  "dataset": "house",
  "seed": 3,
  "model": "MLP",
  "split": [
    0.5,
    0.25,
    0.25
  ],
  "alphas": [
    0.01,
    0.02,
    0.05,
    0.1
  ],
  "result": {
    "seed": 3,
    "model": "MLP",
    "model_rmse": 0.5774244933085305,
    "meta": {
      "n_train": 10806,
      "n_cal": 5403,
      "n_test": 5404,
      "d": 4,
      "p": 15,
      "elapsed": 2906.714743614197
    },
    "Mahal": {
      "params": {},
      "0.01": {
        "coverage": 0.9922279792746114,
        "volume": 841.8128184886453,
        "wsc": 0.96577243293247,
        "threshold": 40.79484509796146
      },
      "0.02": {
        "coverage": 0.9826054774241303,
        "volume": 328.6858598976201,
        "wsc": 0.9269195189639223,
        "threshold": 25.491068009930572
      },
      "0.05": {
        "coverage": 0.948741672834937,
        "volume": 69.86482743463577,
        "wsc": 0.8233117483811286,
        "threshold": 11.752406818308227
      },
      "0.1": {
        "coverage": 0.8972982975573649,
        "volume": 25.840776650399523,
        "wsc": 0.7160037002775208,
        "threshold": 7.147436444882627
      }
    },
    "Bonferroni": {
      "params": {},
      "0.01": {
        "coverage": 0.9920429311621022,
        "volume": 1793.9028328194643,
        "wsc": 0.96577243293247,
        "threshold": 5.6302218152826775
      },
      "0.02": {
        "coverage": 0.9826054774241303,
        "volume": 668.0486759500703,
        "wsc": 0.9287696577243293,
        "threshold": 4.412488719859681
      },
      "0.05": {
        "coverage": 0.9478164322723909,
        "volume": 133.38803762056162,
        "wsc": 0.8362627197039778,
        "threshold": 2.9066822395953285
      },
      "0.1": {
        "coverage": 0.8974833456698742,
        "volume": 50.374614392252724,
        "wsc": 0.7298797409805735,
        "threshold": 2.273274069177915
      }
    },
    "Density": {
      "params": {
        "lengthscale": 2.4386900083574563
      },
      "0.01": {
        "coverage": 0.9909326424870466,
        "volume": 703.6434523788259,
        "wsc": 0.9583718778908418,
        "threshold": 1.1285330312781667
      },
      "0.02": {
        "coverage": 0.982420429311621,
        "volume": 262.21895853571164,
        "wsc": 0.9250693802035153,
        "threshold": 0.8132175582459574
      },
      "0.05": {
        "coverage": 0.9502220577350111,
        "volume": 91.2654994245948,
        "wsc": 0.849213691026827,
        "threshold": 0.5295857010610197
      },
      "0.1": {
        "coverage": 0.8976683937823834,
        "volume": 40.644554399617114,
        "wsc": 0.7465309898242368,
        "threshold": 0.3727730490828344
      }
    },
    "Kernel": {
      "params": {
        "lengthscale": 2.4386900083574563,
        "gamma": 0.41055043136105085
      },
      "0.01": {
        "coverage": 0.9905625462620281,
        "volume": 300.8928678735291,
        "wsc": 0.9565217391304348,
        "threshold": 0.05802682326726909
      },
      "0.02": {
        "coverage": 0.9822353811991118,
        "volume": 167.75116088569246,
        "wsc": 0.9232192414431082,
        "threshold": 0.032744152225489445
      },
      "0.05": {
        "coverage": 0.9468911917098446,
        "volume": 48.77346527954053,
        "wsc": 0.818686401480111,
        "threshold": 0.009927926856721296
      },
      "0.1": {
        "coverage": 0.8937823834196891,
        "volume": 15.76516049439694,
        "wsc": 0.7021276595744681,
        "threshold": 0.003813769093384755
      }
    }
  },
  "elapsed_s": 2906.7153227329254
}