{
  "dataset": "house",
  "seed": 26,
  "model": "Ridge",
  "split": [
    0.5,
    0.25,
    0.25
  ],
  "alphas": [
    0.01,
    0.02,
    0.05,
    0.1
  ],
  "result": {
    "seed": 26,
    "model": "Ridge",
    "model_rmse": 0.6886507675073833,
    "meta": {
      "n_train": 10806,
      "n_cal": 5403,
      "n_test": 5404,
      "d": 4,
      "p": 15,
      "elapsed": 2889.3320655822754
    },
    "Mahal": {
      "params": {},
      "0.01": {
        "coverage": 0.9929681717246485,
        "volume": 1710.871138129075,
        "wsc": 0.9685476410730804,
        "threshold": 39.77143328337556
      },
      "0.02": {
        "coverage": 0.9844559585492227,
        "volume": 611.8641006225732,
        "wsc": 0.9306197964847364,
        "threshold": 23.784283829691304
      },
      "0.05": {
        "coverage": 0.9513323464100666,
        "volume": 110.28953982679444,
        "wsc": 0.8270120259019427,
        "threshold": 10.097869522183958
      },
      "0.1": {
        "coverage": 0.8984085862324205,
        "volume": 41.59225948832505,
        "wsc": 0.7206290471785384,
        "threshold": 6.2011016343168235
      }
    },
    "Bonferroni": {
      "params": {},
      "0.01": {
        "coverage": 0.9924130273871207,
        "volume": 3464.2948197236506,
        "wsc": 0.96577243293247,
        "threshold": 5.808995164735706
      },
      "0.02": {
        "coverage": 0.9826054774241303,
        "volume": 1175.98514428307,
        "wsc": 0.9296947271045328,
        "threshold": 4.208013675654024
      },
      "0.05": {
        "coverage": 0.9529977794226498,
        "volume": 203.94545514043006,
        "wsc": 0.8371877890841813,
        "threshold": 2.7145307925870794
      },
      "0.1": {
        "coverage": 0.8980384900074019,
        "volume": 65.9755445119439,
        "wsc": 0.7400555041628122,
        "threshold": 2.0967840662313444
      }
    },
    "Density": {
      "params": {
        "lengthscale": 2.9100351156795767
      },
      "0.01": {
        "coverage": 0.9914877868245744,
        "volume": 1558.180316175068,
        "wsc": 0.9611470860314524,
        "threshold": 1.1696123536244278
      },
      "0.02": {
        "coverage": 0.984641006661732,
        "volume": 495.16382354753677,
        "wsc": 0.9333950046253469,
        "threshold": 0.8005079205660838
      },
      "0.05": {
        "coverage": 0.9507772020725389,
        "volume": 113.89462421009262,
        "wsc": 0.8381128584643849,
        "threshold": 0.4531244959930852
      },
      "0.1": {
        "coverage": 0.8965581051073279,
        "volume": 48.84505225270232,
        "wsc": 0.7456059204440333,
        "threshold": 0.32185973160236425
      }
    },
    "Kernel": {
      "params": {
        "lengthscale": 2.9100351156795767,
        "gamma": 0.4078938217664561
      },
      "0.01": {
        "coverage": 0.9940784603997039,
        "volume": 459.0508939199465,
        "wsc": 0.9740980573543015,
        "threshold": 0.05133437141753803
      },
      "0.02": {
        "coverage": 0.982420429311621,
        "volume": 219.22400229056444,
        "wsc": 0.9250693802035153,
        "threshold": 0.02640305108335306
      },
      "0.05": {
        "coverage": 0.9485566247224279,
        "volume": 56.71581896640791,
        "wsc": 0.8196114708603145,
        "threshold": 0.007691580168687445
      },
      "0.1": {
        "coverage": 0.9019245003700962,
        "volume": 21.991848170647962,
        "wsc": 0.7252543940795559,
        "threshold": 0.003515482822128917
      }
    }
  },
  "elapsed_s": 2889.3328425884247
}