{
  "dataset": "house",
  "seed": 45,
  "model": "MLP",
  "split": [
    0.5,
    0.25,
    0.25
  ],
  "alphas": [
    0.01,
    0.02,
    0.05,
    0.1
  ],
  "result": {
    "seed": 45,
    "model": "MLP",
    "model_rmse": 0.6105794469339875,
    "meta": {
      "n_train": 10806,
      "n_cal": 5403,
      "n_test": 5404,
      "d": 4,
      "p": 15,
      "elapsed": 2903.623600244522
    },
    "Mahal": {
      "params": {},
      "0.01": {
        "coverage": 0.9885270170244264,
        "volume": 763.6403617646309,
        "wsc": 0.9491211840888066,
        "threshold": 41.86038446604166
      },
      "0.02": {
        "coverage": 0.9805699481865285,
        "volume": 293.56272226373903,
        "wsc": 0.9222941720629048,
        "threshold": 25.954294523869976
      },
      "0.05": {
        "coverage": 0.9476313841598816,
        "volume": 66.36465530196455,
        "wsc": 0.8288621646623496,
        "threshold": 12.340342029817498
      },
      "0.1": {
        "coverage": 0.8971132494448557,
        "volume": 24.25872183642344,
        "wsc": 0.7187789084181314,
        "threshold": 7.460926004124132
      }
    },
    "Bonferroni": {
      "params": {},
      "0.01": {
        "coverage": 0.9900074019245003,
        "volume": 2204.1838891601938,
        "wsc": 0.9537465309898242,
        "threshold": 6.207278776838544
      },
      "0.02": {
        "coverage": 0.9801998519615099,
        "volume": 632.3015995845981,
        "wsc": 0.9232192414431082,
        "threshold": 4.507822246375635
      },
      "0.05": {
        "coverage": 0.948741672834937,
        "volume": 132.40898054561492,
        "wsc": 0.8307123034227567,
        "threshold": 3.02990320155065
      },
      "0.1": {
        "coverage": 0.8952627683197631,
        "volume": 47.794411258138304,
        "wsc": 0.7298797409805735,
        "threshold": 2.3453931833103714
      }
    },
    "Density": {
      "params": {
        "lengthscale": 2.3742394895971755
      },
      "0.01": {
        "coverage": 0.9888971132494448,
        "volume": 631.1734053274316,
        "wsc": 0.9491211840888066,
        "threshold": 1.1300292376035153
      },
      "0.02": {
        "coverage": 0.979459659511473,
        "volume": 251.38219311952145,
        "wsc": 0.9158186864014801,
        "threshold": 0.8299359288274807
      },
      "0.05": {
        "coverage": 0.9480014803849001,
        "volume": 89.43503565900558,
        "wsc": 0.84736355226642,
        "threshold": 0.5526339079822071
      },
      "0.1": {
        "coverage": 0.8989637305699482,
        "volume": 38.87142031509532,
        "wsc": 0.7474560592044404,
        "threshold": 0.3897511125832155
      }
    },
    "Kernel": {
      "params": {
        "lengthscale": 2.3742394895971755,
        "gamma": 0.3905019862310997
      },
      "0.01": {
        "coverage": 0.9874167283493709,
        "volume": 310.5611100636111,
        "wsc": 0.9454209065679926,
        "threshold": 0.05975577083735444
      },
      "0.02": {
        "coverage": 0.9772390821613619,
        "volume": 151.79340914601866,
        "wsc": 0.9074930619796485,
        "threshold": 0.029742797512897927
      },
      "0.05": {
        "coverage": 0.9468911917098446,
        "volume": 51.28155714392522,
        "wsc": 0.8242368177613321,
        "threshold": 0.01023627245286537
      },
      "0.1": {
        "coverage": 0.8989637305699482,
        "volume": 20.204933514706536,
        "wsc": 0.7160037002775208,
        "threshold": 0.0042442053953139335
      }
    }
  },
  "elapsed_s": 2903.6242852211
}