{
  "dataset": "house",
  "seed": 23,
  "model": "Ridge",
  "split": [
    0.5,
    0.25,
    0.25
  ],
  "alphas": [
    0.01,
    0.02,
    0.05,
    0.1
  ],
  "result": {
    "seed": 23,
    "model": "Ridge",
    "model_rmse": 0.7089602493895799,
    "meta": {
      "n_train": 10806,
      "n_cal": 5403,
      "n_test": 5404,
      "d": 4,
      "p": 15,
      "elapsed": 2849.0049965381622
    },
    "Mahal": {
      "params": {},
      "0.01": {
        "coverage": 0.9903774981495189,
        "volume": 1373.5963434941661,
        "wsc": 0.9555966697502313,
        "threshold": 33.68826322633914
      },
      "0.02": {
        "coverage": 0.9801998519615099,
        "volume": 504.41439143204434,
        "wsc": 0.913968547641073,
        "threshold": 20.414690177132048
      },
      "0.05": {
        "coverage": 0.9578090303478904,
        "volume": 139.3045494008133,
        "wsc": 0.8445883441258094,
        "threshold": 10.728319745727257
      },
      "0.1": {
        "coverage": 0.9098815692079941,
        "volume": 50.54556044560613,
        "wsc": 0.7326549491211841,
        "threshold": 6.46235135871456
      }
    },
    "Bonferroni": {
      "params": {},
      "0.01": {
        "coverage": 0.9901924500370096,
        "volume": 2728.718264977698,
        "wsc": 0.9555966697502313,
        "threshold": 5.024374156172264
      },
      "0.02": {
        "coverage": 0.9805699481865285,
        "volume": 1060.9811516466839,
        "wsc": 0.9185938945420906,
        "threshold": 3.969102625037339
      },
      "0.05": {
        "coverage": 0.9613249444855663,
        "volume": 276.77769173391755,
        "wsc": 0.8566142460684552,
        "threshold": 2.84208173391751
      },
      "0.1": {
        "coverage": 0.9117320503330866,
        "volume": 90.23895545582714,
        "wsc": 0.7520814061054579,
        "threshold": 2.1486025392256956
      }
    },
    "Density": {
      "params": {
        "lengthscale": 3.0007954752043355
      },
      "0.01": {
        "coverage": 0.9909326424870466,
        "volume": 1467.056451197906,
        "wsc": 0.9574468085106383,
        "threshold": 1.1030354000677287
      },
      "0.02": {
        "coverage": 0.9811250925240562,
        "volume": 447.49093955520243,
        "wsc": 0.9195189639222942,
        "threshold": 0.7306796142151606
      },
      "0.05": {
        "coverage": 0.9557735011102887,
        "volume": 137.71542082624364,
        "wsc": 0.8427382053654024,
        "threshold": 0.45517739507337834
      },
      "0.1": {
        "coverage": 0.9096965210954848,
        "volume": 64.31209138829472,
        "wsc": 0.7511563367252544,
        "threshold": 0.330575731874132
      }
    },
    "Kernel": {
      "params": {
        "lengthscale": 3.0007954752043355,
        "gamma": 0.45768633282798926
      },
      "0.01": {
        "coverage": 0.9911176905995559,
        "volume": 524.9348192374422,
        "wsc": 0.9602220166512488,
        "threshold": 0.05580608333374824
      },
      "0.02": {
        "coverage": 0.9801998519615099,
        "volume": 227.28095124135567,
        "wsc": 0.910268270120259,
        "threshold": 0.025621907378836274
      },
      "0.05": {
        "coverage": 0.9528127313101407,
        "volume": 71.046341795446,
        "wsc": 0.8177613320999075,
        "threshold": 0.00840212878267795
      },
      "0.1": {
        "coverage": 0.9115470022205774,
        "volume": 28.283851710035368,
        "wsc": 0.7372802960222017,
        "threshold": 0.003968542013825624
      }
    }
  },
  "elapsed_s": 2849.0056936740875
}