{
  "dataset": "house",
  "seed": 34,
  "model": "MLP",
  "split": [
    0.5,
    0.25,
    0.25
  ],
  "alphas": [
    0.01,
    0.02,
    0.05,
    0.1
  ],
  "result": {
    "seed": 34,
    "model": "MLP",
    "model_rmse": 0.5893043154729837,
    "meta": {
      "n_train": 10806,
      "n_cal": 5403,
      "n_test": 5404,
      "d": 4,
      "p": 15,
      "elapsed": 2873.0761930942535
    },
    "Mahal": {
      "params": {},
      "0.01": {
        "coverage": 0.9920429311621022,
        "volume": 857.3743390571208,
        "wsc": 0.9639222941720629,
        "threshold": 39.675681074781856
      },
      "0.02": {
        "coverage": 0.9827905255366395,
        "volume": 318.35886552961557,
        "wsc": 0.9278445883441259,
        "threshold": 24.176733555479913
      },
      "0.05": {
        "coverage": 0.9498519615099926,
        "volume": 73.27181466896786,
        "wsc": 0.820536540240518,
        "threshold": 11.598654819103576
      },
      "0.1": {
        "coverage": 0.9039600296076981,
        "volume": 29.871503444152506,
        "wsc": 0.7150786308973173,
        "threshold": 7.405726868747696
      }
    },
    "Bonferroni": {
      "params": {},
      "0.01": {
        "coverage": 0.9911176905995559,
        "volume": 2032.4439688146597,
        "wsc": 0.9611470860314524,
        "threshold": 5.718349131256378
      },
      "0.02": {
        "coverage": 0.9826054774241303,
        "volume": 653.4003541584293,
        "wsc": 0.9278445883441259,
        "threshold": 4.304012384939045
      },
      "0.05": {
        "coverage": 0.9542931162102146,
        "volume": 160.4037411941986,
        "wsc": 0.8371877890841813,
        "threshold": 2.981997086148279
      },
      "0.1": {
        "coverage": 0.9059955588452998,
        "volume": 61.68197299738744,
        "wsc": 0.7372802960222017,
        "threshold": 2.3072073313418113
      }
    },
    "Density": {
      "params": {
        "lengthscale": 2.3419973023571483
      },
      "0.01": {
        "coverage": 0.9922279792746114,
        "volume": 1023.6452491477102,
        "wsc": 0.9620721554116559,
        "threshold": 1.302093559808802
      },
      "0.02": {
        "coverage": 0.9837157660991858,
        "volume": 325.55224954204243,
        "wsc": 0.9306197964847364,
        "threshold": 0.9174436528101192
      },
      "0.05": {
        "coverage": 0.9520725388601037,
        "volume": 90.30363292421487,
        "wsc": 0.8418131359851989,
        "threshold": 0.5650568011257543
      },
      "0.1": {
        "coverage": 0.9102516654330126,
        "volume": 37.805080224205206,
        "wsc": 0.7567067530064755,
        "threshold": 0.3932517453941554
      }
    },
    "Kernel": {
      "params": {
        "lengthscale": 2.3419973023571483,
        "gamma": 0.4780183730181135
      },
      "0.01": {
        "coverage": 0.9909326424870466,
        "volume": 378.2038592470084,
        "wsc": 0.9602220166512488,
        "threshold": 0.0824777763072862
      },
      "0.02": {
        "coverage": 0.9805699481865285,
        "volume": 169.5871614915764,
        "wsc": 0.9176688251618872,
        "threshold": 0.038468862414252104
      },
      "0.05": {
        "coverage": 0.9531828275351591,
        "volume": 53.11078071983484,
        "wsc": 0.8353376503237743,
        "threshold": 0.01265565009557745
      },
      "0.1": {
        "coverage": 0.9041450777202072,
        "volume": 17.601555569974085,
        "wsc": 0.7178538390379279,
        "threshold": 0.0051136668745842655
      }
    }
  },
  "elapsed_s": 2873.0767600536346
}