{
  "dataset": "house",
  "seed": 41,
  "model": "Ridge",
  "split": [
    0.5,
    0.25,
    0.25
  ],
  "alphas": [
    0.01,
    0.02,
    0.05,
    0.1
  ],
  "result": {
    "seed": 41,
    "model": "Ridge",
    "model_rmse": 0.7179580127167132,
    "meta": {
      "n_train": 10806,
      "n_cal": 5403,
      "n_test": 5404,
      "d": 4,
      "p": 15,
      "elapsed": 2903.071228981018
    },
    "Mahal": {
      "params": {},
      "0.01": {
        "coverage": 0.9903774981495189,
        "volume": 1771.26681063891,
        "wsc": 0.9565217391304348,
        "threshold": 41.78951906980884
      },
      "0.02": {
        "coverage": 0.9814951887490747,
        "volume": 577.3478989885754,
        "wsc": 0.9185938945420906,
        "threshold": 23.858557115677055
      },
      "0.05": {
        "coverage": 0.9522575869726129,
        "volume": 120.11541818088112,
        "wsc": 0.8223866790009251,
        "threshold": 10.882401863636757
      },
      "0.1": {
        "coverage": 0.8978534418948927,
        "volume": 40.39339201622323,
        "wsc": 0.7049028677150786,
        "threshold": 6.310743705723361
      }
    },
    "Bonferroni": {
      "params": {},
      "0.01": {
        "coverage": 0.9909326424870466,
        "volume": 3699.787900536034,
        "wsc": 0.9592969472710453,
        "threshold": 6.078171266346323
      },
      "0.02": {
        "coverage": 0.9792746113989638,
        "volume": 1162.2519540633014,
        "wsc": 0.913968547641073,
        "threshold": 4.2175180450923415
      },
      "0.05": {
        "coverage": 0.9539230199851961,
        "volume": 242.4006526860289,
        "wsc": 0.8316373728029602,
        "threshold": 2.817277331875475
      },
      "0.1": {
        "coverage": 0.8982235381199112,
        "volume": 77.14740483316652,
        "wsc": 0.7178538390379279,
        "threshold": 2.1195751446436657
      }
    },
    "Density": {
      "params": {
        "lengthscale": 2.9738118703101613
      },
      "0.01": {
        "coverage": 0.9896373056994818,
        "volume": 1937.6710401421171,
        "wsc": 0.9509713228492137,
        "threshold": 1.2070125533009823
      },
      "0.02": {
        "coverage": 0.9807549962990377,
        "volume": 456.74770361454273,
        "wsc": 0.9158186864014801,
        "threshold": 0.737730816949292
      },
      "0.05": {
        "coverage": 0.948741672834937,
        "volume": 126.02203914508736,
        "wsc": 0.8260869565217391,
        "threshold": 0.44171256587313473
      },
      "0.1": {
        "coverage": 0.9011843079200592,
        "volume": 63.33977271813956,
        "wsc": 0.7428307123034228,
        "threshold": 0.32090465787528727
      }
    },
    "Kernel": {
      "params": {
        "lengthscale": 2.9738118703101613,
        "gamma": 0.4138943861860563
      },
      "0.01": {
        "coverage": 0.9885270170244264,
        "volume": 445.13175913682164,
        "wsc": 0.9491211840888066,
        "threshold": 0.04588001139920388
      },
      "0.02": {
        "coverage": 0.9781643227239082,
        "volume": 218.73042620312555,
        "wsc": 0.9047178538390379,
        "threshold": 0.024108731810105796
      },
      "0.05": {
        "coverage": 0.9520725388601037,
        "volume": 70.13400439378775,
        "wsc": 0.8149861239592969,
        "threshold": 0.008276869497039934
      },
      "0.1": {
        "coverage": 0.8989637305699482,
        "volume": 26.300251647670407,
        "wsc": 0.6956521739130435,
        "threshold": 0.003338052553519286
      }
    }
  },
  "elapsed_s": 2903.071947336197
}