{
  "dataset": "house",
  "seed": 39,
  "model": "MLP",
  "split": [
    0.5,
    0.25,
    0.25
  ],
  "alphas": [
    0.01,
    0.02,
    0.05,
    0.1
  ],
  "result": {
    "seed": 39,
    "model": "MLP",
    "model_rmse": 0.5996105542330151,
    "meta": {
      "n_train": 10806,
      "n_cal": 5403,
      "n_test": 5404,
      "d": 4,
      "p": 15,
      "elapsed": 2909.9432764053345
    },
    "Mahal": {
      "params": {},
      "0.01": {
        "coverage": 0.9920429311621022,
        "volume": 1095.538108875512,
        "wsc": 0.9648473635522664,
        "threshold": 48.079000714444376
      },
      "0.02": {
        "coverage": 0.9813101406365655,
        "volume": 324.30426414109235,
        "wsc": 0.9195189639222942,
        "threshold": 26.158812049503013
      },
      "0.05": {
        "coverage": 0.9476313841598816,
        "volume": 73.05815000479804,
        "wsc": 0.820536540240518,
        "threshold": 12.415837598590413
      },
      "0.1": {
        "coverage": 0.8943375277572169,
        "volume": 26.23633460388778,
        "wsc": 0.7298797409805735,
        "threshold": 7.440348335963379
      }
    },
    "Bonferroni": {
      "params": {},
      "0.01": {
        "coverage": 0.9922279792746114,
        "volume": 2352.535334141817,
        "wsc": 0.96577243293247,
        "threshold": 6.150396980572237
      },
      "0.02": {
        "coverage": 0.9792746113989638,
        "volume": 628.2753052251486,
        "wsc": 0.9148936170212766,
        "threshold": 4.405065486849397
      },
      "0.05": {
        "coverage": 0.9492968171724648,
        "volume": 153.99021753187276,
        "wsc": 0.8371877890841813,
        "threshold": 3.0925498043264494
      },
      "0.1": {
        "coverage": 0.8943375277572169,
        "volume": 52.9640266821581,
        "wsc": 0.7372802960222017,
        "threshold": 2.329556719419751
      }
    },
    "Density": {
      "params": {
        "lengthscale": 2.2618251319404483
      },
      "0.01": {
        "coverage": 0.9914877868245744,
        "volume": 1102.9190657853464,
        "wsc": 0.9629972247918593,
        "threshold": 1.3679400188292938
      },
      "0.02": {
        "coverage": 0.9803849000740192,
        "volume": 321.25133113986186,
        "wsc": 0.9204440333024977,
        "threshold": 0.9565174699684962
      },
      "0.05": {
        "coverage": 0.9485566247224279,
        "volume": 96.24388595742047,
        "wsc": 0.8381128584643849,
        "threshold": 0.6092375895351573
      },
      "0.1": {
        "coverage": 0.8930421909696521,
        "volume": 38.377996760660835,
        "wsc": 0.7419056429232193,
        "threshold": 0.4110309210716638
      }
    },
    "Kernel": {
      "params": {
        "lengthscale": 2.2618251319404483,
        "gamma": 0.4716369463074114
      },
      "0.01": {
        "coverage": 0.9890821613619541,
        "volume": 435.907090932615,
        "wsc": 0.9546716003700277,
        "threshold": 0.09427087751850668
      },
      "0.02": {
        "coverage": 0.9801998519615099,
        "volume": 201.81326645481462,
        "wsc": 0.9176688251618872,
        "threshold": 0.04740128827958292
      },
      "0.05": {
        "coverage": 0.9485566247224279,
        "volume": 57.507216329837576,
        "wsc": 0.8196114708603145,
        "threshold": 0.013581969021856403
      },
      "0.1": {
        "coverage": 0.8956328645447816,
        "volume": 21.520372015323833,
        "wsc": 0.7197039777983348,
        "threshold": 0.005330601313772973
      }
    }
  },
  "elapsed_s": 2909.9439766407013
}