{
  "dataset": "house",
  "seed": 35,
  "model": "MLP",
  "split": [
    0.5,
    0.25,
    0.25
  ],
  "alphas": [
    0.01,
    0.02,
    0.05,
    0.1
  ],
  "result": {
    "seed": 35,
    "model": "MLP",
    "model_rmse": 0.5756169484809792,
    "meta": {
      "n_train": 10806,
      "n_cal": 5403,
      "n_test": 5404,
      "d": 4,
      "p": 15,
      "elapsed": 2916.0118205547333
    },
    "Mahal": {
      "params": {},
      "0.01": {
        "coverage": 0.9914877868245744,
        "volume": 792.2548708777937,
        "wsc": 0.9620721554116559,
        "threshold": 40.2887529850689
      },
      "0.02": {
        "coverage": 0.9855662472242783,
        "volume": 304.3115186830603,
        "wsc": 0.940795559666975,
        "threshold": 24.969541173405144
      },
      "0.05": {
        "coverage": 0.9535529237601776,
        "volume": 69.55787171325493,
        "wsc": 0.8353376503237743,
        "threshold": 11.93780578160076
      },
      "0.1": {
        "coverage": 0.8997039230199851,
        "volume": 26.695482014066435,
        "wsc": 0.7187789084181314,
        "threshold": 7.395546120902742
      }
    },
    "Bonferroni": {
      "params": {},
      "0.01": {
        "coverage": 0.9916728349370837,
        "volume": 1795.9402364429718,
        "wsc": 0.9629972247918593,
        "threshold": 5.786919589163034
      },
      "0.02": {
        "coverage": 0.985381199111769,
        "volume": 675.8154467273873,
        "wsc": 0.9417206290471786,
        "threshold": 4.457551786227663
      },
      "0.05": {
        "coverage": 0.9515173945225759,
        "volume": 140.69020452317358,
        "wsc": 0.8362627197039778,
        "threshold": 2.9400147639791565
      },
      "0.1": {
        "coverage": 0.9028497409326425,
        "volume": 56.38774070174814,
        "wsc": 0.7474560592044404,
        "threshold": 2.335305765326331
      }
    },
    "Density": {
      "params": {
        "lengthscale": 2.43649265927852
      },
      "0.01": {
        "coverage": 0.9914877868245744,
        "volume": 697.7750289148668,
        "wsc": 0.9629972247918593,
        "threshold": 1.1290112049698637
      },
      "0.02": {
        "coverage": 0.9783493708364175,
        "volume": 225.27181557579576,
        "wsc": 0.9176688251618872,
        "threshold": 0.7608411673661489
      },
      "0.05": {
        "coverage": 0.9542931162102146,
        "volume": 96.95713830234581,
        "wsc": 0.8519888991674376,
        "threshold": 0.532754658789071
      },
      "0.1": {
        "coverage": 0.9058105107327905,
        "volume": 42.2442809877783,
        "wsc": 0.7539315448658649,
        "threshold": 0.37816797181518025
      }
    },
    "Kernel": {
      "params": {
        "lengthscale": 2.43649265927852,
        "gamma": 0.2967388521632641
      },
      "0.01": {
        "coverage": 0.9885270170244264,
        "volume": 285.6606665913643,
        "wsc": 0.9491211840888066,
        "threshold": 0.04545403321809671
      },
      "0.02": {
        "coverage": 0.9753886010362695,
        "volume": 137.71263405707467,
        "wsc": 0.902867715078631,
        "threshold": 0.021674866712240816
      },
      "0.05": {
        "coverage": 0.9535529237601776,
        "volume": 53.59626838978041,
        "wsc": 0.8297872340425532,
        "threshold": 0.008455744094580402
      },
      "0.1": {
        "coverage": 0.898778682457439,
        "volume": 18.05152095072465,
        "wsc": 0.7113783533765032,
        "threshold": 0.0031459083210080463
      }
    }
  },
  "elapsed_s": 2916.012576341629
}