{
  "dataset": "house",
  "seed": 26,
  "model": "MLP",
  "split": [
    0.5,
    0.25,
    0.25
  ],
  "alphas": [
    0.01,
    0.02,
    0.05,
    0.1
  ],
  "result": {
    "seed": 26,
    "model": "MLP",
    "model_rmse": 0.5683253939257276,
    "meta": {
      "n_train": 10806,
      "n_cal": 5403,
      "n_test": 5404,
      "d": 4,
      "p": 15,
      "elapsed": 757.4849910736084
    },
    "Mahal": {
      "params": {},
      "0.01": {
        "coverage": 0.9938934122871946,
        "volume": 801.1181737795758,
        "wsc": 0.9740980573543015,
        "threshold": 36.49510923211245
      },
      "0.02": {
        "coverage": 0.985381199111769,
        "volume": 298.81525827765165,
        "wsc": 0.9444958371877891,
        "threshold": 22.288855095643
      },
      "0.05": {
        "coverage": 0.9565136935603257,
        "volume": 86.09840328914929,
        "wsc": 0.8603145235892692,
        "threshold": 11.964207169397193
      },
      "0.1": {
        "coverage": 0.8924870466321243,
        "volume": 31.320686103639165,
        "wsc": 0.72895467160037,
        "threshold": 7.216091133434834
      }
    },
    "Bonferroni": {
      "params": {},
      "0.01": {
        "coverage": 0.9927831236121392,
        "volume": 1815.61614893509,
        "wsc": 0.9703977798334875,
        "threshold": 5.44112236435445
      },
      "0.02": {
        "coverage": 0.9837157660991858,
        "volume": 553.497582766219,
        "wsc": 0.9398704902867715,
        "threshold": 4.066123124026317
      },
      "0.05": {
        "coverage": 0.9541080680977054,
        "volume": 164.72856476252767,
        "wsc": 0.8603145235892692,
        "threshold": 3.005934235213572
      },
      "0.1": {
        "coverage": 0.8937823834196891,
        "volume": 57.87111385972182,
        "wsc": 0.7465309898242368,
        "threshold": 2.3029324706222756
      }
    },
    "Density": {
      "params": {
        "lengthscale": 2.2772301072446277
      },
      "0.01": {
        "coverage": 0.9929681717246485,
        "volume": 893.7605219331313,
        "wsc": 0.9685476410730804,
        "threshold": 1.3101047659169034
      },
      "0.02": {
        "coverage": 0.9840858623242043,
        "volume": 267.7439500148956,
        "wsc": 0.9333950046253469,
        "threshold": 0.9222320322716279
      },
      "0.05": {
        "coverage": 0.9579940784603997,
        "volume": 84.2853152064828,
        "wsc": 0.8741905642923219,
        "threshold": 0.5982472989441167
      },
      "0.1": {
        "coverage": 0.8978534418948927,
        "volume": 31.697041616113196,
        "wsc": 0.7530064754856615,
        "threshold": 0.39591426217196374
      }
    },
    "Kernel": {
      "params": {
        "lengthscale": 2.2772301072446277,
        "gamma": 0.4521451417348152
      },
      "0.01": {
        "coverage": 0.9916728349370837,
        "volume": 326.09532208092213,
        "wsc": 0.9639222941720629,
        "threshold": 0.08022874955402001
      },
      "0.02": {
        "coverage": 0.9837157660991858,
        "volume": 165.4489520719848,
        "wsc": 0.9343200740055504,
        "threshold": 0.04293052540890243
      },
      "0.05": {
        "coverage": 0.9559585492227979,
        "volume": 46.34491690840793,
        "wsc": 0.8529139685476411,
        "threshold": 0.013051577083792083
      },
      "0.1": {
        "coverage": 0.8921169504071058,
        "volume": 14.647875292294735,
        "wsc": 0.7076780758556892,
        "threshold": 0.004822732585597384
      }
    }
  },
  "elapsed_s": 757.4861235618591
}