{
  "dataset": "house",
  "seed": 30,
  "model": "MLP",
  "split": [
    0.5,
    0.25,
    0.25
  ],
  "alphas": [
    0.01,
    0.02,
    0.05,
    0.1
  ],
  "result": {
    "seed": 30,
    "model": "MLP",
    "model_rmse": 0.6287521333615298,
    "meta": {
      "n_train": 10806,
      "n_cal": 5403,
      "n_test": 5404,
      "d": 4,
      "p": 15,
      "elapsed": 2839.719914674759
    },
    "Mahal": {
      "params": {},
      "0.01": {
        "coverage": 0.9903774981495189,
        "volume": 790.7980483924068,
        "wsc": 0.9555966697502313,
        "threshold": 40.50368454393137
      },
      "0.02": {
        "coverage": 0.9835307179866766,
        "volume": 347.8571257159353,
        "wsc": 0.9287696577243293,
        "threshold": 26.86347489246591
      },
      "0.05": {
        "coverage": 0.9528127313101407,
        "volume": 77.47843444046778,
        "wsc": 0.8334875115633672,
        "threshold": 12.67804111456982
      },
      "0.1": {
        "coverage": 0.9058105107327905,
        "volume": 27.90074605258271,
        "wsc": 0.7261794634597595,
        "threshold": 7.607984964902279
      }
    },
    "Bonferroni": {
      "params": {},
      "0.01": {
        "coverage": 0.9892672094744633,
        "volume": 1826.7410651513042,
        "wsc": 0.9500462534690102,
        "threshold": 5.747393378550086
      },
      "0.02": {
        "coverage": 0.9818652849740933,
        "volume": 724.0958246656106,
        "wsc": 0.9250693802035153,
        "threshold": 4.581579957091881
      },
      "0.05": {
        "coverage": 0.9557735011102887,
        "volume": 150.23756906327296,
        "wsc": 0.8436632747456059,
        "threshold": 3.104726336406618
      },
      "0.1": {
        "coverage": 0.90840118430792,
        "volume": 45.810144009457,
        "wsc": 0.7493061979648473,
        "threshold": 2.3657176705309455
      }
    },
    "Density": {
      "params": {
        "lengthscale": 2.3681173848597963
      },
      "0.01": {
        "coverage": 0.9901924500370096,
        "volume": 715.598781825147,
        "wsc": 0.9537465309898242,
        "threshold": 1.1787395996035284
      },
      "0.02": {
        "coverage": 0.9835307179866766,
        "volume": 305.5241056114592,
        "wsc": 0.9269195189639223,
        "threshold": 0.9064287924009844
      },
      "0.05": {
        "coverage": 0.9529977794226498,
        "volume": 85.95559279193814,
        "wsc": 0.849213691026827,
        "threshold": 0.5665086168068727
      },
      "0.1": {
        "coverage": 0.9063656550703183,
        "volume": 34.97333574915534,
        "wsc": 0.7520814061054579,
        "threshold": 0.3918238049329876
      }
    },
    "Kernel": {
      "params": {
        "lengthscale": 2.3681173848597963,
        "gamma": 0.37624949180692663
      },
      "0.01": {
        "coverage": 0.9909326424870466,
        "volume": 337.54194819871407,
        "wsc": 0.9583718778908418,
        "threshold": 0.06325549839391097
      },
      "0.02": {
        "coverage": 0.9796447076239823,
        "volume": 158.61146635532424,
        "wsc": 0.9158186864014801,
        "threshold": 0.0313346886780672
      },
      "0.05": {
        "coverage": 0.9542931162102146,
        "volume": 50.612820397545235,
        "wsc": 0.8381128584643849,
        "threshold": 0.010959231142722669
      },
      "0.1": {
        "coverage": 0.9048852701702442,
        "volume": 19.703287746003014,
        "wsc": 0.7169287696577243,
        "threshold": 0.004397322869596505
      }
    }
  },
  "elapsed_s": 2839.720638513565
}