{
  "dataset": "house",
  "seed": 13,
  "model": "Ridge",
  "split": [
    0.5,
    0.25,
    0.25
  ],
  "alphas": [
    0.01,
    0.02,
    0.05,
    0.1
  ],
  "result": {
    "seed": 13,
    "model": "Ridge",
    "model_rmse": 0.6996179203054689,
    "meta": {
      "n_train": 10806,
      "n_cal": 5403,
      "n_test": 5404,
      "d": 4,
      "p": 15,
      "elapsed": 670.0119993686676
    },
    "Mahal": {
      "params": {},
      "0.01": {
        "coverage": 0.9903774981495189,
        "volume": 1193.8612616045407,
        "wsc": 0.9574468085106383,
        "threshold": 38.90765869311472
      },
      "0.02": {
        "coverage": 0.9764988897113249,
        "volume": 368.1301919968353,
        "wsc": 0.906567992599445,
        "threshold": 21.605229599482993
      },
      "0.05": {
        "coverage": 0.9459659511472983,
        "volume": 86.94150829157535,
        "wsc": 0.8103607770582794,
        "threshold": 10.499575779569508
      },
      "0.1": {
        "coverage": 0.9009992598075499,
        "volume": 34.6034063465282,
        "wsc": 0.7123034227567068,
        "threshold": 6.623958358742792
      }
    },
    "Bonferroni": {
      "params": {},
      "0.01": {
        "coverage": 0.9901924500370096,
        "volume": 2367.7114377958965,
        "wsc": 0.9574468085106383,
        "threshold": 5.712669230843915
      },
      "0.02": {
        "coverage": 0.9766839378238342,
        "volume": 815.1518453056307,
        "wsc": 0.9130434782608695,
        "threshold": 4.156340818245382
      },
      "0.05": {
        "coverage": 0.9481865284974094,
        "volume": 157.4787990388303,
        "wsc": 0.8242368177613321,
        "threshold": 2.77715588302578
      },
      "0.1": {
        "coverage": 0.902479644707624,
        "volume": 57.948659196872946,
        "wsc": 0.727104532839963,
        "threshold": 2.173472887674612
      }
    },
    "Density": {
      "params": {
        "lengthscale": 2.9381851704284037
      },
      "0.01": {
        "coverage": 0.9896373056994818,
        "volume": 866.7969289791796,
        "wsc": 0.9528214616096207,
        "threshold": 0.9667851352830847
      },
      "0.02": {
        "coverage": 0.978719467061436,
        "volume": 308.2116663772612,
        "wsc": 0.9148936170212766,
        "threshold": 0.6672038972116777
      },
      "0.05": {
        "coverage": 0.9455958549222798,
        "volume": 106.71842771943204,
        "wsc": 0.8233117483811286,
        "threshold": 0.43108518236206134
      },
      "0.1": {
        "coverage": 0.8976683937823834,
        "volume": 51.9768508063555,
        "wsc": 0.7419056429232193,
        "threshold": 0.3191033119032969
      }
    },
    "Kernel": {
      "params": {
        "lengthscale": 2.9381851704284037,
        "gamma": 0.3511110996447877
      },
      "0.01": {
        "coverage": 0.9881569207994079,
        "volume": 353.8849416602927,
        "wsc": 0.9491211840888066,
        "threshold": 0.03924640540917429
      },
      "0.02": {
        "coverage": 0.9757586972612879,
        "volume": 172.62949810366158,
        "wsc": 0.8982423681776133,
        "threshold": 0.019739616963499736
      },
      "0.05": {
        "coverage": 0.945780903034789,
        "volume": 52.08743985062434,
        "wsc": 0.81313598519889,
        "threshold": 0.006583554544422771
      },
      "0.1": {
        "coverage": 0.9028497409326425,
        "volume": 21.34368554388641,
        "wsc": 0.7206290471785384,
        "threshold": 0.0029450665647394836
      }
    }
  },
  "elapsed_s": 670.0128560066223
}