{
  "dataset": "house",
  "seed": 9,
  "model": "Ridge",
  "split": [
    0.5,
    0.25,
    0.25
  ],
  "alphas": [
    0.01,
    0.02,
    0.05,
    0.1
  ],
  "result": {
    "seed": 9,
    "model": "Ridge",
    "model_rmse": 0.7245754746965887,
    "meta": {
      "n_train": 10806,
      "n_cal": 5403,
      "n_test": 5404,
      "d": 4,
      "p": 15,
      "elapsed": 1046.5648040771484
    },
    "Mahal": {
      "params": {},
      "0.01": {
        "coverage": 0.9885270170244264,
        "volume": 1571.561108168974,
        "wsc": 0.9472710453283997,
        "threshold": 37.938068229882376
      },
      "0.02": {
        "coverage": 0.9800148038490007,
        "volume": 600.7029595167098,
        "wsc": 0.9121184088806661,
        "threshold": 23.455217403681868
      },
      "0.05": {
        "coverage": 0.9513323464100666,
        "volume": 116.39383539918099,
        "wsc": 0.8214616096207216,
        "threshold": 10.324631654466009
      },
      "0.1": {
        "coverage": 0.8972982975573649,
        "volume": 42.18228447539929,
        "wsc": 0.696577243293247,
        "threshold": 6.21547930873256
      }
    },
    "Bonferroni": {
      "params": {},
      "0.01": {
        "coverage": 0.9901924500370096,
        "volume": 3725.5233601393,
        "wsc": 0.9546716003700277,
        "threshold": 5.776046542037617
      },
      "0.02": {
        "coverage": 0.9792746113989638,
        "volume": 1187.2958772212592,
        "wsc": 0.913968547641073,
        "threshold": 4.1975988887831495
      },
      "0.05": {
        "coverage": 0.9476313841598816,
        "volume": 202.6709690469745,
        "wsc": 0.8196114708603145,
        "threshold": 2.6883484459256777
      },
      "0.1": {
        "coverage": 0.9021095484826055,
        "volume": 79.00732691661719,
        "wsc": 0.7252543940795559,
        "threshold": 2.1202194107699155
      }
    },
    "Density": {
      "params": {
        "lengthscale": 2.9590006457922287
      },
      "0.01": {
        "coverage": 0.9890821613619541,
        "volume": 1704.7470262364159,
        "wsc": 0.9472710453283997,
        "threshold": 1.1705475926407405
      },
      "0.02": {
        "coverage": 0.9792746113989638,
        "volume": 461.5526845168387,
        "wsc": 0.9130434782608695,
        "threshold": 0.7585025930074583
      },
      "0.05": {
        "coverage": 0.9496669133974833,
        "volume": 128.34787099893146,
        "wsc": 0.8233117483811286,
        "threshold": 0.4491654425437441
      },
      "0.1": {
        "coverage": 0.8950777202072538,
        "volume": 64.33007646175155,
        "wsc": 0.7298797409805735,
        "threshold": 0.3231985803940346
      }
    },
    "Kernel": {
      "params": {
        "lengthscale": 2.9590006457922287,
        "gamma": 0.3582270553657731
      },
      "0.01": {
        "coverage": 0.9892672094744633,
        "volume": 448.1245617602595,
        "wsc": 0.9518963922294172,
        "threshold": 0.045736396925920415
      },
      "0.02": {
        "coverage": 0.9770540340488527,
        "volume": 219.84647489841302,
        "wsc": 0.902867715078631,
        "threshold": 0.022864129343915757
      },
      "0.05": {
        "coverage": 0.9478164322723909,
        "volume": 66.82833185832442,
        "wsc": 0.8038852913968547,
        "threshold": 0.0071968082995196945
      },
      "0.1": {
        "coverage": 0.898778682457439,
        "volume": 25.91939973944358,
        "wsc": 0.6947271045328399,
        "threshold": 0.0032014378726346712
      }
    }
  },
  "elapsed_s": 1046.5656719207764
}