{
  "dataset": "house",
  "seed": 21,
  "model": "Ridge",
  "split": [
    0.5,
    0.25,
    0.25
  ],
  "alphas": [
    0.01,
    0.02,
    0.05,
    0.1
  ],
  "result": {
    "seed": 21,
    "model": "Ridge",
    "model_rmse": 0.7425081736052686,
    "meta": {
      "n_train": 10806,
      "n_cal": 5403,
      "n_test": 5404,
      "d": 4,
      "p": 15,
      "elapsed": 2878.2925589084625
    },
    "Mahal": {
      "params": {},
      "0.01": {
        "coverage": 0.9900074019245003,
        "volume": 2188.5855153230013,
        "wsc": 0.9555966697502313,
        "threshold": 48.046007231134666
      },
      "0.02": {
        "coverage": 0.9781643227239082,
        "volume": 552.2958828461738,
        "wsc": 0.9047178538390379,
        "threshold": 24.13578590927347
      },
      "0.05": {
        "coverage": 0.9417098445595855,
        "volume": 104.3118647719957,
        "wsc": 0.790009250693802,
        "threshold": 10.489200733753867
      },
      "0.1": {
        "coverage": 0.8919319022945966,
        "volume": 38.95919223897259,
        "wsc": 0.692876965772433,
        "threshold": 6.410331868903214
      }
    },
    "Bonferroni": {
      "params": {},
      "0.01": {
        "coverage": 0.9887120651369357,
        "volume": 3950.737039223104,
        "wsc": 0.9481961147086031,
        "threshold": 6.425725285509398
      },
      "0.02": {
        "coverage": 0.9790895632864545,
        "volume": 1264.293899459161,
        "wsc": 0.910268270120259,
        "threshold": 4.462795068623591
      },
      "0.05": {
        "coverage": 0.9433752775721688,
        "volume": 191.71603704335442,
        "wsc": 0.8001850138760407,
        "threshold": 2.762021583037104
      },
      "0.1": {
        "coverage": 0.890821613619541,
        "volume": 64.65780559662332,
        "wsc": 0.7067530064754857,
        "threshold": 2.118106255256108
      }
    },
    "Density": {
      "params": {
        "lengthscale": 2.970850400491272
      },
      "0.01": {
        "coverage": 0.9900074019245003,
        "volume": 1772.3655838356199,
        "wsc": 0.9546716003700277,
        "threshold": 1.1860154558430003
      },
      "0.02": {
        "coverage": 0.978719467061436,
        "volume": 477.435816388034,
        "wsc": 0.9056429232192414,
        "threshold": 0.7698669313466829
      },
      "0.05": {
        "coverage": 0.9454108068097705,
        "volume": 123.67216182695782,
        "wsc": 0.8159111933395005,
        "threshold": 0.44910547371607
      },
      "0.1": {
        "coverage": 0.8943375277572169,
        "volume": 59.981804693126875,
        "wsc": 0.727104532839963,
        "threshold": 0.3251525501825395
      }
    },
    "Kernel": {
      "params": {
        "lengthscale": 2.970850400491272,
        "gamma": 0.35579388252619504
      },
      "0.01": {
        "coverage": 0.9877868245743894,
        "volume": 426.9672549123655,
        "wsc": 0.9454209065679926,
        "threshold": 0.042300323712411644
      },
      "0.02": {
        "coverage": 0.9789045151739453,
        "volume": 222.996870673641,
        "wsc": 0.9093432007400555,
        "threshold": 0.023183389718208394
      },
      "0.05": {
        "coverage": 0.945040710584752,
        "volume": 62.72290867103858,
        "wsc": 0.8020351526364478,
        "threshold": 0.007450188269993344
      },
      "0.1": {
        "coverage": 0.8923019985196151,
        "volume": 22.896280286086064,
        "wsc": 0.6947271045328399,
        "threshold": 0.0031338612643804892
      }
    }
  },
  "elapsed_s": 2878.293176651001
}