{
  "dataset": "house",
  "seed": 21,
  "model": "MLP",
  "split": [
    0.5,
    0.25,
    0.25
  ],
  "alphas": [
    0.01,
    0.02,
    0.05,
    0.1
  ],
  "result": {
    "seed": 21,
    "model": "MLP",
    "model_rmse": 0.6442150129609903,
    "meta": {
      "n_train": 10806,
      "n_cal": 5403,
      "n_test": 5404,
      "d": 4,
      "p": 15,
      "elapsed": 2893.6552238464355
    },
    "Mahal": {
      "params": {},
      "0.01": {
        "coverage": 0.9896373056994818,
        "volume": 964.3627028136414,
        "wsc": 0.9528214616096207,
        "threshold": 42.60189792387341
      },
      "0.02": {
        "coverage": 0.9789045151739453,
        "volume": 314.01803820976664,
        "wsc": 0.9121184088806661,
        "threshold": 24.310060672050195
      },
      "0.05": {
        "coverage": 0.9396743153219838,
        "volume": 65.27470070932615,
        "wsc": 0.7872340425531915,
        "threshold": 11.08360881315957
      },
      "0.1": {
        "coverage": 0.8867505551443375,
        "volume": 25.728130070481242,
        "wsc": 0.6891766882516188,
        "threshold": 6.958455529142075
      }
    },
    "Bonferroni": {
      "params": {},
      "0.01": {
        "coverage": 0.9900074019245003,
        "volume": 2472.8671079459123,
        "wsc": 0.9537465309898242,
        "threshold": 6.098651731246555
      },
      "0.02": {
        "coverage": 0.9781643227239082,
        "volume": 629.2905488737215,
        "wsc": 0.9121184088806661,
        "threshold": 4.263080037090206
      },
      "0.05": {
        "coverage": 0.9455958549222798,
        "volume": 136.93938930394512,
        "wsc": 0.8140610545790934,
        "threshold": 2.9128565720949458
      },
      "0.1": {
        "coverage": 0.884900074019245,
        "volume": 49.09997840174348,
        "wsc": 0.7067530064754857,
        "threshold": 2.246208679440448
      }
    },
    "Density": {
      "params": {
        "lengthscale": 2.4955989914640075
      },
      "0.01": {
        "coverage": 0.9903774981495189,
        "volume": 848.9641525488001,
        "wsc": 0.9546716003700277,
        "threshold": 1.1615464590904476
      },
      "0.02": {
        "coverage": 0.9790895632864545,
        "volume": 258.41303617553683,
        "wsc": 0.9158186864014801,
        "threshold": 0.7843250373787576
      },
      "0.05": {
        "coverage": 0.9502220577350111,
        "volume": 97.44919260774165,
        "wsc": 0.8390379278445883,
        "threshold": 0.5222792634717552
      },
      "0.1": {
        "coverage": 0.8891561806069578,
        "volume": 43.84462903152629,
        "wsc": 0.7391304347826086,
        "threshold": 0.3660465162464565
      }
    },
    "Kernel": {
      "params": {
        "lengthscale": 2.4955989914640075,
        "gamma": 0.4424582642487782
      },
      "0.01": {
        "coverage": 0.9888971132494448,
        "volume": 341.2974033858194,
        "wsc": 0.9509713228492137,
        "threshold": 0.06357192809394267
      },
      "0.02": {
        "coverage": 0.9764988897113249,
        "volume": 167.1201099729067,
        "wsc": 0.9056429232192414,
        "threshold": 0.03121320759325976
      },
      "0.05": {
        "coverage": 0.9452257586972613,
        "volume": 51.65257666727754,
        "wsc": 0.8122109158186864,
        "threshold": 0.010432636169699874
      },
      "0.1": {
        "coverage": 0.8921169504071058,
        "volume": 18.018340697887517,
        "wsc": 0.6938020351526365,
        "threshold": 0.004167715300130516
      }
    }
  },
  "elapsed_s": 2893.655833005905
}